body_0_w,body_0_x,body_0_y,body_0_z,body_1_w,body_1_x,body_1_y,body_1_z,body_2_w,body_2_x,body_2_y,body_2_z,body_3_w,body_3_x,body_3_y,body_3_z,body_4_w,body_4_x,body_4_y,body_4_z,body_5_w,body_5_x,body_5_y,body_5_z,body_6_w,body_6_x,body_6_y,body_6_z,body_7_w,body_7_x,body_7_y,body_7_z,body_8_w,body_8_x,body_8_y,body_8_z,body_9_w,body_9_x,body_9_y,body_9_z,body_10_w,body_10_x,body_10_y,body_10_z,body_11_w,body_11_x,body_11_y,body_11_z,body_12_w,body_12_x,body_12_y,body_12_z,body_13_w,body_13_x,body_13_y,body_13_z
0.999932,0.003107,-0.011249,-0.000279,0.996659,0.054408,-0.060848,0.002699,0.988924,0.030628,0.094967,0.109872,0.994153,-0.007928,0.007480,0.107434,0.996319,-0.038773,-0.076360,-0.003690,0.993593,-0.023476,0.088184,-0.066676,0.997896,0.002709,-0.011815,-0.063698,0.999365,-0.000211,0.029433,-0.020094,0.961317,0.040594,-0.258170,-0.087002,0.874100,0.200708,0.426946,-0.115683,0.716815,0.340314,0.572448,-0.206557,0.960464,-0.033053,-0.270323,0.057816,0.870963,-0.227988,0.415185,0.130634,0.719047,-0.335570,0.571272,0.209794
0.999930,0.003108,-0.011382,-0.000337,0.996658,0.054423,-0.060860,0.002643,0.988935,0.030649,0.094845,0.109874,0.994162,-0.007805,0.006941,0.107390,0.996333,-0.038920,-0.076109,-0.003747,0.993538,-0.023514,0.088385,-0.067207,0.997864,0.002920,-0.011475,-0.064237,0.999383,-0.000159,0.028902,-0.019981,0.962112,0.032996,-0.255780,-0.088474,0.890133,0.120440,0.433724,-0.070999,0.716466,0.340083,0.572892,-0.206917,0.961560,-0.024684,-0.266968,0.059337,0.891692,-0.135747,0.424214,0.080627,0.718721,-0.335272,0.571752,0.210076
0.999929,0.003118,-0.011493,-0.000305,0.996656,0.054407,-0.060913,0.002676,0.988943,0.030632,0.094774,0.109871,0.994169,-0.007672,0.006561,0.107357,0.996347,-0.039066,-0.075852,-0.003716,0.993487,-0.023563,0.088603,-0.067660,0.997838,0.003078,-0.011188,-0.064694,0.999399,-0.000105,0.028429,-0.019828,0.962473,0.025187,-0.254690,-0.090252,0.898293,0.039226,0.436909,-0.025348,0.716263,0.339770,0.573247,-0.207153,0.962081,-0.015695,-0.265276,0.061495,0.902122,-0.040585,0.428615,0.028587,0.718509,-0.334983,0.572079,0.210371
0.999928,0.003147,-0.011562,-0.000092,0.996651,0.054331,-0.061050,0.002887,0.988944,0.030542,0.094801,0.109862,0.994172,-0.007519,0.006495,0.107344,0.996362,-0.039205,-0.075589,-0.003506,0.993443,-0.023631,0.088852,-0.067956,0.997821,0.003131,-0.011008,-0.064985,0.999414,-0.000046,0.028066,-0.019596,0.962397,0.017620,-0.254905,-0.092222,0.898594,-0.041220,0.436364,0.020405,0.716365,0.339269,0.573415,-0.207155,0.961974,-0.006638,-0.265389,0.064267,0.901793,0.054960,0.427984,-0.024072,0.718538,-0.334688,0.572091,0.210710
0.999927,0.003180,-0.011649,0.000076,0.996645,0.054255,-0.061207,0.003054,0.988946,0.030458,0.094933,0.109752,0.994186,-0.007322,0.006467,0.107229,0.996374,-0.039294,-0.075387,-0.003341,0.993408,-0.023658,0.089040,-0.068206,0.997805,0.003183,-0.010948,-0.065229,0.999428,-0.000032,0.027712,-0.019397,0.961910,0.010463,-0.256338,-0.094395,0.891516,-0.118984,0.432233,0.064935,0.716386,0.338997,0.573584,-0.207061,0.961294,0.001860,-0.267150,0.067385,0.891002,0.148031,0.422407,-0.075987,0.718507,-0.334565,0.572133,0.210895
0.999926,0.003215,-0.011745,0.000222,0.996638,0.054180,-0.061374,0.003200,0.988949,0.030378,0.095116,0.109592,0.994206,-0.007103,0.006457,0.107064,0.996385,-0.039358,-0.075216,-0.003197,0.993378,-0.023666,0.089197,-0.068434,0.997791,0.003234,-0.010948,-0.065449,0.999441,-0.000040,0.027362,-0.019214,0.961067,0.004013,-0.258825,-0.096666,0.878012,-0.192414,0.424913,0.107336,0.716358,0.338856,0.573757,-0.206908,0.960108,0.009366,-0.270381,0.070709,0.871008,0.235707,0.412343,-0.125541,0.718440,-0.334545,0.572194,0.210991
0.999925,0.003230,-0.011802,0.000499,0.996627,0.054150,-0.061560,0.003481,0.988953,0.030334,0.095104,0.109579,0.994210,-0.006945,0.006350,0.107043,0.996394,-0.039396,-0.075094,-0.002921,0.993369,-0.023703,0.089332,-0.068378,0.997794,0.003236,-0.011004,-0.065382,0.999452,-0.000087,0.027113,-0.018991,0.959966,-0.001483,-0.262086,-0.098868,0.859344,-0.260162,0.415036,0.146928,0.716534,0.338475,0.573948,-0.206393,0.958527,0.015572,-0.274747,0.074147,0.844000,0.315176,0.398843,-0.171032,0.718507,-0.334464,0.572196,0.210888
0.999924,0.003246,-0.011862,0.000770,0.996617,0.054117,-0.061739,0.003757,0.988958,0.030293,0.095093,0.109548,0.994216,-0.006792,0.006236,0.107003,0.996402,-0.039438,-0.074971,-0.002651,0.993365,-0.023757,0.089437,-0.068278,0.997801,0.003216,-0.011081,-0.065269,0.999463,-0.000150,0.026870,-0.018749,0.958679,-0.005946,-0.265917,-0.100931,0.837255,-0.320760,0.403417,0.182678,0.716700,0.338154,0.574105,-0.205907,0.956732,0.020209,-0.279759,0.077401,0.813129,0.383813,0.383458,-0.210876,0.718567,-0.334436,0.572167,0.210807
0.999923,0.003267,-0.011926,0.001027,0.996608,0.054084,-0.061901,0.004016,0.988967,0.030263,0.095084,0.109483,0.994226,-0.006646,0.006110,0.106928,0.996411,-0.039484,-0.074842,-0.002396,0.993372,-0.023845,0.089482,-0.068090,0.997813,0.003153,-0.011196,-0.065064,0.999474,-0.000241,0.026643,-0.018469,0.957310,-0.009374,-0.270023,-0.102745,0.813578,-0.373392,0.391001,0.213978,0.716857,0.337923,0.574189,-0.205502,0.954925,0.023283,-0.284833,0.080286,0.781855,0.440199,0.367934,-0.244035,0.718628,-0.334474,0.572072,0.210793
0.999922,0.003290,-0.011953,0.001178,0.996601,0.054015,-0.062068,0.004168,0.988997,0.030224,0.095003,0.109294,0.994248,-0.006565,0.005996,0.106734,0.996415,-0.039554,-0.074747,-0.002249,0.993379,-0.023932,0.089421,-0.068041,0.997816,0.003058,-0.011334,-0.065000,0.999480,-0.000330,0.026488,-0.018373,0.955992,-0.011844,-0.273929,-0.104412,0.790065,-0.417612,0.378889,0.240503,0.716858,0.337853,0.574325,-0.205234,0.954391,0.023953,-0.286333,0.081099,0.772186,0.455673,0.363299,-0.253191,0.718846,-0.333973,0.572159,0.210607
0.999922,0.003314,-0.011962,0.001275,0.996594,0.053927,-0.062237,0.004264,0.989037,0.030180,0.094887,0.109043,0.994276,-0.006515,0.005888,0.106480,0.996418,-0.039635,-0.074669,-0.002159,0.993385,-0.024019,0.089308,-0.068062,0.997814,0.002948,-0.011483,-0.065006,0.999483,-0.000417,0.026369,-0.018368,0.954850,-0.013411,-0.277305,-0.105753,0.769158,-0.452158,0.368294,0.261359,0.716974,0.337449,0.574530,-0.204921,0.954430,0.023977,-0.286203,0.081095,0.772162,0.455602,0.363421,-0.253215,0.718750,-0.334053,0.572243,0.210582
0.999922,0.003336,-0.011935,0.001518,0.996578,0.053864,-0.062539,0.004514,0.989064,0.030105,0.094691,0.108995,0.994283,-0.006477,0.005727,0.106430,0.996429,-0.039674,-0.074508,-0.001916,0.993399,-0.024120,0.089321,-0.067818,0.997831,0.002904,-0.011558,-0.064747,0.999486,-0.000521,0.026331,-0.018254,0.954905,-0.013417,-0.277191,-0.105553,0.769047,-0.452220,0.368327,0.261532,0.716858,0.337371,0.574814,-0.204654,0.954451,0.024039,-0.286089,0.081233,0.772214,0.455438,0.363607,-0.253084,0.718548,-0.334227,0.572356,0.210687
0.999922,0.003359,-0.011907,0.001732,0.996565,0.053794,-0.062791,0.004732,0.989086,0.030027,0.094544,0.108944,0.994289,-0.006444,0.005578,0.106378,0.996438,-0.039720,-0.074368,-0.001703,0.993412,-0.024222,0.089314,-0.067599,0.997845,0.002878,-0.011614,-0.064515,0.999489,-0.000623,0.026310,-0.018158,0.954958,-0.013438,-0.277074,-0.105376,0.768888,-0.452349,0.368352,0.261741,0.716774,0.337198,0.575112,-0.204400,0.954475,0.024095,-0.285968,0.081354,0.772199,0.455364,0.363766,-0.253035,0.718389,-0.334271,0.572502,0.210764
0.999922,0.003384,-0.011880,0.001889,0.996559,0.053712,-0.062946,0.004888,0.989099,0.029944,0.094492,0.108889,0.994296,-0.006418,0.005446,0.106319,0.996443,-0.039777,-0.074271,-0.001550,0.993425,-0.024326,0.089268,-0.067430,0.997856,0.002890,-0.011636,-0.064336,0.999489,-0.000722,0.026319,-0.018099,0.955005,-0.013483,-0.276959,-0.105248,0.768642,-0.452606,0.368362,0.262007,0.716742,0.336857,0.575440,-0.204149,0.954505,0.024136,-0.285840,0.081443,0.772059,0.455463,0.363868,-0.253137,0.718307,-0.334078,0.572716,0.210767
0.999922,0.003406,-0.011868,0.001973,0.996558,0.053600,-0.063051,0.004967,0.989121,0.029851,0.094456,0.108752,0.994312,-0.006415,0.005356,0.106183,0.996447,-0.039853,-0.074189,-0.001471,0.993423,-0.024417,0.089294,-0.067384,0.997860,0.002877,-0.011604,-0.064281,0.999488,-0.000805,0.026370,-0.018075,0.955052,-0.013553,-0.276824,-0.105172,0.768314,-0.452962,0.368383,0.262322,0.716751,0.336424,0.575788,-0.203852,0.954547,0.024166,-0.285685,0.081489,0.771792,0.455720,0.363933,-0.253395,0.718294,-0.333712,0.573002,0.210617
0.999922,0.003427,-0.011863,0.002020,0.996559,0.053471,-0.063132,0.005007,0.989146,0.029754,0.094428,0.108575,0.994330,-0.006425,0.005287,0.106008,0.996449,-0.039936,-0.074113,-0.001430,0.993414,-0.024501,0.089358,-0.067399,0.997860,0.002852,-0.011545,-0.064289,0.999487,-0.000880,0.026443,-0.018070,0.955099,-0.013637,-0.276675,-0.105123,0.767940,-0.453372,0.368411,0.262668,0.716785,0.335932,0.576142,-0.203542,0.954596,0.024192,-0.285513,0.081513,0.771455,0.456063,0.363980,-0.253738,0.718320,-0.333246,0.573320,0.210400
0.999922,0.003437,-0.011842,0.002124,0.996562,0.053388,-0.063153,0.005105,0.989146,0.029669,0.094429,0.108595,0.994328,-0.006420,0.005252,0.106031,0.996444,-0.039996,-0.074143,-0.001334,0.993417,-0.024557,0.089330,-0.067379,0.997862,0.002804,-0.011500,-0.064268,0.999484,-0.000907,0.026555,-0.018044,0.955122,-0.013639,-0.276608,-0.105091,0.767519,-0.453914,0.368299,0.263121,0.717009,0.335406,0.576357,-0.203010,0.954601,0.024258,-0.285469,0.081588,0.771106,0.456528,0.363939,-0.254021,0.718506,-0.332826,0.573466,0.210030
0.999922,0.003442,-0.011813,0.002186,0.996567,0.053306,-0.063134,0.005160,0.989151,0.029599,0.094415,0.108577,0.994330,-0.006417,0.005208,0.106015,0.996440,-0.040051,-0.074176,-0.001279,0.993420,-0.024607,0.089281,-0.067382,0.997863,0.002734,-0.011477,-0.064269,0.999481,-0.000938,0.026675,-0.018054,0.955139,-0.013654,-0.276547,-0.105096,0.767144,-0.454395,0.368215,0.263503,0.717215,0.334941,0.576526,-0.202572,0.954608,0.024301,-0.285428,0.081630,0.770783,0.456956,0.363884,-0.254307,0.718687,-0.332425,0.573597,0.209688
0.999923,0.003434,-0.011768,0.002163,0.996578,0.053221,-0.063036,0.005128,0.989167,0.029557,0.094370,0.108486,0.994340,-0.006416,0.005147,0.105923,0.996435,-0.040103,-0.074216,-0.001306,0.993423,-0.024649,0.089193,-0.067435,0.997860,0.002615,-0.011496,-0.064320,0.999475,-0.000980,0.026811,-0.018139,0.955141,-0.013697,-0.276506,-0.105175,0.766872,-0.454748,0.368183,0.263730,0.717373,0.334618,0.576610,-0.202307,0.954618,0.024294,-0.285402,0.081608,0.770527,0.457298,0.363802,-0.254585,0.718850,-0.332085,0.573702,0.209382
0.999923,0.003439,-0.011707,0.002140,0.996588,0.053143,-0.062943,0.005095,0.989169,0.029496,0.094377,0.108479,0.994339,-0.006432,0.005231,0.105927,0.996428,-0.040128,-0.074293,-0.001336,0.993431,-0.024690,0.089152,-0.067358,0.997865,0.002478,-0.011460,-0.064244,0.999469,-0.001000,0.026972,-0.018229,0.955151,-0.013715,-0.276438,-0.105263,0.766701,-0.454934,0.368202,0.263879,0.717462,0.334509,0.576646,-0.202068,0.954634,0.024304,-0.285358,0.081574,0.770360,0.457501,0.363778,-0.254762,0.718952,-0.331941,0.573753,0.209116
0.999924,0.003449,-0.011638,0.002118,0.996598,0.053066,-0.062853,0.005063,0.989164,0.029421,0.094411,0.108516,0.994332,-0.006456,0.005388,0.105982,0.996420,-0.040142,-0.074387,-0.001365,0.993441,-0.024731,0.089135,-0.067216,0.997875,0.002331,-0.011396,-0.064104,0.999463,-0.001010,0.027146,-0.018321,0.955165,-0.013722,-0.276354,-0.105354,0.766575,-0.455042,0.368247,0.263994,0.717520,0.334497,0.576657,-0.201849,0.954653,0.024322,-0.285303,0.081534,0.770234,0.457636,0.363782,-0.254894,0.719027,-0.331888,0.573777,0.208878
0.999926,0.003451,-0.011514,0.001975,0.996607,0.053040,-0.062753,0.004913,0.989175,0.029410,0.094258,0.108555,0.994328,-0.006414,0.005384,0.106027,0.996412,-0.040114,-0.074512,-0.001512,0.993456,-0.024743,0.089086,-0.067052,0.997887,0.002233,-0.011301,-0.063947,0.999457,-0.001029,0.027265,-0.018469,0.955146,-0.013767,-0.276357,-0.105511,0.766624,-0.454978,0.368319,0.263862,0.717596,0.334789,0.576420,-0.201770,0.954665,0.024258,-0.285300,0.081428,0.770207,0.457668,0.363719,-0.255009,0.719167,-0.332008,0.573635,0.208597
0.999928,0.003452,-0.011388,0.001814,0.996614,0.053006,-0.062681,0.004747,0.989184,0.029386,0.094151,0.108569,0.994326,-0.006374,0.005420,0.106048,0.996402,-0.040102,-0.074647,-0.001678,0.993467,-0.024757,0.089039,-0.066946,0.997894,0.002143,-0.011227,-0.063847,0.999450,-0.001042,0.027419,-0.018649,0.955135,-0.013810,-0.276323,-0.105695,0.766691,-0.454859,0.368434,0.263713,0.717626,0.335094,0.576203,-0.201781,0.954687,0.024197,-0.285271,0.081293,0.770193,0.457662,0.363679,-0.255121,0.719267,-0.332121,0.573523,0.208378
0.999929,0.003453,-0.011255,0.001615,0.996618,0.052961,-0.062661,0.004544,0.989190,0.029340,0.094140,0.108531,0.994328,-0.006337,0.005539,0.106024,0.996389,-0.040120,-0.074801,-0.001885,0.993470,-0.024773,0.088999,-0.066959,0.997894,0.002072,-0.011192,-0.063863,0.999439,-0.001044,0.027645,-0.018892,0.955138,-0.013852,-0.276219,-0.105938,0.766803,-0.454617,0.368639,0.263516,0.717549,0.335448,0.576030,-0.201957,0.954728,0.024141,-0.285193,0.081099,0.770209,0.457572,0.363688,-0.255221,0.719277,-0.332241,0.573481,0.208271
0.999931,0.003469,-0.011114,0.001444,0.996620,0.052928,-0.062669,0.004370,0.989208,0.029316,0.094015,0.108485,0.994333,-0.006269,0.005555,0.105984,0.996377,-0.040134,-0.074947,-0.002066,0.993483,-0.024809,0.088902,-0.066884,0.997899,0.001951,-0.011219,-0.063787,0.999428,-0.001061,0.027876,-0.019109,0.955154,-0.013904,-0.276082,-0.106144,0.766815,-0.454491,0.368834,0.263428,0.717509,0.335673,0.575923,-0.202032,0.954780,0.024096,-0.285070,0.080928,0.770131,0.457579,0.363712,-0.255407,0.719320,-0.332242,0.573481,0.208120
0.999933,0.003494,-0.010968,0.001288,0.996621,0.052904,-0.062688,0.004210,0.989231,0.029306,0.093834,0.108437,0.994338,-0.006183,0.005521,0.105939,0.996366,-0.040145,-0.075089,-0.002233,0.993501,-0.024854,0.088776,-0.066764,0.997906,0.001805,-0.011277,-0.063664,0.999418,-0.001083,0.028110,-0.019312,0.955178,-0.013960,-0.275925,-0.106331,0.766772,-0.454426,0.369022,0.263403,0.717490,0.335822,0.575850,-0.202062,0.954839,0.024059,-0.284921,0.080768,0.770001,0.457641,0.363746,-0.255641,0.719383,-0.332172,0.573501,0.207956
0.999934,0.003502,-0.010849,0.001071,0.996621,0.052845,-0.062753,0.003992,0.989259,0.029262,0.093706,0.108306,0.994352,-0.006227,0.005462,0.105812,0.996357,-0.040149,-0.075196,-0.002455,0.993506,-0.024884,0.088763,-0.066687,0.997911,0.001659,-0.011309,-0.063583,0.999405,-0.001107,0.028338,-0.019615,0.955198,-0.014042,-0.275746,-0.106604,0.766494,-0.454674,0.369169,0.263576,0.717627,0.335636,0.575830,-0.201940,0.954903,0.024022,-0.284780,0.080524,0.769629,0.458051,0.363665,-0.256141,0.719615,-0.331719,0.573625,0.207535
0.999936,0.003502,-0.010750,0.000834,0.996621,0.052800,-0.062800,0.003755,0.989284,0.029232,0.093605,0.108169,0.994366,-0.006277,0.005416,0.105678,0.996347,-0.040127,-0.075336,-0.002696,0.993517,-0.024885,0.088696,-0.066617,0.997915,0.001547,-0.011330,-0.063514,0.999393,-0.001143,0.028552,-0.019931,0.955217,-0.014146,-0.275565,-0.106883,0.766236,-0.454893,0.369341,0.263707,0.717722,0.335467,0.575837,-0.201867,0.954971,0.023970,-0.284628,0.080264,0.769272,0.458430,0.363587,-0.256646,0.719807,-0.331272,0.573791,0.207124
0.999937,0.003487,-0.010690,0.000558,0.996623,0.052780,-0.062811,0.003480,0.989304,0.029230,0.093562,0.108021,0.994381,-0.006337,0.005398,0.105531,0.996334,-0.040051,-0.075541,-0.002973,0.993537,-0.024831,0.088525,-0.066559,0.997918,0.001506,-0.011331,-0.063468,0.999381,-0.001204,0.028738,-0.020272,0.955234,-0.014294,-0.275384,-0.107176,0.766027,-0.455046,0.369561,0.263744,0.717722,0.335354,0.575899,-0.201875,0.955047,0.023885,-0.284462,0.079978,0.768957,0.458735,0.363516,-0.257147,0.719912,-0.330858,0.574044,0.206722
0.999937,0.003461,-0.010635,0.000223,0.996625,0.052790,-0.062783,0.003149,0.989322,0.029249,0.093447,0.107954,0.994389,-0.006349,0.005317,0.105460,0.996320,-0.040016,-0.075730,-0.003309,0.993551,-0.024801,0.088350,-0.066595,0.997915,0.001494,-0.011382,-0.063509,0.999367,-0.001282,0.028919,-0.020658,0.955268,-0.014487,-0.275134,-0.107490,0.765818,-0.455142,0.369875,0.263745,0.717660,0.335232,0.575987,-0.202045,0.955152,0.023773,-0.284216,0.079628,0.768619,0.459004,0.363479,-0.257726,0.719970,-0.330383,0.574365,0.206386
0.999938,0.003428,-0.010583,-0.000142,0.996628,0.052814,-0.062737,0.002788,0.989338,0.029278,0.093295,0.107928,0.994393,-0.006337,0.005202,0.105428,0.996305,-0.040001,-0.075911,-0.003674,0.993562,-0.024785,0.088174,-0.066677,0.997909,0.001496,-0.011458,-0.063594,0.999354,-0.001370,0.029095,-0.021066,0.955309,-0.014705,-0.274854,-0.107816,0.765618,-0.455202,0.370235,0.263716,0.717557,0.335128,0.576092,-0.202283,0.955270,0.023646,-0.283935,0.079247,0.768281,0.459245,0.363460,-0.258333,0.719995,-0.329900,0.574726,0.206066
0.999939,0.003401,-0.010478,-0.000420,0.996631,0.052865,-0.062657,0.002513,0.989337,0.029317,0.093230,0.107988,0.994387,-0.006333,0.005191,0.105487,0.996296,-0.039929,-0.076057,-0.003949,0.993574,-0.024727,0.088075,-0.066654,0.997910,0.001496,-0.011453,-0.063580,0.999340,-0.001420,0.029307,-0.021435,0.955359,-0.014846,-0.274556,-0.108111,0.765516,-0.455105,0.370598,0.263669,0.717378,0.335119,0.576204,-0.202615,0.955377,0.023576,-0.283677,0.078910,0.768086,0.459304,0.363517,-0.258725,0.719913,-0.329605,0.575032,0.205971
0.999940,0.003375,-0.010366,-0.000701,0.996634,0.052909,-0.062581,0.002235,0.989340,0.029358,0.093146,0.108019,0.994384,-0.006324,0.005168,0.105517,0.996287,-0.039851,-0.076201,-0.004225,0.993588,-0.024666,0.087949,-0.066633,0.997910,0.001509,-0.011468,-0.063569,0.999325,-0.001476,0.029530,-0.021795,0.955404,-0.014999,-0.274273,-0.108406,0.765396,-0.455046,0.370949,0.263626,0.717189,0.335107,0.576360,-0.202858,0.955480,0.023503,-0.283424,0.078588,0.767870,0.459398,0.363563,-0.259136,0.719824,-0.329302,0.575384,0.205784
0.999941,0.003354,-0.010238,-0.000988,0.996637,0.052944,-0.062511,0.001950,0.989353,0.029405,0.093026,0.107993,0.994387,-0.006302,0.005123,0.105487,0.996279,-0.039759,-0.076334,-0.004507,0.993606,-0.024595,0.087773,-0.066616,0.997910,0.001552,-0.011516,-0.063562,0.999310,-0.001543,0.029781,-0.022136,0.955444,-0.015177,-0.274009,-0.108696,0.765222,-0.455081,0.371275,0.263614,0.716999,0.335044,0.576600,-0.202954,0.955582,0.023425,-0.283169,0.078294,0.767588,0.459581,0.363587,-0.259612,0.719737,-0.328934,0.575823,0.205449
0.999943,0.003338,-0.010110,-0.001189,0.996638,0.052994,-0.062467,0.001752,0.989373,0.029471,0.092769,0.108008,0.994387,-0.006298,0.004989,0.105497,0.996274,-0.039665,-0.076432,-0.004702,0.993628,-0.024532,0.087605,-0.066542,0.997914,0.001594,-0.011586,-0.063495,0.999295,-0.001637,0.030057,-0.022456,0.955501,-0.015326,-0.273708,-0.108938,0.765085,-0.455031,0.371622,0.263608,0.716790,0.335069,0.576807,-0.203063,0.955686,0.023361,-0.282894,0.078040,0.767406,0.459610,0.363683,-0.259966,0.719601,-0.328746,0.576169,0.205254
0.999944,0.003324,-0.009982,-0.001345,0.996637,0.053050,-0.062438,0.001600,0.989397,0.029547,0.092443,0.108048,0.994385,-0.006305,0.004809,0.105529,0.996271,-0.039570,-0.076512,-0.004852,0.993650,-0.024474,0.087441,-0.066438,0.997919,0.001635,-0.011668,-0.063398,0.999279,-0.001746,0.030346,-0.022763,0.955564,-0.015461,-0.273394,-0.109155,0.764972,-0.454934,0.371979,0.263599,0.716568,0.335149,0.577000,-0.203169,0.955789,0.023304,-0.282612,0.077809,0.767279,0.459554,0.363815,-0.260253,0.719436,-0.328663,0.576470,0.205122
0.999945,0.003310,-0.009833,-0.001546,0.996639,0.053099,-0.062366,0.001401,0.989419,0.029628,0.092240,0.108004,0.994391,-0.006281,0.004717,0.105478,0.996264,-0.039477,-0.076643,-0.005049,0.993665,-0.024368,0.087228,-0.066536,0.997911,0.001697,-0.011712,-0.063510,0.999259,-0.001829,0.030734,-0.023098,0.955607,-0.015584,-0.273120,-0.109440,0.764872,-0.454853,0.372309,0.263564,0.716335,0.335197,0.577217,-0.203295,0.955880,0.023240,-0.282375,0.077576,0.767132,0.459563,0.363894,-0.260560,0.719277,-0.328495,0.576826,0.204947
0.999947,0.003292,-0.009654,-0.001705,0.996642,0.053135,-0.062295,0.001243,0.989440,0.029692,0.091995,0.108002,0.994391,-0.006279,0.004639,0.105475,0.996258,-0.039391,-0.076756,-0.005204,0.993683,-0.024285,0.087032,-0.066563,0.997908,0.001744,-0.011743,-0.063548,0.999239,-0.001916,0.031161,-0.023383,0.955659,-0.015695,-0.272836,-0.109684,0.764770,-0.454766,0.372632,0.263554,0.716103,0.335248,0.577438,-0.203398,0.955971,0.023179,-0.282122,0.077394,0.767006,0.459530,0.364007,-0.260831,0.719100,-0.328385,0.577160,0.204804
0.999949,0.003268,-0.009416,-0.001781,0.996645,0.053147,-0.062225,0.001167,0.989460,0.029727,0.091662,0.108085,0.994382,-0.006320,0.004588,0.105565,0.996254,-0.039316,-0.076835,-0.005274,0.993706,-0.024244,0.086869,-0.066446,0.997915,0.001764,-0.011752,-0.063441,0.999218,-0.002007,0.031670,-0.023571,0.955727,-0.015782,-0.272528,-0.109845,0.764656,-0.454674,0.372942,0.263605,0.715883,0.335284,0.577663,-0.203474,0.956064,0.023128,-0.281835,0.077311,0.766912,0.459424,0.364187,-0.261042,0.718896,-0.328366,0.577446,0.204744
0.999951,0.003255,-0.009145,-0.001831,0.996645,0.053161,-0.062216,0.001118,0.989494,0.029782,0.091325,0.108053,0.994385,-0.006322,0.004553,0.105538,0.996250,-0.039256,-0.076919,-0.005322,0.993734,-0.024215,0.086622,-0.066355,0.997920,0.001779,-0.011759,-0.063361,0.999197,-0.002096,0.032233,-0.023722,0.955818,-0.015861,-0.272152,-0.109968,0.764514,-0.454565,0.373290,0.263712,0.715585,0.335219,0.578014,-0.203635,0.956175,0.023090,-0.281474,0.077250,0.766795,0.459294,0.364436,-0.261270,0.718611,-0.328260,0.577834,0.204820
0.999954,0.003247,-0.008857,-0.001868,0.996643,0.053177,-0.062236,0.001083,0.989533,0.029847,0.090984,0.107962,0.994394,-0.006306,0.004526,0.105454,0.996245,-0.039206,-0.077004,-0.005359,0.993765,-0.024193,0.086335,-0.066279,0.997924,0.001790,-0.011766,-0.063295,0.999174,-0.002183,0.032826,-0.023854,0.955923,-0.015930,-0.271740,-0.110070,0.764357,-0.454446,0.373654,0.263855,0.715251,0.335095,0.578425,-0.203844,0.956298,0.023052,-0.281074,0.077199,0.766664,0.459149,0.364717,-0.261516,0.718288,-0.328104,0.578272,0.204970
0.999957,0.003248,-0.008477,-0.001921,0.996641,0.053172,-0.062275,0.001030,0.989571,0.029891,0.090728,0.107820,0.994406,-0.006304,0.004683,0.105331,0.996235,-0.039171,-0.077152,-0.005416,0.993794,-0.024161,0.085993,-0.066296,0.997922,0.001797,-0.011797,-0.063324,0.999148,-0.002284,0.033548,-0.023924,0.956065,-0.016007,-0.271217,-0.110111,0.764252,-0.454162,0.374131,0.263972,0.714892,0.335095,0.578724,-0.204251,0.956467,0.022959,-0.280513,0.077172,0.766551,0.458845,0.365122,-0.261815,0.717953,-0.328041,0.578604,0.205303
0.999960,0.003258,-0.008063,-0.001944,0.996636,0.053167,-0.062355,0.001009,0.989604,0.029917,0.090468,0.107720,0.994413,-0.006290,0.004890,0.105256,0.996224,-0.039142,-0.077309,-0.005447,0.993825,-0.024142,0.085662,-0.066270,0.997922,0.001799,-0.011808,-0.063310,0.999120,-0.002370,0.034349,-0.023955,0.956219,-0.016039,-0.270667,-0.110125,0.764168,-0.453825,0.374607,0.264121,0.714487,0.335110,0.579072,-0.204658,0.956641,0.022865,-0.279925,0.077178,0.766463,0.458483,0.365566,-0.262085,0.717566,-0.328015,0.578962,0.205689
0.999964,0.003284,-0.007580,-0.001909,0.996627,0.053158,-0.062517,0.001046,0.989630,0.029909,0.090205,0.107703,0.994410,-0.006255,0.005202,0.105275,0.996211,-0.039129,-0.077483,-0.005424,0.993858,-0.024152,0.085354,-0.066162,0.997929,0.001789,-0.011775,-0.063213,0.999087,-0.002427,0.035313,-0.023913,0.956393,-0.015996,-0.270067,-0.110092,0.764128,-0.453380,0.375091,0.264313,0.713980,0.335170,0.579521,-0.205058,0.956823,0.022774,-0.279289,0.077257,0.766430,0.458006,0.366091,-0.262285,0.717064,-0.328081,0.579376,0.206171
0.999968,0.003322,-0.007047,-0.001879,0.996616,0.053144,-0.062705,0.001078,0.989660,0.029892,0.089887,0.107700,0.994405,-0.006206,0.005471,0.105306,0.996195,-0.039127,-0.077688,-0.005411,0.993900,-0.024174,0.084927,-0.066069,0.997934,0.001795,-0.011779,-0.063131,0.999049,-0.002466,0.036390,-0.023911,0.956578,-0.015876,-0.269416,-0.110094,0.764087,-0.452892,0.375579,0.264578,0.713455,0.335244,0.579994,-0.205429,0.957015,0.022657,-0.278628,0.077300,0.766387,0.457519,0.366613,-0.262531,0.716554,-0.328136,0.579812,0.206630
0.999972,0.003366,-0.006488,-0.001852,0.996604,0.053127,-0.062904,0.001106,0.989692,0.029870,0.089541,0.107703,0.994401,-0.006152,0.005718,0.105343,0.996178,-0.039129,-0.077907,-0.005403,0.993947,-0.024201,0.084442,-0.065984,0.997939,0.001811,-0.011797,-0.063058,0.999006,-0.002494,0.037525,-0.023929,0.956774,-0.015674,-0.268730,-0.110099,0.764054,-0.452358,0.376050,0.264914,0.712923,0.335317,0.580477,-0.205790,0.957216,0.022486,-0.277948,0.077311,0.766349,0.457005,0.367117,-0.262834,0.716042,-0.328179,0.580258,0.207082
0.999976,0.003413,-0.005837,-0.001810,0.996590,0.053050,-0.063191,0.001149,0.989731,0.029781,0.089163,0.107682,0.994397,-0.006089,0.005980,0.105363,0.996154,-0.039166,-0.078189,-0.005386,0.993980,-0.024240,0.084080,-0.065928,0.997942,0.001747,-0.011748,-0.063013,0.998955,-0.002554,0.038888,-0.023897,0.956988,-0.015412,-0.267998,-0.110059,0.763974,-0.451851,0.376498,0.265376,0.712405,0.335383,0.581008,-0.205978,0.957438,0.022205,-0.277185,0.077382,0.766261,0.456485,0.367622,-0.263286,0.715539,-0.328228,0.580742,0.207385
0.999979,0.003466,-0.005132,-0.001738,0.996577,0.052956,-0.063474,0.001219,0.989774,0.029679,0.088729,0.107671,0.994393,-0.006057,0.006210,0.105392,0.996131,-0.039200,-0.078477,-0.005341,0.994021,-0.024285,0.083651,-0.065839,0.997948,0.001671,-0.011680,-0.062938,0.998897,-0.002603,0.040350,-0.023860,0.957229,-0.015020,-0.267191,-0.109985,0.763835,-0.451357,0.376902,0.266041,0.711934,0.335323,0.581564,-0.206137,0.957678,0.021849,-0.276367,0.077433,0.766128,0.455979,0.368109,-0.263869,0.715074,-0.328177,0.581228,0.207708
0.999983,0.003529,-0.004320,-0.001607,0.996566,0.052823,-0.063752,0.001344,0.989827,0.029553,0.088181,0.107674,0.994387,-0.006086,0.006372,0.105437,0.996106,-0.039232,-0.078774,-0.005239,0.994077,-0.024346,0.083088,-0.065686,0.997958,0.001565,-0.011572,-0.062805,0.998830,-0.002633,0.042011,-0.023816,0.957513,-0.014464,-0.266247,-0.109875,0.763554,-0.450942,0.377262,0.267040,0.711552,0.335023,0.582171,-0.206228,0.957948,0.021429,-0.275453,0.077476,0.765883,0.455546,0.368600,-0.264642,0.714679,-0.327939,0.581723,0.208058
0.999987,0.003587,-0.003416,-0.001525,0.996552,0.052682,-0.064086,0.001421,0.989879,0.029393,0.087554,0.107752,0.994373,-0.006169,0.006455,0.105556,0.996080,-0.039280,-0.079089,-0.005188,0.994125,-0.024404,0.082549,-0.065616,0.997962,0.001410,-0.011470,-0.062753,0.998750,-0.002663,0.043872,-0.023790,0.957818,-0.013787,-0.265227,-0.109768,0.763432,-0.450234,0.377676,0.267998,0.711120,0.334896,0.582632,-0.206621,0.958248,0.020846,-0.274451,0.077477,0.765761,0.454856,0.369113,-0.265465,0.714253,-0.327826,0.582104,0.208633
0.999989,0.003643,-0.002465,-0.001468,0.996536,0.052538,-0.064448,0.001475,0.989930,0.029218,0.086889,0.107868,0.994356,-0.006278,0.006497,0.105712,0.996052,-0.039336,-0.079410,-0.005163,0.994169,-0.024460,0.082024,-0.065587,0.997964,0.001230,-0.011370,-0.062742,0.998662,-0.002694,0.045835,-0.023773,0.958138,-0.012993,-0.264159,-0.109645,0.763400,-0.449350,0.378094,0.268980,0.710666,0.334848,0.583019,-0.207171,0.958568,0.020128,-0.273396,0.077438,0.765711,0.454010,0.369616,-0.266357,0.713814,-0.327765,0.582428,0.209327
0.999991,0.003721,-0.001290,-0.001380,0.996516,0.052382,-0.064874,0.001558,0.989990,0.029034,0.086160,0.107951,0.994341,-0.006303,0.006585,0.105840,0.996016,-0.039430,-0.079821,-0.005119,0.994219,-0.024548,0.081407,-0.065560,0.997966,0.001031,-0.011344,-0.062729,0.998554,-0.002731,0.048181,-0.023684,0.958502,-0.012087,-0.262951,-0.109472,0.763401,-0.448295,0.378571,0.270064,0.710102,0.334765,0.583486,-0.207922,0.958931,0.019308,-0.272170,0.077475,0.765679,0.452988,0.370233,-0.267329,0.713268,-0.327673,0.582801,0.210290
0.999992,0.003808,-0.000033,-0.001281,0.996495,0.052230,-0.065320,0.001651,0.990049,0.028849,0.085407,0.108054,0.994325,-0.006308,0.006692,0.105990,0.995979,-0.039521,-0.080239,-0.005066,0.994270,-0.024633,0.080789,-0.065527,0.997968,0.000864,-0.011276,-0.062713,0.998432,-0.002763,0.050694,-0.023582,0.958878,-0.011086,-0.261698,-0.109289,0.763407,-0.447187,0.379029,0.271238,0.709548,0.334647,0.583942,-0.208722,0.959304,0.018415,-0.270900,0.077527,0.765647,0.451922,0.370849,-0.268371,0.712733,-0.327547,0.583152,0.211327
0.999991,0.003910,0.001387,-0.001160,0.996470,0.052084,-0.065808,0.001765,0.990108,0.028659,0.084602,0.108197,0.994303,-0.006272,0.006837,0.106184,0.995941,-0.039609,-0.080672,-0.004995,0.994321,-0.024714,0.080165,-0.065483,0.997971,0.000757,-0.011125,-0.062691,0.998287,-0.002788,0.053537,-0.023455,0.959269,-0.010001,-0.260375,-0.109121,0.763401,-0.446030,0.379494,0.272508,0.709008,0.334478,0.584377,-0.209607,0.959690,0.017476,-0.269557,0.077643,0.765595,0.450817,0.371505,-0.269467,0.712213,-0.327373,0.583459,0.212497
0.999987,0.004019,0.002990,-0.001024,0.996442,0.051930,-0.066357,0.001894,0.990191,0.028488,0.083613,0.108256,0.994291,-0.006178,0.006958,0.106295,0.995895,-0.039708,-0.081191,-0.004917,0.994393,-0.024824,0.079319,-0.065380,0.997977,0.000685,-0.011033,-0.062610,0.998117,-0.002862,0.056673,-0.023299,0.959731,-0.008943,-0.258797,-0.108909,0.763535,-0.444452,0.380256,0.273646,0.708084,0.334571,0.585000,-0.210840,0.960153,0.016499,-0.267925,0.077787,0.765692,0.449252,0.372470,-0.270471,0.711309,-0.327471,0.583941,0.214045
0.999980,0.004131,0.004684,-0.000881,0.996411,0.051772,-0.066935,0.002029,0.990285,0.028327,0.082531,0.108272,0.994284,-0.006054,0.007067,0.106365,0.995845,-0.039814,-0.081755,-0.004837,0.994475,-0.024950,0.078359,-0.065248,0.997984,0.000631,-0.010974,-0.062501,0.997929,-0.002962,0.059955,-0.023130,0.960222,-0.007912,-0.257099,-0.108683,0.763733,-0.442673,0.381171,0.274702,0.706965,0.334795,0.585716,-0.212247,0.960647,0.015517,-0.266157,0.077953,0.765859,0.447465,0.373591,-0.271413,0.710211,-0.327703,0.584508,0.215780
0.999969,0.004244,0.006597,-0.000563,0.996373,0.051545,-0.067661,0.002338,0.990383,0.028089,0.081447,0.108252,0.994277,-0.005949,0.007314,0.106413,0.995785,-0.039861,-0.082471,-0.004588,0.994566,-0.025029,0.077441,-0.064927,0.998004,0.000739,-0.010808,-0.062211,0.997704,-0.003139,0.063672,-0.022845,0.960743,-0.006896,-0.255297,-0.108389,0.763858,-0.440900,0.382150,0.275843,0.705682,0.334944,0.586705,-0.213548,0.961149,0.014581,-0.264272,0.078355,0.766068,0.445518,0.374906,-0.272214,0.708876,-0.328062,0.585230,0.217660
0.999954,0.004360,0.008593,-0.000195,0.996333,0.051307,-0.068420,0.002695,0.990490,0.027850,0.080248,0.108233,0.994271,-0.005877,0.007508,0.106462,0.995724,-0.039930,-0.083195,-0.004293,0.994660,-0.025131,0.076472,-0.064592,0.998025,0.000823,-0.010624,-0.061908,0.997456,-0.003340,0.067549,-0.022513,0.961288,-0.005918,-0.253402,-0.108066,0.764000,-0.439016,0.383243,0.276937,0.704279,0.335151,0.587754,-0.214968,0.961668,0.013686,-0.262284,0.078834,0.766321,0.443411,0.376373,-0.272913,0.707402,-0.328533,0.585975,0.219732
0.999932,0.004481,0.010754,0.000274,0.996288,0.051045,-0.069246,0.003150,0.990613,0.027603,0.078819,0.108217,0.994265,-0.005874,0.007591,0.106513,0.995659,-0.040043,-0.083934,-0.003906,0.994761,-0.025281,0.075404,-0.064231,0.998047,0.000859,-0.010402,-0.061582,0.997172,-0.003593,0.071744,-0.022086,0.961886,-0.004990,-0.251312,-0.107669,0.764181,-0.436895,0.384554,0.277972,0.702640,0.335466,0.588923,-0.216632,0.962228,0.012838,-0.260078,0.079453,0.766672,0.440971,0.378137,-0.273442,0.705652,-0.329223,0.586767,0.222198
0.999904,0.004616,0.013007,0.000899,0.996234,0.050770,-0.070192,0.003759,0.990741,0.027338,0.077303,0.108209,0.994258,-0.005817,0.007671,0.106574,0.995583,-0.040168,-0.084797,-0.003377,0.994863,-0.025428,0.074355,-0.063816,0.998074,0.000891,-0.010120,-0.061205,0.996846,-0.003882,0.076324,-0.021399,0.962496,-0.004092,-0.249215,-0.107125,0.764409,-0.434687,0.385895,0.278947,0.700875,0.335783,0.590189,-0.218403,0.962776,0.012033,-0.257785,0.080398,0.767117,0.438311,0.380103,-0.273744,0.703717,-0.330076,0.587541,0.225006
0.999870,0.004759,0.015306,0.001603,0.996173,0.050491,-0.071199,0.004446,0.990869,0.027069,0.075742,0.108205,0.994251,-0.005728,0.007747,0.106639,0.995500,-0.040297,-0.085723,-0.002777,0.994965,-0.025570,0.073315,-0.063375,0.998101,0.000925,-0.009809,-0.060804,0.996485,-0.004190,0.081095,-0.020581,0.963104,-0.003239,-0.247132,-0.106519,0.764657,-0.432450,0.387260,0.279852,0.699038,0.336112,0.591506,-0.220216,0.963309,0.011282,-0.255465,0.081521,0.767605,0.435555,0.382176,-0.273890,0.701676,-0.331022,0.588304,0.227976
0.999831,0.004928,0.017530,0.002365,0.996090,0.050262,-0.072466,0.005197,0.990978,0.026773,0.074322,0.108269,0.994238,-0.005564,0.007825,0.106766,0.995389,-0.040429,-0.086957,-0.002143,0.995037,-0.025634,0.072609,-0.063032,0.998123,0.000985,-0.009486,-0.060499,0.996055,-0.004511,0.086445,-0.019513,0.963709,-0.002438,-0.245065,-0.105837,0.765004,-0.430069,0.388685,0.280595,0.697095,0.336670,0.592799,-0.222038,0.963834,0.010535,-0.253039,0.082973,0.768152,0.432605,0.384430,-0.273879,0.699520,-0.332228,0.588987,0.231064
0.999789,0.005119,0.019653,0.003222,0.995995,0.050056,-0.073838,0.006042,0.991079,0.026476,0.072882,0.108392,0.994219,-0.005380,0.007875,0.106950,0.995262,-0.040613,-0.088332,-0.001434,0.995094,-0.025722,0.072112,-0.062659,0.998147,0.000953,-0.009167,-0.060155,0.995583,-0.004842,0.091944,-0.018382,0.964284,-0.001633,-0.243099,-0.105152,0.765348,-0.427767,0.390024,0.281318,0.695246,0.337254,0.594007,-0.223716,0.964308,0.009869,-0.250720,0.084574,0.768732,0.429687,0.386672,-0.273688,0.697427,-0.333536,0.589504,0.234166
0.999744,0.005356,0.021574,0.004269,0.995878,0.049892,-0.075418,0.007075,0.991169,0.026173,0.071401,0.108636,0.994187,-0.005159,0.007870,0.107251,0.995102,-0.040902,-0.089994,-0.000574,0.995124,-0.025863,0.072028,-0.062227,0.998175,0.000735,-0.008859,-0.059735,0.995051,-0.005187,0.097739,-0.017124,0.964815,-0.000755,-0.241297,-0.104434,0.765694,-0.425592,0.391169,0.282084,0.693605,0.337870,0.595042,-0.225125,0.964701,0.009304,-0.248583,0.086441,0.769385,0.426811,0.388881,-0.273223,0.695485,-0.335029,0.589693,0.237316
0.999699,0.005703,0.023255,0.005379,0.995730,0.049770,-0.077313,0.008163,0.991241,0.025837,0.070232,0.108819,0.994165,-0.004870,0.007828,0.107478,0.994870,-0.041247,-0.092369,0.000276,0.995099,-0.025901,0.072583,-0.061964,0.998193,0.000423,-0.008550,-0.059473,0.994442,-0.005498,0.103962,-0.015682,0.965278,0.000151,-0.239750,-0.103724,0.766004,-0.423685,0.392056,0.282881,0.692190,0.338515,0.595991,-0.225999,0.965013,0.008824,-0.246617,0.088608,0.769912,0.424266,0.390970,-0.272720,0.693813,-0.336465,0.589699,0.240146
0.999652,0.006104,0.024816,0.006520,0.995564,0.049671,-0.079365,0.009273,0.991305,0.025490,0.069221,0.108966,0.994147,-0.004540,0.007767,0.107662,0.994597,-0.041617,-0.095100,0.001116,0.995046,-0.025880,0.073456,-0.061791,0.998206,0.000071,-0.008243,-0.059296,0.993770,-0.005801,0.110395,-0.014150,0.965700,0.001034,-0.238345,-0.103024,0.766283,-0.421943,0.392820,0.283666,0.690896,0.339154,0.596893,-0.226620,0.965276,0.008418,-0.244749,0.090934,0.770365,0.421913,0.393000,-0.272175,0.692283,-0.337852,0.589607,0.242826
0.999606,0.006700,0.026113,0.007849,0.995329,0.049626,-0.082130,0.010556,0.991345,0.025039,0.068598,0.109101,0.994132,-0.004172,0.007626,0.107820,0.994176,-0.042240,-0.099126,0.001987,0.994875,-0.025851,0.075786,-0.061742,0.998214,-0.000609,-0.007980,-0.059196,0.992969,-0.006043,0.117558,-0.012526,0.966040,0.002120,-0.237209,-0.102441,0.766475,-0.420561,0.393184,0.284693,0.690033,0.339906,0.597585,-0.226298,0.965419,0.008218,-0.243184,0.093594,0.770682,0.420040,0.394856,-0.271484,0.691241,-0.339284,0.589086,0.245052
0.999555,0.007380,0.027358,0.009329,0.995042,0.049647,-0.085345,0.011981,0.991357,0.024535,0.068314,0.109285,0.994113,-0.003752,0.007520,0.108022,0.993676,-0.042929,-0.103714,0.002924,0.994655,-0.025770,0.078641,-0.061742,0.998219,-0.001305,-0.007714,-0.059133,0.992068,-0.006271,0.125075,-0.010836,0.966373,0.003282,-0.236085,-0.101864,0.766616,-0.419257,0.393468,0.285843,0.689225,0.340661,0.598314,-0.225697,0.965519,0.008190,-0.241678,0.096424,0.770977,0.418257,0.396774,-0.270604,0.690246,-0.340769,0.588453,0.247306
0.999498,0.008229,0.028499,0.011109,0.994651,0.049797,-0.089459,0.013691,0.991313,0.023921,0.068711,0.109571,0.994083,-0.003236,0.007485,0.108313,0.993023,-0.043756,-0.109425,0.003998,0.994338,-0.025593,0.082548,-0.061835,0.998220,-0.002041,-0.007441,-0.059139,0.991013,-0.006456,0.133305,-0.009012,0.966703,0.004664,-0.234956,-0.101285,0.766680,-0.418046,0.393580,0.287289,0.688507,0.341460,0.599130,-0.224514,0.965551,0.008444,-0.240261,0.099571,0.771245,0.416601,0.398811,-0.269396,0.689333,-0.342397,0.587611,0.249593
0.999434,0.009162,0.029628,0.013071,0.994118,0.050141,-0.094725,0.015591,0.991195,0.023186,0.070080,0.109926,0.994048,-0.002619,0.007523,0.108656,0.992233,-0.044707,-0.115970,0.005116,0.993954,-0.025341,0.086915,-0.062121,0.998209,-0.002691,-0.007177,-0.059329,0.989783,-0.006571,0.142253,-0.007048,0.967019,0.006234,-0.233855,-0.100730,0.766874,-0.416648,0.393615,0.288748,0.687787,0.342426,0.599840,-0.223348,0.965516,0.008886,-0.238944,0.102987,0.771656,0.414816,0.400972,-0.267761,0.688397,-0.344274,0.586480,0.252243
0.999361,0.010137,0.030750,0.015123,0.993487,0.050598,-0.100567,0.017568,0.991039,0.022419,0.071929,0.110299,0.994010,-0.001922,0.007592,0.109007,0.991343,-0.045698,-0.122930,0.006221,0.993525,-0.025008,0.091509,-0.062527,0.998191,-0.003260,-0.006921,-0.059639,0.988415,-0.006670,0.151547,-0.005014,0.967326,0.007869,-0.232773,-0.100179,0.767114,-0.415190,0.393613,0.290211,0.687084,0.343439,0.600489,-0.222212,0.965436,0.009456,-0.237686,0.106531,0.772114,0.413005,0.403192,-0.265900,0.687468,-0.346230,0.585184,0.255090
0.999270,0.011045,0.032165,0.017383,0.992664,0.051184,-0.107736,0.019774,0.990801,0.021446,0.074802,0.110719,0.993964,-0.001399,0.007959,0.109409,0.990344,-0.046687,-0.130324,0.007449,0.993048,-0.024530,0.096343,-0.063024,0.998168,-0.003472,-0.006502,-0.060056,0.986726,-0.006653,0.162230,-0.002919,0.967623,0.009785,-0.231612,-0.099830,0.767565,-0.413321,0.393637,0.291650,0.686213,0.344729,0.601089,-0.221281,0.965267,0.010248,-0.236579,0.110385,0.772912,0.410797,0.405608,-0.263316,0.686238,-0.348776,0.583687,0.258346
0.999165,0.011905,0.033775,0.019645,0.991750,0.051836,-0.115164,0.021968,0.990553,0.020520,0.077743,0.111085,0.993923,-0.000842,0.008382,0.109759,0.989267,-0.047612,-0.137875,0.008621,0.992565,-0.023956,0.101040,-0.063493,0.998146,-0.003525,-0.006107,-0.060461,0.984846,-0.006638,0.173303,-0.000765,0.967930,0.011685,-0.230384,-0.099491,0.768090,-0.411267,0.393776,0.292981,0.685200,0.346025,0.601703,-0.220727,0.965083,0.011101,-0.235428,0.114301,0.773783,0.408410,0.408138,-0.260545,0.684825,-0.351384,0.582190,0.261914
0.999039,0.012668,0.035779,0.021908,0.990704,0.052587,-0.123110,0.024168,0.990291,0.019632,0.080831,0.111376,0.993887,-0.000274,0.008923,0.110037,0.988088,-0.048448,-0.145742,0.009737,0.992096,-0.023276,0.105472,-0.063873,0.998128,-0.003332,-0.005752,-0.060798,0.982682,-0.006591,0.185177,0.001498,0.968262,0.013604,-0.229007,-0.099191,0.768800,-0.408779,0.394147,0.294099,0.683868,0.347409,0.602360,-0.220892,0.964892,0.011996,-0.234165,0.118347,0.774848,0.405585,0.410899,-0.257435,0.683007,-0.354199,0.580732,0.266074
0.998886,0.013372,0.038408,0.023922,0.989564,0.053362,-0.131277,0.026101,0.990030,0.018735,0.083823,0.111643,0.993853,0.000127,0.009470,0.110299,0.986803,-0.049292,-0.153878,0.010530,0.991624,-0.022555,0.109689,-0.064360,0.998103,-0.003044,-0.005444,-0.061253,0.980194,-0.006480,0.197905,0.003461,0.968575,0.015565,-0.227516,-0.099286,0.769774,-0.405770,0.394791,0.294854,0.682308,0.349028,0.602791,-0.221987,0.964709,0.012896,-0.232897,0.122185,0.776045,0.402511,0.413691,-0.254165,0.681015,-0.357004,0.579200,0.270729
0.998713,0.014047,0.041348,0.025810,0.988339,0.054166,-0.139549,0.027884,0.989765,0.017865,0.086764,0.111884,0.993821,0.000476,0.010017,0.110540,0.985431,-0.050117,-0.162144,0.011127,0.991142,-0.021772,0.113799,-0.064917,0.998072,-0.002670,-0.005160,-0.061792,0.977443,-0.006354,0.211039,0.005276,0.968883,0.017545,-0.225940,-0.099541,0.770823,-0.402548,0.395567,0.295488,0.680686,0.350664,0.603080,-0.223598,0.964533,0.013813,-0.231608,0.125873,0.777245,0.399370,0.416486,-0.250866,0.678979,-0.359688,0.577592,0.275678
0.998498,0.014692,0.045171,0.027304,0.987005,0.055125,-0.148073,0.029270,0.989476,0.017019,0.089719,0.112239,0.993776,0.000660,0.010553,0.110897,0.983894,-0.050890,-0.170986,0.011222,0.990708,-0.021114,0.117511,-0.065131,0.998062,-0.002278,-0.004994,-0.061984,0.974349,-0.006311,0.224848,0.006973,0.969116,0.019374,-0.224581,-0.100006,0.772217,-0.398983,0.396455,0.295494,0.679237,0.352782,0.602569,-0.226035,0.964356,0.014417,-0.230326,0.129462,0.778501,0.396104,0.419087,-0.247799,0.677277,-0.362345,0.575432,0.280856
0.998255,0.015376,0.049362,0.028527,0.985607,0.056118,-0.156554,0.030347,0.989177,0.016185,0.092719,0.112564,0.993733,0.000884,0.011073,0.111224,0.982250,-0.051582,-0.180013,0.010959,0.990278,-0.020425,0.121095,-0.065327,0.998052,-0.001815,-0.004759,-0.062172,0.970995,-0.006307,0.238866,0.008428,0.969323,0.021151,-0.223239,-0.100645,0.773522,-0.395554,0.397341,0.295501,0.678192,0.354882,0.601516,-0.228675,0.964211,0.014895,-0.229009,0.132781,0.779483,0.393216,0.421476,-0.245245,0.676134,-0.364543,0.572896,0.285905
0.997967,0.016140,0.054290,0.029209,0.984161,0.057138,-0.164957,0.030834,0.988864,0.015301,0.095814,0.112844,0.993696,0.001122,0.011565,0.111507,0.980458,-0.052165,-0.189420,0.010045,0.989871,-0.019758,0.124421,-0.065458,0.998046,-0.001290,-0.004385,-0.062312,0.967309,-0.006332,0.253346,0.009400,0.969464,0.022833,-0.221980,-0.101703,0.774762,-0.392308,0.398223,0.295392,0.677853,0.357135,0.599434,-0.231623,0.964129,0.015107,-0.227657,0.135645,0.780034,0.390982,0.423474,-0.243619,0.676032,-0.366040,0.569691,0.290599
0.997622,0.016979,0.059912,0.029535,0.982626,0.058275,-0.173472,0.030929,0.988554,0.014446,0.098741,0.113152,0.993656,0.001511,0.011946,0.111816,0.978504,-0.052528,-0.199235,0.008672,0.989488,-0.019118,0.127636,-0.065252,0.998060,-0.000712,-0.003856,-0.062129,0.963350,-0.006497,0.267993,0.009757,0.969504,0.024542,-0.220966,-0.103124,0.775483,-0.390133,0.398603,0.295869,0.679212,0.358845,0.595843,-0.234249,0.964049,0.015100,-0.226536,0.138065,0.779851,0.390182,0.424727,-0.243305,0.677883,-0.366291,0.565264,0.294588
0.997226,0.017856,0.065879,0.029682,0.981008,0.059461,-0.182038,0.030811,0.988243,0.013593,0.101586,0.113448,0.993618,0.001964,0.012276,0.112114,0.976414,-0.052783,-0.209238,0.007036,0.989108,-0.018521,0.130798,-0.064923,0.998082,-0.000142,-0.003247,-0.061827,0.959137,-0.006728,0.282690,0.009811,0.969520,0.026288,-0.219978,-0.104645,0.775812,-0.388616,0.398717,0.296848,0.681548,0.359960,0.591449,-0.236874,0.964001,0.014975,-0.225439,0.140195,0.779167,0.390234,0.425618,-0.243854,0.680821,-0.365572,0.560194,0.298365
0.996765,0.018996,0.072284,0.029571,0.979250,0.060583,-0.191002,0.030285,0.987933,0.012637,0.104721,0.113408,0.993615,0.002549,0.012665,0.112083,0.974132,-0.052868,-0.219654,0.004938,0.988751,-0.018086,0.133844,-0.064260,0.998123,0.000479,-0.002577,-0.061182,0.954901,-0.007214,0.296695,0.009125,0.969393,0.028179,-0.219472,-0.106368,0.775738,-0.388227,0.398055,0.298433,0.685765,0.360326,0.585325,-0.239345,0.963924,0.014655,-0.224770,0.141824,0.777780,0.391867,0.425604,-0.245681,0.685951,-0.363223,0.553534,0.301895
0.996241,0.020150,0.078934,0.029443,0.977314,0.061795,-0.200390,0.029709,0.987578,0.011650,0.108200,0.113347,0.993613,0.003176,0.013148,0.112032,0.971646,-0.052983,-0.230412,0.002679,0.988365,-0.017756,0.137003,-0.063632,0.998163,0.000942,-0.001944,-0.060554,0.950551,-0.007720,0.310362,0.008342,0.969273,0.030135,-0.218958,-0.107974,0.775463,-0.388151,0.397222,0.300351,0.690275,0.359962,0.579041,-0.242195,0.963869,0.014327,-0.224104,0.143281,0.776148,0.393887,0.425448,-0.247873,0.691351,-0.360041,0.546744,0.305738
0.995629,0.021333,0.086079,0.029286,0.975086,0.063204,-0.210633,0.029080,0.987128,0.010601,0.112371,0.113305,0.993605,0.003895,0.013818,0.112000,0.968849,-0.053150,-0.241880,0.000172,0.987935,-0.017592,0.140385,-0.062985,0.998204,0.001142,-0.001387,-0.059875,0.946191,-0.008272,0.323419,0.007363,0.969113,0.032164,-0.218619,-0.109507,0.775061,-0.388447,0.396083,0.302503,0.695115,0.358834,0.572536,-0.245469,0.963799,0.013998,-0.223628,0.144522,0.774314,0.396397,0.424996,-0.250371,0.697073,-0.355936,0.539764,0.309927
0.994926,0.022463,0.093647,0.029130,0.972586,0.064664,-0.221552,0.028439,0.986577,0.009381,0.117265,0.113252,0.993592,0.004401,0.014733,0.111975,0.965800,-0.053411,-0.253714,-0.002484,0.987399,-0.017445,0.144289,-0.062606,0.998230,0.001351,-0.000902,-0.059443,0.941783,-0.008660,0.336050,0.006397,0.968981,0.034292,-0.218150,-0.110954,0.774921,-0.388183,0.395135,0.304435,0.699376,0.357882,0.566223,-0.249369,0.963765,0.013759,-0.223120,0.145554,0.772741,0.398432,0.424719,-0.252461,0.702168,-0.352068,0.532955,0.314590
0.994142,0.023567,0.101425,0.028975,0.969878,0.066131,-0.232791,0.027771,0.985961,0.008067,0.122522,0.113153,0.993581,0.004789,0.015773,0.111918,0.962544,-0.053721,-0.265697,-0.005263,0.986793,-0.017329,0.148461,-0.062440,0.998244,0.001533,-0.000443,-0.059209,0.937271,-0.008972,0.348444,0.005447,0.968892,0.036475,-0.217504,-0.112296,0.774739,-0.387808,0.394272,0.306487,0.703472,0.356619,0.559937,-0.253811,0.963781,0.013563,-0.222481,0.146439,0.771120,0.400397,0.424547,-0.254589,0.707045,-0.347902,0.526167,0.319687
0.993170,0.024519,0.110352,0.028902,0.966687,0.067871,-0.245292,0.027253,0.985225,0.006662,0.128352,0.113198,0.993551,0.005218,0.016801,0.112009,0.958817,-0.053819,-0.278761,-0.008107,0.986083,-0.017055,0.153252,-0.062162,0.998263,0.001708,0.000180,-0.058882,0.932998,-0.009068,0.359738,0.004634,0.968789,0.038686,-0.216956,-0.113499,0.774810,-0.387112,0.393423,0.308271,0.707227,0.355700,0.553662,-0.258391,0.963774,0.013481,-0.222057,0.147135,0.769855,0.401989,0.424389,-0.256168,0.711486,-0.344309,0.519368,0.324802
0.992083,0.025472,0.119552,0.028813,0.963223,0.069632,-0.258146,0.026692,0.984420,0.005171,0.134457,0.113192,0.993526,0.005631,0.017798,0.112062,0.954816,-0.053866,-0.292065,-0.011092,0.985316,-0.016790,0.158200,-0.061994,0.998276,0.001837,0.000817,-0.058660,0.928720,-0.009101,0.370649,0.003966,0.968687,0.040854,-0.216456,-0.114556,0.774837,-0.386532,0.392510,0.310092,0.711013,0.354588,0.547264,-0.263117,0.963778,0.013380,-0.221620,0.147776,0.768498,0.403700,0.424182,-0.257888,0.715962,-0.340461,0.512456,0.329960
0.990838,0.026427,0.129303,0.028693,0.959357,0.071475,-0.271743,0.026086,0.983499,0.003524,0.141110,0.113157,0.993502,0.006035,0.018724,0.112100,0.950432,-0.053806,-0.305909,-0.014266,0.984469,-0.016489,0.163452,-0.061905,0.998284,0.001946,0.001472,-0.058515,0.924587,-0.008990,0.380848,0.003570,0.968536,0.042932,-0.216257,-0.115447,0.775101,-0.385858,0.391492,0.311555,0.714637,0.353866,0.540754,-0.267689,0.963742,0.013248,-0.221381,0.148380,0.767303,0.405334,0.423848,-0.259429,0.720350,-0.336923,0.505443,0.334823
0.989454,0.027334,0.139319,0.028703,0.955032,0.073517,-0.286096,0.025649,0.982450,0.001883,0.148265,0.113167,0.993477,0.006529,0.019389,0.112181,0.945592,-0.053658,-0.320422,-0.017486,0.983486,-0.016088,0.169305,-0.061899,0.998287,0.001913,0.002024,-0.058449,0.920397,-0.008837,0.390872,0.003288,0.968327,0.045061,-0.216339,-0.116229,0.775454,-0.385308,0.390208,0.312964,0.718224,0.353214,0.534285,-0.271907,0.963623,0.013194,-0.221470,0.149021,0.766263,0.407027,0.423348,-0.260667,0.724638,-0.333609,0.498402,0.339412
0.987946,0.028215,0.149459,0.028776,0.950351,0.075626,-0.300789,0.025289,0.981307,0.000221,0.155666,0.113161,0.993455,0.007043,0.019923,0.112257,0.940394,-0.053466,-0.335214,-0.020773,0.982406,-0.015663,0.175460,-0.062030,0.998282,0.001765,0.002531,-0.058512,0.916125,-0.008671,0.400786,0.003065,0.968080,0.047185,-0.216618,-0.116927,0.775966,-0.384688,0.388826,0.314176,0.721630,0.352936,0.527886,-0.275723,0.963457,0.013185,-0.221763,0.149660,0.765410,0.408613,0.422781,-0.261608,0.728751,-0.330744,0.491397,0.343597
0.986255,0.028880,0.160129,0.028748,0.945175,0.077896,-0.316147,0.025049,0.980027,-0.001381,0.163563,0.113106,0.993449,0.007606,0.019900,0.112275,0.934629,-0.053079,-0.350813,-0.024133,0.981258,-0.015029,0.181751,-0.062229,0.998273,0.001614,0.002676,-0.058659,0.911700,-0.008586,0.410757,0.002800,0.967751,0.049051,-0.217301,-0.117614,0.776384,-0.384631,0.387179,0.315244,0.725557,0.352883,0.521002,-0.278561,0.963223,0.012988,-0.222375,0.150274,0.764542,0.410514,0.421804,-0.262744,0.733375,-0.328266,0.484161,0.346396
0.984416,0.029510,0.170969,0.028707,0.939660,0.080186,-0.331649,0.024861,0.978663,-0.003059,0.171519,0.113095,0.993441,0.008082,0.019619,0.112363,0.928510,-0.052630,-0.366525,-0.027551,0.980027,-0.014388,0.188227,-0.062537,0.998258,0.001397,0.002830,-0.058914,0.907098,-0.008580,0.420825,0.002449,0.967379,0.050841,-0.218191,-0.118258,0.776943,-0.384550,0.385468,0.316061,0.729504,0.353401,0.513928,-0.280732,0.962954,0.012761,-0.223157,0.150856,0.763818,0.412346,0.420722,-0.263716,0.738083,-0.326373,0.476790,0.348403
0.982391,0.030073,0.182164,0.028645,0.933703,0.082589,-0.347510,0.024785,0.977189,-0.004861,0.179599,0.113233,0.993423,0.008428,0.018819,0.112628,0.921939,-0.052045,-0.382569,-0.031010,0.978677,-0.013677,0.195064,-0.062890,0.998240,0.001135,0.002992,-0.059221,0.902245,-0.008720,0.431131,0.001927,0.966945,0.052540,-0.219382,-0.118862,0.777549,-0.384691,0.383557,0.316726,0.733809,0.354365,0.506353,-0.282056,0.962630,0.012468,-0.224190,0.151414,0.763149,0.414320,0.419399,-0.264666,0.743205,-0.324945,0.469024,0.349392
0.980149,0.030597,0.193803,0.028502,0.927305,0.085128,-0.363653,0.024789,0.975618,-0.006782,0.187710,0.113526,0.993387,0.008694,0.017811,0.113089,0.914891,-0.051353,-0.398926,-0.034566,0.977284,-0.012967,0.201838,-0.063317,0.998218,0.000848,0.002911,-0.059595,0.897104,-0.009132,0.441723,0.001141,0.966494,0.054029,-0.220718,-0.119387,0.778173,-0.384945,0.381661,0.317173,0.738320,0.355895,0.498450,-0.282436,0.962307,0.012061,-0.225228,0.151959,0.762460,0.416317,0.417994,-0.265738,0.748647,-0.324032,0.461082,0.349192
0.977722,0.031101,0.205648,0.028317,0.920537,0.087674,-0.379877,0.024866,0.973966,-0.008843,0.195827,0.113859,0.993343,0.008840,0.016697,0.113638,0.907443,-0.050625,-0.415364,-0.038181,0.975841,-0.012296,0.208577,-0.063871,0.998189,0.000489,0.002712,-0.060087,0.891750,-0.009695,0.452424,0.000238,0.966036,0.055363,-0.222170,-0.119794,0.778860,-0.385208,0.379792,0.317411,0.742866,0.357880,0.490396,-0.282107,0.961982,0.011600,-0.226280,0.152490,0.761811,0.418255,0.416563,-0.266798,0.754206,-0.323566,0.453091,0.348119
0.975003,0.031441,0.218148,0.028145,0.913392,0.090207,-0.396161,0.025172,0.972365,-0.011047,0.203258,0.114324,0.993282,0.008782,0.015234,0.114379,0.899694,-0.049735,-0.431679,-0.041591,0.974412,-0.011282,0.215020,-0.064505,0.998151,0.000313,0.002406,-0.060736,0.885880,-0.010563,0.463793,-0.000887,0.965565,0.056499,-0.223795,-0.120036,0.779382,-0.385904,0.377786,0.317678,0.747934,0.360115,0.481891,-0.280522,0.961624,0.011049,-0.227413,0.153105,0.761089,0.420367,0.414987,-0.267994,0.760256,-0.323552,0.444829,0.345618
0.972095,0.031751,0.230740,0.027975,0.905927,0.092627,-0.412387,0.025573,0.970759,-0.013329,0.210467,0.114689,0.993221,0.008686,0.014007,0.115071,0.891630,-0.048829,-0.447874,-0.044960,0.973006,-0.010275,0.221129,-0.065233,0.998106,0.000055,0.002017,-0.061488,0.879771,-0.011543,0.475253,-0.002036,0.965105,0.057473,-0.225495,-0.120090,0.779732,-0.386943,0.375704,0.318026,0.753163,0.362266,0.473451,-0.278123,0.961262,0.010510,-0.228535,0.153740,0.760194,0.422712,0.413359,-0.269360,0.766469,-0.323511,0.436736,0.342239
0.968962,0.032006,0.243546,0.027816,0.898108,0.094940,-0.428611,0.026104,0.969199,-0.015606,0.217248,0.114944,0.993159,0.008670,0.013252,0.115692,0.883239,-0.047856,-0.463975,-0.048233,0.971710,-0.009218,0.226578,-0.066001,0.998056,-0.000264,0.001456,-0.062305,0.873324,-0.012713,0.486963,-0.003251,0.964665,0.058226,-0.227269,-0.119920,0.779648,-0.388742,0.373432,0.318711,0.758834,0.363954,0.465123,-0.274534,0.960895,0.009988,-0.229624,0.154446,0.758866,0.425642,0.411599,-0.271178,0.773086,-0.323090,0.428906,0.337625
0.965769,0.032194,0.255872,0.027996,0.889958,0.097184,-0.444749,0.026972,0.967753,-0.017871,0.223265,0.115273,0.993080,0.008795,0.012696,0.116416,0.874698,-0.046652,-0.479703,-0.051100,0.970440,-0.008090,0.231864,-0.066489,0.998019,-0.000565,0.001260,-0.062896,0.866898,-0.013945,0.498272,-0.004267,0.964201,0.059046,-0.229295,-0.119386,0.778959,-0.391716,0.370484,0.320193,0.765143,0.364604,0.457158,-0.269493,0.960410,0.009740,-0.231059,0.155333,0.757083,0.429517,0.409552,-0.273146,0.780093,-0.321925,0.421325,0.332120
0.962476,0.032348,0.267938,0.028343,0.881497,0.099354,-0.460766,0.028026,0.966352,-0.020173,0.228895,0.115607,0.992995,0.008947,0.012241,0.117179,0.865948,-0.045329,-0.495166,-0.053766,0.969164,-0.006935,0.237064,-0.066880,0.997986,-0.000877,0.001247,-0.063417,0.860414,-0.015226,0.509341,-0.005175,0.963738,0.059864,-0.231442,-0.118576,0.777903,-0.395338,0.367190,0.322096,0.771769,0.364633,0.449334,-0.263656,0.959876,0.009637,-0.232632,0.156293,0.754992,0.433910,0.407373,-0.275239,0.787292,-0.320264,0.413848,0.326085
0.959451,0.032201,0.278558,0.028661,0.872918,0.101121,-0.476370,0.029338,0.965023,-0.022271,0.234216,0.115656,0.992940,0.009046,0.012150,0.117647,0.857186,-0.044228,-0.510031,-0.056077,0.967982,-0.005774,0.241736,-0.067382,0.997943,-0.001493,0.001488,-0.064080,0.854726,-0.016166,0.518801,-0.005286,0.963119,0.060294,-0.234424,-0.117522,0.776118,-0.400857,0.362955,0.324374,0.779354,0.362616,0.441310,-0.257610,0.959149,0.009238,-0.234988,0.157254,0.752445,0.439582,0.404147,-0.277955,0.795029,-0.317093,0.406381,0.319742
0.956456,0.031933,0.288671,0.028991,0.864128,0.102781,-0.491697,0.030852,0.963652,-0.024419,0.239552,0.115733,0.992879,0.009022,0.012033,0.118174,0.848216,-0.043128,-0.524674,-0.058196,0.966795,-0.004575,0.246333,-0.067865,0.997898,-0.002091,0.001786,-0.064743,0.849195,-0.016932,0.527783,-0.005068,0.962478,0.060595,-0.237546,-0.116347,0.773979,-0.406967,0.358492,0.326829,0.787185,0.359812,0.433138,-0.251529,0.958386,0.008788,-0.237514,0.158135,0.749682,0.445617,0.400666,-0.280836,0.802841,-0.313360,0.398821,0.313359
0.953657,0.031425,0.297809,0.029353,0.855208,0.104320,-0.506623,0.032717,0.962220,-0.026583,0.244926,0.115920,0.992804,0.008840,0.011864,0.118835,0.839102,-0.042020,-0.539026,-0.059936,0.965630,-0.003294,0.250787,-0.068212,0.997859,-0.002618,0.002199,-0.065310,0.844102,-0.017322,0.535886,-0.004206,0.961770,0.060726,-0.240962,-0.115104,0.771252,-0.414143,0.353574,0.329608,0.795512,0.355632,0.424748,-0.245512,0.957534,0.008231,-0.240440,0.158901,0.746627,0.452297,0.396663,-0.283960,0.810822,-0.308710,0.391113,0.307078
0.951066,0.030664,0.306022,0.029718,0.846121,0.105679,-0.521241,0.034909,0.960838,-0.028606,0.249969,0.116140,0.992729,0.008673,0.011380,0.119519,0.829850,-0.041070,-0.553077,-0.061387,0.964498,-0.001991,0.255023,-0.068583,0.997817,-0.003296,0.002539,-0.065914,0.839516,-0.017326,0.543052,-0.002814,0.960960,0.060789,-0.244728,-0.113880,0.768177,-0.422019,0.348242,0.332462,0.804389,0.350493,0.415360,-0.239977,0.956581,0.007492,-0.243864,0.159456,0.743559,0.459306,0.392115,-0.287060,0.819059,-0.303540,0.382450,0.301228
0.948557,0.029775,0.313764,0.030084,0.836828,0.106925,-0.535624,0.037313,0.959461,-0.030606,0.254843,0.116417,0.992646,0.008482,0.010741,0.120274,0.820415,-0.040178,-0.566901,-0.062669,0.963374,-0.000673,0.259145,-0.068942,0.997773,-0.004042,0.002842,-0.066518,0.835160,-0.017123,0.549740,-0.001172,0.960096,0.060819,-0.248632,-0.112691,0.764820,-0.430276,0.342714,0.335350,0.813446,0.344762,0.405433,-0.234666,0.955582,0.006695,-0.247537,0.159825,0.740402,0.466518,0.387294,-0.290118,0.827334,-0.298008,0.373266,0.295606
0.946451,0.028848,0.320125,0.030307,0.827695,0.107829,-0.549291,0.039656,0.958082,-0.032129,0.259793,0.116427,0.992604,0.008563,0.010113,0.120670,0.810963,-0.039489,-0.580253,-0.063918,0.962218,0.000653,0.263267,-0.069469,0.997717,-0.004809,0.003084,-0.067292,0.831504,-0.016467,0.555274,0.001079,0.959092,0.060698,-0.252968,-0.111645,0.761164,-0.439182,0.336833,0.338072,0.822734,0.338143,0.394849,-0.229919,0.954487,0.005674,-0.251685,0.159926,0.737042,0.474256,0.381840,-0.293341,0.835747,-0.291681,0.363506,0.290368
0.944437,0.027977,0.326069,0.030590,0.818555,0.108691,-0.562485,0.042008,0.956671,-0.033689,0.264704,0.116521,0.992548,0.008573,0.009575,0.121171,0.801547,-0.038808,-0.593105,-0.065143,0.961034,0.001905,0.267414,-0.069999,0.997660,-0.005620,0.003408,-0.068060,0.828070,-0.015746,0.560394,0.003350,0.958060,0.060680,-0.257285,-0.110649,0.757365,-0.448076,0.330899,0.340781,0.831748,0.331305,0.384245,-0.225360,0.953373,0.004768,-0.255911,0.159893,0.733556,0.482075,0.376374,-0.296381,0.843896,-0.285091,0.353632,0.285496
0.942660,0.027218,0.331197,0.030998,0.809649,0.109528,-0.574901,0.044284,0.955242,-0.035238,0.269544,0.116694,0.992481,0.008503,0.009209,0.121757,0.792443,-0.038170,-0.605120,-0.066380,0.959809,0.003014,0.271618,-0.070576,0.997599,-0.006518,0.003895,-0.068844,0.825137,-0.014928,0.564707,0.005689,0.956977,0.060872,-0.261636,-0.109706,0.753507,-0.456883,0.324831,0.343467,0.840410,0.324277,0.373659,-0.221211,0.952210,0.004033,-0.260297,0.159764,0.729998,0.489970,0.370902,-0.299104,0.851700,-0.278191,0.343601,0.281347
0.941136,0.026542,0.335524,0.031346,0.801298,0.110237,-0.586189,0.046387,0.953828,-0.036692,0.274249,0.116846,0.992419,0.008295,0.008710,0.122313,0.783696,-0.037642,-0.616302,-0.067639,0.958573,0.004160,0.275756,-0.071262,0.997527,-0.007457,0.004447,-0.069750,0.822654,-0.014341,0.568310,0.007681,0.955925,0.060971,-0.265805,-0.108799,0.749585,-0.465458,0.319029,0.345966,0.848336,0.317219,0.363962,-0.217325,0.951091,0.003316,-0.264446,0.159637,0.726319,0.497686,0.365634,-0.301795,0.858826,-0.271230,0.334454,0.277476
0.939734,0.025909,0.339449,0.031665,0.793166,0.110869,-0.596868,0.048417,0.952408,-0.038118,0.278883,0.117002,0.992356,0.008004,0.008147,0.122879,0.775064,-0.037154,-0.627014,-0.068908,0.957323,0.005352,0.279859,-0.071994,0.997448,-0.008393,0.005035,-0.070718,0.820391,-0.013863,0.571556,0.009497,0.954880,0.061024,-0.269876,-0.107919,0.745553,-0.473931,0.313363,0.348345,0.855815,0.310100,0.354688,-0.213575,0.949988,0.002627,-0.268481,0.159482,0.722505,0.505342,0.360465,-0.304435,0.865542,-0.264191,0.325726,0.273758
0.938452,0.025427,0.342968,0.032158,0.785995,0.111682,-0.605977,0.050310,0.951023,-0.039674,0.283179,0.117437,0.992254,0.007694,0.007533,0.123758,0.767329,-0.036468,-0.636380,-0.069978,0.956067,0.006319,0.283986,-0.072437,0.997392,-0.009343,0.005523,-0.071350,0.818429,-0.013959,0.574338,0.010684,0.954092,0.061178,-0.273036,-0.106851,0.742316,-0.480497,0.308812,0.350321,0.861548,0.304514,0.347336,-0.210625,0.949093,0.002180,-0.271525,0.159659,0.719452,0.511235,0.356645,-0.306320,0.870636,-0.258620,0.318625,0.271269
0.937211,0.025008,0.346335,0.032577,0.779078,0.112472,-0.614550,0.052115,0.949612,-0.041205,0.287484,0.117868,0.992150,0.007335,0.007063,0.124637,0.759841,-0.035743,-0.645231,-0.070999,0.954805,0.007294,0.288080,-0.072826,0.997337,-0.010294,0.006099,-0.071937,0.816495,-0.014273,0.577059,0.011571,0.953370,0.061224,-0.275961,-0.105749,0.739148,-0.486699,0.304604,0.352137,0.866765,0.299102,0.340551,-0.208043,0.948277,0.001716,-0.274234,0.159888,0.716385,0.516814,0.353109,-0.308236,0.875277,-0.253160,0.312102,0.269059
0.936069,0.024719,0.349406,0.032851,0.772802,0.113241,-0.622147,0.053718,0.948174,-0.042635,0.291819,0.118282,0.992049,0.006913,0.006881,0.125475,0.752980,-0.034972,-0.653165,-0.071923,0.953550,0.008235,0.292114,-0.073102,0.997287,-0.011286,0.006849,-0.072413,0.814631,-0.015030,0.579664,0.011873,0.952792,0.061060,-0.278435,-0.104561,0.736252,-0.492141,0.301077,0.353672,0.871087,0.294127,0.334936,-0.206193,0.947668,0.001168,-0.276100,0.160287,0.714466,0.520395,0.350670,-0.309449,0.879145,-0.248012,0.306760,0.267383
0.934880,0.024580,0.352566,0.033043,0.767102,0.114080,-0.628887,0.055151,0.946794,-0.043811,0.295892,0.118781,0.991942,0.006795,0.006844,0.126324,0.746694,-0.034109,-0.660294,-0.072773,0.952348,0.009122,0.295949,-0.073246,0.997245,-0.012179,0.007790,-0.072755,0.812652,-0.016567,0.582402,0.011457,0.952430,0.060581,-0.280340,-0.103031,0.733344,-0.497094,0.298216,0.355208,0.874834,0.289440,0.330400,-0.204270,0.947388,0.000489,-0.276576,0.161126,0.715086,0.520034,0.350311,-0.309029,0.882611,-0.242890,0.302522,0.265487
0.933662,0.024517,0.355770,0.033193,0.761672,0.114941,-0.635178,0.056504,0.945435,-0.044882,0.299835,0.119320,0.991832,0.006810,0.006885,0.127184,0.740672,-0.033204,-0.666999,-0.073580,0.951164,0.009979,0.299684,-0.073331,0.997205,-0.013028,0.008827,-0.073037,0.810605,-0.018498,0.585204,0.010690,0.952178,0.059931,-0.281962,-0.101306,0.730408,-0.501806,0.295686,0.356741,0.878272,0.284875,0.326428,-0.202309,0.947262,-0.000249,-0.276379,0.162203,0.716767,0.517956,0.350895,-0.307960,0.885835,-0.237790,0.298864,0.263500
0.932674,0.024794,0.358338,0.033136,0.757498,0.115882,-0.639900,0.057419,0.944233,-0.045626,0.303267,0.119883,0.991729,0.006914,0.007109,0.127965,0.735937,-0.032166,-0.672196,-0.074261,0.950084,0.010512,0.303098,-0.073223,0.997186,-0.013647,0.009876,-0.073049,0.808911,-0.021164,0.587481,0.008983,0.951971,0.059000,-0.283551,-0.099341,0.726815,-0.507225,0.293058,0.358581,0.881776,0.279283,0.323058,-0.200265,0.947288,-0.001127,-0.275432,0.163648,0.719014,0.514644,0.352275,-0.306697,0.889296,-0.231087,0.295937,0.261098
0.931673,0.025153,0.360919,0.033014,0.753783,0.116753,-0.644048,0.058149,0.943069,-0.046247,0.306586,0.120364,0.991639,0.007126,0.007394,0.128631,0.731669,-0.031226,-0.676805,-0.074967,0.949050,0.010987,0.306309,-0.073201,0.997158,-0.014256,0.011127,-0.073131,0.807164,-0.024132,0.589792,0.007039,0.951826,0.057898,-0.285003,-0.097200,0.722970,-0.512765,0.290538,0.360518,0.885242,0.273414,0.319857,-0.198198,0.947415,-0.002088,-0.274013,0.165280,0.721780,0.510339,0.354209,-0.305162,0.892757,-0.223966,0.293221,0.258546
0.930653,0.025675,0.363528,0.032761,0.751032,0.117510,-0.647087,0.058492,0.941998,-0.046575,0.309684,0.120689,0.991578,0.007596,0.007795,0.129054,0.728390,-0.030473,-0.680281,-0.075736,0.948123,0.011356,0.309122,-0.073329,0.997115,-0.014829,0.012783,-0.073333,0.805321,-0.027701,0.592174,0.004608,0.951807,0.056478,-0.286178,-0.094744,0.718680,-0.518542,0.288238,0.362675,0.888694,0.267028,0.316971,-0.196083,0.947710,-0.003213,-0.271771,0.167260,0.724913,0.504922,0.356894,-0.303614,0.896281,-0.216043,0.290905,0.255694
0.929772,0.026265,0.365746,0.032629,0.749272,0.118338,-0.648959,0.058655,0.941039,-0.047017,0.312376,0.121065,0.991506,0.007928,0.008197,0.129558,0.726096,-0.029703,-0.682694,-0.076358,0.947325,0.011504,0.311553,-0.073332,0.997089,-0.015268,0.014133,-0.073354,0.803791,-0.031463,0.594076,0.002033,0.951806,0.055158,-0.287285,-0.092143,0.714275,-0.524296,0.285852,0.364985,0.891988,0.260453,0.314334,-0.194203,0.948010,-0.004235,-0.269354,0.169435,0.728371,0.498907,0.359964,-0.301650,0.899598,-0.207838,0.288723,0.253310
0.928959,0.026890,0.367767,0.032556,0.748010,0.119199,-0.650250,0.058724,0.940134,-0.047514,0.314862,0.121458,0.991430,0.008192,0.008597,0.130095,0.724295,-0.028926,-0.684577,-0.076908,0.946590,0.011542,0.313790,-0.073279,0.997070,-0.015641,0.015328,-0.073291,0.802397,-0.035327,0.595744,-0.000602,0.951814,0.053879,-0.288350,-0.089447,0.709764,-0.530044,0.283414,0.367376,0.895164,0.253748,0.311869,-0.192435,0.948311,-0.005196,-0.266825,0.171709,0.732011,0.492496,0.363261,-0.299414,0.902757,-0.199456,0.286657,0.251146
0.928175,0.027497,0.369744,0.032007,0.748073,0.119592,-0.650138,0.058364,0.939501,-0.047507,0.316738,0.121480,0.991419,0.008704,0.009050,0.130117,0.723844,-0.028724,-0.685003,-0.077432,0.946101,0.011396,0.315196,-0.073580,0.997024,-0.016092,0.016708,-0.073524,0.800824,-0.039215,0.597603,-0.003547,0.951976,0.052128,-0.288887,-0.087000,0.705996,-0.534569,0.282173,0.369031,0.897903,0.246812,0.310129,-0.191503,0.948800,-0.006458,-0.263703,0.173773,0.735627,0.485548,0.366765,-0.297623,0.905534,-0.191004,0.285564,0.248956
0.927377,0.028062,0.371751,0.031382,0.748511,0.119865,-0.649622,0.057921,0.938970,-0.047519,0.318338,0.121404,0.991419,0.009199,0.009517,0.130047,0.723776,-0.028636,-0.685028,-0.077881,0.945732,0.011277,0.316238,-0.073876,0.996979,-0.016423,0.017945,-0.073763,0.799232,-0.042971,0.599450,-0.006412,0.952225,0.050331,-0.289070,-0.084691,0.703842,-0.537053,0.282039,0.369641,0.900411,0.240003,0.308701,-0.190688,0.949308,-0.007723,-0.260532,0.175722,0.739212,0.478489,0.370278,-0.295819,0.908054,-0.182836,0.284806,0.246770
0.926555,0.028544,0.373824,0.030606,0.749702,0.119905,-0.648294,0.057310,0.938644,-0.047564,0.319392,0.121136,0.991443,0.009668,0.010017,0.129799,0.724476,-0.028768,-0.684248,-0.078180,0.945604,0.011215,0.316558,-0.074148,0.996942,-0.016503,0.018899,-0.074006,0.797646,-0.046448,0.601265,-0.009137,0.952532,0.048438,-0.288971,-0.082654,0.702429,-0.538545,0.282596,0.369732,0.902505,0.233596,0.307805,-0.190191,0.949851,-0.009023,-0.257330,0.177434,0.742603,0.471542,0.373673,-0.294205,0.910172,-0.175300,0.284625,0.244634
0.925657,0.028830,0.376089,0.029747,0.751388,0.119773,-0.646414,0.056738,0.938567,-0.047540,0.319725,0.120860,0.991470,0.010086,0.010548,0.129515,0.725866,-0.029119,-0.682751,-0.078243,0.945688,0.011091,0.316258,-0.074374,0.996915,-0.016592,0.019501,-0.074193,0.795848,-0.049880,0.603323,-0.011758,0.952970,0.046377,-0.288421,-0.080696,0.701133,-0.539603,0.283700,0.369804,0.904052,0.227633,0.307712,-0.190226,0.950470,-0.010386,-0.253824,0.179087,0.745679,0.464654,0.377137,-0.292964,0.911688,-0.168662,0.285256,0.242916
0.924717,0.029020,0.378449,0.028845,0.753316,0.119555,-0.644255,0.056182,0.938616,-0.047479,0.319697,0.120581,0.991499,0.010481,0.011094,0.129214,0.727597,-0.029577,-0.680892,-0.078192,0.945877,0.010940,0.315649,-0.074578,0.996893,-0.016684,0.019928,-0.074354,0.793928,-0.053290,0.605503,-0.014318,0.953467,0.044237,-0.287646,-0.078764,0.699779,-0.540570,0.285014,0.369947,0.905308,0.221882,0.308046,-0.190510,0.951114,-0.011765,-0.250176,0.180707,0.748430,0.457975,0.380580,-0.292012,0.912888,-0.162462,0.286309,0.241387
0.923829,0.029090,0.380717,0.027369,0.756225,0.118778,-0.641058,0.055312,0.938901,-0.047345,0.319163,0.119823,0.991591,0.010688,0.011821,0.128425,0.730475,-0.030397,-0.677810,-0.077819,0.946369,0.010688,0.314136,-0.074762,0.996880,-0.016552,0.020217,-0.074481,0.792148,-0.056191,0.607504,-0.016830,0.953927,0.041663,-0.286861,-0.077449,0.698512,-0.541504,0.286812,0.369584,0.905897,0.217041,0.309004,-0.191731,0.951818,-0.013537,-0.246626,0.181757,0.750842,0.451747,0.383435,-0.291785,0.913577,-0.157563,0.288219,0.239753
0.922929,0.029103,0.383000,0.025820,0.759279,0.117932,-0.637671,0.054440,0.939295,-0.047199,0.318313,0.119054,0.991685,0.010900,0.012474,0.127619,0.733553,-0.031312,-0.674483,-0.077402,0.946960,0.010400,0.312307,-0.074983,0.996868,-0.016348,0.020394,-0.074640,0.790330,-0.058979,0.609530,-0.019315,0.954424,0.039053,-0.285892,-0.076263,0.697078,-0.542494,0.288723,0.369353,0.906217,0.212463,0.310360,-0.193152,0.952542,-0.015295,-0.243005,0.182695,0.752839,0.445946,0.386181,-0.291940,0.914012,-0.153082,0.290530,0.238202
0.922014,0.029005,0.385314,0.024123,0.762632,0.116945,-0.633913,0.053566,0.939908,-0.047024,0.316825,0.118252,0.991785,0.011125,0.012976,0.126771,0.737039,-0.032423,-0.670679,-0.076893,0.947749,0.010034,0.309844,-0.075282,0.996858,-0.016008,0.020346,-0.074862,0.788467,-0.061530,0.611604,-0.021767,0.955000,0.036376,-0.284555,-0.075367,0.695538,-0.543349,0.290975,0.369233,0.906035,0.208449,0.312449,-0.195001,0.953335,-0.017054,-0.239219,0.183400,0.754390,0.440550,0.388848,-0.292589,0.913980,-0.149456,0.293610,0.236849
0.921057,0.028804,0.387722,0.022279,0.766228,0.115809,-0.629848,0.052676,0.940637,-0.046816,0.315006,0.117391,0.991891,0.011304,0.013667,0.125845,0.740936,-0.033463,-0.666414,-0.076069,0.948685,0.009582,0.306976,-0.075309,0.996868,-0.015424,0.020483,-0.074813,0.786518,-0.063880,0.613774,-0.024306,0.955578,0.033680,-0.283118,-0.074702,0.693939,-0.544199,0.293334,0.369122,0.905665,0.204929,0.314582,-0.197013,0.954136,-0.018842,-0.235511,0.183857,0.755572,0.435678,0.391246,-0.293636,0.913800,-0.146550,0.296794,0.235384
0.920073,0.028552,0.390175,0.020360,0.769929,0.114599,-0.625617,0.051769,0.941421,-0.046591,0.313022,0.116502,0.992000,0.011464,0.014452,0.124883,0.745025,-0.034456,-0.661899,-0.075104,0.949684,0.009113,0.303908,-0.075210,0.996886,-0.014698,0.020720,-0.074646,0.784514,-0.066129,0.615989,-0.026884,0.956154,0.030976,-0.281625,-0.074147,0.692252,-0.545102,0.295719,0.369055,0.905189,0.201652,0.316746,-0.199101,0.954932,-0.020636,-0.231846,0.184191,0.756470,0.431194,0.393475,-0.294962,0.913540,-0.144002,0.300036,0.233853
0.919229,0.028170,0.392293,0.018164,0.773784,0.113058,-0.621206,0.050788,0.942472,-0.046326,0.310305,0.115378,0.992145,0.011553,0.014699,0.123690,0.749309,-0.035801,-0.657079,-0.074173,0.950931,0.008565,0.299950,-0.075416,0.996887,-0.013978,0.020753,-0.074764,0.782852,-0.067678,0.617823,-0.029277,0.956618,0.028266,-0.280308,-0.074229,0.690850,-0.545854,0.298210,0.368566,0.904345,0.199509,0.318759,-0.201862,0.955685,-0.022577,-0.228740,0.183943,0.757118,0.427520,0.394942,-0.296680,0.913006,-0.142907,0.303225,0.232490
0.918405,0.027752,0.394344,0.015942,0.777581,0.111516,-0.616805,0.049842,0.943512,-0.046124,0.307568,0.114281,0.992282,0.011555,0.015076,0.122535,0.753602,-0.037116,-0.652187,-0.073200,0.952192,0.007968,0.295893,-0.075596,0.996890,-0.013175,0.020835,-0.074850,0.781192,-0.069008,0.619659,-0.031602,0.957055,0.025630,-0.279003,-0.074470,0.689400,-0.546655,0.300641,0.368117,0.903384,0.197652,0.320770,-0.204784,0.956410,-0.024470,-0.225824,0.183535,0.757431,0.424466,0.396118,-0.298693,0.912372,-0.142176,0.306413,0.231245
0.917629,0.027261,0.396266,0.013667,0.781293,0.109970,-0.612444,0.048985,0.944540,-0.046042,0.304800,0.113233,0.992407,0.011380,0.015716,0.121453,0.757943,-0.038390,-0.647184,-0.072117,0.953500,0.007237,0.291641,-0.075704,0.996899,-0.012234,0.021009,-0.074845,0.779557,-0.069898,0.621500,-0.033806,0.957449,0.023138,-0.277713,-0.075046,0.688089,-0.547317,0.303074,0.367593,0.902208,0.196373,0.322761,-0.208046,0.957106,-0.026293,-0.223248,0.182802,0.757460,0.422101,0.396884,-0.300944,0.911547,-0.142182,0.309596,0.230253
0.916972,0.026595,0.397901,0.011394,0.784888,0.108429,-0.608158,0.048348,0.945606,-0.046041,0.301814,0.112332,0.992515,0.011134,0.016194,0.120534,0.762191,-0.039798,-0.642216,-0.070986,0.954835,0.006433,0.287205,-0.075911,0.996904,-0.011434,0.020922,-0.074920,0.778245,-0.070535,0.622958,-0.035831,0.957709,0.020689,-0.276810,-0.075770,0.686888,-0.548135,0.305240,0.366827,0.901014,0.195653,0.324091,-0.211796,0.957678,-0.028261,-0.221267,0.181919,0.757445,0.420325,0.397009,-0.303295,0.910666,-0.143084,0.312133,0.229755
0.916371,0.025841,0.399392,0.009123,0.788411,0.106893,-0.603900,0.047809,0.946684,-0.046075,0.298720,0.111508,0.992612,0.010859,0.016592,0.119697,0.766379,-0.041265,-0.637246,-0.069850,0.956168,0.005611,0.282679,-0.076178,0.996907,-0.010692,0.020709,-0.075051,0.777092,-0.071047,0.624223,-0.037766,0.957898,0.018260,-0.276109,-0.076564,0.685668,-0.549109,0.307233,0.365986,0.899806,0.195213,0.325081,-0.215785,0.958181,-0.030299,-0.219597,0.180965,0.757323,0.418976,0.396760,-0.305782,0.909753,-0.144432,0.314350,0.229505
0.915892,0.024901,0.400593,0.006825,0.791456,0.105289,-0.600211,0.047527,0.947745,-0.046146,0.295620,0.110720,0.992707,0.010456,0.016873,0.118907,0.770298,-0.042619,-0.632564,-0.068469,0.957520,0.004607,0.278066,-0.076244,0.996929,-0.010138,0.020314,-0.074943,0.776063,-0.071308,0.625359,-0.039589,0.957962,0.015868,-0.275775,-0.077489,0.684552,-0.550233,0.308971,0.364923,0.898400,0.195500,0.325633,-0.220499,0.958575,-0.032486,-0.218494,0.179831,0.757189,0.418153,0.395892,-0.308355,0.908616,-0.146880,0.316173,0.229951
0.915476,0.023934,0.401635,0.004564,0.794345,0.103699,-0.596679,0.047290,0.948778,-0.046193,0.292569,0.109958,0.992800,0.010075,0.017072,0.118135,0.774015,-0.043972,-0.628060,-0.067143,0.958823,0.003636,0.273522,-0.076356,0.996948,-0.009605,0.019828,-0.074891,0.775102,-0.071512,0.626416,-0.041306,0.957969,0.013499,-0.275623,-0.078391,0.683325,-0.551589,0.310496,0.363880,0.897097,0.195726,0.325880,-0.225190,0.958909,-0.034693,-0.217610,0.178704,0.756945,0.417683,0.394765,-0.311023,0.907559,-0.149307,0.317705,0.230450
0.915192,0.022916,0.402360,0.002375,0.796947,0.102135,-0.593481,0.047161,0.949766,-0.046197,0.289615,0.109238,0.992890,0.009725,0.017104,0.117397,0.777357,-0.045344,-0.623954,-0.065888,0.960059,0.002681,0.269110,-0.076547,0.996964,-0.009150,0.019144,-0.074918,0.774281,-0.071606,0.627319,-0.042813,0.957876,0.011178,-0.275802,-0.079262,0.682137,-0.553127,0.311739,0.362709,0.896016,0.195834,0.325534,-0.229853,0.959147,-0.036951,-0.217112,0.177580,0.756796,0.417424,0.393314,-0.313562,0.906679,-0.151697,0.318643,0.231057
0.915056,0.021848,0.402735,0.000297,0.799215,0.100655,-0.590675,0.047190,0.950709,-0.046232,0.286733,0.108623,0.992968,0.009390,0.017076,0.116771,0.780475,-0.046583,-0.620097,-0.064567,0.961200,0.001775,0.264996,-0.076607,0.996987,-0.008876,0.018447,-0.074824,0.773891,-0.071740,0.627679,-0.044332,0.957606,0.008951,-0.276596,-0.080039,0.681123,-0.554909,0.312485,0.361249,0.895200,0.196067,0.324471,-0.234292,0.959217,-0.039303,-0.217253,0.176520,0.756915,0.417361,0.391386,-0.315764,0.906016,-0.154293,0.318853,0.231651
0.914993,0.020756,0.402933,-0.001725,0.801312,0.099219,-0.588064,0.047289,0.951626,-0.046278,0.283884,0.108059,0.993039,0.009067,0.017017,0.116195,0.783473,-0.047751,-0.616354,-0.063230,0.962285,0.000912,0.261033,-0.076609,0.997012,-0.008677,0.017747,-0.074683,0.773718,-0.071895,0.627765,-0.045855,0.957244,0.006772,-0.277695,-0.080768,0.680197,-0.556804,0.312986,0.359641,0.894510,0.196374,0.323042,-0.238606,0.959200,-0.041702,-0.217714,0.175491,0.757163,0.417398,0.389214,-0.317796,0.905454,-0.157001,0.318704,0.232230
0.915095,0.019562,0.402747,-0.003593,0.802746,0.097771,-0.586321,0.047624,0.952493,-0.046289,0.281174,0.107496,0.993118,0.008807,0.016364,0.115636,0.785877,-0.048956,-0.613322,-0.061946,0.963268,0.000051,0.257357,-0.076697,0.997032,-0.008811,0.016788,-0.074613,0.773788,-0.071878,0.627596,-0.046994,0.956786,0.004681,-0.279104,-0.081483,0.679389,-0.558781,0.313236,0.357879,0.894108,0.196430,0.321107,-0.242644,0.959070,-0.044117,-0.218614,0.174490,0.757582,0.417587,0.386741,-0.319564,0.905077,-0.159631,0.318019,0.232846
0.915277,0.018339,0.402372,-0.005309,0.804058,0.096403,-0.584712,0.048046,0.953265,-0.046328,0.278723,0.107017,0.993185,0.008501,0.015699,0.115170,0.788077,-0.050090,-0.610530,-0.060659,0.964173,-0.000780,0.253933,-0.076737,0.997054,-0.008916,0.015932,-0.074503,0.774026,-0.071884,0.627223,-0.048033,0.956353,0.002717,-0.280410,-0.082170,0.680030,-0.559216,0.314088,0.355226,0.893792,0.196235,0.319122,-0.246556,0.958880,-0.046460,-0.219683,0.173579,0.758086,0.417803,0.384227,-0.321116,0.904711,-0.162065,0.317230,0.233660
0.915623,0.017056,0.401619,-0.006718,0.805134,0.095194,-0.583378,0.048659,0.953856,-0.046430,0.276794,0.106711,0.993231,0.008094,0.015006,0.114899,0.789880,-0.051087,-0.608242,-0.059333,0.964944,-0.001582,0.251006,-0.076658,0.997080,-0.008986,0.015276,-0.074285,0.774601,-0.071940,0.626442,-0.048867,0.955852,0.000984,-0.281968,-0.082701,0.680566,-0.559909,0.314491,0.352742,0.893632,0.195583,0.317060,-0.250284,0.958578,-0.048659,-0.221092,0.172857,0.758762,0.418082,0.381639,-0.322241,0.904380,-0.164096,0.316222,0.234889
0.916077,0.015793,0.400613,-0.007879,0.805891,0.094107,-0.582449,0.049375,0.954406,-0.046585,0.274948,0.106501,0.993267,0.007585,0.014028,0.114747,0.791299,-0.052105,-0.606422,-0.058159,0.965586,-0.002274,0.248505,-0.076702,0.997095,-0.009191,0.014573,-0.074200,0.775274,-0.072026,0.625543,-0.049577,0.955332,-0.000519,-0.283611,-0.083104,0.680776,-0.560966,0.314494,0.350649,0.893494,0.194337,0.315173,-0.254101,0.958227,-0.050641,-0.222618,0.172271,0.759515,0.418355,0.379166,-0.323032,0.904007,-0.165443,0.315244,0.236688
0.916584,0.014539,0.399478,-0.008916,0.806487,0.093080,-0.581722,0.050140,0.954934,-0.046765,0.273141,0.106337,0.993297,0.007025,0.012906,0.114653,0.792522,-0.053134,-0.604838,-0.057066,0.966163,-0.002912,0.246212,-0.076810,0.997103,-0.009464,0.013844,-0.074186,0.775996,-0.072128,0.624585,-0.050223,0.954798,-0.001908,-0.285297,-0.083442,0.680822,-0.562204,0.314294,0.348752,0.893357,0.192802,0.313366,-0.257958,0.957852,-0.052518,-0.224195,0.171752,0.760350,0.418552,0.376776,-0.323608,0.903608,-0.166457,0.314282,0.238769
0.917131,0.013489,0.398244,-0.009515,0.806857,0.092427,-0.581245,0.050922,0.955188,-0.047073,0.272173,0.106403,0.993292,0.006341,0.012217,0.114813,0.793185,-0.054136,-0.603946,-0.056355,0.966547,-0.003337,0.244590,-0.077149,0.997089,-0.009877,0.013286,-0.074434,0.776850,-0.072524,0.623424,-0.050855,0.954237,-0.002895,-0.287182,-0.083372,0.680378,-0.564032,0.313360,0.347504,0.893506,0.190543,0.311397,-0.261482,0.957407,-0.054013,-0.225843,0.171609,0.761326,0.418620,0.374735,-0.323595,0.903462,-0.166287,0.312853,0.241304
0.917696,0.012497,0.396962,-0.009963,0.807097,0.091821,-0.580941,0.051680,0.955477,-0.047334,0.271084,0.106475,0.993287,0.005758,0.011441,0.114965,0.793733,-0.055024,-0.603209,-0.055674,0.966906,-0.003675,0.243073,-0.077420,0.997076,-0.010323,0.012734,-0.074633,0.777735,-0.073060,0.622210,-0.051439,0.953664,-0.003795,-0.289139,-0.083116,0.679762,-0.566066,0.312198,0.346447,0.893715,0.188059,0.309484,-0.264816,0.956939,-0.055416,-0.227459,0.171637,0.762501,0.418372,0.372913,-0.323255,0.903361,-0.165755,0.311390,0.243929
0.918300,0.011621,0.395586,-0.010110,0.807078,0.091311,-0.580983,0.052399,0.955836,-0.047507,0.269749,0.106561,0.993283,0.005375,0.010488,0.115111,0.794055,-0.055684,-0.602783,-0.055044,0.967223,-0.003838,0.241767,-0.077551,0.997070,-0.010837,0.012196,-0.074729,0.778679,-0.073874,0.620891,-0.051928,0.953075,-0.004524,-0.291242,-0.082493,0.678805,-0.568513,0.310585,0.345766,0.894064,0.185107,0.307699,-0.267781,0.956422,-0.056628,-0.229050,0.172008,0.763883,0.417807,0.371407,-0.322455,0.903359,-0.164480,0.309856,0.246736
0.918858,0.010953,0.394302,-0.010265,0.807157,0.090953,-0.580881,0.052944,0.956109,-0.047395,0.268761,0.106659,0.993280,0.005407,0.009971,0.115179,0.794226,-0.056369,-0.602524,-0.054705,0.967465,-0.003928,0.240686,-0.077884,0.997044,-0.011416,0.011883,-0.075039,0.779472,-0.074635,0.619761,-0.052425,0.952553,-0.005198,-0.293093,-0.081923,0.678247,-0.570378,0.309312,0.344928,0.894650,0.181503,0.306127,-0.270083,0.955980,-0.057651,-0.230375,0.172355,0.765286,0.416962,0.370274,-0.321525,0.903679,-0.162156,0.308468,0.248832
0.919393,0.010388,0.393064,-0.010422,0.807284,0.090670,-0.580706,0.053402,0.956339,-0.047139,0.267945,0.106764,0.993278,0.005647,0.009674,0.115209,0.794323,-0.057066,-0.602348,-0.054510,0.967671,-0.003983,0.239717,-0.078317,0.997008,-0.012029,0.011684,-0.075456,0.780190,-0.075370,0.618725,-0.052924,0.952078,-0.005842,-0.294771,-0.081390,0.678243,-0.571571,0.308386,0.343789,0.895345,0.177567,0.304650,-0.272058,0.955579,-0.058583,-0.231551,0.172690,0.766806,0.415795,0.369393,-0.320424,0.904152,-0.159310,0.307143,0.250585
0.920048,0.009865,0.391542,-0.010439,0.807267,0.090345,-0.580743,0.053801,0.956652,-0.046866,0.266866,0.106782,0.993287,0.005797,0.009415,0.115147,0.794572,-0.057423,-0.602020,-0.054122,0.967941,-0.003788,0.238608,-0.078368,0.997002,-0.012408,0.011183,-0.075551,0.781178,-0.075803,0.617409,-0.053122,0.951649,-0.006287,-0.296218,-0.081111,0.678714,-0.572125,0.307746,0.342509,0.896271,0.172839,0.303681,-0.273136,0.955199,-0.059237,-0.232764,0.172933,0.768348,0.414620,0.368675,-0.319077,0.904807,-0.155550,0.306224,0.251706
0.920714,0.009332,0.389987,-0.010472,0.807365,0.090030,-0.580621,0.054190,0.956968,-0.046595,0.265763,0.106826,0.993292,0.005994,0.009214,0.115106,0.794908,-0.057760,-0.601583,-0.053694,0.968233,-0.003620,0.237420,-0.078378,0.996998,-0.012774,0.010753,-0.075604,0.782198,-0.076160,0.616061,-0.053237,0.951232,-0.006755,-0.297602,-0.080908,0.679565,-0.572260,0.307337,0.340960,0.897229,0.167937,0.302814,-0.274010,0.954826,-0.059893,-0.233974,0.173137,0.770011,0.413248,0.368010,-0.317613,0.905495,-0.151635,0.305420,0.252594
0.921403,0.008780,0.388367,-0.010539,0.807691,0.089736,-0.580178,0.054557,0.957289,-0.046327,0.264614,0.106920,0.993291,0.006286,0.009130,0.115109,0.795415,-0.058058,-0.600929,-0.053189,0.968568,-0.003502,0.236076,-0.078307,0.996999,-0.013113,0.010463,-0.075576,0.783289,-0.076365,0.614652,-0.053190,0.950817,-0.007271,-0.298930,-0.080842,0.680667,-0.572112,0.307131,0.339192,0.898275,0.162689,0.302168,-0.274461,0.954458,-0.060544,-0.235211,0.173263,0.771717,0.411819,0.367328,-0.316115,0.906269,-0.147408,0.304858,0.252999
0.922090,0.008256,0.386745,-0.010529,0.808283,0.089454,-0.579371,0.054821,0.957680,-0.046030,0.263203,0.107021,0.993290,0.006545,0.009027,0.115109,0.796263,-0.058280,-0.599831,-0.052634,0.968933,-0.003321,0.234629,-0.078147,0.997005,-0.013231,0.010399,-0.075485,0.784465,-0.076550,0.613135,-0.053114,0.950470,-0.007686,-0.300023,-0.080837,0.681974,-0.571588,0.307120,0.337455,0.899170,0.157566,0.302002,-0.274701,0.954128,-0.061059,-0.236308,0.173405,0.773359,0.410348,0.366831,-0.314589,0.906884,-0.143232,0.304737,0.253340
0.922774,0.007747,0.385122,-0.010480,0.809009,0.089176,-0.578380,0.055031,0.958106,-0.045718,0.261662,0.107125,0.993290,0.006786,0.008917,0.115106,0.797281,-0.058465,-0.598510,-0.052056,0.969311,-0.003107,0.233131,-0.077948,0.997013,-0.013237,0.010449,-0.075367,0.785680,-0.076724,0.611563,-0.053021,0.950156,-0.008048,-0.300999,-0.080860,0.683386,-0.570870,0.307202,0.335734,0.899977,0.152499,0.302071,-0.274842,0.953816,-0.061503,-0.237342,0.173557,0.774927,0.408919,0.366398,-0.313090,0.907411,-0.139075,0.304834,0.253654
0.923436,0.007267,0.383546,-0.010261,0.810127,0.089009,-0.576826,0.055166,0.958527,-0.045504,0.260057,0.107356,0.993274,0.007022,0.008535,0.115261,0.798754,-0.058518,-0.596596,-0.051385,0.969742,-0.002947,0.231455,-0.077586,0.997038,-0.013085,0.010352,-0.075079,0.786663,-0.077087,0.610254,-0.052993,0.949951,-0.008247,-0.301689,-0.080675,0.684757,-0.569980,0.307308,0.334354,0.900279,0.148464,0.302683,-0.275391,0.953550,-0.061798,-0.238093,0.173880,0.776326,0.407489,0.366258,-0.311650,0.907407,-0.135868,0.305412,0.254708
0.924082,0.006819,0.382001,-0.010070,0.811448,0.088858,-0.574983,0.055226,0.958959,-0.045235,0.258411,0.107593,0.993257,0.007278,0.008321,0.115402,0.800350,-0.058618,-0.594497,-0.050766,0.970173,-0.002861,0.229744,-0.077296,0.997057,-0.012965,0.010342,-0.074849,0.787618,-0.077551,0.608961,-0.053008,0.949741,-0.008508,-0.302414,-0.080412,0.685900,-0.569339,0.307318,0.333092,0.900466,0.144860,0.303367,-0.275942,0.953286,-0.062153,-0.238781,0.174261,0.777577,0.406221,0.366061,-0.310415,0.907320,-0.133037,0.306082,0.255705
0.924698,0.006437,0.380518,-0.009935,0.813174,0.088746,-0.572567,0.055132,0.959412,-0.044853,0.256682,0.107847,0.993241,0.007582,0.008442,0.115517,0.802196,-0.058809,-0.592029,-0.050255,0.970605,-0.002918,0.227961,-0.077141,0.997065,-0.012903,0.010504,-0.074725,0.788519,-0.078213,0.607700,-0.053114,0.949529,-0.008888,-0.303177,-0.080000,0.686770,-0.569002,0.307232,0.331953,0.900448,0.142127,0.304216,-0.276488,0.953035,-0.062631,-0.239302,0.174748,0.778739,0.404935,0.365889,-0.309384,0.907084,-0.130959,0.306945,0.256581
0.925297,0.006119,0.379065,-0.009871,0.815085,0.088582,-0.569892,0.054882,0.959923,-0.044421,0.254769,0.108011,0.993236,0.007839,0.008552,0.115530,0.804265,-0.058998,-0.589235,-0.049784,0.971068,-0.002938,0.226025,-0.077018,0.997071,-0.012777,0.010730,-0.074645,0.789337,-0.078991,0.606513,-0.053375,0.949303,-0.009344,-0.303996,-0.079520,0.687342,-0.569004,0.307022,0.330956,0.900371,0.139653,0.305102,-0.277024,0.952795,-0.063164,-0.239739,0.175261,0.779798,0.403726,0.365700,-0.308518,0.906845,-0.129028,0.307862,0.257302
0.925887,0.005833,0.377628,-0.009843,0.817085,0.088389,-0.567084,0.054554,0.960461,-0.043965,0.252766,0.108127,0.993238,0.008071,0.008659,0.115491,0.806442,-0.059187,-0.586272,-0.049334,0.971542,-0.002939,0.224012,-0.076918,0.997074,-0.012619,0.010990,-0.074594,0.790112,-0.079826,0.605364,-0.053717,0.949068,-0.009838,-0.304847,-0.079004,0.687715,-0.569232,0.306726,0.330063,0.900261,0.137305,0.306004,-0.277560,0.952563,-0.063726,-0.240129,0.175786,0.780806,0.402548,0.365506,-0.307737,0.906604,-0.127167,0.308804,0.257948
0.926493,0.005673,0.376140,-0.009813,0.819313,0.088245,-0.563931,0.054047,0.961029,-0.043445,0.250644,0.108228,0.993244,0.008252,0.008715,0.115424,0.808670,-0.059351,-0.583205,-0.049014,0.972063,-0.002956,0.221753,-0.076883,0.997073,-0.012533,0.011050,-0.074601,0.790946,-0.080638,0.604136,-0.054059,0.948867,-0.010287,-0.305574,-0.078544,0.687986,-0.569476,0.306466,0.329319,0.900130,0.135144,0.307238,-0.277680,0.952378,-0.064191,-0.240362,0.176299,0.781689,0.401418,0.365450,-0.307039,0.906390,-0.125246,0.310033,0.258166
0.927117,0.005543,0.374604,-0.009796,0.821567,0.088080,-0.560721,0.053485,0.961612,-0.042907,0.248463,0.108289,0.993255,0.008378,0.008741,0.115315,0.810939,-0.059472,-0.580061,-0.048692,0.972594,-0.002979,0.219431,-0.076821,0.997076,-0.012444,0.011040,-0.074580,0.791822,-0.081443,0.602846,-0.054425,0.948637,-0.010736,-0.306390,-0.078091,0.688223,-0.569813,0.306124,0.328557,0.900071,0.132896,0.308381,-0.277692,0.952178,-0.064664,-0.240660,0.176798,0.782587,0.400316,0.365338,-0.306321,0.906264,-0.123183,0.311163,0.258245
0.927775,0.005470,0.372971,-0.009803,0.823885,0.087877,-0.557407,0.052813,0.962230,-0.042331,0.246166,0.108275,0.993277,0.008396,0.008706,0.115128,0.813298,-0.059504,-0.576773,-0.048365,0.973153,-0.003013,0.216987,-0.076692,0.997086,-0.012351,0.010889,-0.074489,0.792785,-0.082241,0.601434,-0.054833,0.948351,-0.011188,-0.307369,-0.077649,0.688499,-0.570222,0.305672,0.327690,0.900159,0.130473,0.309343,-0.277482,0.951950,-0.065153,-0.241083,0.177275,0.783549,0.399226,0.365131,-0.305531,0.906314,-0.120841,0.312096,0.258047
0.928495,0.005470,0.371176,-0.009772,0.826379,0.087752,-0.553793,0.052059,0.962910,-0.041772,0.243561,0.108339,0.993291,0.008328,0.008514,0.115024,0.815794,-0.059523,-0.573256,-0.048105,0.973731,-0.003036,0.214409,-0.076603,0.997090,-0.012271,0.010902,-0.074446,0.793757,-0.082890,0.600021,-0.055254,0.948081,-0.011474,-0.308270,-0.077328,0.688923,-0.570417,0.305247,0.326854,0.900236,0.128056,0.310426,-0.277149,0.951740,-0.065482,-0.241544,0.177651,0.784455,0.398250,0.364963,-0.304679,0.906368,-0.118357,0.313100,0.257793
0.929244,0.005507,0.369299,-0.009721,0.828952,0.087663,-0.550023,0.051265,0.963615,-0.041222,0.240802,0.108446,0.993301,0.008216,0.008244,0.114968,0.818350,-0.059531,-0.569620,-0.047875,0.974315,-0.003054,0.211762,-0.076537,0.997091,-0.012198,0.010998,-0.074428,0.794734,-0.083464,0.598608,-0.055682,0.947821,-0.011675,-0.309127,-0.077067,0.689453,-0.570469,0.304848,0.326018,0.900305,0.125639,0.311567,-0.276753,0.951539,-0.065730,-0.242028,0.177976,0.785316,0.397360,0.364803,-0.303814,0.906419,-0.115798,0.314137,0.257512
0.930141,0.005567,0.367035,-0.009600,0.831629,0.087586,-0.546058,0.050425,0.964273,-0.040714,0.238185,0.108567,0.993310,0.007808,0.007837,0.114944,0.820894,-0.059424,-0.565983,-0.047599,0.974806,-0.003097,0.209558,-0.076349,0.997104,-0.012071,0.011031,-0.074277,0.796247,-0.083762,0.596526,-0.055964,0.947399,-0.011666,-0.310433,-0.077009,0.690338,-0.570452,0.304124,0.324850,0.900649,0.123478,0.312059,-0.276050,0.951203,-0.065948,-0.243160,0.178149,0.786308,0.396851,0.364146,-0.302697,0.906724,-0.113453,0.314490,0.257054
0.931051,0.005647,0.364721,-0.009476,0.834342,0.087563,-0.541984,0.049591,0.964911,-0.040158,0.235601,0.108747,0.993313,0.007427,0.007464,0.114968,0.823505,-0.059358,-0.562203,-0.047365,0.975292,-0.003225,0.207331,-0.076216,0.997112,-0.012020,0.011088,-0.074164,0.797745,-0.084003,0.594463,-0.056216,0.947002,-0.011613,-0.311645,-0.077000,0.691302,-0.570285,0.303481,0.323692,0.900964,0.121451,0.312506,-0.275414,0.950888,-0.066130,-0.244241,0.178285,0.787227,0.396407,0.363518,-0.301646,0.907006,-0.111204,0.314791,0.256670
0.931994,0.005769,0.362307,-0.009347,0.837143,0.087655,-0.537709,0.048760,0.965518,-0.039496,0.233078,0.109038,0.993306,0.007108,0.007152,0.115075,0.826265,-0.059377,-0.558149,-0.047216,0.975773,-0.003525,0.205061,-0.076183,0.997113,-0.012118,0.011189,-0.074118,0.799223,-0.084130,0.592439,-0.056406,0.946654,-0.011474,-0.312686,-0.077088,0.692322,-0.569937,0.302955,0.322615,0.901230,0.119701,0.312863,-0.274906,0.950615,-0.066237,-0.245225,0.178348,0.788021,0.396061,0.362959,-0.300696,0.907257,-0.109154,0.314987,0.256423
0.933018,0.005932,0.359663,-0.009216,0.840006,0.087757,-0.533288,0.047871,0.966127,-0.038774,0.230531,0.109321,0.993299,0.006808,0.006958,0.115160,0.829097,-0.059280,-0.553961,-0.047027,0.976229,-0.003792,0.202928,-0.076042,0.997123,-0.012088,0.011315,-0.073972,0.800853,-0.084136,0.590221,-0.056530,0.946279,-0.011269,-0.313779,-0.077282,0.693416,-0.569544,0.302390,0.321489,0.901487,0.118065,0.313235,-0.274347,0.950328,-0.066309,-0.246323,0.178338,0.788763,0.395900,0.362289,-0.299772,0.907513,-0.107137,0.315181,0.256130
0.934077,0.006115,0.356903,-0.009083,0.842889,0.087862,-0.528785,0.046959,0.966731,-0.038024,0.227973,0.109605,0.993293,0.006517,0.006825,0.115240,0.831952,-0.059124,-0.549698,-0.046816,0.976670,-0.004041,0.200865,-0.075843,0.997137,-0.011995,0.011456,-0.073774,0.802554,-0.084082,0.587904,-0.056620,0.945891,-0.011030,-0.314894,-0.077527,0.694548,-0.569120,0.301807,0.320341,0.901738,0.116486,0.313615,-0.273760,0.950033,-0.066362,-0.247477,0.178291,0.789469,0.395843,0.361558,-0.298869,0.907768,-0.105137,0.315376,0.255816
0.935221,0.006250,0.353896,-0.008942,0.845773,0.088005,-0.524210,0.046129,0.967373,-0.037113,0.225214,0.109958,0.993281,0.006415,0.006720,0.115352,0.834767,-0.058922,-0.545462,-0.046520,0.977189,-0.004388,0.198432,-0.075545,0.997158,-0.011940,0.011673,-0.073468,0.804545,-0.083886,0.585205,-0.056628,0.945461,-0.010724,-0.316097,-0.077924,0.695801,-0.568624,0.301187,0.319083,0.902206,0.114966,0.313550,-0.272936,0.949699,-0.066428,-0.248841,0.178148,0.790193,0.395943,0.360631,-0.297941,0.908210,-0.103293,0.315143,0.255283
0.936386,0.006386,0.350803,-0.008828,0.848673,0.088128,-0.519555,0.045282,0.968011,-0.036249,0.222423,0.110309,0.993268,0.006295,0.006640,0.115476,0.837620,-0.058720,-0.541117,-0.046219,0.977705,-0.004754,0.195982,-0.075243,0.997180,-0.011848,0.011845,-0.073158,0.806572,-0.083662,0.582437,-0.056652,0.945048,-0.010428,-0.317224,-0.078384,0.697093,-0.568035,0.300661,0.317806,0.902697,0.113295,0.313598,-0.271955,0.949384,-0.066480,-0.250157,0.177967,0.790868,0.396074,0.359722,-0.297074,0.908682,-0.101295,0.315031,0.254543
0.937601,0.006528,0.347541,-0.008767,0.851629,0.088223,-0.514756,0.044390,0.968651,-0.035471,0.219569,0.110660,0.993253,0.006150,0.006608,0.115620,0.840572,-0.058517,-0.536569,-0.045914,0.978221,-0.005152,0.193500,-0.074936,0.997204,-0.011678,0.011930,-0.072837,0.808683,-0.083380,0.579538,-0.056704,0.944672,-0.010151,-0.318207,-0.078974,0.698439,-0.567290,0.300313,0.316507,0.903236,0.111333,0.313874,-0.270654,0.949108,-0.066503,-0.251374,0.177714,0.791476,0.396215,0.358872,-0.296295,0.909214,-0.098989,0.315160,0.253387
0.938828,0.006704,0.344212,-0.008718,0.854593,0.088278,-0.509893,0.043434,0.969277,-0.034788,0.216737,0.110981,0.993238,0.005930,0.006602,0.115758,0.843530,-0.058322,-0.531950,-0.045653,0.978745,-0.005480,0.190920,-0.074681,0.997226,-0.011388,0.011922,-0.072580,0.810740,-0.083147,0.576676,-0.056848,0.944325,-0.009874,-0.319099,-0.079553,0.699843,-0.566419,0.300054,0.315209,0.903862,0.109176,0.314188,-0.269071,0.948862,-0.066494,-0.252478,0.177467,0.792068,0.396275,0.358132,-0.295526,0.909841,-0.096421,0.315317,0.251926
0.940054,0.006897,0.340845,-0.008675,0.857545,0.088311,-0.504991,0.042451,0.969891,-0.034151,0.213912,0.111294,0.993223,0.005675,0.006607,0.115902,0.846478,-0.058128,-0.527290,-0.045411,0.979270,-0.005772,0.188292,-0.074450,0.997247,-0.011036,0.011866,-0.072357,0.812766,-0.082940,0.573828,-0.057038,0.943994,-0.009596,-0.319942,-0.080127,0.701313,-0.565441,0.299851,0.313889,0.904532,0.106927,0.314519,-0.267331,0.948630,-0.066473,-0.253526,0.177222,0.792674,0.396259,0.357454,-0.294743,0.910513,-0.093729,0.315485,0.250299
0.941396,0.006994,0.337122,-0.008563,0.860613,0.088211,-0.499843,0.041487,0.970502,-0.033564,0.211073,0.111565,0.993211,0.005265,0.006704,0.116015,0.849588,-0.057844,-0.522333,-0.044973,0.979806,-0.006106,0.185637,-0.074033,0.997285,-0.010401,0.011761,-0.071945,0.815034,-0.082633,0.570634,-0.057162,0.943700,-0.009220,-0.320640,-0.080842,0.702897,-0.564234,0.299769,0.312593,0.905241,0.104410,0.315102,-0.265230,0.948403,-0.066364,-0.254610,0.176923,0.793251,0.396318,0.356781,-0.293924,0.911152,-0.090940,0.315914,0.248455
0.942753,0.007057,0.333310,-0.008432,0.863749,0.088059,-0.494511,0.040526,0.971120,-0.032928,0.208175,0.111822,0.993202,0.004859,0.006785,0.116108,0.852783,-0.057589,-0.517170,-0.044495,0.980331,-0.006429,0.182998,-0.073631,0.997320,-0.009762,0.011736,-0.071553,0.817366,-0.082281,0.567333,-0.057232,0.943407,-0.008816,-0.321322,-0.081593,0.704611,-0.562871,0.299732,0.311225,0.905961,0.101879,0.315631,-0.263122,0.948165,-0.066252,-0.255745,0.176602,0.793835,0.396410,0.356066,-0.293090,0.911779,-0.088204,0.316299,0.246645
0.944153,0.007053,0.329328,-0.008261,0.867048,0.087809,-0.488828,0.039562,0.971761,-0.032192,0.205165,0.112034,0.993199,0.004462,0.006834,0.116140,0.856173,-0.057395,-0.511608,-0.043940,0.980839,-0.006739,0.180393,-0.073260,0.997350,-0.009120,0.011873,-0.071199,0.819836,-0.081840,0.563826,-0.057195,0.943113,-0.008359,-0.321989,-0.082412,0.706435,-0.561370,0.299721,0.309808,0.906702,0.099312,0.316060,-0.261027,0.947907,-0.066126,-0.256979,0.176243,0.794418,0.396591,0.355267,-0.292235,0.912389,-0.085562,0.316599,0.244929
0.945595,0.006921,0.325175,-0.007957,0.870333,0.087380,-0.483103,0.038692,0.972449,-0.031414,0.201936,0.112149,0.993210,0.003984,0.006652,0.116076,0.859608,-0.057207,-0.505900,-0.043204,0.981374,-0.007094,0.177640,-0.072796,0.997386,-0.008501,0.011984,-0.070748,0.822380,-0.081220,0.560220,-0.057000,0.942894,-0.007704,-0.322402,-0.083354,0.708381,-0.559547,0.299848,0.308537,0.907289,0.096811,0.316745,-0.259088,0.947663,-0.065840,-0.258237,0.175820,0.794890,0.396966,0.354504,-0.291368,0.912754,-0.083233,0.317166,0.243634
0.947048,0.006726,0.320933,-0.007585,0.873592,0.086850,-0.477346,0.037878,0.973155,-0.030628,0.198595,0.112215,0.993227,0.003455,0.006354,0.115967,0.863044,-0.057025,-0.500108,-0.042375,0.981916,-0.007474,0.174812,-0.072290,0.997425,-0.007896,0.012084,-0.070254,0.824952,-0.080512,0.556557,-0.056719,0.942712,-0.006951,-0.322696,-0.084344,0.710391,-0.557557,0.300035,0.307334,0.907806,0.094392,0.317554,-0.257172,0.947421,-0.065473,-0.259524,0.175370,0.795255,0.397538,0.353719,-0.290546,0.913005,-0.081112,0.317866,0.242494
0.948601,0.006544,0.316324,-0.007306,0.876941,0.086313,-0.471332,0.037012,0.973856,-0.029579,0.195302,0.112189,0.993258,0.003124,0.006219,0.115718,0.866660,-0.056906,-0.493895,-0.041585,0.982428,-0.007963,0.172079,-0.071841,0.997457,-0.007274,0.012404,-0.069807,0.827859,-0.079164,0.552486,-0.056049,0.942426,-0.006003,-0.323170,-0.085784,0.712780,-0.555260,0.300180,0.305815,0.908258,0.092805,0.317700,-0.255970,0.947113,-0.065084,-0.261317,0.174513,0.795556,0.398644,0.352433,-0.289766,0.913256,-0.079811,0.317938,0.241889
0.950198,0.006345,0.311503,-0.006988,0.880282,0.085758,-0.465231,0.036185,0.974534,-0.028563,0.192051,0.112183,0.993285,0.002773,0.006131,0.115501,0.870260,-0.056845,-0.487599,-0.040789,0.982918,-0.008428,0.169397,-0.071458,0.997484,-0.006631,0.012724,-0.069431,0.830870,-0.077687,0.548233,-0.055326,0.942093,-0.004935,-0.323759,-0.087278,0.715221,-0.552960,0.300179,0.304282,0.908701,0.091472,0.317765,-0.254795,0.946748,-0.064638,-0.263356,0.173590,0.795765,0.400116,0.350920,-0.288999,0.913480,-0.078803,0.317929,0.241383
0.951904,0.006109,0.306265,-0.006590,0.883645,0.085186,-0.458978,0.035424,0.975175,-0.027594,0.188885,0.112228,0.993303,0.002401,0.006136,0.115347,0.873869,-0.056899,-0.481162,-0.039979,0.983374,-0.008855,0.166817,-0.071203,0.997501,-0.005956,0.013039,-0.069188,0.834106,-0.075948,0.543625,-0.054505,0.941677,-0.003624,-0.324541,-0.088912,0.717836,-0.550568,0.299944,0.302688,0.909109,0.090536,0.317679,-0.253782,0.946286,-0.064079,-0.265840,0.172527,0.795931,0.402043,0.349063,-0.288114,0.913632,-0.078273,0.317766,0.241196
0.953658,0.005863,0.300773,-0.006141,0.886966,0.084699,-0.452668,0.034761,0.975789,-0.026581,0.185734,0.112388,0.993309,0.002105,0.006265,0.115301,0.877380,-0.056870,-0.474808,-0.039094,0.983837,-0.009213,0.164187,-0.070867,0.997525,-0.005342,0.013152,-0.068869,0.837463,-0.073969,0.538816,-0.053484,0.941243,-0.002135,-0.325330,-0.090653,0.720546,-0.548045,0.299639,0.301124,0.909422,0.090437,0.317413,-0.253023,0.945787,-0.063441,-0.268515,0.171354,0.795983,0.404305,0.347038,-0.287251,0.913678,-0.078612,0.317424,0.241359
0.955418,0.005610,0.295150,-0.005666,0.890247,0.084242,-0.446315,0.034159,0.976385,-0.025559,0.182593,0.112603,0.993307,0.001833,0.006459,0.115313,0.880818,-0.056804,-0.468484,-0.038167,0.984300,-0.009545,0.161532,-0.070498,0.997552,-0.004770,0.013167,-0.068518,0.840860,-0.071879,0.533899,-0.052346,0.940792,-0.000566,-0.326143,-0.092412,0.723190,-0.545587,0.299238,0.299647,0.909703,0.090826,0.317059,-0.252321,0.945257,-0.062762,-0.271297,0.170142,0.795903,0.406857,0.344887,-0.286461,0.913683,-0.079464,0.316996,0.241625
0.957332,0.005387,0.288895,-0.005131,0.893574,0.083783,-0.439749,0.033553,0.977021,-0.024446,0.179173,0.112827,0.993305,0.001572,0.006549,0.115325,0.884360,-0.056821,-0.461835,-0.037260,0.984736,-0.009931,0.158950,-0.070218,0.997572,-0.004376,0.013185,-0.068246,0.844643,-0.069454,0.528349,-0.051004,0.940140,0.001254,-0.327479,-0.094302,0.726016,-0.543246,0.298332,0.297965,0.910137,0.091663,0.316181,-0.251552,0.944537,-0.062015,-0.274810,0.168770,0.795857,0.409974,0.342141,-0.285435,0.913828,-0.080722,0.316018,0.241938
0.959240,0.005161,0.282510,-0.004567,0.896932,0.083254,-0.433009,0.032945,0.977613,-0.023362,0.175944,0.113005,0.993307,0.001255,0.006765,0.115303,0.887878,-0.056864,-0.455103,-0.036331,0.985160,-0.010312,0.156389,-0.069973,0.997589,-0.003974,0.013222,-0.068012,0.848448,-0.066924,0.522692,-0.049509,0.939460,0.003133,-0.328867,-0.096184,0.728792,-0.540970,0.297320,0.296334,0.910603,0.092525,0.315257,-0.250706,0.943772,-0.061219,-0.278443,0.167383,0.795724,0.413306,0.339285,-0.284406,0.913993,-0.082024,0.314986,0.242226
0.961173,0.004928,0.275876,-0.003944,0.900391,0.082604,-0.425945,0.032314,0.978136,-0.022321,0.173095,0.113097,0.993314,0.000847,0.007227,0.115210,0.891400,-0.056951,-0.448233,-0.035367,0.985565,-0.010666,0.153873,-0.069788,0.997601,-0.003535,0.013294,-0.067842,0.852337,-0.064171,0.516842,-0.047736,0.938739,0.005136,-0.330331,-0.098106,0.731608,-0.538672,0.296182,0.294716,0.911112,0.093298,0.314244,-0.249843,0.942940,-0.060328,-0.282290,0.165942,0.795544,0.416868,0.336280,-0.283279,0.914171,-0.083268,0.313847,0.242607
0.963140,0.004696,0.268939,-0.003235,0.903792,0.081904,-0.418860,0.031742,0.978710,-0.021269,0.169895,0.113185,0.993323,0.000347,0.007516,0.115120,0.894965,-0.057001,-0.441148,-0.034313,0.985959,-0.011063,0.151424,-0.069524,0.997618,-0.003200,0.013437,-0.067590,0.856370,-0.061333,0.510653,-0.045846,0.937932,0.007291,-0.332017,-0.099979,0.734527,-0.536374,0.294779,0.293050,0.911758,0.094112,0.312774,-0.249022,0.941997,-0.059379,-0.286451,0.164505,0.795400,0.420609,0.333062,-0.281951,0.914451,-0.084575,0.312226,0.243188
0.965097,0.004465,0.261842,-0.002484,0.907139,0.081158,-0.411750,0.031213,0.979302,-0.020234,0.166520,0.113269,0.993331,-0.000220,0.007721,0.115035,0.898519,-0.057044,-0.433944,-0.033207,0.986343,-0.011498,0.149006,-0.069228,0.997635,-0.002933,0.013613,-0.067302,0.860440,-0.058464,0.504281,-0.043875,0.937087,0.009516,-0.333791,-0.101787,0.737473,-0.534072,0.293249,0.291385,0.912468,0.094877,0.311080,-0.248254,0.940991,-0.058394,-0.290739,0.163088,0.795254,0.424425,0.329763,-0.280520,0.914776,-0.085853,0.310368,0.243896
0.967065,0.004311,0.254487,-0.001714,0.910723,0.080365,-0.403968,0.030579,0.979874,-0.019059,0.163251,0.113284,0.993349,-0.000732,0.007961,0.114868,0.902191,-0.057183,-0.426319,-0.032156,0.986690,-0.011914,0.146717,-0.069107,0.997638,-0.002640,0.013981,-0.067198,0.864492,-0.055566,0.497806,-0.041901,0.936209,0.011817,-0.335634,-0.103550,0.740438,-0.531765,0.291598,0.289739,0.913064,0.095086,0.309542,-0.247904,0.939942,-0.057322,-0.295102,0.161674,0.795069,0.428326,0.326439,-0.278997,0.914998,-0.086444,0.308623,0.245068
0.968991,0.004181,0.247058,-0.000891,0.914291,0.079505,-0.396047,0.029965,0.980445,-0.017950,0.159905,0.113300,0.993364,-0.001281,0.008127,0.114719,0.905845,-0.057317,-0.418563,-0.031063,0.987039,-0.012372,0.144375,-0.068966,0.997643,-0.002330,0.014286,-0.067070,0.868569,-0.052686,0.491149,-0.039799,0.935319,0.014156,-0.337508,-0.105199,0.743428,-0.529415,0.289875,0.288109,0.913656,0.095304,0.307804,-0.247802,0.938854,-0.056233,-0.299475,0.160329,0.794927,0.432133,0.323149,-0.277358,0.915197,-0.087023,0.306654,0.246585
0.970889,0.004101,0.239495,0.000036,0.917888,0.078544,-0.387880,0.029356,0.981025,-0.016929,0.156402,0.113324,0.993377,-0.001863,0.008140,0.114598,0.909526,-0.057421,-0.410574,-0.029901,0.987401,-0.012872,0.141926,-0.068772,0.997654,-0.001946,0.014464,-0.066885,0.872761,-0.049816,0.484150,-0.037495,0.934387,0.016585,-0.339503,-0.106693,0.746435,-0.527091,0.287957,0.286515,0.914251,0.095692,0.305657,-0.248115,0.937694,-0.055119,-0.303947,0.159084,0.794846,0.435891,0.319838,-0.275541,0.915365,-0.087710,0.304225,0.248720
0.972736,0.004100,0.231876,0.000860,0.921457,0.077485,-0.379596,0.028633,0.981642,-0.015805,0.152735,0.113145,0.993414,-0.002394,0.008070,0.114267,0.913143,-0.057508,-0.402532,-0.028821,0.987756,-0.013272,0.139441,-0.068693,0.997655,-0.001462,0.014682,-0.066831,0.876834,-0.047117,0.477161,-0.035479,0.933406,0.018943,-0.341629,-0.108093,0.749364,-0.524921,0.285927,0.284881,0.914813,0.095937,0.303370,-0.248757,0.936511,-0.054080,-0.308390,0.157853,0.794767,0.439582,0.316500,-0.273752,0.915558,-0.088105,0.301654,0.250990
0.974528,0.004139,0.224221,0.001632,0.924973,0.076356,-0.371237,0.027876,0.982268,-0.014662,0.148984,0.112867,0.993463,-0.002930,0.007960,0.113842,0.916690,-0.057593,-0.394450,-0.027772,0.988102,-0.013645,0.136937,-0.068675,0.997651,-0.000949,0.014921,-0.066846,0.880817,-0.044511,0.470162,-0.033587,0.932400,0.021260,-0.343811,-0.109415,0.752218,-0.522852,0.283830,0.283257,0.915358,0.096043,0.301001,-0.249588,0.935310,-0.053076,-0.312797,0.156641,0.794710,0.443172,0.313181,-0.271941,0.915758,-0.088290,0.299003,0.253355
0.976245,0.004270,0.216616,0.002365,0.928627,0.075260,-0.362293,0.027046,0.982809,-0.013587,0.145587,0.112719,0.993490,-0.003493,0.008267,0.113564,0.920272,-0.057625,-0.386087,-0.026752,0.988460,-0.014179,0.134342,-0.068548,0.997655,-0.000397,0.015161,-0.066740,0.884652,-0.042195,0.463244,-0.031849,0.931395,0.023419,-0.346035,-0.110517,0.754897,-0.521001,0.281689,0.281674,0.915920,0.095992,0.298614,-0.250411,0.934129,-0.052182,-0.316975,0.155589,0.794707,0.446467,0.310030,-0.270164,0.916009,-0.088150,0.296311,0.255650
0.977902,0.004449,0.208994,0.003102,0.932240,0.074075,-0.353206,0.026204,0.983390,-0.012532,0.141856,0.112533,0.993521,-0.004130,0.008452,0.113258,0.923807,-0.057658,-0.377617,-0.025735,0.988826,-0.014761,0.131624,-0.068419,0.997659,0.000106,0.015406,-0.066632,0.888430,-0.039988,0.456267,-0.030230,0.930377,0.025579,-0.348292,-0.111522,0.757505,-0.519230,0.279469,0.280148,0.916477,0.095905,0.296242,-0.251223,0.932934,-0.051282,-0.321105,0.154586,0.794767,0.449601,0.306954,-0.268298,0.916256,-0.087897,0.293615,0.257950
0.979500,0.004723,0.201351,0.003844,0.935853,0.072749,-0.343872,0.025288,0.984060,-0.011469,0.137454,0.112257,0.993563,-0.004867,0.008386,0.112870,0.927322,-0.057679,-0.368964,-0.024746,0.989214,-0.015402,0.128665,-0.068288,0.997662,0.000553,0.015663,-0.066524,0.892159,-0.037976,0.449195,-0.028890,0.929328,0.027754,-0.350633,-0.112407,0.760060,-0.517554,0.277118,0.278661,0.917026,0.095876,0.293912,-0.251965,0.931718,-0.050375,-0.325200,0.153650,0.794872,0.452612,0.303940,-0.266350,0.916511,-0.087537,0.290922,0.260210
0.981049,0.005076,0.193642,0.004457,0.939480,0.071341,-0.334215,0.024250,0.984745,-0.010437,0.132798,0.111948,0.993605,-0.005627,0.008352,0.112459,0.930899,-0.057768,-0.359891,-0.023863,0.989600,-0.016173,0.125597,-0.068238,0.997658,0.000887,0.016022,-0.066495,0.895814,-0.036057,0.442092,-0.027769,0.928223,0.029844,-0.353101,-0.113277,0.762582,-0.515985,0.274698,0.277073,0.917509,0.096052,0.291579,-0.252851,0.930488,-0.049563,-0.329281,0.152673,0.795020,0.455513,0.300880,-0.264430,0.916772,-0.087219,0.288227,0.262386
0.982542,0.005470,0.185895,0.005004,0.943059,0.069878,-0.324376,0.023184,0.985423,-0.009447,0.128014,0.111646,0.993645,-0.006418,0.008336,0.112069,0.934456,-0.057893,-0.350587,-0.023016,0.989978,-0.017027,0.122476,-0.068217,0.997651,0.001148,0.016433,-0.066495,0.899402,-0.034186,0.434961,-0.026750,0.927082,0.031889,-0.355640,-0.114118,0.765030,-0.514533,0.272214,0.275472,0.917962,0.096299,0.289231,-0.253807,0.929241,-0.048797,-0.333351,0.151680,0.795181,0.458353,0.297798,-0.262517,0.917038,-0.086893,0.285517,0.264520
0.983974,0.005969,0.178121,0.005644,0.946639,0.068322,-0.314194,0.022134,0.986116,-0.008569,0.122778,0.111482,0.993665,-0.007289,0.008351,0.111836,0.937956,-0.057660,-0.341218,-0.022021,0.990405,-0.017725,0.119083,-0.067848,0.997668,0.001688,0.016668,-0.066170,0.902867,-0.032469,0.427911,-0.025870,0.925880,0.034040,-0.358348,-0.114778,0.767451,-0.513192,0.269463,0.273937,0.918371,0.096867,0.286649,-0.255035,0.927927,-0.047991,-0.337502,0.150800,0.795408,0.461137,0.294718,-0.260423,0.917235,-0.086720,0.282493,0.267129
0.985345,0.006459,0.170340,0.006198,0.950155,0.066732,-0.303822,0.021100,0.986789,-0.007681,0.117439,0.111344,0.993682,-0.008171,0.008249,0.111633,0.941390,-0.057525,-0.331710,-0.021068,0.990827,-0.018486,0.115550,-0.067594,0.997678,0.002166,0.016830,-0.065958,0.906269,-0.030742,0.420837,-0.025058,0.924642,0.036138,-0.361110,-0.115462,0.769781,-0.511985,0.266673,0.272387,0.918767,0.097376,0.284024,-0.256351,0.926588,-0.047231,-0.341679,0.149862,0.795612,0.463939,0.291562,-0.258369,0.917446,-0.086499,0.279450,0.269664
0.986652,0.006932,0.162561,0.006578,0.953650,0.065121,-0.293107,0.020010,0.987457,-0.006709,0.111898,0.111191,0.993702,-0.009024,0.007912,0.111410,0.944787,-0.057571,-0.321954,-0.020235,0.991247,-0.019346,0.111744,-0.067592,0.997675,0.002553,0.016848,-0.065991,0.909602,-0.028987,0.413750,-0.024406,0.923346,0.038138,-0.363957,-0.116244,0.772082,-0.510858,0.263882,0.270703,0.919124,0.097842,0.281343,-0.257844,0.925225,-0.046570,-0.345906,0.148794,0.795801,0.466760,0.288263,-0.256399,0.917689,-0.086235,0.276407,0.272048
0.987887,0.007283,0.154856,0.006824,0.956991,0.063428,-0.282462,0.018965,0.988073,-0.005846,0.106528,0.111037,0.993719,-0.009959,0.007606,0.111204,0.948067,-0.057625,-0.312205,-0.019386,0.991642,-0.020149,0.107988,-0.067671,0.997667,0.002964,0.016783,-0.066112,0.912826,-0.027236,0.406751,-0.023685,0.922034,0.039946,-0.366825,-0.117035,0.774288,-0.509854,0.261168,0.268920,0.919395,0.098165,0.278633,-0.259693,0.923850,-0.046078,-0.350094,0.147689,0.796025,0.469465,0.284885,-0.254533,0.917870,-0.086035,0.273423,0.274506
0.989055,0.007574,0.147183,0.007002,0.960197,0.061684,-0.271836,0.017964,0.988648,-0.005047,0.101243,0.110906,0.993730,-0.010941,0.007317,0.111031,0.951240,-0.057680,-0.302445,-0.018527,0.992016,-0.020939,0.104256,-0.067793,0.997656,0.003372,0.016677,-0.066277,0.915968,-0.025493,0.399785,-0.022919,0.920703,0.041658,-0.369718,-0.117810,0.776428,-0.508935,0.258466,0.267094,0.919626,0.098424,0.275896,-0.261689,0.922455,-0.045672,-0.354270,0.146572,0.796264,0.472108,0.281459,-0.252704,0.918023,-0.085872,0.270456,0.276970
0.990148,0.007767,0.139635,0.006975,0.963211,0.060054,-0.261399,0.016964,0.989135,-0.004283,0.096423,0.110892,0.993729,-0.011724,0.006989,0.110976,0.954314,-0.057749,-0.292634,-0.017746,0.992374,-0.021689,0.100451,-0.068062,0.997644,0.003839,0.016124,-0.066574,0.919022,-0.023598,0.392862,-0.022391,0.919350,0.043347,-0.372555,-0.118823,0.778604,-0.507923,0.255886,0.265166,0.919769,0.098489,0.273200,-0.263981,0.921047,-0.045275,-0.358524,0.145203,0.796416,0.474888,0.277876,-0.250975,0.918161,-0.085649,0.267631,0.279317
0.991169,0.007924,0.132186,0.006889,0.966047,0.058472,-0.251155,0.016008,0.989574,-0.003543,0.091764,0.110949,0.993721,-0.012434,0.006582,0.110996,0.957245,-0.057787,-0.282937,-0.016989,0.992709,-0.022478,0.096758,-0.068273,0.997639,0.004261,0.015396,-0.066800,0.921999,-0.021683,0.385965,-0.021869,0.917971,0.045008,-0.375421,-0.119846,0.780800,-0.506882,0.253302,0.263174,0.919933,0.098633,0.270365,-0.266266,0.919603,-0.044914,-0.362816,0.143795,0.796550,0.477686,0.274217,-0.249256,0.918343,-0.085554,0.264699,0.281536
0.992109,0.008010,0.124945,0.006685,0.968649,0.057007,-0.241332,0.015083,0.989952,-0.002832,0.087432,0.111097,0.993706,-0.012983,0.006017,0.111104,0.959996,-0.057770,-0.273505,-0.016294,0.993015,-0.023299,0.093292,-0.068372,0.997647,0.004635,0.014318,-0.066886,0.924880,-0.019719,0.379145,-0.021387,0.916555,0.046612,-0.378325,-0.120933,0.783019,-0.505817,0.250739,0.261073,0.920127,0.098918,0.267279,-0.268596,0.918123,-0.044627,-0.367168,0.142291,0.796669,0.480508,0.270431,-0.247583,0.918604,-0.085691,0.261578,0.283552
0.992984,0.008057,0.117804,0.006364,0.971060,0.055665,-0.231827,0.014152,0.990254,-0.002137,0.083688,0.111308,0.993685,-0.013286,0.005597,0.111278,0.962521,-0.057702,-0.264531,-0.015708,0.993295,-0.024135,0.090052,-0.068365,0.997663,0.005023,0.013188,-0.066859,0.927690,-0.017797,0.372336,-0.020980,0.915053,0.048119,-0.381409,-0.122023,0.785232,-0.504861,0.248082,0.258806,0.920473,0.099225,0.263731,-0.270793,0.916572,-0.044474,-0.371631,0.140744,0.796807,0.483340,0.266454,-0.245934,0.919075,-0.085877,0.258049,0.285196
0.993802,0.008084,0.110710,0.005985,0.973332,0.054386,-0.222470,0.013224,0.990512,-0.001435,0.080239,0.111560,0.993660,-0.013449,0.005250,0.111495,0.964899,-0.057599,-0.255778,-0.015184,0.993557,-0.024972,0.086926,-0.068303,0.997681,0.005426,0.012033,-0.066772,0.930439,-0.015902,0.365522,-0.020599,0.913490,0.049584,-0.384610,-0.123094,0.787452,-0.503948,0.245345,0.256441,0.920903,0.099659,0.259937,-0.272834,0.914962,-0.044391,-0.376169,0.139179,0.796980,0.486133,0.262370,-0.244252,0.919663,-0.086201,0.254299,0.286568
0.994535,0.008032,0.103938,0.005616,0.975327,0.053267,-0.213883,0.012426,0.990700,-0.000842,0.077231,0.112021,0.993611,-0.013597,0.004872,0.111927,0.967013,-0.057366,-0.247749,-0.014652,0.993779,-0.025729,0.084373,-0.067986,0.997709,0.005882,0.011266,-0.066445,0.933095,-0.014183,0.358761,-0.020577,0.911805,0.051090,-0.388073,-0.124103,0.789657,-0.503193,0.242331,0.253997,0.921796,0.099713,0.255153,-0.274311,0.913207,-0.044354,-0.380975,0.137636,0.797216,0.488981,0.258044,-0.242400,0.920694,-0.086270,0.249612,0.287355
0.995209,0.007982,0.097302,0.005255,0.977183,0.052200,-0.205552,0.011665,0.990868,-0.000225,0.074342,0.112489,0.993562,-0.013684,0.004525,0.112366,0.968998,-0.057125,-0.239959,-0.014153,0.993977,-0.026454,0.082054,-0.067656,0.997734,0.006301,0.010753,-0.066117,0.935706,-0.012581,0.351954,-0.020610,0.910068,0.052558,-0.391643,-0.125018,0.791907,-0.502412,0.239234,0.251460,0.922839,0.099836,0.250180,-0.275337,0.911396,-0.044374,-0.385809,0.136156,0.797563,0.491651,0.253695,-0.240438,0.921881,-0.086398,0.244739,0.287703
0.995812,0.007937,0.090946,0.004911,0.978850,0.051240,-0.197753,0.010964,0.991010,0.000407,0.071695,0.112952,0.993514,-0.013678,0.004238,0.112801,0.970797,-0.056882,-0.232659,-0.013704,0.994134,-0.027132,0.080205,-0.067297,0.997754,0.006634,0.010753,-0.065783,0.938275,-0.011207,0.345083,-0.020779,0.908260,0.053934,-0.395389,-0.125789,0.794123,-0.501758,0.235992,0.248828,0.924169,0.099869,0.244867,-0.275640,0.909521,-0.044501,-0.390668,0.134793,0.798029,0.494132,0.249307,-0.238389,0.923354,-0.086418,0.239532,0.287355
0.996362,0.007847,0.084731,0.004580,0.980409,0.050311,-0.190161,0.010317,0.991144,0.001070,0.069116,0.113386,0.993467,-0.013785,0.004113,0.113213,0.972514,-0.056563,-0.225480,-0.013228,0.994296,-0.027796,0.078387,-0.066773,0.997783,0.006795,0.010902,-0.065295,0.940924,-0.009968,0.337818,-0.020998,0.906316,0.055280,-0.399434,-0.126440,0.796392,-0.501182,0.232494,0.246014,0.925627,0.100091,0.238854,-0.275944,0.907507,-0.044766,-0.395741,0.133480,0.798702,0.496417,0.244712,-0.236139,0.924943,-0.086707,0.233643,0.287007
0.996868,0.007734,0.078586,0.004256,0.981885,0.049398,-0.182668,0.009697,0.991269,0.001761,0.066569,0.113806,0.993419,-0.013938,0.004069,0.113614,0.974166,-0.056201,-0.218355,-0.012748,0.994458,-0.028441,0.076585,-0.066169,0.997817,0.006882,0.011128,-0.064732,0.943581,-0.008799,0.330344,-0.021237,0.904279,0.056624,-0.403660,-0.127014,0.798686,-0.500643,0.228822,0.243100,0.927151,0.100557,0.232454,-0.276124,0.905390,-0.045103,-0.400949,0.132193,0.799495,0.498575,0.239984,-0.233749,0.926596,-0.087278,0.227377,0.286533
0.997293,0.007659,0.073014,0.004068,0.983231,0.048411,-0.175584,0.009189,0.991427,0.002467,0.063887,0.113953,0.993398,-0.014298,0.004087,0.113749,0.975677,-0.055768,-0.211647,-0.012205,0.994643,-0.029025,0.074587,-0.065423,0.997864,0.006707,0.011104,-0.064018,0.946426,-0.007793,0.322108,-0.021504,0.902275,0.058010,-0.407800,-0.127411,0.800972,-0.500007,0.225142,0.240306,0.928626,0.102206,0.225958,-0.275954,0.903283,-0.045427,-0.406020,0.131013,0.800361,0.500503,0.235422,-0.231290,0.928159,-0.088999,0.220958,0.285969
0.997666,0.007565,0.067751,0.003880,0.984501,0.047426,-0.168621,0.008699,0.991588,0.003203,0.061208,0.114004,0.993388,-0.014672,0.004063,0.113790,0.977130,-0.055334,-0.204983,-0.011673,0.994824,-0.029569,0.072541,-0.064723,0.997911,0.006444,0.010971,-0.063345,0.949311,-0.006789,0.313516,-0.021700,0.900246,0.059385,-0.411956,-0.127761,0.803147,-0.499496,0.221405,0.237567,0.930052,0.104488,0.219249,-0.275708,0.901138,-0.045784,-0.411096,0.129825,0.801164,0.502479,0.230807,-0.228865,0.929680,-0.091385,0.214333,0.285315
0.997972,0.007431,0.063109,0.003693,0.985677,0.046445,-0.161911,0.008238,0.991763,0.003979,0.058537,0.113858,0.993400,-0.015097,0.003954,0.113632,0.978514,-0.054906,-0.198421,-0.011151,0.995003,-0.030060,0.070397,-0.064110,0.997955,0.005981,0.010614,-0.062748,0.952332,-0.005791,0.304232,-0.021761,0.898223,0.060719,-0.416069,-0.128047,0.805199,-0.499090,0.217676,0.234905,0.931369,0.107730,0.212177,-0.275548,0.898984,-0.046198,-0.416113,0.128619,0.801896,0.504470,0.226180,-0.226529,0.931100,-0.094801,0.207360,0.284723
0.998225,0.007198,0.059009,0.003615,0.986751,0.045514,-0.155523,0.007937,0.991940,0.004795,0.055857,0.113631,0.993422,-0.015553,0.003680,0.113389,0.979856,-0.054438,-0.191858,-0.010497,0.995185,-0.030453,0.068135,-0.063540,0.998001,0.005527,0.009886,-0.062176,0.955612,-0.004816,0.293788,-0.021704,0.896170,0.062088,-0.420222,-0.128210,0.807026,-0.498982,0.213790,0.232420,0.932711,0.111216,0.204553,-0.275389,0.896736,-0.046577,-0.421252,0.127440,0.802487,0.506692,0.221434,-0.224154,0.932467,-0.098674,0.199861,0.284296
0.998446,0.006916,0.055181,0.003592,0.987756,0.044606,-0.149293,0.007716,0.992114,0.005623,0.053175,0.113357,0.993449,-0.016032,0.003327,0.113099,0.981153,-0.053948,-0.185289,-0.009786,0.995365,-0.030794,0.065814,-0.063002,0.998046,0.005079,0.008974,-0.061628,0.958945,-0.003849,0.282742,-0.021592,0.894078,0.063495,-0.424425,-0.128282,0.808723,-0.499047,0.209771,0.230033,0.934042,0.115059,0.196646,-0.275058,0.894405,-0.046933,-0.426491,0.126261,0.802964,0.509087,0.216583,-0.221745,0.933787,-0.103008,0.192090,0.283783
0.998654,0.006420,0.051361,0.003385,0.988682,0.043905,-0.143265,0.007430,0.992258,0.006563,0.051062,0.113019,0.993484,-0.016566,0.002718,0.112727,0.982424,-0.053399,-0.178627,-0.009162,0.995526,-0.030976,0.063516,-0.062724,0.998077,0.004932,0.007614,-0.061318,0.962371,-0.003033,0.270893,-0.021203,0.891875,0.064464,-0.428903,-0.128239,0.810041,-0.499799,0.205658,0.227462,0.935270,0.117558,0.187920,-0.275930,0.891990,-0.047680,-0.431779,0.125092,0.803362,0.511557,0.211413,-0.219598,0.935024,-0.106349,0.183657,0.284061
0.998855,0.005911,0.047362,0.003156,0.989560,0.043284,-0.137284,0.007132,0.992375,0.007510,0.049272,0.112727,0.993515,-0.017003,0.002162,0.112401,0.983660,-0.052846,-0.171891,-0.008574,0.995660,-0.031109,0.061470,-0.062572,0.998099,0.004831,0.006174,-0.061124,0.965659,-0.002297,0.258978,-0.020700,0.889715,0.065305,-0.433285,-0.128089,0.811288,-0.500560,0.201655,0.224916,0.936375,0.120097,0.179639,-0.276603,0.889625,-0.048497,-0.436863,0.123960,0.803824,0.513768,0.206390,-0.217514,0.936145,-0.109758,0.175687,0.284113
0.999056,0.005373,0.043005,0.002887,0.990380,0.042822,-0.131402,0.006821,0.992443,0.008476,0.048130,0.112553,0.993536,-0.017246,0.001706,0.112187,0.984870,-0.052294,-0.165019,-0.008032,0.995748,-0.031156,0.059927,-0.062646,0.998108,0.004811,0.004577,-0.061130,0.968815,-0.001724,0.246973,-0.019954,0.887682,0.065842,-0.437445,-0.127776,0.812283,-0.501523,0.197922,0.222483,0.937311,0.122225,0.172264,-0.277190,0.887422,-0.049463,-0.441500,0.122935,0.804282,0.515684,0.201671,-0.215707,0.937104,-0.112813,0.168655,0.284017
0.999242,0.004871,0.038522,0.002701,0.991145,0.042482,-0.125629,0.006586,0.992463,0.009432,0.047600,0.112530,0.993545,-0.017187,0.001388,0.112122,0.985994,-0.051688,-0.158395,-0.007463,0.995802,-0.031096,0.058942,-0.062740,0.998111,0.004858,0.003149,-0.061156,0.971793,-0.001337,0.235069,-0.018972,0.885806,0.066202,-0.441338,-0.127220,0.813155,-0.502470,0.194434,0.220224,0.937934,0.125073,0.166109,-0.277569,0.885400,-0.050490,-0.445660,0.122087,0.804858,0.517136,0.197389,-0.214036,0.937717,-0.116554,0.162802,0.283897
0.999410,0.004386,0.033975,0.002557,0.991867,0.042201,-0.119909,0.006384,0.992459,0.010386,0.047375,0.112572,0.993549,-0.016975,0.001140,0.112119,0.987054,-0.051053,-0.151892,-0.006892,0.995840,-0.030989,0.058237,-0.062860,0.998111,0.004932,0.001806,-0.061208,0.974608,-0.001040,0.223199,-0.017867,0.883990,0.066471,-0.445124,-0.126522,0.813798,-0.503653,0.190999,0.218141,0.938423,0.128149,0.160528,-0.277798,0.883451,-0.051528,-0.449600,0.121319,0.805388,0.518502,0.193294,-0.212469,0.938176,-0.120506,0.157504,0.283719
0.999552,0.003931,0.029554,0.002734,0.992475,0.042149,-0.114782,0.006519,0.992378,0.011291,0.047814,0.113017,0.993515,-0.016331,0.001067,0.112517,0.987963,-0.050450,-0.146103,-0.006100,0.995866,-0.030913,0.058035,-0.062669,0.998130,0.004772,0.000530,-0.060932,0.977247,-0.000964,0.211450,-0.016604,0.882354,0.066770,-0.448611,-0.125467,0.814183,-0.504986,0.187646,0.216526,0.938792,0.131837,0.155659,-0.277595,0.881638,-0.052422,-0.453167,0.120857,0.805914,0.519665,0.189687,-0.210877,0.938348,-0.125099,0.152816,0.283728
0.999671,0.003494,0.025222,0.002996,0.993027,0.042120,-0.109896,0.006731,0.992288,0.012166,0.048415,0.113453,0.993482,-0.015647,0.000981,0.112902,0.988810,-0.049854,-0.140503,-0.005265,0.995887,-0.030853,0.058015,-0.062378,0.998154,0.004585,-0.000675,-0.060556,0.979732,-0.000940,0.199726,-0.015297,0.880621,0.067086,-0.452281,-0.124289,0.814292,-0.506787,0.184019,0.215016,0.939268,0.135115,0.150374,-0.277322,0.879724,-0.053274,-0.456874,0.120475,0.806302,0.521081,0.185971,-0.209206,0.938575,-0.129264,0.147678,0.283830
0.999767,0.003094,0.021068,0.003430,0.993501,0.042143,-0.105493,0.007115,0.992182,0.012973,0.049338,0.113896,0.993450,-0.014884,0.000868,0.113288,0.989570,-0.049271,-0.135293,-0.004319,0.995900,-0.030820,0.058358,-0.061861,0.998190,0.004355,-0.001735,-0.059950,0.982054,-0.001024,0.188085,-0.013901,0.878733,0.067449,-0.456259,-0.122907,0.814217,-0.508979,0.179994,0.213529,0.939908,0.137863,0.144336,-0.277008,0.877645,-0.054086,-0.460812,0.120271,0.806683,0.522617,0.182122,-0.207282,0.938873,-0.132862,0.141720,0.284220
0.999842,0.002783,0.017083,0.004040,0.993882,0.042259,-0.101750,0.007677,0.992056,0.013711,0.050685,0.114311,0.993421,-0.014120,0.000760,0.113639,0.990219,-0.048711,-0.130705,-0.003282,0.995903,-0.030754,0.059007,-0.061236,0.998232,0.004127,-0.002576,-0.059245,0.984168,-0.001178,0.176800,-0.012378,0.876655,0.067905,-0.460586,-0.121346,0.814067,-0.511414,0.175536,0.211984,0.940804,0.140102,0.137334,-0.276402,0.875382,-0.054849,-0.465013,0.120256,0.807139,0.524174,0.178140,-0.205023,0.939348,-0.135811,0.134702,0.284670
0.999899,0.002516,0.013183,0.004738,0.994214,0.042416,-0.098336,0.008326,0.991920,0.014408,0.052245,0.114710,0.993394,-0.013361,0.000657,0.113970,0.990804,-0.048168,-0.126425,-0.002202,0.995899,-0.030678,0.059810,-0.060562,0.998275,0.003894,-0.003305,-0.058494,0.986119,-0.001358,0.165682,-0.010789,0.874470,0.068407,-0.465077,-0.119690,0.813920,-0.513885,0.170875,0.210375,0.941828,0.141971,0.129805,-0.275600,0.873019,-0.055574,-0.469332,0.120324,0.807715,0.525601,0.174121,-0.202538,0.939910,-0.138312,0.127108,0.285102
0.999937,0.002204,0.009506,0.005635,0.994453,0.042636,-0.095708,0.009210,0.991789,0.015040,0.053997,0.114951,0.993381,-0.012868,0.000574,0.114142,0.991295,-0.047723,-0.122701,-0.000968,0.995868,-0.030600,0.061013,-0.059900,0.998317,0.003603,-0.003515,-0.057779,0.987857,-0.001570,0.155062,-0.009616,0.872025,0.069245,-0.469942,-0.118035,0.813950,-0.516237,0.165706,0.208628,0.943225,0.143625,0.121307,-0.273830,0.870302,-0.056091,-0.474255,0.120460,0.808484,0.527052,0.169759,-0.199377,0.940728,-0.140703,0.118516,0.284935
0.999960,0.001897,0.005889,0.006440,0.994673,0.042853,-0.093219,0.010004,0.991658,0.015634,0.055810,0.115134,0.993372,-0.012501,0.000547,0.114257,0.991752,-0.047273,-0.119139,0.000159,0.995830,-0.030474,0.062199,-0.059371,0.998350,0.003348,-0.003686,-0.057205,0.989442,-0.001795,0.144665,-0.008543,0.869471,0.070043,-0.474929,-0.116433,0.814169,-0.518343,0.160501,0.206613,0.944580,0.145494,0.112629,-0.271873,0.867508,-0.056695,-0.479256,0.120533,0.809407,0.528276,0.165278,-0.196132,0.941561,-0.143258,0.109763,0.284417
0.999971,0.001599,0.002392,0.007061,0.994861,0.043080,-0.091010,0.010620,0.991530,0.016170,0.057742,0.115210,0.993372,-0.012367,0.000627,0.114272,0.992157,-0.046796,-0.115907,0.001081,0.995781,-0.030237,0.063350,-0.059097,0.998368,0.003177,-0.003777,-0.056900,0.990850,-0.002063,0.134735,-0.007674,0.866717,0.070762,-0.480187,-0.114958,0.814617,-0.520225,0.155183,0.204166,0.945851,0.148000,0.103679,-0.269651,0.864582,-0.057501,-0.484430,0.120497,0.810514,0.529265,0.160516,-0.192820,0.942424,-0.146376,0.100775,0.283295
0.999972,0.001301,-0.000882,0.007348,0.995040,0.043375,-0.088853,0.010910,0.991394,0.016720,0.059603,0.115350,0.993364,-0.012278,0.000753,0.114351,0.992536,-0.046347,-0.112789,0.001658,0.995726,-0.029996,0.064359,-0.059062,0.998371,0.003095,-0.003751,-0.056849,0.992087,-0.002347,0.125328,-0.007101,0.863889,0.071299,-0.485466,-0.113731,0.815234,-0.521856,0.150050,0.201359,0.946871,0.151387,0.094906,-0.267415,0.861683,-0.058563,-0.489510,0.120223,0.811703,0.530015,0.155610,-0.189754,0.943226,-0.150298,0.092045,0.281535
0.999963,0.001005,-0.004043,0.007468,0.995212,0.043707,-0.086722,0.011032,0.991254,0.017281,0.061428,0.115517,0.993353,-0.012208,0.000903,0.114457,0.992899,-0.045908,-0.109727,0.002058,0.995666,-0.029752,0.065301,-0.059152,0.998367,0.003057,-0.003662,-0.056929,0.993202,-0.002638,0.116178,-0.006674,0.861002,0.071744,-0.490758,-0.112628,0.815818,-0.523502,0.144977,0.198416,0.947744,0.155160,0.086213,-0.265094,0.858776,-0.059747,-0.494546,0.119823,0.812826,0.530773,0.150606,-0.186848,0.943977,-0.154567,0.083435,0.279382
0.999951,0.000632,-0.006862,0.007078,0.995367,0.044113,-0.084760,0.010669,0.991126,0.017870,0.063193,0.115569,0.993357,-0.011993,0.001011,0.114444,0.993223,-0.045350,-0.106993,0.001958,0.995623,-0.029393,0.065949,-0.059350,0.998355,0.003049,-0.003656,-0.057130,0.994159,-0.002991,0.107678,-0.006719,0.858075,0.071839,-0.496005,-0.111920,0.816383,-0.525154,0.140254,0.195093,0.948309,0.159296,0.077826,-0.263206,0.855958,-0.061301,-0.499397,0.119084,0.813864,0.531468,0.145410,-0.184454,0.944672,-0.159260,0.075322,0.276690
0.999933,0.000259,-0.009546,0.006582,0.995513,0.044530,-0.082872,0.010196,0.990994,0.018438,0.064901,0.115670,0.993356,-0.011725,0.001060,0.114475,0.993526,-0.044825,-0.104373,0.001733,0.995580,-0.029073,0.066544,-0.059561,0.998343,0.003048,-0.003693,-0.057340,0.995011,-0.003381,0.099472,-0.006896,0.855180,0.071831,-0.501118,-0.111304,0.816766,-0.526963,0.135689,0.191810,0.948724,0.163350,0.069637,-0.261514,0.853209,-0.062914,-0.504070,0.118279,0.814727,0.532270,0.140270,-0.182299,0.945264,-0.163864,0.067446,0.273999
0.999911,-0.000117,-0.011965,0.005875,0.995643,0.044964,-0.081136,0.009515,0.990854,0.018959,0.066493,0.115875,0.993346,-0.011359,0.000990,0.114605,0.993795,-0.044371,-0.101989,0.001272,0.995541,-0.028830,0.067024,-0.059781,0.998331,0.003059,-0.003821,-0.057552,0.995738,-0.003847,0.091858,-0.007339,0.852395,0.071621,-0.505965,-0.110874,0.817009,-0.528828,0.131498,0.188532,0.948880,0.167359,0.061871,-0.260364,0.850641,-0.064661,-0.508386,0.117351,0.815443,0.533055,0.135288,-0.180560,0.945696,-0.168413,0.060068,0.271456
0.999887,-0.000458,-0.014188,0.005046,0.995754,0.045378,-0.079613,0.008709,0.990731,0.019439,0.067935,0.116013,0.993344,-0.010912,0.000837,0.114667,0.994029,-0.043908,-0.099891,0.000662,0.995502,-0.028553,0.067488,-0.060041,0.998315,0.003076,-0.003951,-0.057806,0.996351,-0.004373,0.084856,-0.008010,0.849696,0.071292,-0.510592,-0.110586,0.817086,-0.530804,0.127577,0.185316,0.948910,0.171061,0.054199,-0.259558,0.848219,-0.066473,-0.512413,0.116358,0.815989,0.533902,0.130463,-0.179136,0.946067,-0.172586,0.052818,0.269037
0.999858,-0.000781,-0.016313,0.004156,0.995855,0.045785,-0.078196,0.007837,0.990615,0.019903,0.069302,0.116116,0.993346,-0.010420,0.000642,0.114690,0.994244,-0.043436,-0.097938,-0.000026,0.995463,-0.028254,0.067941,-0.060324,0.998298,0.003101,-0.004084,-0.058086,0.996890,-0.004932,0.078158,-0.008793,0.847032,0.070897,-0.515102,-0.110367,0.817052,-0.532851,0.123794,0.182128,0.948869,0.174528,0.046555,-0.258883,0.845862,-0.068318,-0.516285,0.115328,0.816451,0.534757,0.125721,-0.177865,0.946398,-0.176499,0.045620,0.266643
0.999828,-0.001072,-0.018194,0.003325,0.995937,0.046152,-0.077004,0.007022,0.990499,0.020287,0.070709,0.116189,0.993352,-0.009856,0.000592,0.114696,0.994403,-0.043081,-0.096468,-0.000699,0.995425,-0.028030,0.068366,-0.060577,0.998284,0.003061,-0.004390,-0.058321,0.997313,-0.005546,0.072420,-0.009570,0.844573,0.070458,-0.519226,-0.110164,0.816835,-0.534954,0.120346,0.179225,0.948753,0.177322,0.039111,-0.258641,0.843725,-0.070108,-0.519731,0.114423,0.816806,0.535560,0.121399,-0.176821,0.946623,-0.179705,0.038600,0.264803
0.999796,-0.001339,-0.019980,0.002503,0.996011,0.046510,-0.075896,0.006213,0.990391,0.020660,0.072027,0.116240,0.993359,-0.009293,0.000528,0.114680,0.994544,-0.042736,-0.095148,-0.001380,0.995384,-0.027794,0.068815,-0.060844,0.998268,0.003021,-0.004637,-0.058573,0.997682,-0.006157,0.066981,-0.010342,0.842163,0.070017,-0.523226,-0.109976,0.816610,-0.536981,0.117008,0.176376,0.948587,0.179938,0.031670,-0.258462,0.841649,-0.071879,-0.523039,0.113533,0.817191,0.536236,0.117210,-0.175816,0.946797,-0.182705,0.031577,0.263052
0.999765,-0.001557,-0.021576,0.001700,0.996071,0.046844,-0.074957,0.005418,0.990298,0.021004,0.073169,0.116251,0.993370,-0.008741,0.000438,0.114627,0.994654,-0.042416,-0.094131,-0.002069,0.995339,-0.027542,0.069310,-0.061134,0.998251,0.002975,-0.004767,-0.058856,0.997983,-0.006759,0.062142,-0.011107,0.839865,0.069586,-0.526995,-0.109820,0.816381,-0.538887,0.113873,0.173654,0.948336,0.182358,0.024275,-0.258487,0.839704,-0.073613,-0.526100,0.112680,0.817590,0.536769,0.113270,-0.174916,0.946890,-0.185436,0.024574,0.261552
0.999733,-0.001738,-0.022998,0.001095,0.996117,0.047147,-0.074198,0.004821,0.990213,0.021305,0.074168,0.116291,0.993375,-0.008266,0.000450,0.114617,0.994743,-0.042124,-0.093302,-0.002580,0.995294,-0.027284,0.069816,-0.061408,0.998234,0.002886,-0.004871,-0.059126,0.998230,-0.007341,0.057836,-0.011753,0.837771,0.069245,-0.530410,-0.109593,0.816079,-0.540709,0.110959,0.171277,0.948077,0.184245,0.017558,-0.258643,0.837920,-0.075126,-0.528867,0.112007,0.817972,0.537211,0.109768,-0.174000,0.946881,-0.187599,0.018168,0.260563
0.999702,-0.001900,-0.024332,0.000589,0.996155,0.047437,-0.073528,0.004322,0.990130,0.021585,0.075099,0.116346,0.993377,-0.007828,0.000516,0.114628,0.994822,-0.041846,-0.092566,-0.003003,0.995249,-0.027023,0.070328,-0.061675,0.998219,0.002776,-0.004960,-0.059390,0.998444,-0.007913,0.053797,-0.012337,0.835778,0.068948,-0.533638,-0.109326,0.815792,-0.542406,0.108171,0.169051,0.947803,0.185884,0.011184,-0.258828,0.836219,-0.076530,-0.531476,0.111420,0.818400,0.537522,0.106497,-0.173059,0.946811,-0.189497,0.012064,0.259796
0.999675,-0.002003,-0.025414,0.000117,0.996191,0.047639,-0.072937,0.003847,0.990069,0.021793,0.075773,0.116394,0.993377,-0.007640,0.000613,0.114649,0.994873,-0.041646,-0.092100,-0.003420,0.995203,-0.026818,0.070845,-0.061916,0.998205,0.002747,-0.004919,-0.059632,0.998608,-0.008434,0.050440,-0.012894,0.834045,0.068633,-0.536422,-0.109136,0.815442,-0.544000,0.105798,0.167108,0.947507,0.186825,0.005413,-0.259416,0.834781,-0.077777,-0.533661,0.110899,0.818739,0.537789,0.103701,-0.172325,0.946726,-0.190596,0.006524,0.259501
0.999649,-0.002076,-0.026421,-0.000284,0.996224,0.047815,-0.072392,0.003438,0.990018,0.021987,0.076335,0.116425,0.993376,-0.007508,0.000724,0.114657,0.994919,-0.041469,-0.091666,-0.003776,0.995159,-0.026635,0.071340,-0.062129,0.998192,0.002734,-0.004860,-0.059847,0.998753,-0.008930,0.047251,-0.013409,0.832408,0.068368,-0.539035,-0.108919,0.815203,-0.545351,0.103551,0.165267,0.947199,0.187802,-0.000099,-0.259892,0.833427,-0.078936,-0.535701,0.110421,0.819185,0.537846,0.101111,-0.171567,0.946601,-0.191688,0.001202,0.259231
0.999626,-0.002089,-0.027280,-0.000544,0.996251,0.047936,-0.071941,0.003164,0.989989,0.022150,0.076672,0.116419,0.993378,-0.007491,0.000864,0.114640,0.994957,-0.041339,-0.091296,-0.004008,0.995120,-0.026499,0.071792,-0.062285,0.998183,0.002750,-0.004762,-0.060005,0.998874,-0.009377,0.044395,-0.013842,0.830963,0.068204,-0.541333,-0.108659,0.815039,-0.546454,0.101516,0.163691,0.946894,0.188809,-0.005099,-0.260226,0.832237,-0.079910,-0.537482,0.110038,0.819677,0.537746,0.098895,-0.170818,0.946426,-0.192709,-0.003690,0.259089
0.999604,-0.002058,-0.028047,-0.000826,0.996280,0.048022,-0.071491,0.002860,0.989973,0.022301,0.076973,0.116325,0.993390,-0.007519,0.001049,0.114540,0.994991,-0.041242,-0.090961,-0.004273,0.995091,-0.026410,0.072115,-0.062416,0.998175,0.002751,-0.004726,-0.060135,0.998974,-0.009682,0.041866,-0.014264,0.829659,0.068088,-0.543372,-0.108523,0.814892,-0.547429,0.099720,0.162262,0.946669,0.189381,-0.009453,-0.260506,0.831170,-0.080713,-0.539096,0.109626,0.820081,0.537708,0.096906,-0.170137,0.946362,-0.193214,-0.007953,0.258852
0.999583,-0.002005,-0.028769,-0.001119,0.996310,0.048090,-0.071042,0.002541,0.989964,0.022445,0.077255,0.116187,0.993405,-0.007570,0.001254,0.114399,0.995022,-0.041161,-0.090646,-0.004554,0.995067,-0.026343,0.072372,-0.062534,0.998168,0.002745,-0.004722,-0.060250,0.999062,-0.009918,0.039500,-0.014681,0.828427,0.068004,-0.545274,-0.108444,0.814826,-0.548234,0.098051,0.160886,0.946469,0.189844,-0.013463,-0.260719,0.830165,-0.081436,-0.540621,0.109194,0.820491,0.537625,0.095035,-0.169478,0.946337,-0.193573,-0.011879,0.258525
0.999565,-0.001926,-0.029417,-0.001295,0.996334,0.048042,-0.070751,0.002336,0.989977,0.022476,0.077322,0.116027,0.993424,-0.007629,0.001228,0.114235,0.995036,-0.041081,-0.090520,-0.004730,0.995057,-0.026297,0.072569,-0.062476,0.998172,0.002667,-0.004711,-0.060190,0.999132,-0.009996,0.037503,-0.015099,0.827448,0.068098,-0.546752,-0.108419,0.814783,-0.548835,0.096669,0.159888,0.946421,0.189882,-0.016769,-0.260672,0.829326,-0.081838,-0.541924,0.108807,0.820801,0.537620,0.093553,-0.168815,0.946413,-0.193463,-0.015160,0.258157
0.999547,-0.001845,-0.030014,-0.001515,0.996356,0.047981,-0.070479,0.002088,0.989998,0.022502,0.077358,0.115816,0.993448,-0.007661,0.001187,0.114019,0.995048,-0.041031,-0.090401,-0.004953,0.995050,-0.026275,0.072675,-0.062472,0.998173,0.002567,-0.004751,-0.060183,0.999195,-0.010019,0.035617,-0.015508,0.826545,0.068180,-0.548098,-0.108457,0.814805,-0.549298,0.095439,0.158922,0.946402,0.189700,-0.019878,-0.260656,0.828557,-0.082199,-0.543129,0.108387,0.821081,0.537618,0.092166,-0.168224,0.946542,-0.193130,-0.018231,0.257735
0.999531,-0.001761,-0.030507,-0.001823,0.996378,0.047893,-0.070240,0.001752,0.990036,0.022517,0.077336,0.115504,0.993485,-0.007642,0.001122,0.113701,0.995055,-0.041039,-0.090297,-0.005270,0.995048,-0.026302,0.072600,-0.062578,0.998167,0.002424,-0.004890,-0.060279,0.999248,-0.009936,0.033953,-0.015902,0.825794,0.068223,-0.549190,-0.108633,0.814816,-0.549692,0.094498,0.158061,0.946471,0.188866,-0.022635,-0.260787,0.827926,-0.082460,-0.544145,0.107914,0.821233,0.537724,0.090971,-0.167791,0.946808,-0.192139,-0.020923,0.257291
0.999516,-0.001692,-0.030982,-0.002080,0.996390,0.047818,-0.070132,0.001476,0.990080,0.022531,0.077286,0.115160,0.993526,-0.007575,0.001039,0.113352,0.995053,-0.041017,-0.090313,-0.005535,0.995048,-0.026270,0.072495,-0.062727,0.998157,0.002372,-0.005023,-0.060426,0.999292,-0.009809,0.032495,-0.016253,0.825171,0.068319,-0.550079,-0.108805,0.814912,-0.549890,0.093713,0.157345,0.946643,0.187813,-0.025298,-0.260679,0.827382,-0.082618,-0.545033,0.107483,0.821412,0.537753,0.089967,-0.167361,0.947145,-0.190962,-0.023534,0.256704
0.999501,-0.001631,-0.031448,-0.002312,0.996397,0.047748,-0.070090,0.001230,0.990126,0.022544,0.077223,0.114799,0.993568,-0.007486,0.000949,0.112985,0.995046,-0.040980,-0.090388,-0.005775,0.995047,-0.026208,0.072375,-0.062899,0.998146,0.002365,-0.005154,-0.060597,0.999331,-0.009662,0.031142,-0.016584,0.824617,0.068442,-0.550861,-0.108973,0.815112,-0.549901,0.093018,0.156683,0.946861,0.186671,-0.027911,-0.260440,0.826883,-0.082728,-0.545854,0.107072,0.821636,0.537697,0.089065,-0.166924,0.947510,-0.189713,-0.026102,0.256032
0.999489,-0.001578,-0.031831,-0.002562,0.996402,0.047607,-0.070112,0.000965,0.990192,0.022499,0.076999,0.114386,0.993616,-0.007436,0.000795,0.112571,0.995038,-0.041006,-0.090448,-0.006037,0.995051,-0.026230,0.072201,-0.063024,0.998138,0.002399,-0.005242,-0.060721,0.999363,-0.009494,0.029936,-0.016953,0.824272,0.068499,-0.551322,-0.109211,0.815302,-0.549818,0.092665,0.156193,0.947173,0.184961,-0.029853,-0.260309,0.826576,-0.082729,-0.546397,0.106668,0.821781,0.537658,0.088463,-0.166659,0.947978,-0.187910,-0.027993,0.255430
0.999477,-0.001536,-0.032196,-0.002748,0.996406,0.047481,-0.070143,0.000767,0.990256,0.022470,0.076817,0.113963,0.993665,-0.007355,0.000630,0.112143,0.995033,-0.040994,-0.090495,-0.006230,0.995061,-0.026223,0.072004,-0.063099,0.998133,0.002458,-0.005377,-0.060793,0.999392,-0.009345,0.028777,-0.017317,0.824015,0.068569,-0.551658,-0.109412,0.815562,-0.549588,0.092411,0.155792,0.947530,0.183095,-0.031663,-0.260115,0.826331,-0.082667,-0.546845,0.106317,0.821970,0.537529,0.088006,-0.166385,0.948452,-0.185974,-0.029770,0.254886
0.999466,-0.001514,-0.032525,-0.002804,0.996407,0.047388,-0.070192,0.000704,0.990314,0.022477,0.076719,0.113519,0.993717,-0.007203,0.000444,0.111688,0.995035,-0.040904,-0.090514,-0.006282,0.995082,-0.026155,0.071761,-0.063071,0.998133,0.002571,-0.005601,-0.060763,0.999417,-0.009226,0.027716,-0.017670,0.823923,0.068665,-0.551758,-0.109543,0.815823,-0.549266,0.092328,0.155615,0.947986,0.180880,-0.033210,-0.259813,0.826203,-0.082472,-0.547114,0.106080,0.822162,0.537349,0.087823,-0.166114,0.948950,-0.183725,-0.031321,0.254478
0.999457,-0.001502,-0.032808,-0.002842,0.996406,0.047290,-0.070278,0.000662,0.990375,0.022476,0.076575,0.113085,0.993768,-0.007098,0.000184,0.111240,0.995037,-0.040871,-0.090504,-0.006318,0.995096,-0.026127,0.071540,-0.063109,0.998130,0.002610,-0.005864,-0.060793,0.999437,-0.009131,0.026739,-0.018099,0.823928,0.068715,-0.551711,-0.109707,0.816071,-0.548912,0.092407,0.155512,0.948590,0.178071,-0.034254,-0.259412,0.826159,-0.082203,-0.547260,0.105877,0.822315,0.537187,0.087796,-0.165892,0.949584,-0.180899,-0.032375,0.254003
0.999448,-0.001494,-0.033069,-0.002870,0.996403,0.047191,-0.070385,0.000631,0.990437,0.022471,0.076406,0.112658,0.993818,-0.007015,-0.000114,0.110798,0.995039,-0.040864,-0.090481,-0.006346,0.995107,-0.026119,0.071328,-0.063180,0.998124,0.002613,-0.006148,-0.060853,0.999454,-0.009046,0.025805,-0.018565,0.823987,0.068742,-0.551584,-0.109888,0.816369,-0.548463,0.092579,0.155429,0.949271,0.174909,-0.035061,-0.258962,0.826160,-0.081894,-0.547341,0.105692,0.822492,0.536972,0.087856,-0.165679,0.950289,-0.177727,-0.033195,0.253498
0.999442,-0.001467,-0.033256,-0.002769,0.996401,0.047170,-0.070430,0.000729,0.990479,0.022533,0.076287,0.112356,0.993855,-0.006897,-0.000447,0.110472,0.995044,-0.040881,-0.090429,-0.006250,0.995109,-0.026129,0.071275,-0.063204,0.998122,0.002617,-0.006465,-0.060857,0.999469,-0.009025,0.025067,-0.018778,0.824168,0.068598,-0.551306,-0.110013,0.816354,-0.548402,0.092922,0.155519,0.950439,0.169898,-0.035391,-0.257970,0.826293,-0.081445,-0.547194,0.105763,0.822465,0.536997,0.088244,-0.165528,0.951422,-0.172668,-0.033602,0.252693
0.999437,-0.001432,-0.033418,-0.002636,0.996398,0.047142,-0.070481,0.000859,0.990512,0.022570,0.076199,0.112117,0.993884,-0.006815,-0.000741,0.110212,0.995048,-0.040895,-0.090382,-0.006123,0.995111,-0.026139,0.071254,-0.063200,0.998121,0.002631,-0.006793,-0.060832,0.999482,-0.009002,0.024407,-0.018925,0.824392,0.068415,-0.550968,-0.110139,0.816407,-0.548227,0.093343,0.155606,0.951755,0.164163,-0.035494,-0.256813,0.826469,-0.080935,-0.546977,0.105897,0.822551,0.536844,0.088758,-0.165321,0.952690,-0.166868,-0.033801,0.251782
0.999434,-0.001377,-0.033527,-0.002440,0.996395,0.047105,-0.070543,0.001049,0.990527,0.022565,0.076177,0.112000,0.993899,-0.006800,-0.000953,0.110082,0.995053,-0.040901,-0.090342,-0.005935,0.995111,-0.026143,0.071302,-0.063142,0.998124,0.002668,-0.007139,-0.060750,0.999495,-0.008972,0.023905,-0.018937,0.824688,0.068160,-0.550531,-0.110273,0.816405,-0.548097,0.093879,0.155752,0.953361,0.157096,-0.035115,-0.255324,0.826718,-0.080304,-0.546643,0.106161,0.822648,0.536651,0.089478,-0.165074,0.954223,-0.159696,-0.033550,0.250658
0.999433,-0.001313,-0.033564,-0.002213,0.996391,0.047111,-0.070599,0.001272,0.990543,0.022615,0.076214,0.111823,0.993920,-0.006719,-0.001047,0.109894,0.995057,-0.040919,-0.090305,-0.005719,0.995101,-0.026141,0.071454,-0.063125,0.998124,0.002618,-0.007520,-0.060703,0.999503,-0.008904,0.023545,-0.018982,0.825065,0.067893,-0.549958,-0.110471,0.816469,-0.547831,0.094559,0.155942,0.955189,0.148916,-0.034185,-0.253513,0.827029,-0.079520,-0.546227,0.106474,0.822830,0.536322,0.090373,-0.164750,0.955966,-0.151393,-0.032763,0.249270
0.999434,-0.001244,-0.033564,-0.001972,0.996386,0.047139,-0.070650,0.001509,0.990559,0.022694,0.076281,0.111616,0.993945,-0.006603,-0.001081,0.109676,0.995060,-0.040945,-0.090267,-0.005491,0.995086,-0.026137,0.071660,-0.063128,0.998123,0.002524,-0.007917,-0.060675,0.999509,-0.008815,0.023258,-0.019046,0.825491,0.067623,-0.549306,-0.110700,0.816707,-0.547296,0.095327,0.156111,0.957088,0.140112,-0.032984,-0.251522,0.827377,-0.078668,-0.545758,0.106802,0.823186,0.535729,0.091373,-0.164347,0.957774,-0.142455,-0.031706,0.247731
0.999436,-0.001167,-0.033509,-0.001766,0.996377,0.047147,-0.070767,0.001713,0.990567,0.022713,0.076331,0.111511,0.993959,-0.006479,-0.001245,0.109557,0.995059,-0.040929,-0.090301,-0.005297,0.995078,-0.026119,0.071894,-0.063000,0.998130,0.002454,-0.008258,-0.060519,0.999520,-0.008626,0.023008,-0.018859,0.825914,0.067410,-0.548655,-0.110901,0.817371,-0.546158,0.096095,0.156147,0.958672,0.131974,-0.031783,-0.250041,0.827723,-0.077853,-0.545292,0.107098,0.823917,0.534592,0.092382,-0.163821,0.959286,-0.134170,-0.030633,0.246638
0.999438,-0.001095,-0.033454,-0.001582,0.996370,0.047151,-0.070852,0.001893,0.990572,0.022728,0.076401,0.111418,0.993971,-0.006396,-0.001375,0.109451,0.995056,-0.040905,-0.090354,-0.005125,0.995073,-0.026098,0.072097,-0.062858,0.998137,0.002390,-0.008554,-0.060354,0.999531,-0.008401,0.022729,-0.018743,0.826374,0.067284,-0.547937,-0.111104,0.818397,-0.544480,0.096912,0.156128,0.960018,0.124669,-0.030538,-0.248779,0.828087,-0.077055,-0.544812,0.107304,0.824909,0.533062,0.093398,-0.163239,0.960568,-0.126726,-0.029498,0.245724
0.999440,-0.001030,-0.033400,-0.001442,0.996368,0.047149,-0.070873,0.002027,0.990572,0.022739,0.076508,0.111342,0.993980,-0.006395,-0.001440,0.109367,0.995050,-0.040859,-0.090449,-0.004995,0.995074,-0.026064,0.072235,-0.062690,0.998147,0.002343,-0.008761,-0.060171,0.999540,-0.008100,0.022391,-0.018767,0.826899,0.067324,-0.547096,-0.111320,0.819906,-0.542060,0.097806,0.156076,0.960961,0.119159,-0.029197,-0.247997,0.828479,-0.076276,-0.544319,0.107340,0.826198,0.531075,0.094411,-0.162613,0.961464,-0.121090,-0.028241,0.245206
0.999442,-0.000965,-0.033357,-0.001340,0.996367,0.047137,-0.070901,0.002122,0.990576,0.022740,0.076532,0.111289,0.993985,-0.006497,-0.001486,0.109311,0.995042,-0.040858,-0.090537,-0.004906,0.995072,-0.026063,0.072345,-0.062599,0.998151,0.002370,-0.008959,-0.060064,0.999550,-0.007781,0.022040,-0.018820,0.827391,0.067462,-0.546296,-0.111505,0.821709,-0.539214,0.098641,0.155925,0.961536,0.115327,-0.028038,-0.247714,0.828832,-0.075607,-0.543887,0.107278,0.827622,0.528888,0.095303,-0.161976,0.962009,-0.117132,-0.027150,0.245116
0.999444,-0.000899,-0.033321,-0.001258,0.996365,0.047121,-0.070934,0.002197,0.990582,0.022735,0.076512,0.111245,0.993989,-0.006650,-0.001525,0.109266,0.995034,-0.040879,-0.090624,-0.004840,0.995068,-0.026077,0.072438,-0.062548,0.998154,0.002432,-0.009153,-0.059997,0.999559,-0.007451,0.021684,-0.018888,0.827855,0.067649,-0.545534,-0.111676,0.823523,-0.536343,0.099419,0.155762,0.961927,0.112356,-0.026967,-0.247680,0.829150,-0.074992,-0.543509,0.107170,0.828934,0.526866,0.096095,-0.161387,0.962378,-0.114033,-0.026139,0.245238
0.999443,-0.000820,-0.033357,-0.001147,0.996362,0.047170,-0.070946,0.002304,0.990571,0.022775,0.076643,0.111252,0.993986,-0.006966,-0.001453,0.109274,0.995027,-0.040859,-0.090719,-0.004743,0.995064,-0.026047,0.072563,-0.062484,0.998156,0.002515,-0.009319,-0.059920,0.999567,-0.007122,0.021301,-0.018994,0.828177,0.068023,-0.544983,-0.111754,0.825587,-0.533151,0.099918,0.155472,0.961919,0.111541,-0.026497,-0.248129,0.829311,-0.074505,-0.543362,0.107000,0.830370,0.524726,0.096618,-0.160665,0.962334,-0.113066,-0.025733,0.245902
0.999440,-0.000739,-0.033442,-0.001029,0.996362,0.047196,-0.070919,0.002413,0.990556,0.022793,0.076778,0.111289,0.993980,-0.007291,-0.001357,0.109313,0.995020,-0.040856,-0.090798,-0.004641,0.995059,-0.026042,0.072705,-0.062394,0.998161,0.002580,-0.009453,-0.059817,0.999577,-0.006796,0.020851,-0.019079,0.828405,0.068424,-0.544576,-0.111808,0.827416,-0.530327,0.100246,0.155197,0.961822,0.111055,-0.026180,-0.248758,0.829375,-0.074051,-0.543359,0.106838,0.831508,0.523067,0.096961,-0.159981,0.962196,-0.112425,-0.025482,0.246759
0.999434,-0.000649,-0.033625,-0.000897,0.996370,0.047182,-0.070813,0.002529,0.990534,0.022773,0.076923,0.111385,0.993966,-0.007632,-0.001212,0.109418,0.995015,-0.040882,-0.090848,-0.004528,0.995055,-0.026081,0.072880,-0.062248,0.998170,0.002616,-0.009525,-0.059658,0.999591,-0.006473,0.020266,-0.019123,0.828470,0.068882,-0.544418,-0.111812,0.829107,-0.527771,0.100294,0.154853,0.961548,0.111192,-0.026180,-0.249754,0.829279,-0.073667,-0.543590,0.106676,0.832473,0.521742,0.097036,-0.159242,0.961876,-0.112390,-0.025553,0.248010
0.999426,-0.000545,-0.033856,-0.000742,0.996378,0.047198,-0.070686,0.002667,0.990506,0.022779,0.077109,0.111503,0.993951,-0.007853,-0.001066,0.109541,0.995007,-0.040922,-0.090929,-0.004396,0.995045,-0.026117,0.073095,-0.062138,0.998177,0.002628,-0.009565,-0.059536,0.999606,-0.006160,0.019697,-0.019044,0.828388,0.069352,-0.544493,-0.111766,0.830561,-0.525632,0.100086,0.154474,0.961229,0.111453,-0.026511,-0.250827,0.829049,-0.073344,-0.544004,0.106574,0.833217,0.520811,0.096900,-0.158480,0.961503,-0.112453,-0.025968,0.249383
0.999418,-0.000433,-0.034112,-0.000577,0.996385,0.047230,-0.070551,0.002815,0.990475,0.022799,0.077315,0.111631,0.993935,-0.008014,-0.000920,0.109673,0.994996,-0.040969,-0.091026,-0.004257,0.995032,-0.026152,0.073327,-0.062049,0.998183,0.002631,-0.009592,-0.059435,0.999621,-0.005852,0.019135,-0.018907,0.828222,0.069824,-0.544698,-0.111700,0.831806,-0.523836,0.099731,0.154104,0.960888,0.111760,-0.027011,-0.251942,0.828745,-0.073049,-0.544521,0.106504,0.833780,0.520186,0.096641,-0.157728,0.961103,-0.112548,-0.026558,0.250818
0.999403,-0.000352,-0.034532,-0.000376,0.996383,0.047232,-0.070569,0.003008,0.990458,0.022790,0.077560,0.111616,0.993936,-0.008030,-0.000757,0.109663,0.994991,-0.040953,-0.091101,-0.004071,0.995017,-0.026097,0.073554,-0.062047,0.998183,0.002670,-0.009570,-0.059431,0.999639,-0.005598,0.018499,-0.018648,0.827876,0.070248,-0.545195,-0.111573,0.832718,-0.522635,0.099077,0.153679,0.960562,0.111390,-0.027828,-0.253256,0.828270,-0.072816,-0.545266,0.106540,0.834135,0.519961,0.096135,-0.156901,0.960693,-0.112025,-0.027459,0.252520
0.999388,-0.000281,-0.034982,-0.000141,0.996381,0.047258,-0.070579,0.003237,0.990437,0.022805,0.077821,0.111619,0.993936,-0.008003,-0.000613,0.109667,0.994988,-0.040944,-0.091147,-0.003849,0.995000,-0.026049,0.073806,-0.062037,0.998184,0.002710,-0.009512,-0.059421,0.999658,-0.005352,0.017851,-0.018328,0.827482,0.070672,-0.545770,-0.111416,0.833468,-0.521696,0.098322,0.153287,0.960263,0.110755,-0.028706,-0.254567,0.827745,-0.072574,-0.546079,0.106628,0.834410,0.519883,0.095575,-0.156034,0.960288,-0.111256,-0.028422,0.254284
0.999370,-0.000227,-0.035493,0.000161,0.996377,0.047333,-0.070574,0.003537,0.990408,0.022866,0.078110,0.111657,0.993934,-0.007890,-0.000507,0.109698,0.994990,-0.040946,-0.091132,-0.003557,0.994980,-0.026014,0.074106,-0.062011,0.998187,0.002753,-0.009378,-0.059398,0.999679,-0.005118,0.017176,-0.017887,0.827003,0.071103,-0.546484,-0.111199,0.834043,-0.521062,0.097392,0.152911,0.960017,0.109629,-0.029704,-0.255866,0.827125,-0.072315,-0.547016,0.106812,0.834619,0.519958,0.094926,-0.155059,0.959897,-0.110029,-0.029510,0.256165
0.999351,-0.000198,-0.036029,0.000440,0.996369,0.047441,-0.070588,0.003821,0.990398,0.022988,0.078282,0.111607,0.993943,-0.007706,-0.000564,0.109629,0.994991,-0.040964,-0.091126,-0.003285,0.994959,-0.025980,0.074367,-0.062058,0.998185,0.002802,-0.009235,-0.059448,0.999701,-0.004938,0.016457,-0.017378,0.826536,0.071424,-0.547196,-0.110962,0.834495,-0.520613,0.096504,0.152534,0.959841,0.108151,-0.030688,-0.257035,0.826541,-0.072113,-0.547882,0.107027,0.834810,0.520030,0.094311,-0.154162,0.959582,-0.108498,-0.030566,0.257870
0.999331,-0.000181,-0.036576,0.000708,0.996361,0.047566,-0.070611,0.004097,0.990395,0.023142,0.078398,0.111514,0.993957,-0.007485,-0.000701,0.109511,0.994991,-0.040990,-0.091123,-0.003023,0.994937,-0.025946,0.074608,-0.062140,0.998181,0.002852,-0.009087,-0.059535,0.999723,-0.004784,0.015717,-0.016833,0.826077,0.071694,-0.547904,-0.110713,0.834907,-0.520223,0.095640,0.152155,0.959694,0.106557,-0.031653,-0.258129,0.825980,-0.071942,-0.548705,0.107254,0.835038,0.520028,0.093723,-0.153292,0.959297,-0.106873,-0.031592,0.259480
0.999310,-0.000148,-0.037116,0.001003,0.996357,0.047666,-0.070579,0.004393,0.990379,0.023253,0.078540,0.111534,0.993959,-0.007276,-0.000828,0.109509,0.995000,-0.040939,-0.091058,-0.002728,0.994915,-0.025860,0.074943,-0.062116,0.998182,0.002995,-0.009039,-0.059510,0.999745,-0.004667,0.014964,-0.016279,0.825607,0.071957,-0.548637,-0.110425,0.835321,-0.519835,0.094747,0.151769,0.959600,0.105097,-0.032901,-0.258923,0.825424,-0.071797,-0.549513,0.107503,0.835328,0.519924,0.093147,-0.152412,0.959052,-0.105350,-0.032912,0.260840
0.999290,-0.000104,-0.037646,0.001324,0.996357,0.047773,-0.070484,0.004712,0.990354,0.023369,0.078695,0.111623,0.993953,-0.007108,-0.000950,0.109575,0.995011,-0.040898,-0.090963,-0.002407,0.994891,-0.025778,0.075299,-0.062114,0.998183,0.003130,-0.008960,-0.059508,0.999765,-0.004572,0.014223,-0.015695,0.825148,0.072231,-0.549357,-0.110093,0.835793,-0.519347,0.093855,0.151391,0.959488,0.104041,-0.034227,-0.259589,0.824890,-0.071681,-0.550277,0.107764,0.835726,0.519640,0.092612,-0.151523,0.958777,-0.104210,-0.034321,0.262123
0.999270,-0.000040,-0.038157,0.001696,0.996365,0.047892,-0.070265,0.005075,0.990311,0.023491,0.078877,0.111848,0.993931,-0.007018,-0.001060,0.109777,0.995027,-0.040879,-0.090808,-0.002038,0.994860,-0.025705,0.075694,-0.062159,0.998181,0.003247,-0.008824,-0.059556,0.999785,-0.004525,0.013504,-0.015054,0.824710,0.072519,-0.550059,-0.109675,0.836337,-0.518735,0.092960,0.151038,0.959357,0.103663,-0.035739,-0.260023,0.824394,-0.071614,-0.550972,0.108057,0.836249,0.519140,0.092142,-0.150639,0.958458,-0.103707,-0.035935,0.263271
0.999252,0.000031,-0.038607,0.002007,0.996377,0.047972,-0.070014,0.005372,0.990277,0.023591,0.079027,0.112025,0.993913,-0.006974,-0.001112,0.109939,0.995046,-0.040877,-0.090608,-0.001730,0.994825,-0.025643,0.076081,-0.062271,0.998174,0.003323,-0.008776,-0.059664,0.999802,-0.004495,0.012863,-0.014494,0.824350,0.072776,-0.550642,-0.109290,0.836928,-0.518010,0.092215,0.150709,0.959235,0.103902,-0.037304,-0.260155,0.823999,-0.071606,-0.551520,0.108278,0.836819,0.518501,0.091763,-0.149900,0.958183,-0.103806,-0.037597,0.264000
0.999236,0.000105,-0.039027,0.002289,0.996392,0.048034,-0.069746,0.005637,0.990247,0.023679,0.079161,0.112181,0.993897,-0.006953,-0.001136,0.110082,0.995066,-0.040884,-0.090386,-0.001451,0.994788,-0.025588,0.076463,-0.062416,0.998166,0.003378,-0.008774,-0.059801,0.999817,-0.004473,0.012262,-0.013974,0.824025,0.073020,-0.551170,-0.108919,0.837496,-0.517299,0.091535,0.150412,0.959115,0.104517,-0.038882,-0.260122,0.823651,-0.071627,-0.552001,0.108463,0.837375,0.517852,0.091421,-0.149247,0.957926,-0.104273,-0.039270,0.264506
0.999220,0.000169,-0.039409,0.002664,0.996393,0.048148,-0.069618,0.006007,0.990220,0.023804,0.079209,0.112358,0.993879,-0.006876,-0.001122,0.110250,0.995088,-0.040886,-0.090151,-0.001077,0.994747,-0.025513,0.076890,-0.062575,0.998157,0.003403,-0.008678,-0.059959,0.999832,-0.004478,0.011691,-0.013415,0.823689,0.073319,-0.551719,-0.108470,0.837998,-0.516682,0.090776,0.150196,0.959118,0.105370,-0.040565,-0.259508,0.823272,-0.071622,-0.552514,0.108723,0.837921,0.517236,0.091088,-0.148520,0.957743,-0.104994,-0.041061,0.264612
0.999204,0.000222,-0.039769,0.003041,0.996390,0.048259,-0.069549,0.006383,0.990198,0.023921,0.079222,0.112516,0.993864,-0.006796,-0.001120,0.110399,0.995111,-0.040870,-0.089906,-0.000698,0.994713,-0.025430,0.077238,-0.062719,0.998149,0.003455,-0.008611,-0.060103,0.999845,-0.004487,0.011119,-0.012872,0.823354,0.073615,-0.552268,-0.108025,0.838405,-0.516206,0.090011,0.150019,0.959125,0.106223,-0.042187,-0.258873,0.822889,-0.071610,-0.553034,0.108988,0.838395,0.516730,0.090747,-0.147815,0.957561,-0.105736,-0.042788,0.264699
0.999191,0.000254,-0.040081,0.003423,0.996380,0.048360,-0.069594,0.006771,0.990186,0.024021,0.079165,0.112638,0.993851,-0.006706,-0.001141,0.110513,0.995137,-0.040818,-0.089639,-0.000306,0.994693,-0.025328,0.077436,-0.062831,0.998142,0.003560,-0.008598,-0.060219,0.999858,-0.004504,0.010546,-0.012359,0.823026,0.073902,-0.552803,-0.107589,0.838710,-0.515881,0.089255,0.149887,0.959151,0.106954,-0.043713,-0.258222,0.822505,-0.071578,-0.553556,0.109263,0.838792,0.516341,0.090410,-0.147123,0.957392,-0.106392,-0.044408,0.264780
0.999178,0.000273,-0.040374,0.003759,0.996365,0.048474,-0.069690,0.007117,0.990184,0.024139,0.079068,0.112702,0.993846,-0.006571,-0.001155,0.110570,0.995160,-0.040772,-0.089406,0.000040,0.994682,-0.025241,0.077516,-0.062936,0.998135,0.003687,-0.008566,-0.060330,0.999870,-0.004525,0.009981,-0.011826,0.822694,0.074132,-0.553346,-0.107181,0.838926,-0.515698,0.088522,0.149740,0.959157,0.107537,-0.045181,-0.257705,0.822128,-0.071576,-0.554064,0.109527,0.839121,0.516047,0.090057,-0.146495,0.957225,-0.106927,-0.045955,0.264907
0.999165,0.000284,-0.040657,0.004074,0.996348,0.048593,-0.069812,0.007445,0.990186,0.024264,0.078951,0.112740,0.993844,-0.006415,-0.001166,0.110601,0.995182,-0.040731,-0.089188,0.000365,0.994676,-0.025164,0.077537,-0.063036,0.998128,0.003823,-0.008523,-0.060439,0.999882,-0.004549,0.009421,-0.011281,0.822358,0.074332,-0.553894,-0.106785,0.839085,-0.515606,0.087798,0.149592,0.959152,0.108057,-0.046617,-0.257253,0.821755,-0.071589,-0.554563,0.109788,0.839415,0.515800,0.089697,-0.145899,0.957055,-0.107412,-0.047461,0.265058
0.999152,0.000294,-0.040948,0.004228,0.996330,0.048672,-0.069995,0.007612,0.990212,0.024369,0.078807,0.112589,0.993862,-0.006277,-0.001231,0.110442,0.995207,-0.040625,-0.088956,0.000537,0.994700,-0.025064,0.077198,-0.063118,0.998121,0.004116,-0.008574,-0.060535,0.999891,-0.004590,0.008916,-0.010823,0.821904,0.074409,-0.554609,-0.106517,0.839140,-0.515752,0.087014,0.149237,0.959123,0.108189,-0.048614,-0.256933,0.821318,-0.071730,-0.555157,0.109967,0.839604,0.515730,0.089136,-0.145402,0.956948,-0.107507,-0.049495,0.265032
0.999140,0.000304,-0.041240,0.004352,0.996310,0.048725,-0.070236,0.007751,0.990248,0.024453,0.078636,0.112375,0.993887,-0.006181,-0.001267,0.110225,0.995229,-0.040501,-0.088762,0.000679,0.994731,-0.024960,0.076803,-0.063149,0.998116,0.004412,-0.008683,-0.060578,0.999900,-0.004665,0.008405,-0.010420,0.821418,0.074435,-0.555372,-0.106274,0.839151,-0.515987,0.086216,0.148827,0.959064,0.108116,-0.050798,-0.256763,0.820869,-0.071910,-0.555763,0.110136,0.839785,0.515673,0.088534,-0.144929,0.956825,-0.107396,-0.051708,0.265099
0.999127,0.000318,-0.041532,0.004414,0.996284,0.048733,-0.070589,0.007829,0.990303,0.024500,0.078415,0.112034,0.993924,-0.006160,-0.001240,0.109889,0.995246,-0.040338,-0.088645,0.000758,0.994778,-0.024847,0.076297,-0.063078,0.998116,0.004721,-0.008907,-0.060517,0.999906,-0.004804,0.007885,-0.010129,0.820870,0.074358,-0.556228,-0.106085,0.839079,-0.516392,0.085393,0.148302,0.958945,0.107617,-0.053357,-0.256896,0.820399,-0.072165,-0.556395,0.110284,0.839923,0.515681,0.087849,-0.144515,0.956675,-0.106849,-0.054281,0.265349
0.999116,0.000334,-0.041799,0.004414,0.996253,0.048795,-0.070980,0.007851,0.990343,0.024556,0.078171,0.111837,0.993944,-0.006134,-0.001063,0.109709,0.995259,-0.040185,-0.088569,0.000773,0.994813,-0.024734,0.075916,-0.063023,0.998115,0.005018,-0.009189,-0.060464,0.999909,-0.004951,0.007522,-0.010030,0.820249,0.074265,-0.557171,-0.106006,0.838970,-0.516894,0.084520,0.147672,0.958829,0.106560,-0.056109,-0.257183,0.819867,-0.072433,-0.557122,0.110389,0.840036,0.515757,0.087044,-0.144077,0.956559,-0.105738,-0.057031,0.265635
0.999106,0.000352,-0.042054,0.004383,0.996219,0.048884,-0.071391,0.007844,0.990375,0.024617,0.077914,0.111714,0.993956,-0.006106,-0.000812,0.109608,0.995270,-0.040036,-0.088515,0.000755,0.994843,-0.024620,0.075597,-0.062976,0.998114,0.005310,-0.009499,-0.060415,0.999911,-0.005102,0.007235,-0.010026,0.819595,0.074163,-0.558151,-0.105980,0.838896,-0.517357,0.083633,0.146972,0.958707,0.105228,-0.058962,-0.257549,0.819312,-0.072710,-0.557887,0.110471,0.840201,0.515761,0.086193,-0.143609,0.956453,-0.104349,-0.059874,0.265939
0.999094,0.000375,-0.042346,0.004111,0.996185,0.049088,-0.071750,0.007603,0.990342,0.024660,0.077958,0.111974,0.993925,-0.006007,-0.000420,0.109891,0.995281,-0.039846,-0.088475,0.000500,0.994865,-0.024473,0.075384,-0.062950,0.998109,0.005861,-0.009961,-0.060375,0.999910,-0.005346,0.007003,-0.010134,0.819086,0.073798,-0.558930,-0.106059,0.839011,-0.517491,0.083139,0.146121,0.958508,0.104364,-0.061040,-0.258156,0.819006,-0.073234,-0.558284,0.110382,0.840550,0.515322,0.085510,-0.143549,0.956400,-0.103435,-0.061905,0.266022
0.999085,0.000410,-0.042593,0.003845,0.996155,0.049293,-0.072055,0.007363,0.990294,0.024684,0.077976,0.112371,0.993879,-0.005885,0.000010,0.110316,0.995294,-0.039649,-0.088418,0.000251,0.994885,-0.024338,0.075251,-0.062841,0.998108,0.006437,-0.010409,-0.060249,0.999908,-0.005592,0.006790,-0.010360,0.818673,0.073453,-0.559563,-0.106158,0.839191,-0.517473,0.082786,0.145347,0.958366,0.103699,-0.062802,-0.258527,0.818792,-0.073718,-0.558560,0.110257,0.840961,0.514746,0.084959,-0.143541,0.956405,-0.102702,-0.063630,0.265880
0.999079,0.000468,-0.042752,0.003587,0.996132,0.049496,-0.072254,0.007124,0.990222,0.024668,0.077941,0.113039,0.993802,-0.005719,0.000515,0.111020,0.995311,-0.039438,-0.088324,0.000009,0.994903,-0.024227,0.075279,-0.062570,0.998117,0.007059,-0.010828,-0.059956,0.999902,-0.005841,0.006617,-0.010825,0.818447,0.073144,-0.559907,-0.106301,0.839470,-0.517205,0.082708,0.144734,0.958348,0.103425,-0.063928,-0.258428,0.818751,-0.074121,-0.558605,0.110059,0.841418,0.514015,0.084658,-0.143659,0.956538,-0.102320,-0.064734,0.265284
