body_0_x,body_0_y,body_0_z,body_1_x,body_1_y,body_1_z,body_2_x,body_2_y,body_2_z,body_3_x,body_3_y,body_3_z,body_4_x,body_4_y,body_4_z,body_5_x,body_5_y,body_5_z,body_6_x,body_6_y,body_6_z,body_7_x,body_7_y,body_7_z,body_8_x,body_8_y,body_8_z,body_9_x,body_9_y,body_9_z,body_10_x,body_10_y,body_10_z,body_11_x,body_11_y,body_11_z,body_12_x,body_12_y,body_12_z,body_13_x,body_13_y,body_13_z
0.046256,-0.010303,0.783686,0.047009,0.106974,0.651317,0.031932,0.126267,0.346063,-0.027007,0.139423,0.034523,0.047844,-0.125925,0.649833,0.041350,-0.142344,0.344181,-0.011877,-0.153788,0.031639,0.041088,-0.010314,0.837584,0.072350,0.128826,1.073504,0.178049,0.133942,0.922547,0.274037,0.146670,0.767261,0.061501,-0.150690,1.074179,0.169917,-0.154810,0.925208,0.268454,-0.166946,0.771568
0.046022,-0.010011,0.783659,0.046817,0.107267,0.651291,0.031749,0.126563,0.346037,-0.027101,0.139744,0.034483,0.047609,-0.125633,0.649806,0.040967,-0.142065,0.344158,-0.012399,-0.153497,0.031638,0.040840,-0.010025,0.837555,0.071765,0.129112,1.073490,0.177409,0.134230,0.922376,0.273567,0.146940,0.767229,0.060947,-0.150430,1.074108,0.169322,-0.154604,0.924975,0.268008,-0.166689,0.771465
0.045821,-0.009838,0.783626,0.046634,0.107442,0.651260,0.031597,0.126732,0.346005,-0.027196,0.139911,0.034442,0.047422,-0.125458,0.649772,0.040631,-0.141905,0.344127,-0.012883,-0.153335,0.031631,0.040627,-0.009857,0.837521,0.071265,0.129272,1.073487,0.176832,0.134391,0.922198,0.273155,0.147132,0.767191,0.060512,-0.150285,1.074055,0.168814,-0.154464,0.924727,0.267664,-0.166510,0.771361
0.045688,-0.009906,0.783581,0.046474,0.107382,0.651221,0.031515,0.126644,0.345961,-0.027285,0.139765,0.034397,0.047336,-0.125518,0.649721,0.040393,-0.141986,0.344080,-0.013282,-0.153432,0.031614,0.040486,-0.009931,0.837475,0.070904,0.129180,1.073489,0.176368,0.134338,0.922011,0.272854,0.147162,0.767141,0.060273,-0.150377,1.074013,0.168471,-0.154505,0.924466,0.267520,-0.166488,0.771261
0.045609,-0.009936,0.783523,0.046384,0.107360,0.651171,0.031512,0.126609,0.345905,-0.027356,0.139676,0.034354,0.047302,-0.125539,0.649657,0.040242,-0.142007,0.344018,-0.013551,-0.153450,0.031572,0.040398,-0.009967,0.837416,0.070638,0.129141,1.073481,0.175972,0.134291,0.921804,0.272601,0.147215,0.767060,0.060123,-0.150403,1.073995,0.168158,-0.154456,0.924195,0.267389,-0.166445,0.771144
0.045557,-0.009947,0.783459,0.046328,0.107358,0.651114,0.031549,0.126599,0.345845,-0.027417,0.139614,0.034311,0.047293,-0.125540,0.649586,0.040135,-0.141998,0.343948,-0.013754,-0.153428,0.031519,0.040335,-0.009982,0.837351,0.070430,0.129126,1.073475,0.175624,0.134224,0.921604,0.272373,0.147278,0.766969,0.060034,-0.150392,1.074000,0.167878,-0.154315,0.923944,0.267263,-0.166392,0.771026
0.045391,-0.009835,0.783410,0.046121,0.107474,0.651068,0.031446,0.126724,0.345794,-0.027506,0.139713,0.034257,0.047195,-0.125424,0.649535,0.039968,-0.141888,0.343899,-0.014000,-0.153339,0.031486,0.040163,-0.009872,0.837302,0.070168,0.129251,1.073481,0.175213,0.134284,0.921424,0.272024,0.147523,0.766857,0.059924,-0.150233,1.074046,0.167595,-0.153940,0.923768,0.267073,-0.166156,0.770929
0.045345,-0.009737,0.783371,0.046036,0.107575,0.651031,0.031460,0.126836,0.345755,-0.027478,0.139803,0.034215,0.047216,-0.125322,0.649493,0.039918,-0.141801,0.343860,-0.014110,-0.153288,0.031459,0.040111,-0.009775,0.837262,0.070036,0.129368,1.073500,0.174970,0.134305,0.921302,0.271804,0.147751,0.766770,0.059957,-0.150077,1.074116,0.167519,-0.153537,0.923688,0.267007,-0.165935,0.770862
0.045536,-0.009665,0.783353,0.046190,0.107653,0.651017,0.031703,0.126926,0.345738,-0.027221,0.139880,0.034195,0.047471,-0.125244,0.649472,0.040097,-0.141758,0.343842,-0.013954,-0.153308,0.031449,0.040295,-0.009704,0.837244,0.070141,0.129473,1.073536,0.175023,0.134297,0.921251,0.271843,0.147948,0.766722,0.060242,-0.149932,1.074216,0.167774,-0.153167,0.923717,0.267192,-0.165743,0.770836
0.045652,-0.009626,0.783339,0.046287,0.107697,0.651008,0.031892,0.126972,0.345725,-0.026975,0.139917,0.034172,0.047621,-0.125199,0.649453,0.040192,-0.141749,0.343826,-0.013822,-0.153360,0.031430,0.040408,-0.009664,0.837229,0.070254,0.129538,1.073569,0.175091,0.134240,0.921217,0.271813,0.148065,0.766630,0.060346,-0.149840,1.074257,0.167866,-0.153025,0.923738,0.267200,-0.165618,0.770796
0.045730,-0.009604,0.783327,0.046355,0.107726,0.651001,0.032053,0.126993,0.345714,-0.026734,0.139934,0.034145,0.047719,-0.125170,0.649436,0.040244,-0.141759,0.343812,-0.013702,-0.153429,0.031407,0.040485,-0.009641,0.837217,0.070358,0.129584,1.073593,0.175171,0.134197,0.921203,0.271737,0.148130,0.766513,0.060364,-0.149775,1.074271,0.167845,-0.152955,0.923724,0.267137,-0.165546,0.770756
0.045835,-0.009411,0.783329,0.046416,0.107924,0.651006,0.032291,0.127182,0.345711,-0.026370,0.140093,0.034117,0.047864,-0.124971,0.649434,0.040292,-0.141600,0.343815,-0.013659,-0.153346,0.031413,0.040594,-0.009447,0.837219,0.070412,0.129834,1.073567,0.175186,0.134472,0.921150,0.271691,0.148442,0.766431,0.060485,-0.149529,1.074300,0.167934,-0.152672,0.923731,0.267190,-0.165239,0.770741
0.045887,-0.009291,0.783325,0.046429,0.108050,0.651006,0.032449,0.127293,0.345704,-0.026114,0.140167,0.034090,0.047951,-0.124845,0.649425,0.040295,-0.141516,0.343810,-0.013653,-0.153338,0.031412,0.040649,-0.009326,0.837216,0.070427,0.130008,1.073534,0.175157,0.134666,0.921088,0.271598,0.148666,0.766337,0.060555,-0.149357,1.074323,0.167968,-0.152469,0.923727,0.267180,-0.165016,0.770711
0.045835,-0.009318,0.783307,0.046344,0.108029,0.650993,0.032453,0.127244,0.345685,-0.026067,0.140074,0.034062,0.047924,-0.124865,0.649402,0.040209,-0.141584,0.343791,-0.013713,-0.153482,0.031391,0.040600,-0.009352,0.837198,0.070363,0.130033,1.073486,0.175046,0.134699,0.921008,0.271415,0.148717,0.766220,0.060526,-0.149335,1.074331,0.167894,-0.152428,0.923702,0.267050,-0.164965,0.770652
0.045903,-0.009287,0.783284,0.046397,0.108066,0.650974,0.032564,0.127238,0.345662,-0.025923,0.140021,0.034031,0.048004,-0.124828,0.649374,0.040239,-0.141595,0.343767,-0.013702,-0.153551,0.031372,0.040669,-0.009320,0.837175,0.070448,0.130106,1.073436,0.175073,0.134768,0.920918,0.271358,0.148792,0.766083,0.060626,-0.149263,1.074327,0.167935,-0.152351,0.923657,0.267013,-0.164888,0.770558
0.046031,-0.009225,0.783256,0.046518,0.108133,0.650951,0.032729,0.127257,0.345634,-0.025730,0.139991,0.033996,0.048137,-0.124761,0.649341,0.040327,-0.141574,0.343738,-0.013658,-0.153579,0.031353,0.040798,-0.009256,0.837147,0.070608,0.130205,1.073382,0.175170,0.134857,0.920820,0.271361,0.148879,0.765933,0.060790,-0.149165,1.074315,0.168032,-0.152254,0.923597,0.267020,-0.164797,0.770444
0.045950,-0.009020,0.783215,0.046410,0.108341,0.650912,0.032632,0.127417,0.345591,-0.025821,0.140097,0.033951,0.048077,-0.124553,0.649298,0.040287,-0.141398,0.343696,-0.013685,-0.153441,0.031309,0.040719,-0.009051,0.837106,0.070575,0.130423,1.073328,0.175097,0.135091,0.920739,0.271220,0.149130,0.765813,0.060774,-0.148947,1.074278,0.167986,-0.152015,0.923538,0.266921,-0.164540,0.770353
0.045910,-0.008858,0.783190,0.046348,0.108504,0.650888,0.032557,0.127535,0.345565,-0.025881,0.140173,0.033920,0.048047,-0.124389,0.649272,0.040279,-0.141264,0.343671,-0.013667,-0.153340,0.031281,0.040682,-0.008888,0.837082,0.070600,0.130599,1.073289,0.175085,0.135274,0.920675,0.271149,0.149318,0.765714,0.060793,-0.148770,1.074258,0.167979,-0.151829,0.923498,0.266866,-0.164345,0.770284
0.045951,-0.008784,0.783201,0.046379,0.108576,0.650897,0.032527,0.127564,0.345575,-0.025878,0.140185,0.033923,0.048076,-0.124318,0.649284,0.040333,-0.141219,0.343684,-0.013562,-0.153323,0.031286,0.040728,-0.008811,0.837093,0.070736,0.130690,1.073282,0.175196,0.135350,0.920650,0.271219,0.149379,0.765664,0.060883,-0.148676,1.074278,0.168049,-0.151748,0.923503,0.266901,-0.164274,0.770268
0.045935,-0.008829,0.783200,0.046350,0.108532,0.650897,0.032443,0.127469,0.345574,-0.025965,0.140049,0.033921,0.048047,-0.124361,0.649282,0.040349,-0.141294,0.343682,-0.013524,-0.153429,0.031281,0.040719,-0.008855,0.837093,0.070830,0.130650,1.073268,0.175261,0.135301,0.920616,0.271247,0.149320,0.765606,0.060928,-0.148714,1.074278,0.168073,-0.151791,0.923489,0.266895,-0.164322,0.770235
0.045890,-0.008933,0.783194,0.046291,0.108431,0.650894,0.032331,0.127309,0.345569,-0.026098,0.139838,0.033917,0.047989,-0.124463,0.649273,0.040345,-0.141430,0.343674,-0.013520,-0.153598,0.031272,0.040682,-0.008958,0.837087,0.070902,0.130544,1.073251,0.175302,0.135189,0.920577,0.271251,0.149202,0.765544,0.060951,-0.148816,1.074270,0.168073,-0.151896,0.923465,0.266866,-0.164429,0.770194
0.045788,-0.009013,0.783175,0.046190,0.108351,0.650875,0.032176,0.127192,0.345551,-0.026162,0.139722,0.033881,0.047836,-0.124542,0.649252,0.040262,-0.141533,0.343654,-0.013575,-0.153718,0.031246,0.040593,-0.009036,0.837070,0.070914,0.130467,1.073222,0.175317,0.135077,0.920549,0.271278,0.149053,0.765519,0.060880,-0.148890,1.074255,0.168000,-0.152005,0.923449,0.266795,-0.164564,0.770178
0.045675,-0.009026,0.783177,0.046084,0.108339,0.650878,0.032032,0.127141,0.345552,-0.026243,0.139661,0.033869,0.047668,-0.124555,0.649253,0.040172,-0.141571,0.343654,-0.013639,-0.153773,0.031242,0.040494,-0.009047,0.837073,0.070940,0.130452,1.073213,0.175337,0.135026,0.920535,0.271303,0.148962,0.765502,0.060806,-0.148900,1.074259,0.167917,-0.152053,0.923446,0.266709,-0.164640,0.770173
0.045541,-0.008904,0.783219,0.045968,0.108462,0.650920,0.031910,0.127222,0.345591,-0.026358,0.139715,0.033906,0.047471,-0.124433,0.649293,0.040063,-0.141480,0.343694,-0.013725,-0.153692,0.031278,0.040374,-0.008922,0.837116,0.070998,0.130563,1.073243,0.175370,0.135096,0.920547,0.271325,0.148989,0.765500,0.060729,-0.148783,1.074296,0.167817,-0.151978,0.923469,0.266594,-0.164598,0.770186
0.045340,-0.008869,0.783229,0.045778,0.108501,0.650934,0.031729,0.127232,0.345603,-0.026463,0.139721,0.033902,0.047210,-0.124394,0.649298,0.039887,-0.141480,0.343699,-0.013844,-0.153722,0.031274,0.040189,-0.008886,0.837128,0.070984,0.130595,1.073237,0.175315,0.135090,0.920511,0.271239,0.148943,0.765440,0.060595,-0.148746,1.074305,0.167642,-0.151980,0.923450,0.266382,-0.164629,0.770143
0.045107,-0.008876,0.783225,0.045552,0.108501,0.650935,0.031520,0.127210,0.345602,-0.026563,0.139706,0.033880,0.046920,-0.124394,0.649287,0.039677,-0.141523,0.343689,-0.013977,-0.153805,0.031252,0.039971,-0.008892,0.837125,0.070935,0.130587,1.073214,0.175217,0.135048,0.920454,0.271099,0.148864,0.765351,0.060434,-0.148748,1.074301,0.167430,-0.152020,0.923410,0.266123,-0.164694,0.770071
0.045133,-0.008844,0.783257,0.045608,0.108536,0.650969,0.031619,0.127208,0.345631,-0.026382,0.139693,0.033893,0.046878,-0.124360,0.649316,0.039695,-0.141526,0.343719,-0.013951,-0.153832,0.031282,0.040011,-0.008856,0.837159,0.071167,0.130617,1.073226,0.175383,0.135032,0.920419,0.271194,0.148794,0.765265,0.060499,-0.148712,1.074334,0.167435,-0.152036,0.923401,0.266057,-0.164748,0.770018
0.045103,-0.008824,0.783290,0.045615,0.108556,0.651002,0.031659,0.127200,0.345661,-0.026277,0.139680,0.033910,0.046782,-0.124340,0.649347,0.039677,-0.141527,0.343750,-0.013927,-0.153841,0.031306,0.039991,-0.008831,0.837193,0.071338,0.130641,1.073235,0.175486,0.135001,0.920381,0.271227,0.148704,0.765176,0.060495,-0.148680,1.074371,0.167368,-0.152065,0.923396,0.265916,-0.164824,0.769966
0.044961,-0.008827,0.783327,0.045525,0.108550,0.651036,0.031581,0.127180,0.345693,-0.026327,0.139670,0.033938,0.046577,-0.124348,0.649386,0.039590,-0.141523,0.343787,-0.013909,-0.153812,0.031322,0.039856,-0.008827,0.837230,0.071386,0.130655,1.073242,0.175469,0.134942,0.920341,0.271138,0.148574,0.765087,0.060354,-0.148659,1.074420,0.167162,-0.152116,0.923400,0.265630,-0.164940,0.769925
0.044848,-0.008847,0.783332,0.045477,0.108523,0.651036,0.031525,0.127140,0.345692,-0.026313,0.139654,0.033924,0.046387,-0.124375,0.649396,0.039508,-0.141555,0.343794,-0.013885,-0.153830,0.031311,0.039749,-0.008839,0.837236,0.071470,0.130660,1.073211,0.175467,0.134857,0.920249,0.271046,0.148402,0.764932,0.060224,-0.148645,1.074441,0.166943,-0.152195,0.923360,0.265308,-0.165100,0.769824
0.044751,-0.008874,0.783319,0.045450,0.108488,0.651016,0.031482,0.127091,0.345671,-0.026263,0.139634,0.033887,0.046207,-0.124410,0.649389,0.039431,-0.141605,0.343786,-0.013856,-0.153873,0.031283,0.039658,-0.008856,0.837223,0.071573,0.130663,1.073159,0.175475,0.134760,0.920130,0.270958,0.148208,0.764744,0.060101,-0.148634,1.074446,0.166719,-0.152286,0.923296,0.264971,-0.165279,0.769694
0.044695,-0.008864,0.783355,0.045432,0.108491,0.651046,0.031425,0.127091,0.345702,-0.026285,0.139661,0.033912,0.046074,-0.124408,0.649430,0.039381,-0.141588,0.343825,-0.013844,-0.153824,0.031310,0.039614,-0.008838,0.837260,0.071729,0.130684,1.073165,0.175536,0.134711,0.920069,0.270927,0.148090,0.764621,0.060054,-0.148605,1.074490,0.166585,-0.152328,0.923280,0.264744,-0.165385,0.769623
0.044603,-0.008827,0.783369,0.045378,0.108522,0.651054,0.031334,0.127119,0.345711,-0.026330,0.139718,0.033914,0.045904,-0.124378,0.649449,0.039291,-0.141539,0.343841,-0.013856,-0.153743,0.031311,0.039534,-0.008794,0.837276,0.071854,0.130736,1.073148,0.175569,0.134687,0.919987,0.270866,0.147997,0.764477,0.059979,-0.148546,1.074512,0.166424,-0.152341,0.923243,0.264485,-0.165466,0.769531
0.044437,-0.008734,0.783341,0.045248,0.108610,0.651022,0.031170,0.127207,0.345680,-0.026425,0.139844,0.033871,0.045653,-0.124290,0.649424,0.039116,-0.141424,0.343814,-0.013922,-0.153591,0.031262,0.039382,-0.008693,0.837249,0.071915,0.130848,1.073084,0.175541,0.134717,0.919862,0.270735,0.147960,0.764287,0.059852,-0.148425,1.074495,0.166206,-0.152292,0.923164,0.264154,-0.165492,0.769390
0.044161,-0.008829,0.783327,0.044989,0.108511,0.651004,0.030892,0.127118,0.345663,-0.026552,0.139813,0.033828,0.045311,-0.124389,0.649413,0.038828,-0.141494,0.343800,-0.014105,-0.153632,0.031229,0.039120,-0.008780,0.837236,0.071872,0.130786,1.073025,0.175400,0.134588,0.919735,0.270488,0.147775,0.764093,0.059633,-0.148479,1.074498,0.165896,-0.152406,0.923105,0.263740,-0.165667,0.769271
0.043829,-0.009018,0.783318,0.044665,0.108318,0.650992,0.030556,0.126939,0.345651,-0.026695,0.139701,0.033783,0.044921,-0.124582,0.649406,0.038483,-0.141658,0.343791,-0.014347,-0.153771,0.031201,0.038803,-0.008961,0.837228,0.071775,0.130639,1.072966,0.175203,0.134380,0.919606,0.270183,0.147519,0.763898,0.059369,-0.148620,1.074510,0.165540,-0.152601,0.923054,0.263286,-0.165916,0.769164
0.044224,-0.009231,0.783351,0.045072,0.108102,0.651021,0.030924,0.126742,0.345684,-0.026210,0.139571,0.033796,0.045248,-0.124799,0.649441,0.038887,-0.141820,0.343821,-0.013812,-0.153870,0.031206,0.039214,-0.009166,0.837263,0.072465,0.130450,1.072953,0.175804,0.134128,0.919532,0.270688,0.147217,0.763764,0.059875,-0.148798,1.074554,0.165968,-0.152835,0.923045,0.263622,-0.166211,0.769104
0.044443,-0.009416,0.783381,0.045286,0.107912,0.651047,0.031100,0.126560,0.345711,-0.025890,0.139445,0.033798,0.045400,-0.124988,0.649474,0.039106,-0.141966,0.343851,-0.013473,-0.153969,0.031212,0.039453,-0.009344,0.837295,0.072988,0.130294,1.072934,0.176236,0.133917,0.919451,0.271020,0.146963,0.763621,0.060242,-0.148946,1.074595,0.166254,-0.153032,0.923030,0.263813,-0.166461,0.769037
0.044309,-0.009546,0.783403,0.045117,0.107776,0.651063,0.030893,0.126409,0.345728,-0.025903,0.139332,0.033779,0.045204,-0.125125,0.649501,0.038955,-0.142080,0.343875,-0.013523,-0.154070,0.031218,0.039345,-0.009467,0.837319,0.073176,0.130197,1.072902,0.176326,0.133785,0.919352,0.271003,0.146804,0.763458,0.060330,-0.149035,1.074625,0.166251,-0.153156,0.922998,0.263712,-0.166624,0.768948
0.044116,-0.009541,0.783441,0.044880,0.107777,0.651097,0.030651,0.126419,0.345762,-0.025949,0.139400,0.033779,0.044949,-0.125123,0.649541,0.038749,-0.142059,0.343913,-0.013580,-0.154046,0.031229,0.039181,-0.009456,0.837360,0.073325,0.130235,1.072885,0.176354,0.133795,0.919252,0.270902,0.146797,0.763282,0.060398,-0.148992,1.074667,0.166205,-0.153142,0.922961,0.263545,-0.166644,0.768840
0.043894,-0.009468,0.783487,0.044608,0.107848,0.651140,0.030391,0.126509,0.345806,-0.026011,0.139558,0.033787,0.044664,-0.125052,0.649587,0.038515,-0.141972,0.343958,-0.013642,-0.153959,0.031244,0.038990,-0.009378,0.837409,0.073454,0.130339,1.072873,0.176351,0.133880,0.919152,0.270758,0.146872,0.763098,0.060457,-0.148882,1.074715,0.166138,-0.153062,0.922922,0.263345,-0.166597,0.768721
0.043702,-0.009561,0.783546,0.044353,0.107756,0.651197,0.030157,0.126431,0.345864,-0.026099,0.139530,0.033819,0.044391,-0.125145,0.649645,0.038332,-0.142045,0.344012,-0.013621,-0.154025,0.031262,0.038840,-0.009467,0.837471,0.073667,0.130286,1.072864,0.176401,0.133812,0.919033,0.270652,0.146787,0.762882,0.060634,-0.148932,1.074773,0.166142,-0.153160,0.922860,0.263187,-0.166731,0.768557
0.043508,-0.009612,0.783613,0.044085,0.107708,0.651265,0.029936,0.126392,0.345930,-0.026175,0.139528,0.033858,0.044116,-0.125193,0.649708,0.038152,-0.142082,0.344073,-0.013603,-0.154064,0.031288,0.038690,-0.009515,0.837542,0.073910,0.130266,1.072863,0.176473,0.133798,0.918918,0.270563,0.146774,0.762668,0.060862,-0.148949,1.074830,0.166190,-0.153222,0.922794,0.263069,-0.166828,0.768384
0.043309,-0.009577,0.783694,0.043789,0.107750,0.651350,0.029738,0.126434,0.346010,-0.026227,0.139580,0.033909,0.043836,-0.125151,0.649781,0.037978,-0.142047,0.344145,-0.013595,-0.154052,0.031329,0.038544,-0.009480,0.837628,0.074213,0.130317,1.072875,0.176594,0.133887,0.918811,0.270508,0.146900,0.762456,0.061192,-0.148896,1.074886,0.166328,-0.153204,0.922719,0.263027,-0.166840,0.768195
0.043117,-0.009527,0.783758,0.043492,0.107810,0.651420,0.029555,0.126488,0.346075,-0.026230,0.139641,0.033939,0.043554,-0.125091,0.649835,0.037821,-0.141999,0.344197,-0.013499,-0.154039,0.031338,0.038409,-0.009431,0.837697,0.074595,0.130370,1.072869,0.176778,0.134002,0.918674,0.270504,0.147076,0.762210,0.061579,-0.148839,1.074915,0.166515,-0.153197,0.922611,0.263026,-0.166876,0.767971
0.042928,-0.009470,0.783814,0.043195,0.107878,0.651484,0.029380,0.126548,0.346133,-0.026209,0.139707,0.033959,0.043269,-0.125022,0.649879,0.037670,-0.141944,0.344240,-0.013362,-0.154024,0.031332,0.038281,-0.009376,0.837758,0.075016,0.130422,1.072852,0.176992,0.134148,0.918523,0.270523,0.147307,0.761946,0.061993,-0.148783,1.074930,0.166723,-0.153213,0.922487,0.263044,-0.166954,0.767728
0.042694,-0.009385,0.783938,0.042835,0.107976,0.651616,0.029195,0.126603,0.346255,-0.026173,0.139729,0.034037,0.042928,-0.124924,0.649991,0.037501,-0.141877,0.344350,-0.013319,-0.153998,0.031406,0.038117,-0.009293,0.837888,0.075498,0.130517,1.072882,0.177253,0.134365,0.918410,0.270569,0.147639,0.761710,0.062498,-0.148683,1.075010,0.166995,-0.153223,0.922410,0.263098,-0.167059,0.767519
0.042390,-0.009337,0.784063,0.042388,0.108038,0.651751,0.028919,0.126613,0.346379,-0.026193,0.139702,0.034111,0.042513,-0.124862,0.650102,0.037262,-0.141847,0.344460,-0.013307,-0.154017,0.031474,0.037889,-0.009247,0.838020,0.075962,0.130568,1.072907,0.177469,0.134593,0.918277,0.270551,0.148023,0.761445,0.062988,-0.148628,1.075081,0.167233,-0.153307,0.922314,0.263104,-0.167260,0.767280
0.041946,-0.009362,0.784191,0.041764,0.108030,0.651891,0.028463,0.126530,0.346507,-0.026323,0.139572,0.034176,0.041950,-0.124870,0.650214,0.036882,-0.141889,0.344571,-0.013357,-0.154126,0.031531,0.037533,-0.009276,0.838155,0.076390,0.130534,1.072927,0.177604,0.134806,0.918111,0.270411,0.148444,0.761121,0.063447,-0.148657,1.075139,0.167406,-0.153506,0.922181,0.263016,-0.167590,0.766985
0.041558,-0.009266,0.784309,0.041193,0.108141,0.652020,0.028097,0.126546,0.346621,-0.026312,0.139522,0.034218,0.041414,-0.124758,0.650317,0.036539,-0.141815,0.344673,-0.013386,-0.154112,0.031581,0.037243,-0.009183,0.838281,0.076985,0.130617,1.072920,0.177891,0.135179,0.917912,0.270436,0.149049,0.760768,0.064064,-0.148568,1.075174,0.167716,-0.153646,0.922016,0.263068,-0.167905,0.766656
0.041198,-0.009110,0.784423,0.040647,0.108312,0.652144,0.027776,0.126611,0.346729,-0.026231,0.139513,0.034250,0.040890,-0.124587,0.650417,0.036213,-0.141682,0.344772,-0.013406,-0.154036,0.031630,0.036986,-0.009030,0.838403,0.077664,0.130759,1.072900,0.178253,0.135652,0.917695,0.270541,0.149784,0.760400,0.064759,-0.148419,1.075196,0.168091,-0.153780,0.921831,0.263189,-0.168250,0.766309
0.040768,-0.008945,0.784584,0.039982,0.108498,0.652321,0.027374,0.126691,0.346889,-0.026195,0.139518,0.034327,0.040263,-0.124401,0.650559,0.035839,-0.141556,0.344914,-0.013418,-0.153991,0.031714,0.036683,-0.008870,0.838573,0.078463,0.130909,1.072897,0.178694,0.136183,0.917474,0.270697,0.150616,0.760011,0.065616,-0.148261,1.075243,0.168577,-0.153936,0.921640,0.263383,-0.168638,0.765931
0.040233,-0.008778,0.784749,0.039195,0.108688,0.652504,0.026861,0.126776,0.347055,-0.026256,0.139528,0.034408,0.039518,-0.124211,0.650704,0.035350,-0.141424,0.345058,-0.013546,-0.153937,0.031800,0.036284,-0.008709,0.838749,0.079241,0.131057,1.072883,0.179102,0.136748,0.917236,0.270814,0.151508,0.759604,0.066460,-0.148105,1.075277,0.169036,-0.154120,0.921430,0.263545,-0.169070,0.765531
0.039487,-0.008606,0.784927,0.038160,0.108887,0.652705,0.026128,0.126869,0.347237,-0.026507,0.139544,0.034501,0.038533,-0.124012,0.650859,0.034632,-0.141281,0.345213,-0.013902,-0.153870,0.031897,0.035691,-0.008545,0.838937,0.079980,0.131201,1.072856,0.179448,0.137341,0.916975,0.270858,0.152449,0.759167,0.067279,-0.147951,1.075297,0.169448,-0.154317,0.921193,0.263646,-0.169516,0.765093
0.038836,-0.008457,0.785087,0.037183,0.109064,0.652890,0.025487,0.126950,0.347404,-0.026557,0.139576,0.034561,0.037614,-0.123833,0.650995,0.034032,-0.141174,0.345349,-0.014005,-0.153870,0.031956,0.035213,-0.008402,0.839109,0.080963,0.131346,1.072766,0.179967,0.137932,0.916609,0.271009,0.153393,0.758590,0.068360,-0.147797,1.075283,0.170041,-0.154526,0.920873,0.263859,-0.169989,0.764534
0.038234,-0.008318,0.785240,0.036237,0.109233,0.653071,0.024893,0.127027,0.347565,-0.026504,0.139618,0.034609,0.036730,-0.123664,0.651125,0.033493,-0.141086,0.345479,-0.013980,-0.153903,0.031999,0.034795,-0.008269,0.839274,0.082068,0.131493,1.072640,0.180574,0.138518,0.916187,0.271217,0.154330,0.757944,0.069572,-0.147641,1.075249,0.170727,-0.154733,0.920510,0.264132,-0.170461,0.763914
0.037422,-0.008203,0.785498,0.035005,0.109377,0.653358,0.024098,0.127058,0.347831,-0.026649,0.139567,0.034759,0.035640,-0.123520,0.651361,0.032845,-0.140999,0.345714,-0.014089,-0.153914,0.032150,0.034190,-0.008158,0.839545,0.083164,0.131655,1.072555,0.181134,0.139126,0.915787,0.271325,0.155308,0.757298,0.070845,-0.147468,1.075299,0.171441,-0.154884,0.920211,0.264393,-0.170854,0.763339
0.036653,-0.008112,0.785754,0.033790,0.109497,0.653646,0.023338,0.127064,0.348097,-0.026690,0.139496,0.034900,0.034587,-0.123398,0.651595,0.032239,-0.140945,0.345949,-0.014126,-0.153975,0.032299,0.033637,-0.008071,0.839813,0.084373,0.131808,1.072434,0.181779,0.139715,0.915337,0.271491,0.156260,0.756589,0.072258,-0.147306,1.075325,0.172266,-0.155024,0.919873,0.264742,-0.171214,0.762711
0.035972,-0.008068,0.786006,0.032609,0.109572,0.653934,0.022652,0.127016,0.348363,-0.026516,0.139383,0.035020,0.033613,-0.123322,0.651827,0.031722,-0.140960,0.346182,-0.014017,-0.154140,0.032439,0.033190,-0.008030,0.840078,0.085809,0.131942,1.072252,0.182592,0.140278,0.914793,0.271771,0.157181,0.755759,0.073956,-0.147162,1.075319,0.173315,-0.155152,0.919465,0.265265,-0.171532,0.761982
0.035133,-0.008021,0.786276,0.031223,0.109652,0.654247,0.021830,0.126979,0.348652,-0.026425,0.139275,0.035158,0.032505,-0.123241,0.652074,0.031151,-0.140971,0.346432,-0.013975,-0.154299,0.032599,0.032595,-0.007988,0.840359,0.087211,0.132109,1.072033,0.183368,0.140876,0.914215,0.272010,0.158142,0.754898,0.075766,-0.146988,1.075284,0.174456,-0.155202,0.919018,0.265866,-0.171728,0.761204
0.034215,-0.007972,0.786555,0.029735,0.109735,0.654574,0.020940,0.126951,0.348956,-0.026375,0.139175,0.035309,0.031329,-0.123155,0.652330,0.030553,-0.140976,0.346692,-0.013966,-0.154450,0.032771,0.031926,-0.007944,0.840649,0.088592,0.132295,1.071783,0.184126,0.141480,0.913611,0.272233,0.159103,0.754016,0.077630,-0.146795,1.075221,0.175646,-0.155196,0.918541,0.266513,-0.171833,0.760395
0.033309,-0.007915,0.786817,0.028276,0.109832,0.654892,0.020239,0.126967,0.349250,-0.026217,0.139091,0.035465,0.030214,-0.123054,0.652564,0.030206,-0.140952,0.346929,-0.013903,-0.154506,0.032948,0.031260,-0.007896,0.840921,0.090187,0.132506,1.071439,0.185106,0.142093,0.912922,0.272685,0.160063,0.753058,0.079847,-0.146576,1.075059,0.177162,-0.155131,0.917952,0.267464,-0.171850,0.759460
0.032296,-0.007845,0.787055,0.026716,0.109947,0.655194,0.019500,0.127017,0.349529,-0.026086,0.139038,0.035606,0.029042,-0.122934,0.652770,0.029891,-0.140939,0.347141,-0.013931,-0.154581,0.033120,0.030477,-0.007835,0.841167,0.091715,0.132740,1.071029,0.186049,0.142727,0.912189,0.273127,0.161042,0.752073,0.082037,-0.146330,1.074829,0.178684,-0.154995,0.917317,0.268457,-0.171751,0.758498
0.031065,-0.007748,0.787244,0.024948,0.110100,0.655459,0.018678,0.127134,0.349773,-0.026011,0.139047,0.035711,0.027754,-0.122775,0.652914,0.029639,-0.140948,0.347300,-0.014143,-0.154699,0.033276,0.029454,-0.007751,0.841362,0.093110,0.133016,1.070511,0.186910,0.143426,0.911383,0.273537,0.162106,0.751047,0.084168,-0.146039,1.074488,0.180210,-0.154748,0.916609,0.269521,-0.171472,0.757496
0.029758,-0.007710,0.787346,0.023158,0.110222,0.655664,0.018023,0.127267,0.349959,-0.025949,0.139035,0.035786,0.026497,-0.122644,0.652945,0.029859,-0.141000,0.347354,-0.014261,-0.154763,0.033379,0.028329,-0.007736,0.841469,0.094561,0.133219,1.069846,0.187901,0.144057,0.910476,0.274135,0.163115,0.749959,0.086455,-0.145814,1.073963,0.181939,-0.154511,0.915745,0.270823,-0.171152,0.756354
0.028412,-0.007702,0.787404,0.021356,0.110327,0.655838,0.017452,0.127410,0.350119,-0.025895,0.139018,0.035850,0.025254,-0.122528,0.652920,0.030312,-0.141067,0.347363,-0.014332,-0.154792,0.033463,0.027152,-0.007756,0.841531,0.096032,0.133396,1.069083,0.188954,0.144648,0.909499,0.274824,0.164080,0.748820,0.088814,-0.145611,1.073322,0.183766,-0.154256,0.914782,0.272242,-0.170778,0.755124
0.027088,-0.007701,0.787380,0.019630,0.110476,0.655976,0.017387,0.127662,0.350249,-0.025554,0.139021,0.035914,0.024207,-0.122363,0.652768,0.031760,-0.141231,0.347282,-0.014274,-0.154854,0.033590,0.025968,-0.007799,0.841509,0.097824,0.133527,1.068132,0.190408,0.145252,0.908386,0.275975,0.165120,0.747590,0.091545,-0.145441,1.072446,0.186052,-0.153929,0.913632,0.274197,-0.170231,0.753741
0.025628,-0.007768,0.787309,0.017772,0.110577,0.656090,0.017463,0.127925,0.350367,-0.025271,0.138979,0.035992,0.023102,-0.122242,0.652551,0.033499,-0.141462,0.347169,-0.014234,-0.154930,0.033740,0.024643,-0.007918,0.841440,0.099615,0.133588,1.067048,0.191864,0.145813,0.907145,0.277119,0.166150,0.746234,0.094315,-0.145334,1.071415,0.188394,-0.153588,0.912334,0.276219,-0.169599,0.752213
0.023899,-0.007970,0.787148,0.015652,0.110586,0.656158,0.017820,0.128208,0.350461,-0.025105,0.138840,0.036099,0.021885,-0.122204,0.652208,0.035822,-0.141834,0.346993,-0.014230,-0.155044,0.033935,0.023039,-0.008186,0.841280,0.101421,0.133495,1.065739,0.193328,0.146305,0.905685,0.278253,0.167199,0.744665,0.097177,-0.145370,1.070115,0.190853,-0.153259,0.910778,0.278377,-0.168859,0.750430
0.021998,-0.008211,0.786865,0.013390,0.110577,0.656130,0.018736,0.128633,0.350500,-0.024950,0.138702,0.036231,0.020587,-0.122178,0.651730,0.038583,-0.142253,0.346754,-0.014058,-0.155130,0.034133,0.021261,-0.008502,0.840998,0.103346,0.133340,1.064167,0.194926,0.146794,0.903979,0.279549,0.168294,0.742871,0.100232,-0.145456,1.068488,0.193541,-0.152881,0.908913,0.280813,-0.167971,0.748356
0.020011,-0.008471,0.786521,0.011058,0.110560,0.656058,0.019931,0.129148,0.350546,-0.024800,0.138602,0.036412,0.019249,-0.122153,0.651187,0.041561,-0.142671,0.346525,-0.013798,-0.155148,0.034385,0.019396,-0.008843,0.840655,0.105312,0.133172,1.062416,0.196575,0.147293,0.902105,0.280909,0.169415,0.740919,0.103367,-0.145545,1.066649,0.196328,-0.152446,0.906847,0.283371,-0.166964,0.746089
0.017669,-0.008773,0.785970,0.008343,0.110482,0.655779,0.021548,0.129739,0.350469,-0.024828,0.138378,0.036561,0.017568,-0.122182,0.650461,0.044468,-0.143096,0.346195,-0.013749,-0.155065,0.034586,0.017209,-0.009226,0.840104,0.107577,0.132921,1.060183,0.198512,0.147786,0.899753,0.282566,0.170598,0.738503,0.106833,-0.145697,1.064240,0.199505,-0.151950,0.904244,0.286382,-0.165793,0.743319
0.015218,-0.009099,0.785330,0.005495,0.110368,0.655414,0.023187,0.130365,0.350382,-0.024878,0.138215,0.036720,0.015745,-0.122243,0.649667,0.047328,-0.143509,0.345874,-0.013656,-0.154912,0.034804,0.014934,-0.009631,0.839464,0.109891,0.132672,1.057691,0.200481,0.148273,0.897136,0.284250,0.171762,0.735818,0.110376,-0.145835,1.061543,0.202746,-0.151412,0.901348,0.289449,-0.164553,0.740251
0.012545,-0.009471,0.784513,0.002376,0.110183,0.654869,0.024865,0.131023,0.350213,-0.024978,0.138101,0.036822,0.013637,-0.122371,0.648731,0.050093,-0.143936,0.345503,-0.013492,-0.154721,0.034962,0.012479,-0.010077,0.838647,0.112334,0.132395,1.054773,0.202543,0.148734,0.894078,0.286015,0.172888,0.732685,0.114102,-0.145986,1.058364,0.206142,-0.150855,0.897956,0.292654,-0.163264,0.736680
0.009752,-0.009814,0.783510,-0.000917,0.110013,0.654148,0.026508,0.131702,0.349959,-0.025056,0.138008,0.036843,0.011238,-0.122486,0.647640,0.052722,-0.144368,0.345081,-0.013333,-0.154509,0.035063,0.009973,-0.010490,0.837642,0.115164,0.132107,1.051370,0.204977,0.149156,0.890528,0.288177,0.173925,0.729059,0.118043,-0.146132,1.054665,0.209753,-0.150308,0.894050,0.296093,-0.161980,0.732606
0.006900,-0.010142,0.782414,-0.004296,0.109850,0.653347,0.028131,0.132409,0.349718,-0.025125,0.137964,0.036883,0.008693,-0.122594,0.646478,0.055275,-0.144784,0.344682,-0.013179,-0.154238,0.035194,0.007441,-0.010884,0.836543,0.118146,0.131832,1.047633,0.207543,0.149583,0.886636,0.290478,0.174936,0.725088,0.122045,-0.146255,1.050613,0.213415,-0.149746,0.889788,0.299585,-0.160670,0.728176
0.003769,-0.010575,0.781094,-0.008023,0.109576,0.652350,0.029568,0.133050,0.349388,-0.025388,0.137862,0.036848,0.005630,-0.122819,0.645129,0.057637,-0.145408,0.344250,-0.012976,-0.154291,0.035260,0.004726,-0.011375,0.835216,0.121226,0.131499,1.043328,0.210297,0.149860,0.882219,0.293112,0.175665,0.720636,0.126080,-0.146420,1.046021,0.217116,-0.149349,0.884997,0.303169,-0.159576,0.723236
0.000589,-0.010924,0.779678,-0.011811,0.109396,0.651291,0.030922,0.133777,0.349085,-0.025760,0.137850,0.036856,0.002390,-0.122954,0.643699,0.059914,-0.145944,0.343858,-0.012781,-0.154242,0.035362,0.002002,-0.011781,0.833789,0.124388,0.131256,1.038670,0.213136,0.150195,0.877451,0.295868,0.176375,0.715831,0.130061,-0.146488,1.041100,0.220739,-0.148941,0.879866,0.306670,-0.158492,0.717948
-0.002691,-0.011108,0.778068,-0.015724,0.109404,0.650089,0.032120,0.134630,0.348720,-0.026336,0.137930,0.036824,-0.001206,-0.122914,0.642096,0.062035,-0.146356,0.343445,-0.012593,-0.154095,0.035422,-0.000742,-0.012020,0.832161,0.127789,0.131138,1.033469,0.216244,0.150584,0.872150,0.298980,0.176997,0.710499,0.134017,-0.146425,1.035692,0.224305,-0.148561,0.874235,0.310125,-0.157492,0.712153
-0.005928,-0.011276,0.776271,-0.019639,0.109447,0.648757,0.033392,0.135529,0.348330,-0.026735,0.138082,0.036760,-0.004961,-0.122846,0.640334,0.064211,-0.146742,0.343038,-0.012288,-0.153968,0.035486,-0.003368,-0.012234,0.830337,0.131456,0.131024,1.027746,0.219672,0.150970,0.866357,0.302535,0.177484,0.704691,0.137929,-0.146355,1.029912,0.227863,-0.148321,0.868255,0.313656,-0.156632,0.706032
-0.009145,-0.011436,0.774381,-0.023555,0.109507,0.647374,0.034693,0.136438,0.347989,-0.027053,0.138252,0.036747,-0.008800,-0.122765,0.638507,0.066389,-0.147130,0.342718,-0.011950,-0.153882,0.035642,-0.005936,-0.012435,0.828411,0.135182,0.130905,1.021655,0.223148,0.151371,0.860194,0.306174,0.177920,0.698510,0.141749,-0.146288,1.023841,0.231311,-0.148177,0.861975,0.317095,-0.155862,0.699613
-0.012217,-0.011415,0.772200,-0.027322,0.109814,0.645804,0.036387,0.137540,0.347606,-0.027140,0.138551,0.036736,-0.012626,-0.122440,0.636381,0.068790,-0.147331,0.342293,-0.011326,-0.153741,0.035690,-0.008312,-0.012454,0.826182,0.138890,0.130955,1.015131,0.226739,0.151979,0.853677,0.310146,0.178460,0.692050,0.145208,-0.146058,1.017597,0.234497,-0.148003,0.855579,0.320451,-0.155014,0.693153
-0.015331,-0.011433,0.769823,-0.031146,0.110084,0.644084,0.038270,0.138652,0.347242,-0.027238,0.138819,0.036801,-0.016532,-0.122154,0.634102,0.071287,-0.147646,0.341917,-0.010674,-0.153775,0.035820,-0.010703,-0.012510,0.823745,0.142363,0.130947,1.008293,0.230080,0.152573,0.846846,0.313878,0.178978,0.685288,0.148395,-0.145887,1.011078,0.237398,-0.147917,0.848902,0.323528,-0.154240,0.686427
-0.018531,-0.011529,0.767052,-0.035090,0.110279,0.642039,0.040534,0.139806,0.346812,-0.027358,0.139044,0.036908,-0.020594,-0.121941,0.631486,0.074015,-0.148160,0.341497,-0.009921,-0.154108,0.035959,-0.013126,-0.012640,0.820899,0.145502,0.130835,1.001029,0.233135,0.153094,0.839620,0.317394,0.179416,0.678176,0.151165,-0.145824,1.004203,0.239930,-0.147961,0.841896,0.326304,-0.153578,0.679423
-0.021728,-0.011547,0.763786,-0.039068,0.110534,0.639551,0.043154,0.141045,0.346192,-0.027540,0.139199,0.036949,-0.024722,-0.121670,0.628448,0.076857,-0.148703,0.340906,-0.009353,-0.154443,0.036032,-0.015501,-0.012693,0.817541,0.148428,0.130715,0.993268,0.235952,0.153645,0.831893,0.320653,0.179918,0.670576,0.153711,-0.145774,0.996757,0.242240,-0.147991,0.834321,0.328857,-0.152898,0.671873
-0.024923,-0.011527,0.760271,-0.043062,0.110816,0.636861,0.045926,0.142302,0.345587,-0.027773,0.139293,0.037086,-0.028884,-0.121373,0.625222,0.079708,-0.149287,0.340343,-0.008931,-0.154813,0.036200,-0.017852,-0.012709,0.813919,0.151187,0.130589,0.985183,0.238545,0.154225,0.823819,0.323648,0.180455,0.662626,0.156094,-0.145734,0.988956,0.244343,-0.148035,0.826367,0.331168,-0.152221,0.663948
-0.028306,-0.011373,0.755982,-0.047409,0.111185,0.633487,0.049062,0.143824,0.344732,-0.027961,0.139549,0.037097,-0.033391,-0.120990,0.621370,0.082801,-0.149729,0.339592,-0.008617,-0.154928,0.036310,-0.020268,-0.012586,0.809492,0.153349,0.130525,0.976609,0.240585,0.154877,0.815284,0.326124,0.181083,0.654255,0.157913,-0.145642,0.980543,0.245964,-0.147979,0.817847,0.333062,-0.151432,0.655514
-0.031676,-0.011224,0.751368,-0.051764,0.111543,0.629863,0.052361,0.145330,0.343911,-0.028132,0.139722,0.037228,-0.037935,-0.120618,0.617269,0.085935,-0.150217,0.338873,-0.008349,-0.155081,0.036511,-0.022644,-0.012471,0.804717,0.155295,0.130446,0.967733,0.242419,0.155510,0.806456,0.328407,0.181675,0.645614,0.159577,-0.145569,0.971775,0.247423,-0.147958,0.808967,0.334792,-0.150681,0.646740
-0.035020,-0.011086,0.746105,-0.056142,0.111883,0.625694,0.056029,0.146842,0.342943,-0.028227,0.139775,0.037351,-0.042545,-0.120266,0.612622,0.089240,-0.150750,0.337984,-0.008076,-0.155237,0.036629,-0.024937,-0.012375,0.799264,0.156934,0.130338,0.958402,0.244049,0.156078,0.797227,0.330568,0.182183,0.636632,0.161037,-0.145531,0.962429,0.248748,-0.147971,0.799548,0.336444,-0.149987,0.637478
-0.038351,-0.010866,0.740121,-0.060538,0.112284,0.620894,0.060050,0.148559,0.341796,-0.028238,0.140002,0.037441,-0.047132,-0.119849,0.607360,0.092873,-0.151222,0.336924,-0.007804,-0.155243,0.036730,-0.027192,-0.012195,0.793062,0.158460,0.130316,0.948315,0.245657,0.156746,0.787295,0.332772,0.182830,0.627009,0.162433,-0.145403,0.952285,0.250118,-0.147844,0.789389,0.338223,-0.149139,0.627542
-0.041675,-0.010605,0.733778,-0.064940,0.112712,0.615815,0.064184,0.150340,0.340744,-0.028257,0.140270,0.037736,-0.051711,-0.119405,0.601830,0.096577,-0.151704,0.335958,-0.007621,-0.155218,0.037029,-0.029429,-0.011972,0.786477,0.159886,0.130340,0.937800,0.247234,0.157451,0.776975,0.334983,0.183540,0.617039,0.163755,-0.145226,0.941698,0.251486,-0.147635,0.778825,0.340046,-0.148221,0.617244
-0.045018,-0.010062,0.726310,-0.069398,0.113360,0.609682,0.068545,0.152464,0.339135,-0.028303,0.140899,0.037640,-0.056391,-0.118749,0.595357,0.100530,-0.151924,0.334598,-0.007234,-0.154790,0.037006,-0.031633,-0.011449,0.778730,0.161306,0.130683,0.925981,0.248923,0.158374,0.765400,0.337397,0.184387,0.605870,0.165065,-0.144721,0.929859,0.252945,-0.147157,0.767066,0.342041,-0.147125,0.605813
-0.048421,-0.009533,0.718418,-0.073933,0.113978,0.603209,0.072810,0.154545,0.337551,-0.028445,0.141433,0.037659,-0.061164,-0.118126,0.588566,0.104324,-0.152212,0.333279,-0.007098,-0.154407,0.037113,-0.033883,-0.010932,0.770529,0.162656,0.131027,0.913540,0.250612,0.159258,0.753239,0.339856,0.185186,0.594153,0.166282,-0.144209,0.917460,0.254372,-0.146673,0.754780,0.344045,-0.146055,0.593893
-0.051941,-0.009033,0.709678,-0.078621,0.114540,0.595990,0.077006,0.156612,0.335676,-0.028677,0.141861,0.037493,-0.066114,-0.117560,0.581063,0.107984,-0.152558,0.331696,-0.007280,-0.154016,0.037089,-0.036218,-0.010432,0.761443,0.163956,0.131366,0.899955,0.252345,0.160096,0.739980,0.342437,0.185908,0.581394,0.167401,-0.143691,0.904033,0.255785,-0.146196,0.741512,0.346106,-0.145023,0.581047
-0.055560,-0.008411,0.700165,-0.083451,0.115204,0.588115,0.081086,0.158825,0.333599,-0.029002,0.142348,0.037215,-0.071256,-0.116896,0.572933,0.111464,-0.152844,0.329951,-0.007583,-0.153561,0.036946,-0.038610,-0.009794,0.751541,0.165239,0.131880,0.885220,0.254102,0.161032,0.725584,0.345059,0.186679,0.567515,0.168446,-0.142987,0.889658,0.257126,-0.145576,0.727299,0.348086,-0.143912,0.567264
-0.059229,-0.007729,0.690265,-0.088349,0.115914,0.579955,0.084998,0.161059,0.331627,-0.029459,0.142765,0.037128,-0.076497,-0.116189,0.564538,0.114711,-0.153154,0.328333,-0.008078,-0.153137,0.036978,-0.041038,-0.009089,0.741214,0.166437,0.132481,0.869847,0.255809,0.162002,0.710563,0.347639,0.187457,0.553024,0.169395,-0.142190,0.874752,0.258381,-0.144880,0.712561,0.349970,-0.142771,0.552963
-0.062910,-0.007136,0.679581,-0.093378,0.116483,0.571127,0.088646,0.163142,0.329373,-0.029746,0.142977,0.036677,-0.081879,-0.115627,0.555540,0.117588,-0.153478,0.326410,-0.008742,-0.152515,0.036677,-0.043417,-0.008446,0.730046,0.167805,0.133064,0.853102,0.257723,0.162896,0.694183,0.350447,0.188123,0.537195,0.170502,-0.141390,0.858685,0.259816,-0.144204,0.696675,0.352045,-0.141701,0.537532
-0.066629,-0.006540,0.668712,-0.098457,0.117039,0.562210,0.092038,0.165148,0.327365,-0.030146,0.143088,0.036490,-0.087321,-0.115079,0.546470,0.120152,-0.153856,0.324721,-0.009515,-0.151948,0.036573,-0.045834,-0.007795,0.718654,0.169032,0.133674,0.835929,0.259503,0.163778,0.677374,0.353101,0.188775,0.520938,0.171505,-0.140556,0.842255,0.261135,-0.143494,0.680422,0.353973,-0.140634,0.521723
-0.070426,-0.005937,0.657471,-0.103649,0.117579,0.553029,0.095126,0.167098,0.325450,-0.030609,0.143185,0.036354,-0.092882,-0.114547,0.537158,0.122351,-0.154238,0.323100,-0.010262,-0.151373,0.036402,-0.048317,-0.007125,0.706845,0.170128,0.134335,0.818029,0.261139,0.164664,0.659827,0.355576,0.189433,0.503930,0.172417,-0.139658,0.825212,0.262330,-0.142721,0.663537,0.355728,-0.139555,0.505261
-0.073895,-0.005474,0.646126,-0.108505,0.117956,0.543793,0.098290,0.168912,0.323805,-0.030560,0.143195,0.036343,-0.097963,-0.114172,0.527775,0.124669,-0.154587,0.321560,-0.010798,-0.150760,0.036303,-0.050531,-0.006585,0.694919,0.171192,0.134925,0.800091,0.262776,0.165547,0.642275,0.358065,0.190216,0.486954,0.173430,-0.138829,0.808112,0.263703,-0.141898,0.646636,0.357712,-0.138377,0.488815
-0.077201,-0.005081,0.634730,-0.113191,0.118246,0.534571,0.101347,0.170632,0.322476,-0.030388,0.143113,0.036593,-0.102805,-0.113878,0.518393,0.126900,-0.154945,0.320218,-0.011365,-0.150152,0.036413,-0.052619,-0.006110,0.682921,0.172153,0.135480,0.782081,0.264318,0.166428,0.624666,0.360461,0.191059,0.469942,0.174427,-0.138030,0.790935,0.265083,-0.141046,0.629671,0.359717,-0.137146,0.472323
-0.080445,-0.004914,0.623330,-0.117592,0.118252,0.525174,0.104256,0.171968,0.321084,-0.030217,0.142828,0.036734,-0.107323,-0.113875,0.508970,0.128976,-0.155604,0.318848,-0.011794,-0.149847,0.036376,-0.054804,-0.005863,0.670967,0.172364,0.135901,0.765043,0.265314,0.167050,0.608128,0.362520,0.191550,0.454133,0.174939,-0.137389,0.774341,0.266206,-0.140433,0.613420,0.361702,-0.136261,0.456698
-0.083515,-0.004738,0.611908,-0.121756,0.118241,0.515731,0.107044,0.173282,0.319836,-0.030156,0.142489,0.037062,-0.111574,-0.113891,0.499555,0.131016,-0.156252,0.317669,-0.012209,-0.149511,0.036535,-0.056875,-0.005609,0.658995,0.172428,0.136356,0.748249,0.266180,0.167676,0.591845,0.364482,0.192016,0.438614,0.175407,-0.136722,0.757807,0.267327,-0.139812,0.597258,0.363740,-0.135389,0.441212
-0.086237,-0.004542,0.600441,-0.125450,0.118205,0.506120,0.109871,0.174620,0.318519,-0.030055,0.142152,0.037374,-0.115288,-0.113937,0.490079,0.133269,-0.156812,0.316560,-0.012322,-0.149060,0.036747,-0.058704,-0.005338,0.647014,0.172354,0.136881,0.732036,0.266964,0.168321,0.576172,0.366436,0.192453,0.423772,0.175911,-0.136004,0.741483,0.268598,-0.139172,0.581375,0.366055,-0.134537,0.426105
-0.088622,-0.004309,0.588967,-0.128692,0.118161,0.496373,0.112765,0.175993,0.317193,-0.029695,0.141956,0.037611,-0.118493,-0.113995,0.480578,0.135693,-0.157374,0.315542,-0.012133,-0.148603,0.037010,-0.060295,-0.005033,0.635066,0.172180,0.137465,0.716485,0.267737,0.168992,0.561215,0.368520,0.192829,0.409766,0.176425,-0.135246,0.725477,0.270039,-0.138545,0.565910,0.368737,-0.133703,0.411579
-0.090837,-0.004056,0.577489,-0.131714,0.118116,0.486577,0.115530,0.177395,0.315973,-0.029353,0.141812,0.037938,-0.121449,-0.114058,0.471080,0.138055,-0.157922,0.314672,-0.011934,-0.148130,0.037408,-0.061769,-0.004708,0.623128,0.171944,0.138078,0.701255,0.268476,0.169674,0.546601,0.370626,0.193181,0.396177,0.176914,-0.134467,0.709613,0.271527,-0.137917,0.550638,0.371562,-0.132873,0.397344
-0.092779,-0.003946,0.566109,-0.134250,0.117938,0.476683,0.118259,0.178566,0.314477,-0.029123,0.141761,0.038028,-0.123935,-0.114257,0.461542,0.140470,-0.158695,0.313741,-0.011666,-0.147853,0.037768,-0.063108,-0.004551,0.611363,0.171493,0.138556,0.687009,0.269121,0.170139,0.533039,0.372779,0.193226,0.383766,0.177296,-0.133840,0.694334,0.273050,-0.137522,0.536049,0.374591,-0.132342,0.383946
-0.094376,-0.003941,0.554875,-0.136416,0.117670,0.466911,0.120951,0.179632,0.313069,-0.028893,0.141577,0.038227,-0.126023,-0.114542,0.452090,0.142878,-0.159566,0.312818,-0.011416,-0.147716,0.038167,-0.064145,-0.004504,0.599760,0.171234,0.138922,0.673151,0.269947,0.170521,0.519877,0.375104,0.193233,0.371796,0.177845,-0.133328,0.679402,0.274754,-0.137202,0.521826,0.377815,-0.131865,0.370962
-0.095283,-0.004149,0.543929,-0.137825,0.117218,0.457340,0.123904,0.180480,0.311605,-0.028357,0.141174,0.038379,-0.127297,-0.115004,0.442767,0.145592,-0.160651,0.311693,-0.010892,-0.147869,0.038404,-0.064572,-0.004680,0.588491,0.171396,0.139069,0.660093,0.271206,0.170745,0.507546,0.377871,0.193159,0.360716,0.178801,-0.133044,0.665204,0.276907,-0.137042,0.508372,0.381523,-0.131498,0.358814
-0.096014,-0.004263,0.533455,-0.138966,0.116888,0.448101,0.126545,0.181335,0.309927,-0.028052,0.140851,0.038299,-0.128312,-0.115343,0.433769,0.148090,-0.161654,0.310521,-0.010536,-0.147902,0.038595,-0.064900,-0.004760,0.577739,0.171536,0.139310,0.647828,0.272386,0.171030,0.495974,0.380459,0.193184,0.350345,0.179638,-0.132672,0.652012,0.278861,-0.136795,0.495886,0.384921,-0.131109,0.347571
-0.096656,-0.004331,0.523216,-0.139979,0.116619,0.439033,0.128941,0.182194,0.308182,-0.027942,0.140555,0.038156,-0.129205,-0.115622,0.424937,0.150381,-0.162615,0.309363,-0.010357,-0.147858,0.038812,-0.065177,-0.004793,0.567244,0.171662,0.139596,0.635958,0.273519,0.171340,0.484782,0.382942,0.193263,0.340335,0.180412,-0.132260,0.639316,0.280708,-0.136501,0.483882,0.388152,-0.130709,0.336787
-0.096811,-0.004766,0.514012,-0.140532,0.116015,0.430905,0.131142,0.182708,0.306470,-0.027813,0.139814,0.037966,-0.129566,-0.116226,0.416964,0.152668,-0.163723,0.308230,-0.010196,-0.148143,0.039081,-0.065006,-0.005174,0.557806,0.172162,0.139573,0.625152,0.274785,0.171415,0.474515,0.385251,0.193236,0.331024,0.181461,-0.132172,0.628143,0.282559,-0.136443,0.473230,0.391050,-0.130500,0.327097
-0.096746,-0.005196,0.505100,-0.140846,0.115433,0.423036,0.133298,0.183202,0.304757,-0.027731,0.139069,0.037801,-0.129726,-0.116810,0.409233,0.154882,-0.164767,0.307083,-0.010084,-0.148367,0.039348,-0.064630,-0.005547,0.548668,0.172873,0.139555,0.614572,0.276194,0.171465,0.464426,0.387612,0.193186,0.321826,0.182655,-0.132085,0.617385,0.284453,-0.136400,0.462931,0.393875,-0.130343,0.317682
-0.096240,-0.005618,0.496773,-0.140669,0.114891,0.415671,0.135560,0.183655,0.302951,-0.027564,0.138343,0.037573,-0.129469,-0.117354,0.401976,0.157160,-0.165686,0.305825,-0.009875,-0.148507,0.039502,-0.063841,-0.005905,0.540130,0.174013,0.139544,0.604449,0.277906,0.171469,0.454702,0.390112,0.193080,0.312850,0.184158,-0.132002,0.607462,0.286453,-0.136397,0.453340,0.396595,-0.130298,0.308805
-0.095420,-0.006024,0.489160,-0.140194,0.114397,0.409011,0.137787,0.184142,0.301316,-0.027308,0.137806,0.037436,-0.128972,-0.117851,0.395371,0.159388,-0.166464,0.304685,-0.009616,-0.148567,0.039726,-0.062730,-0.006225,0.532297,0.175506,0.139643,0.594638,0.279791,0.171533,0.445156,0.392576,0.193029,0.303868,0.185939,-0.131815,0.598413,0.288428,-0.136325,0.444423,0.399013,-0.130258,0.300383
-0.094443,-0.006421,0.481903,-0.139572,0.113927,0.402706,0.139964,0.184641,0.299776,-0.027032,0.137344,0.037363,-0.128356,-0.118324,0.389094,0.161552,-0.167176,0.303618,-0.009367,-0.148595,0.040003,-0.061459,-0.006525,0.524813,0.177165,0.139796,0.584976,0.281750,0.171623,0.435691,0.395008,0.193004,0.294876,0.187859,-0.131574,0.589793,0.290388,-0.136215,0.435833,0.401271,-0.130220,0.292173
-0.093251,-0.006824,0.476129,-0.138610,0.113530,0.397736,0.142033,0.185079,0.298463,-0.026629,0.137040,0.037332,-0.127529,-0.118723,0.384046,0.163535,-0.167677,0.302644,-0.009147,-0.148653,0.040271,-0.060031,-0.006829,0.518851,0.178962,0.139921,0.576801,0.283803,0.171623,0.427668,0.397477,0.192884,0.287269,0.189741,-0.131364,0.583284,0.292114,-0.136178,0.429226,0.403143,-0.130362,0.285832
-0.091938,-0.007221,0.470850,-0.137526,0.113156,0.393239,0.144057,0.185439,0.297213,-0.026222,0.136751,0.037332,-0.126619,-0.119100,0.379444,0.165419,-0.168194,0.301690,-0.008923,-0.148756,0.040498,-0.058481,-0.007122,0.513380,0.180876,0.140081,0.568972,0.285917,0.171624,0.419946,0.399953,0.192749,0.279920,0.191738,-0.131106,0.577326,0.293840,-0.136120,0.423095,0.404923,-0.130534,0.279903
-0.090383,-0.007603,0.466561,-0.136192,0.112833,0.389680,0.146063,0.185654,0.296067,-0.025750,0.136531,0.037349,-0.125539,-0.119426,0.375729,0.167190,-0.168727,0.300748,-0.008620,-0.148925,0.040601,-0.056685,-0.007389,0.508892,0.183036,0.140316,0.561841,0.288168,0.171637,0.412832,0.402464,0.192588,0.273089,0.193969,-0.130750,0.572480,0.295573,-0.136025,0.417928,0.406531,-0.130760,0.274812
-0.088720,-0.007866,0.463483,-0.134741,0.112646,0.387212,0.147905,0.185914,0.295141,-0.025219,0.136301,0.037453,-0.124287,-0.119610,0.373062,0.168913,-0.169017,0.300009,-0.008170,-0.149024,0.040770,-0.054817,-0.007532,0.505638,0.185177,0.140686,0.556137,0.290373,0.171838,0.407139,0.404903,0.192678,0.267668,0.196188,-0.130243,0.569197,0.297257,-0.135725,0.414302,0.408054,-0.130755,0.271239
-0.087005,-0.008068,0.461012,-0.133233,0.112528,0.385291,0.149669,0.186195,0.294327,-0.024652,0.136069,0.037603,-0.122950,-0.119723,0.370921,0.170613,-0.169187,0.299373,-0.007643,-0.149088,0.040975,-0.052914,-0.007611,0.503002,0.187301,0.141119,0.551138,0.292545,0.172127,0.402144,0.407290,0.192896,0.262934,0.198405,-0.129651,0.566684,0.298913,-0.135310,0.411431,0.409527,-0.130634,0.268405
-0.085504,-0.008061,0.460078,-0.131863,0.112637,0.384744,0.151016,0.186353,0.293747,-0.024259,0.136114,0.037734,-0.121946,-0.119622,0.370237,0.171663,-0.169313,0.299030,-0.007352,-0.149186,0.041163,-0.051228,-0.007492,0.501903,0.189286,0.141635,0.547483,0.294464,0.172316,0.398375,0.409298,0.192861,0.259284,0.200371,-0.128956,0.565621,0.300147,-0.134956,0.409910,0.410414,-0.130777,0.266780
-0.084040,-0.007999,0.459658,-0.130530,0.112798,0.384670,0.152247,0.186460,0.293314,-0.023844,0.136130,0.037911,-0.121004,-0.119472,0.370054,0.172576,-0.169371,0.298867,-0.007007,-0.149215,0.041394,-0.049577,-0.007323,0.501313,0.191223,0.142156,0.544372,0.296307,0.172477,0.395124,0.411200,0.192787,0.256115,0.202297,-0.128238,0.565020,0.301328,-0.134595,0.408848,0.411218,-0.130957,0.265579
-0.082647,-0.007830,0.460265,-0.129272,0.113059,0.385538,0.153243,0.186465,0.293169,-0.023399,0.136090,0.038172,-0.120182,-0.119226,0.370874,0.173216,-0.169291,0.299055,-0.006559,-0.149106,0.041704,-0.047991,-0.007057,0.501744,0.193091,0.142701,0.542377,0.298039,0.172600,0.392948,0.412925,0.192628,0.253943,0.204139,-0.127492,0.565371,0.302407,-0.134248,0.408735,0.411873,-0.131209,0.265269
-0.081550,-0.007721,0.461655,-0.128349,0.113229,0.387128,0.153771,0.186312,0.293304,-0.023070,0.135977,0.038434,-0.119701,-0.119075,0.372494,0.173381,-0.169247,0.299471,-0.006266,-0.149105,0.042006,-0.046684,-0.006842,0.502942,0.194679,0.143185,0.541015,0.299365,0.172608,0.391307,0.414099,0.192305,0.252161,0.205751,-0.126790,0.566296,0.303152,-0.133999,0.409140,0.412062,-0.131606,0.265358
-0.080601,-0.007642,0.463437,-0.127595,0.113355,0.389079,0.154057,0.186080,0.293583,-0.022806,0.135827,0.038699,-0.119391,-0.118970,0.374517,0.173302,-0.169221,0.300003,-0.006056,-0.149155,0.042305,-0.045518,-0.006655,0.504523,0.196118,0.143630,0.539962,0.300473,0.172552,0.389926,0.414977,0.191895,0.250565,0.207250,-0.126110,0.567499,0.303726,-0.133797,0.409796,0.412007,-0.132075,0.265636
-0.079561,-0.007423,0.466321,-0.126647,0.113624,0.391959,0.154331,0.185596,0.293938,-0.022340,0.135582,0.038842,-0.119107,-0.118737,0.377603,0.172944,-0.169006,0.300632,-0.005669,-0.149117,0.042360,-0.044270,-0.006356,0.507212,0.197683,0.144010,0.540257,0.301730,0.172211,0.389870,0.415966,0.190975,0.250202,0.208731,-0.125510,0.569814,0.304306,-0.133876,0.411598,0.411933,-0.133015,0.267011
-0.078657,-0.007103,0.469491,-0.125833,0.113987,0.395096,0.154405,0.185171,0.294414,-0.021914,0.135423,0.038985,-0.118978,-0.118409,0.380981,0.172360,-0.168708,0.301377,-0.005344,-0.149026,0.042414,-0.043157,-0.005959,0.510186,0.199115,0.144439,0.540841,0.302795,0.171895,0.390064,0.416692,0.190057,0.250023,0.210068,-0.124855,0.572362,0.304698,-0.133921,0.413618,0.411610,-0.133939,0.268552
-0.078028,-0.006581,0.473234,-0.125288,0.114539,0.398747,0.154099,0.184859,0.295130,-0.021548,0.135438,0.039125,-0.119160,-0.117896,0.384938,0.171333,-0.168250,0.302349,-0.005133,-0.148834,0.042462,-0.042317,-0.005368,0.513729,0.200296,0.144975,0.542021,0.303501,0.171641,0.390777,0.416928,0.189149,0.250239,0.211104,-0.124098,0.575394,0.304715,-0.133909,0.416092,0.410805,-0.134834,0.270455
-0.077499,-0.006002,0.477379,-0.124844,0.115134,0.402758,0.153589,0.184515,0.295983,-0.021231,0.135466,0.039278,-0.119491,-0.117341,0.389314,0.170056,-0.167563,0.303396,-0.004979,-0.148530,0.042443,-0.041569,-0.004725,0.517666,0.201439,0.145442,0.543568,0.304141,0.171287,0.391839,0.417063,0.188091,0.250775,0.212015,-0.123406,0.578737,0.304612,-0.134004,0.418893,0.409863,-0.135852,0.272678
-0.077021,-0.005393,0.481723,-0.124452,0.115753,0.406948,0.152952,0.184152,0.296912,-0.020959,0.135497,0.039447,-0.119899,-0.116760,0.393899,0.168625,-0.166762,0.304486,-0.004879,-0.148152,0.042403,-0.040868,-0.004057,0.521796,0.202554,0.145869,0.545292,0.304734,0.170878,0.393072,0.417128,0.186951,0.251468,0.212864,-0.122746,0.582227,0.304441,-0.134150,0.421853,0.408841,-0.136931,0.275059
-0.076917,-0.004443,0.486447,-0.124346,0.116702,0.411398,0.151973,0.183930,0.297958,-0.020655,0.135778,0.039463,-0.120680,-0.115854,0.398846,0.166683,-0.165802,0.305750,-0.004818,-0.147648,0.042228,-0.040572,-0.003075,0.526337,0.203298,0.146440,0.547876,0.305036,0.170535,0.395213,0.416953,0.185761,0.253100,0.213178,-0.121989,0.586228,0.303894,-0.134281,0.425430,0.407553,-0.138023,0.278132
-0.076960,-0.003458,0.491192,-0.124377,0.117679,0.415851,0.150819,0.183744,0.299048,-0.020506,0.136049,0.039528,-0.121604,-0.114916,0.403816,0.164544,-0.164792,0.307019,-0.004899,-0.147135,0.042041,-0.040429,-0.002067,0.530904,0.203903,0.146978,0.550552,0.305202,0.170165,0.397456,0.416640,0.184540,0.254840,0.213319,-0.121274,0.590207,0.303209,-0.134449,0.429017,0.406146,-0.139135,0.281233
-0.077297,-0.002406,0.495979,-0.124680,0.118712,0.420311,0.149366,0.183630,0.300205,-0.020634,0.136309,0.039665,-0.122811,-0.113919,0.408825,0.162059,-0.163682,0.308280,-0.005226,-0.146623,0.041797,-0.040593,-0.001007,0.535525,0.204247,0.147454,0.553417,0.305121,0.169747,0.399908,0.416084,0.183261,0.256801,0.213109,-0.120648,0.594154,0.302257,-0.134699,0.432625,0.404523,-0.140290,0.284390
-0.077585,-0.001548,0.500778,-0.124911,0.119519,0.424706,0.147957,0.183368,0.301385,-0.020582,0.136359,0.039758,-0.123908,-0.113146,0.413844,0.159645,-0.162858,0.309625,-0.005370,-0.146436,0.041595,-0.040734,-0.000141,0.540184,0.204579,0.147728,0.556655,0.305153,0.169114,0.402821,0.415766,0.181717,0.259333,0.212866,-0.120245,0.598315,0.301452,-0.135202,0.436560,0.403213,-0.141681,0.288003
-0.077848,-0.000787,0.505582,-0.125106,0.120213,0.429069,0.146552,0.183027,0.302583,-0.020455,0.136298,0.039845,-0.124951,-0.112484,0.418870,0.157239,-0.162182,0.311016,-0.005443,-0.146406,0.041433,-0.040863,0.000628,0.544860,0.204906,0.147899,0.560080,0.305239,0.168371,0.405965,0.415561,0.180040,0.262153,0.212605,-0.119953,0.602584,0.300721,-0.135833,0.440660,0.402055,-0.143188,0.291846
-0.078506,0.000147,0.510000,-0.125650,0.121045,0.432998,0.144933,0.182898,0.303764,-0.020525,0.136421,0.039925,-0.126328,-0.111681,0.423529,0.154563,-0.161266,0.312288,-0.005735,-0.146286,0.041147,-0.041413,0.001571,0.549176,0.204823,0.148202,0.563317,0.305033,0.167749,0.409002,0.415171,0.178434,0.264956,0.211893,-0.119545,0.606524,0.299713,-0.136384,0.444536,0.400769,-0.144595,0.295570
-0.079207,0.001031,0.514258,-0.126222,0.121818,0.436752,0.143310,0.182740,0.304903,-0.020617,0.136520,0.039991,-0.127710,-0.110932,0.428023,0.151894,-0.160444,0.313560,-0.006038,-0.146232,0.040910,-0.042021,0.002464,0.553346,0.204662,0.148475,0.566489,0.304798,0.167102,0.412013,0.414802,0.176805,0.267786,0.211126,-0.119171,0.610343,0.298710,-0.136964,0.448329,0.399547,-0.146025,0.299264
-0.079992,0.001812,0.518192,-0.126843,0.122475,0.440151,0.141715,0.182532,0.305941,-0.020721,0.136582,0.039997,-0.129097,-0.110295,0.432178,0.149301,-0.159800,0.314814,-0.006317,-0.146331,0.040724,-0.042741,0.003255,0.557219,0.204352,0.148690,0.569530,0.304515,0.166407,0.414964,0.414497,0.175130,0.270658,0.210251,-0.118868,0.613913,0.297724,-0.137609,0.451946,0.398470,-0.147503,0.302883
-0.080841,0.002528,0.521801,-0.127495,0.123052,0.443196,0.140190,0.182345,0.306918,-0.020777,0.136625,0.039981,-0.130461,-0.109733,0.435972,0.146794,-0.159162,0.315904,-0.006657,-0.146418,0.040493,-0.043555,0.003988,0.560796,0.203906,0.148882,0.572607,0.304290,0.165713,0.418085,0.414437,0.173476,0.273856,0.209221,-0.118581,0.617545,0.296797,-0.138252,0.455743,0.397653,-0.148954,0.306827
-0.081721,0.003211,0.525248,-0.128161,0.123588,0.446066,0.138697,0.182165,0.307871,-0.020809,0.136657,0.039961,-0.131813,-0.109208,0.439586,0.144316,-0.158534,0.316915,-0.007037,-0.146490,0.040251,-0.044415,0.004692,0.564224,0.203392,0.149063,0.575703,0.304094,0.165021,0.421295,0.414498,0.171833,0.277223,0.208113,-0.118302,0.621209,0.295898,-0.138894,0.459636,0.396965,-0.150391,0.310940
-0.082574,0.003868,0.528090,-0.128757,0.124072,0.448322,0.137543,0.182040,0.308802,-0.020553,0.136761,0.039974,-0.133017,-0.108733,0.442592,0.142183,-0.158035,0.317843,-0.007209,-0.146669,0.040035,-0.045283,0.005374,0.567082,0.202800,0.149322,0.578504,0.303917,0.164427,0.424282,0.414686,0.170314,0.280465,0.207013,-0.117977,0.624377,0.295151,-0.139461,0.463112,0.396567,-0.151725,0.314741
-0.083465,0.004461,0.530705,-0.129395,0.124479,0.450340,0.136379,0.181911,0.309600,-0.020432,0.136815,0.039951,-0.134190,-0.108331,0.445349,0.140148,-0.157592,0.318704,-0.007414,-0.146882,0.039845,-0.046205,0.005999,0.569729,0.202106,0.149580,0.581229,0.303667,0.163876,0.427222,0.414842,0.168896,0.283703,0.205855,-0.117656,0.627449,0.294400,-0.139986,0.466523,0.396214,-0.152979,0.318510
-0.084430,0.004925,0.532865,-0.130112,0.124738,0.451878,0.135204,0.181782,0.310125,-0.020579,0.136777,0.039838,-0.135295,-0.108078,0.447610,0.138343,-0.157248,0.319424,-0.007659,-0.147170,0.039680,-0.047235,0.006511,0.571952,0.201219,0.149840,0.583809,0.303293,0.163417,0.430076,0.414945,0.167680,0.286920,0.204583,-0.117341,0.630331,0.293648,-0.140424,0.469797,0.395959,-0.154068,0.322207
-0.085399,0.005223,0.534610,-0.130833,0.124826,0.453017,0.134155,0.181579,0.310537,-0.020623,0.136616,0.039647,-0.136299,-0.107993,0.449421,0.136771,-0.157154,0.320030,-0.007888,-0.147608,0.039538,-0.048290,0.006864,0.573781,0.200263,0.150004,0.586080,0.302858,0.162957,0.432641,0.415002,0.166575,0.289868,0.203299,-0.117127,0.632875,0.292918,-0.140863,0.472745,0.395757,-0.155083,0.325593
-0.086370,0.005438,0.536148,-0.131553,0.124828,0.453958,0.133171,0.181335,0.310893,-0.020613,0.136390,0.039419,-0.137254,-0.107995,0.451009,0.135316,-0.157189,0.320582,-0.008106,-0.148123,0.039411,-0.049360,0.007138,0.575412,0.199271,0.150123,0.588198,0.302392,0.162498,0.435064,0.415032,0.165529,0.292686,0.202007,-0.116960,0.635250,0.292198,-0.141299,0.475533,0.395579,-0.156059,0.328828
-0.087231,0.005755,0.537123,-0.132214,0.124960,0.454423,0.132319,0.181397,0.310979,-0.020907,0.136311,0.039206,-0.137987,-0.107866,0.451986,0.134285,-0.157238,0.321006,-0.008255,-0.148460,0.039359,-0.050327,0.007524,0.576486,0.198311,0.150467,0.589806,0.301991,0.162450,0.437018,0.415185,0.165091,0.295101,0.200842,-0.116545,0.637234,0.291630,-0.141308,0.477921,0.395599,-0.156460,0.331702
-0.088088,0.006006,0.538019,-0.132884,0.125032,0.454841,0.131518,0.181420,0.311137,-0.021085,0.136227,0.039023,-0.138677,-0.107797,0.452862,0.133352,-0.157300,0.321429,-0.008358,-0.148762,0.039339,-0.051294,0.007851,0.577483,0.197310,0.150820,0.591338,0.301562,0.162460,0.438914,0.415322,0.164774,0.297471,0.199699,-0.116114,0.639185,0.291085,-0.141247,0.480272,0.395646,-0.156753,0.334542
-0.088935,0.006127,0.538755,-0.133570,0.124990,0.455161,0.130820,0.181375,0.311436,-0.021028,0.136141,0.038899,-0.139278,-0.107844,0.453534,0.132620,-0.157384,0.321848,-0.008366,-0.148989,0.039379,-0.052260,0.008059,0.578324,0.196233,0.151187,0.592719,0.301083,0.162583,0.440687,0.415436,0.164696,0.299743,0.198604,-0.115651,0.641067,0.290595,-0.141048,0.482545,0.395754,-0.156837,0.337307
-0.089676,0.006284,0.539413,-0.134147,0.125023,0.455452,0.130177,0.181452,0.311625,-0.021135,0.136326,0.038762,-0.139803,-0.107814,0.454114,0.132001,-0.157516,0.322293,-0.008386,-0.149181,0.039511,-0.053111,0.008288,0.579080,0.195293,0.151545,0.593904,0.300681,0.162717,0.442228,0.415578,0.164684,0.301743,0.197636,-0.115201,0.642734,0.290144,-0.140811,0.484548,0.395832,-0.156891,0.339751
-0.090363,0.006458,0.540032,-0.134669,0.125092,0.455730,0.129562,0.181589,0.311760,-0.021323,0.136647,0.038619,-0.140286,-0.107748,0.454649,0.131439,-0.157672,0.322752,-0.008411,-0.149356,0.039691,-0.053904,0.008526,0.579792,0.194420,0.151898,0.594991,0.300315,0.162855,0.443653,0.415734,0.164708,0.303610,0.196730,-0.114757,0.644293,0.289712,-0.140554,0.486416,0.395894,-0.156929,0.342037
-0.090928,0.006592,0.540846,-0.135043,0.125126,0.456193,0.129177,0.181652,0.312217,-0.021148,0.136932,0.038714,-0.140583,-0.107716,0.455299,0.131050,-0.157591,0.323196,-0.008166,-0.149200,0.039815,-0.054602,0.008714,0.580724,0.193592,0.152232,0.596600,0.299946,0.163020,0.445572,0.415833,0.164864,0.305915,0.195879,-0.114380,0.646151,0.289339,-0.140268,0.488571,0.395995,-0.156920,0.344570
-0.091381,0.006690,0.541774,-0.135303,0.125122,0.456753,0.128850,0.181674,0.312665,-0.020902,0.137171,0.038794,-0.140769,-0.107722,0.456056,0.130740,-0.157523,0.323670,-0.007803,-0.149083,0.039948,-0.055191,0.008864,0.581773,0.192861,0.152536,0.598377,0.299671,0.163138,0.447658,0.416017,0.164976,0.308375,0.195131,-0.114045,0.648118,0.289072,-0.140026,0.490840,0.396199,-0.156973,0.347209
-0.091610,0.006716,0.542929,-0.135333,0.125043,0.457502,0.128640,0.181612,0.313094,-0.020514,0.137318,0.038842,-0.140733,-0.107803,0.457022,0.130586,-0.157481,0.324201,-0.007206,-0.149040,0.040096,-0.055564,0.008936,0.583056,0.192327,0.152776,0.600492,0.299587,0.163161,0.450077,0.416374,0.164991,0.311143,0.194593,-0.113798,0.650306,0.289023,-0.139872,0.493337,0.396613,-0.157153,0.350060
-0.091849,0.006597,0.544420,-0.135400,0.124823,0.458576,0.128273,0.181363,0.313608,-0.020146,0.137309,0.038893,-0.140707,-0.108025,0.458281,0.130281,-0.157503,0.324716,-0.006707,-0.149038,0.040201,-0.055947,0.008861,0.584674,0.191760,0.152882,0.603013,0.299406,0.163084,0.452862,0.416559,0.164953,0.314203,0.194022,-0.113692,0.652885,0.288891,-0.139819,0.496190,0.396877,-0.157400,0.353198
-0.092092,0.006406,0.546080,-0.135483,0.124533,0.459815,0.127826,0.181020,0.314169,-0.019787,0.137223,0.038950,-0.140686,-0.108317,0.459689,0.129900,-0.157557,0.325225,-0.006260,-0.149053,0.040288,-0.056334,0.008715,0.586461,0.191173,0.152922,0.605737,0.299174,0.162958,0.455829,0.416654,0.164889,0.317408,0.193434,-0.113655,0.655659,0.288717,-0.139815,0.499221,0.397062,-0.157680,0.356478
-0.092316,0.006196,0.548266,-0.135608,0.124228,0.461572,0.127139,0.180651,0.314890,-0.019612,0.137038,0.039157,-0.140639,-0.108626,0.461570,0.129354,-0.157523,0.325796,-0.005878,-0.149043,0.040391,-0.056698,0.008560,0.588768,0.190611,0.152978,0.608750,0.298877,0.162937,0.459028,0.416584,0.164982,0.320754,0.192926,-0.113583,0.658824,0.288527,-0.139728,0.502578,0.397127,-0.157769,0.359986
-0.092485,0.005989,0.550574,-0.135685,0.123933,0.463443,0.126398,0.180267,0.315542,-0.019476,0.136873,0.039283,-0.140558,-0.108925,0.463563,0.128766,-0.157528,0.326363,-0.005523,-0.149108,0.040484,-0.057005,0.008409,0.591193,0.190100,0.153053,0.611835,0.298630,0.162924,0.462298,0.416552,0.165058,0.324158,0.192482,-0.113479,0.662117,0.288378,-0.139632,0.506054,0.397203,-0.157855,0.363592
-0.092547,0.005786,0.553128,-0.135667,0.123655,0.465541,0.125545,0.179860,0.316058,-0.019427,0.136752,0.039243,-0.140409,-0.109205,0.465781,0.128098,-0.157609,0.326920,-0.005220,-0.149323,0.040551,-0.057199,0.008264,0.593856,0.189692,0.153166,0.615065,0.298485,0.162923,0.465713,0.416602,0.165098,0.327681,0.192167,-0.113318,0.665667,0.288308,-0.139523,0.509764,0.397305,-0.157939,0.367395
-0.092672,0.005627,0.555892,-0.135705,0.123435,0.467847,0.124546,0.179424,0.316618,-0.019431,0.136658,0.039192,-0.140360,-0.109427,0.468187,0.127206,-0.157631,0.327454,-0.005055,-0.149457,0.040558,-0.057452,0.008161,0.596725,0.189247,0.153298,0.618397,0.298308,0.162923,0.469232,0.416615,0.165112,0.331301,0.191790,-0.113115,0.669419,0.288147,-0.139399,0.513662,0.397290,-0.158026,0.371369
-0.092829,0.005490,0.558762,-0.135773,0.123243,0.470257,0.123465,0.178973,0.317203,-0.019471,0.136574,0.039144,-0.140364,-0.109620,0.470688,0.126192,-0.157626,0.327983,-0.004970,-0.149552,0.040544,-0.057735,0.008080,0.599697,0.188785,0.153439,0.621780,0.298114,0.162924,0.472801,0.416608,0.165114,0.334969,0.191381,-0.112893,0.673270,0.287937,-0.139268,0.517652,0.397211,-0.158116,0.375426
-0.093078,0.005326,0.561859,-0.135928,0.123049,0.472893,0.122169,0.178473,0.317812,-0.019664,0.136490,0.039084,-0.140465,-0.109815,0.473378,0.125022,-0.157659,0.328642,-0.004894,-0.149699,0.040598,-0.058115,0.007963,0.602899,0.188216,0.153542,0.625441,0.297773,0.162901,0.476622,0.416401,0.165111,0.338834,0.190851,-0.112713,0.677392,0.287551,-0.139159,0.521876,0.396891,-0.158219,0.379658
-0.093275,0.005160,0.565024,-0.136021,0.122859,0.475593,0.120906,0.177948,0.318462,-0.019793,0.136402,0.039052,-0.140516,-0.110006,0.476120,0.123865,-0.157667,0.329314,-0.004766,-0.149831,0.040656,-0.058447,0.007841,0.606173,0.187696,0.153634,0.629208,0.297504,0.162865,0.480567,0.416289,0.165095,0.342843,0.190351,-0.112542,0.681624,0.287214,-0.139059,0.526222,0.396641,-0.158338,0.384029
-0.093365,0.004990,0.568323,-0.135986,0.122676,0.478419,0.119725,0.177375,0.319182,-0.019778,0.136307,0.039061,-0.140460,-0.110189,0.478963,0.122753,-0.157623,0.330003,-0.004520,-0.149932,0.040704,-0.058681,0.007712,0.609586,0.187272,0.153708,0.633185,0.297383,0.162804,0.484760,0.416371,0.165056,0.347140,0.189917,-0.112387,0.686076,0.286983,-0.138972,0.530813,0.396536,-0.158485,0.388679
-0.093530,0.004792,0.571756,-0.136015,0.122479,0.481357,0.118357,0.176779,0.319852,-0.019772,0.136186,0.038937,-0.140460,-0.110386,0.481886,0.121483,-0.157604,0.330636,-0.004359,-0.150050,0.040670,-0.059005,0.007545,0.613146,0.186782,0.153692,0.637345,0.297179,0.162699,0.489127,0.416351,0.165021,0.351596,0.189364,-0.112333,0.690655,0.286637,-0.138939,0.535525,0.396309,-0.158646,0.393433
-0.093733,0.004580,0.575255,-0.136077,0.122276,0.484352,0.116881,0.176172,0.320505,-0.019782,0.136054,0.038760,-0.140489,-0.110590,0.484847,0.120123,-0.157594,0.331250,-0.004250,-0.150175,0.040607,-0.059374,0.007360,0.616777,0.186258,0.153632,0.641596,0.296932,0.162573,0.493580,0.416278,0.164989,0.356130,0.188749,-0.112329,0.695295,0.286229,-0.138932,0.540294,0.396017,-0.158813,0.398238
-0.093779,0.004359,0.578867,-0.135941,0.122068,0.487406,0.115510,0.175542,0.321119,-0.019754,0.135865,0.038596,-0.140286,-0.110800,0.487854,0.118984,-0.157531,0.331920,-0.004165,-0.150257,0.040720,-0.059621,0.007156,0.620552,0.185790,0.153557,0.646495,0.296891,0.162469,0.498798,0.416557,0.165007,0.361564,0.188119,-0.112378,0.700423,0.286003,-0.138939,0.545671,0.396090,-0.158948,0.403787
-0.093775,0.004106,0.582507,-0.135751,0.121832,0.490483,0.114128,0.174919,0.321718,-0.019754,0.135702,0.038433,-0.140031,-0.111037,0.490872,0.117819,-0.157539,0.332534,-0.004095,-0.150456,0.040778,-0.059825,0.006917,0.624358,0.185365,0.153438,0.651431,0.296866,0.162333,0.504034,0.416835,0.164994,0.367007,0.187526,-0.112477,0.705554,0.285793,-0.138992,0.551036,0.396163,-0.159114,0.409317
-0.093673,0.003790,0.586207,-0.135454,0.121542,0.493607,0.112744,0.174308,0.322278,-0.019792,0.135601,0.038252,-0.139675,-0.111329,0.493914,0.116619,-0.157688,0.333029,-0.004043,-0.150894,0.040712,-0.059940,0.006607,0.628231,0.185028,0.153233,0.656447,0.296881,0.162133,0.509318,0.417118,0.164920,0.372477,0.187014,-0.112679,0.710696,0.285624,-0.139138,0.556387,0.396249,-0.159344,0.414819
-0.093627,0.003464,0.589979,-0.135179,0.121250,0.496775,0.111260,0.173689,0.322823,-0.019924,0.135530,0.038054,-0.139346,-0.111621,0.496980,0.115327,-0.157766,0.333481,-0.004158,-0.151246,0.040644,-0.060133,0.006281,0.632192,0.184587,0.153006,0.661708,0.296811,0.161920,0.514863,0.417328,0.164841,0.378219,0.186374,-0.112919,0.716011,0.285355,-0.139313,0.561929,0.396256,-0.159593,0.420523
-0.093608,0.003134,0.593788,-0.134915,0.120959,0.499969,0.109708,0.173068,0.323374,-0.020118,0.135477,0.037866,-0.139029,-0.111914,0.500062,0.113977,-0.157805,0.333924,-0.004370,-0.151550,0.040588,-0.060365,0.005948,0.636198,0.184090,0.152771,0.667090,0.296693,0.161703,0.520536,0.417494,0.164761,0.384094,0.185667,-0.113176,0.721411,0.285032,-0.139500,0.567565,0.396217,-0.159849,0.426326
-0.093495,0.002834,0.597686,-0.134526,0.120688,0.503209,0.108218,0.172536,0.323962,-0.020148,0.135615,0.037662,-0.138571,-0.112186,0.503214,0.112762,-0.157785,0.334477,-0.004243,-0.151885,0.040560,-0.060526,0.005642,0.640310,0.183607,0.152569,0.672853,0.296620,0.161522,0.526617,0.417749,0.164711,0.390425,0.184939,-0.113423,0.727106,0.284750,-0.139677,0.573537,0.396286,-0.160087,0.432526
-0.093364,0.002529,0.601636,-0.134102,0.120414,0.506489,0.106710,0.171978,0.324571,-0.020174,0.135702,0.037483,-0.138091,-0.112461,0.506406,0.111505,-0.157769,0.335032,-0.004147,-0.152234,0.040538,-0.060679,0.005330,0.644478,0.183119,0.152349,0.678710,0.296522,0.161314,0.532776,0.417955,0.164630,0.396813,0.184189,-0.113690,0.732888,0.284426,-0.139878,0.579585,0.396290,-0.160364,0.438784
-0.093195,0.002215,0.605691,-0.133607,0.120132,0.509846,0.105195,0.171369,0.325205,-0.020163,0.135691,0.037326,-0.137564,-0.112743,0.509677,0.110187,-0.157757,0.335572,-0.004089,-0.152609,0.040500,-0.060810,0.005005,0.648761,0.182636,0.152096,0.684760,0.296387,0.161051,0.539098,0.418079,0.164492,0.403317,0.183404,-0.113999,0.738847,0.284032,-0.140127,0.585791,0.396180,-0.160715,0.445159
-0.092877,0.001962,0.609811,-0.132950,0.119919,0.513269,0.103800,0.170777,0.325897,-0.020035,0.135643,0.037247,-0.136884,-0.112957,0.513001,0.108969,-0.157680,0.336152,-0.003868,-0.152876,0.040487,-0.060799,0.004742,0.653110,0.182300,0.151885,0.690818,0.296376,0.160833,0.545409,0.418302,0.164409,0.409792,0.182748,-0.114255,0.744864,0.283730,-0.140319,0.592030,0.396129,-0.161017,0.451545
-0.092484,0.001739,0.613963,-0.132211,0.119741,0.516728,0.102449,0.170196,0.326635,-0.019862,0.135578,0.037229,-0.136127,-0.113136,0.516353,0.107787,-0.157570,0.336767,-0.003577,-0.153085,0.040506,-0.060717,0.004508,0.657491,0.182031,0.151695,0.696878,0.296420,0.160638,0.551714,0.418569,0.164353,0.416250,0.182148,-0.114486,0.750906,0.283468,-0.140483,0.598285,0.396103,-0.161295,0.457934
-0.092240,0.001467,0.618184,-0.131595,0.119493,0.520186,0.100845,0.169478,0.327260,-0.019932,0.135355,0.037105,-0.135449,-0.113385,0.519729,0.106390,-0.157423,0.337262,-0.003486,-0.153303,0.040408,-0.060820,0.004230,0.661963,0.181509,0.151472,0.703255,0.296172,0.160428,0.558309,0.418500,0.164317,0.422954,0.181274,-0.114769,0.757204,0.282937,-0.140674,0.604796,0.395794,-0.161584,0.464555
-0.091981,0.001230,0.622498,-0.130963,0.119273,0.523720,0.099146,0.168771,0.327893,-0.020065,0.135177,0.036985,-0.134742,-0.113606,0.523189,0.104907,-0.157242,0.337760,-0.003488,-0.153478,0.040325,-0.060918,0.003988,0.666532,0.180954,0.151293,0.709802,0.295892,0.160268,0.565075,0.418401,0.164332,0.429835,0.180372,-0.115016,0.763635,0.282392,-0.140826,0.611450,0.395484,-0.161828,0.471329
-0.091694,0.001063,0.626996,-0.130305,0.119109,0.527394,0.097286,0.168080,0.328513,-0.020302,0.135092,0.036829,-0.133981,-0.113771,0.526809,0.103277,-0.156997,0.338236,-0.003659,-0.153573,0.040235,-0.061006,0.003818,0.671294,0.180347,0.151205,0.716691,0.295561,0.160206,0.572185,0.418255,0.164452,0.437068,0.179427,-0.115190,0.770334,0.281833,-0.140900,0.618391,0.395184,-0.161979,0.478411
-0.091168,0.000920,0.631556,-0.129419,0.118941,0.531099,0.095599,0.167337,0.329172,-0.020238,0.135007,0.036669,-0.132919,-0.113941,0.530488,0.101860,-0.156707,0.338735,-0.003532,-0.153667,0.040146,-0.060875,0.003676,0.676128,0.179910,0.151143,0.723769,0.295331,0.160230,0.579433,0.418146,0.164710,0.444384,0.178667,-0.115367,0.777098,0.281454,-0.140928,0.625387,0.395048,-0.162018,0.485519
-0.090523,0.000787,0.636147,-0.128419,0.118769,0.534824,0.093979,0.166562,0.329872,-0.020040,0.134910,0.036536,-0.131707,-0.114117,0.534202,0.100528,-0.156399,0.339270,-0.003275,-0.153764,0.040087,-0.060636,0.003546,0.680996,0.179543,0.151092,0.730936,0.295139,0.160295,0.586749,0.418045,0.165035,0.451741,0.177991,-0.115546,0.783887,0.281159,-0.140936,0.632406,0.394989,-0.162003,0.492636
-0.089938,0.000781,0.640840,-0.127406,0.118727,0.538598,0.092215,0.165937,0.330537,-0.020037,0.135131,0.036385,-0.130531,-0.114161,0.537964,0.098928,-0.156014,0.339682,-0.003350,-0.153841,0.039935,-0.060497,0.003514,0.685991,0.178991,0.151067,0.738696,0.294834,0.160390,0.594715,0.417923,0.165352,0.459850,0.177087,-0.115781,0.790863,0.280772,-0.141008,0.639709,0.394982,-0.162013,0.500165
-0.089212,0.000711,0.645543,-0.126227,0.118617,0.542364,0.090540,0.165242,0.331201,-0.019962,0.135259,0.036257,-0.129170,-0.114273,0.541721,0.097437,-0.155720,0.340101,-0.003341,-0.153984,0.039809,-0.060239,0.003415,0.691004,0.178506,0.150949,0.746607,0.294633,0.160421,0.602865,0.417939,0.165627,0.468175,0.176236,-0.116121,0.797916,0.280501,-0.141162,0.647131,0.395145,-0.162071,0.507851
-0.088204,0.000515,0.650264,-0.124719,0.118372,0.546100,0.089086,0.164414,0.331812,-0.019709,0.135215,0.036111,-0.127439,-0.114521,0.545453,0.096211,-0.155605,0.340485,-0.003122,-0.154265,0.039678,-0.059743,0.003184,0.696058,0.178182,0.150649,0.754828,0.294659,0.160330,0.611383,0.418243,0.165827,0.476930,0.175504,-0.116669,0.805130,0.280474,-0.141475,0.654795,0.395655,-0.162221,0.515855
-0.087214,0.000473,0.655036,-0.123197,0.118278,0.549871,0.087577,0.163813,0.332492,-0.019518,0.135411,0.036051,-0.125663,-0.114617,0.549226,0.095039,-0.155275,0.341004,-0.002806,-0.154298,0.039678,-0.059293,0.003099,0.701173,0.177727,0.150474,0.763298,0.294561,0.160408,0.620161,0.418443,0.166211,0.485973,0.174661,-0.117121,0.812423,0.280381,-0.141672,0.662572,0.396150,-0.162191,0.524014
-0.086233,0.000509,0.659832,-0.121665,0.118260,0.553665,0.086020,0.163318,0.333235,-0.019380,0.135716,0.036066,-0.123864,-0.114638,0.553027,0.093874,-0.154843,0.341619,-0.002463,-0.154216,0.039779,-0.058869,0.003087,0.706314,0.177177,0.150361,0.771878,0.294374,0.160571,0.629058,0.418565,0.166686,0.495150,0.173755,-0.117522,0.819737,0.280245,-0.141808,0.670390,0.396625,-0.162070,0.532238
-0.085167,0.000575,0.664707,-0.119955,0.118278,0.557482,0.084501,0.162862,0.333957,-0.019046,0.136133,0.036013,-0.121867,-0.114622,0.556824,0.092709,-0.154424,0.342133,-0.002161,-0.154168,0.039801,-0.058426,0.003091,0.711563,0.176484,0.150221,0.781015,0.294205,0.160759,0.638651,0.418857,0.167226,0.505173,0.172683,-0.117981,0.827392,0.280155,-0.141954,0.678698,0.397334,-0.161902,0.541107
-0.084091,0.000671,0.669568,-0.118222,0.118325,0.561285,0.082885,0.162395,0.334640,-0.018916,0.136515,0.035976,-0.119830,-0.114577,0.560612,0.091507,-0.153984,0.342660,-0.001907,-0.154093,0.039848,-0.057990,0.003120,0.716798,0.175693,0.150099,0.790214,0.293952,0.160981,0.648322,0.419079,0.167817,0.515291,0.171569,-0.118431,0.835010,0.280050,-0.142074,0.686998,0.398052,-0.161693,0.549991
-0.082995,0.000828,0.674400,-0.116451,0.118432,0.565039,0.081112,0.161917,0.335185,-0.019166,0.136845,0.035897,-0.117718,-0.114473,0.564357,0.090276,-0.153492,0.343144,-0.001706,-0.153940,0.039869,-0.057564,0.003200,0.722009,0.174767,0.150019,0.799560,0.293589,0.161276,0.658169,0.419214,0.168515,0.525613,0.170398,-0.118861,0.842590,0.279943,-0.142140,0.695305,0.398814,-0.161398,0.558925
-0.081779,0.000846,0.679295,-0.114520,0.118399,0.568851,0.079448,0.161287,0.335844,-0.019097,0.137053,0.035869,-0.115418,-0.114507,0.568144,0.089093,-0.153107,0.343634,-0.001497,-0.153926,0.039916,-0.057052,0.003137,0.727288,0.173784,0.149787,0.809155,0.293237,0.161465,0.668331,0.419439,0.169147,0.536341,0.169212,-0.119445,0.850344,0.279909,-0.142322,0.703860,0.399742,-0.161179,0.568199
-0.080504,0.000796,0.684224,-0.112506,0.118298,0.572705,0.077817,0.160571,0.336601,-0.018888,0.137178,0.035919,-0.113021,-0.114609,0.571968,0.087909,-0.152784,0.344176,-0.001309,-0.153997,0.040028,-0.056500,0.003004,0.732597,0.172727,0.149474,0.818853,0.292837,0.161597,0.678627,0.419648,0.169743,0.547246,0.168001,-0.120104,0.858159,0.279885,-0.142561,0.712513,0.400717,-0.160997,0.577619
-0.079136,0.000825,0.689160,-0.110381,0.118295,0.576556,0.075912,0.159908,0.337143,-0.019025,0.137444,0.035786,-0.110501,-0.114613,0.575766,0.086591,-0.152414,0.344582,-0.001334,-0.153988,0.040035,-0.055886,0.002943,0.737914,0.171656,0.149194,0.828575,0.292444,0.161786,0.688973,0.419872,0.170440,0.558213,0.166797,-0.120719,0.865981,0.279882,-0.142725,0.721196,0.401716,-0.160734,0.587076
-0.077708,0.000849,0.694101,-0.108196,0.118292,0.580434,0.073955,0.159202,0.337735,-0.019158,0.137632,0.035705,-0.107897,-0.114615,0.579580,0.085247,-0.152040,0.345028,-0.001352,-0.154004,0.040079,-0.055222,0.002874,0.743225,0.170496,0.148925,0.838347,0.291970,0.162009,0.699387,0.420035,0.171182,0.569280,0.165590,-0.121316,0.873824,0.279879,-0.142860,0.729918,0.402730,-0.160423,0.596606
-0.076163,0.000866,0.699052,-0.105898,0.118294,0.584346,0.071943,0.158430,0.338342,-0.019241,0.137710,0.035626,-0.105139,-0.114612,0.583398,0.083898,-0.151637,0.345461,-0.001309,-0.154028,0.040099,-0.054460,0.002792,0.748540,0.169237,0.148686,0.848266,0.291429,0.162302,0.709989,0.420180,0.172019,0.580607,0.164399,-0.121881,0.881763,0.279920,-0.142938,0.738771,0.403835,-0.160012,0.606335
-0.074539,0.000882,0.703998,-0.103486,0.118314,0.588284,0.069943,0.157616,0.339016,-0.019222,0.137841,0.035597,-0.102315,-0.114590,0.587227,0.082542,-0.151216,0.345967,-0.001248,-0.153963,0.040193,-0.053626,0.002710,0.753836,0.168041,0.148390,0.858022,0.290983,0.162517,0.720463,0.420450,0.172758,0.591846,0.163213,-0.122466,0.889696,0.279957,-0.143065,0.747633,0.404934,-0.159688,0.616097
-0.072875,0.000898,0.708943,-0.101013,0.118344,0.592251,0.067921,0.156776,0.339781,-0.019174,0.137970,0.035663,-0.099455,-0.114557,0.591080,0.081158,-0.150790,0.346568,-0.001202,-0.153871,0.040385,-0.052759,0.002627,0.759118,0.166837,0.148063,0.867675,0.290539,0.162690,0.730851,0.420732,0.173445,0.603020,0.162013,-0.123061,0.897602,0.279965,-0.143217,0.756477,0.405998,-0.159408,0.625855
-0.071104,0.000970,0.713775,-0.098458,0.118453,0.596139,0.065626,0.155986,0.340355,-0.019606,0.138072,0.035618,-0.096522,-0.114444,0.594831,0.079653,-0.150296,0.347045,-0.001229,-0.153825,0.040449,-0.051781,0.002603,0.764270,0.165712,0.147834,0.877005,0.290172,0.162933,0.740922,0.421089,0.174177,0.613882,0.160920,-0.123527,0.905362,0.280020,-0.143272,0.765145,0.407060,-0.159073,0.635420
-0.069290,0.001103,0.718621,-0.095860,0.118635,0.600077,0.063251,0.155213,0.341034,-0.019916,0.138203,0.035637,-0.093544,-0.114258,0.598615,0.078090,-0.149741,0.347610,-0.001243,-0.153752,0.040592,-0.050765,0.002641,0.769422,0.164570,0.147653,0.886266,0.289792,0.163231,0.750939,0.421432,0.174976,0.624699,0.159804,-0.123928,0.913136,0.280037,-0.143258,0.773832,0.408073,-0.158668,0.645006
-0.067388,0.001361,0.723497,-0.093179,0.118966,0.604090,0.060782,0.154493,0.341808,-0.019921,0.138442,0.035658,-0.090483,-0.113922,0.602435,0.076468,-0.149047,0.348241,-0.001176,-0.153587,0.040773,-0.049665,0.002805,0.774590,0.163477,0.147580,0.895447,0.289478,0.163653,0.760903,0.421852,0.175914,0.635484,0.158673,-0.124196,0.920995,0.280028,-0.143103,0.782608,0.409048,-0.158119,0.654685
-0.065422,0.001662,0.728330,-0.090405,0.119360,0.608090,0.058187,0.153754,0.342579,-0.019898,0.138662,0.035660,-0.087396,-0.113523,0.606218,0.074590,-0.148360,0.348791,-0.001309,-0.153508,0.040871,-0.048509,0.003010,0.779703,0.162424,0.147505,0.904484,0.289234,0.164036,0.770758,0.422364,0.176774,0.646189,0.157517,-0.124449,0.928808,0.279988,-0.142973,0.791355,0.409988,-0.157637,0.664351
-0.063423,0.001985,0.733142,-0.087583,0.119788,0.612102,0.055493,0.153005,0.343428,-0.019892,0.138852,0.035749,-0.084294,-0.113090,0.610000,0.072553,-0.147677,0.349376,-0.001573,-0.153486,0.041010,-0.047327,0.003235,0.784782,0.161358,0.147425,0.913424,0.288990,0.164396,0.780538,0.422885,0.177593,0.656837,0.156328,-0.124696,0.936569,0.279909,-0.142858,0.800065,0.410883,-0.157192,0.673992
-0.061177,0.002369,0.737846,-0.084544,0.120303,0.616058,0.052779,0.152263,0.344247,-0.019626,0.138996,0.035770,-0.080922,-0.112568,0.613680,0.070716,-0.146692,0.349931,-0.001461,-0.153099,0.041088,-0.045903,0.003521,0.789740,0.160530,0.147413,0.922099,0.289024,0.164875,0.790111,0.423729,0.178565,0.667348,0.155368,-0.124857,0.944174,0.280080,-0.142625,0.808650,0.412061,-0.156581,0.683562
-0.058875,0.002736,0.742475,-0.081440,0.120799,0.619965,0.049975,0.151486,0.345101,-0.019380,0.139117,0.035846,-0.077515,-0.112064,0.617324,0.068790,-0.145788,0.350529,-0.001353,-0.152830,0.041206,-0.044426,0.003788,0.794609,0.159720,0.147346,0.930642,0.289082,0.165272,0.799567,0.424601,0.179431,0.677760,0.154405,-0.125067,0.951655,0.280248,-0.142467,0.817133,0.413236,-0.156075,0.693049
-0.056462,0.003068,0.746950,-0.078204,0.121257,0.623735,0.047057,0.150653,0.345871,-0.019122,0.139251,0.035846,-0.074047,-0.111599,0.620857,0.066736,-0.145035,0.351070,-0.001212,-0.152769,0.041249,-0.042839,0.004020,0.799310,0.159012,0.147176,0.938963,0.289263,0.165512,0.808829,0.425610,0.180086,0.687999,0.153475,-0.125371,0.958936,0.280457,-0.142454,0.825446,0.414455,-0.155772,0.702393
-0.054230,0.003460,0.751178,-0.075134,0.121746,0.627271,0.043971,0.149813,0.346574,-0.019119,0.139298,0.035839,-0.070795,-0.111106,0.624218,0.064430,-0.144244,0.351567,-0.001344,-0.152627,0.041271,-0.041429,0.004318,0.803749,0.158096,0.147074,0.946943,0.289232,0.165749,0.817749,0.426403,0.180670,0.697900,0.152388,-0.125603,0.965857,0.280495,-0.142437,0.833415,0.415493,-0.155529,0.711406
-0.052088,0.003882,0.755283,-0.072143,0.122249,0.630708,0.040772,0.148966,0.347332,-0.019269,0.139291,0.035933,-0.067651,-0.110598,0.627512,0.061973,-0.143436,0.352117,-0.001638,-0.152457,0.041365,-0.040107,0.004648,0.808051,0.157047,0.147005,0.954728,0.289067,0.165984,0.826482,0.427060,0.181216,0.707620,0.151207,-0.125799,0.972572,0.280432,-0.142418,0.841194,0.416423,-0.155319,0.720242
-0.049618,0.004332,0.758867,-0.068793,0.122757,0.633644,0.038007,0.148185,0.347788,-0.019246,0.139292,0.035812,-0.064248,-0.110088,0.630357,0.059707,-0.142634,0.352328,-0.001679,-0.152265,0.041129,-0.038446,0.005008,0.811816,0.156384,0.146828,0.961923,0.289275,0.166068,0.834619,0.428074,0.181572,0.716735,0.150282,-0.126096,0.978676,0.280632,-0.142538,0.848391,0.417614,-0.155294,0.728511
-0.047140,0.004754,0.762260,-0.065429,0.123226,0.636426,0.035336,0.147402,0.348277,-0.019217,0.139264,0.035771,-0.060860,-0.109617,0.633064,0.057457,-0.141876,0.352556,-0.001764,-0.152142,0.040941,-0.036768,0.005342,0.815375,0.155710,0.146601,0.968860,0.289476,0.166084,0.842514,0.429089,0.181840,0.725631,0.149354,-0.126437,0.984510,0.280832,-0.142724,0.855343,0.418812,-0.155352,0.736565
-0.044649,0.005122,0.765274,-0.062040,0.123624,0.638865,0.032909,0.146621,0.348649,-0.019124,0.139198,0.035675,-0.057508,-0.109220,0.635464,0.055289,-0.141200,0.352659,-0.001886,-0.152120,0.040671,-0.035056,0.005624,0.818539,0.155072,0.146278,0.975335,0.289721,0.165968,0.849962,0.430162,0.181933,0.734113,0.148450,-0.126867,0.989861,0.281064,-0.143039,0.861846,0.420055,-0.155571,0.744213
-0.042172,0.005489,0.767957,-0.058639,0.124011,0.641005,0.030659,0.145904,0.348914,-0.019200,0.139145,0.035553,-0.054188,-0.108835,0.637592,0.053328,-0.140557,0.352708,-0.001930,-0.152140,0.040388,-0.033349,0.005909,0.821358,0.154413,0.145946,0.981399,0.289987,0.165796,0.857053,0.431302,0.181919,0.742310,0.147511,-0.127298,0.994833,0.281284,-0.143403,0.868022,0.421318,-0.155887,0.751606
-0.039701,0.005855,0.770474,-0.055229,0.124391,0.643012,0.028484,0.145223,0.349192,-0.019376,0.139113,0.035490,-0.050881,-0.108457,0.639598,0.051458,-0.139926,0.352784,-0.001948,-0.152170,0.040157,-0.031644,0.006196,0.823998,0.153717,0.145609,0.987232,0.290242,0.165598,0.863952,0.432456,0.181854,0.750366,0.146543,-0.127725,0.999590,0.281490,-0.143790,0.874023,0.422583,-0.156249,0.758875
-0.037311,0.006284,0.772572,-0.051920,0.124813,0.644641,0.026654,0.144685,0.349335,-0.019456,0.139119,0.035349,-0.047672,-0.108037,0.641259,0.049899,-0.139223,0.352758,-0.001999,-0.152066,0.039892,-0.029986,0.006564,0.826204,0.153036,0.145338,0.992485,0.290571,0.165471,0.870357,0.433759,0.181871,0.758061,0.145461,-0.128067,1.003927,0.281646,-0.144092,0.879700,0.423877,-0.156533,0.765957
-0.034960,0.006654,0.774565,-0.048662,0.125176,0.646204,0.024911,0.144133,0.349550,-0.019522,0.139120,0.035301,-0.044513,-0.107677,0.642851,0.048414,-0.138587,0.352791,-0.002120,-0.151997,0.039717,-0.028352,0.006878,0.828292,0.152282,0.145047,0.997558,0.290848,0.165313,0.876623,0.435025,0.181851,0.765661,0.144313,-0.128422,1.008150,0.281740,-0.144418,0.885293,0.425111,-0.156854,0.772995
-0.032687,0.006907,0.776348,-0.045508,0.125423,0.647604,0.023371,0.143552,0.349772,-0.019532,0.139088,0.035290,-0.041455,-0.107432,0.644276,0.047105,-0.138089,0.352826,-0.002357,-0.152017,0.039594,-0.026767,0.007085,0.830156,0.151437,0.144714,1.002315,0.291066,0.165091,0.882629,0.436262,0.181755,0.773061,0.143058,-0.128808,1.012193,0.281729,-0.144793,0.890742,0.426248,-0.157251,0.779933
-0.030222,0.007074,0.778009,-0.042180,0.125571,0.648906,0.022116,0.142912,0.350001,-0.019302,0.139014,0.035302,-0.038222,-0.107286,0.645617,0.046031,-0.137665,0.352864,-0.002380,-0.152107,0.039483,-0.024975,0.007215,0.831888,0.150615,0.144357,1.006997,0.291375,0.164832,0.888660,0.437659,0.181597,0.780622,0.141831,-0.129216,1.016230,0.281801,-0.145217,0.896280,0.427530,-0.157709,0.787096
-0.027661,0.007198,0.779609,-0.038764,0.125670,0.650168,0.020999,0.142243,0.350278,-0.018961,0.138928,0.035374,-0.034902,-0.107190,0.646928,0.045065,-0.137278,0.352945,-0.002303,-0.152223,0.039419,-0.023080,0.007307,0.833550,0.149779,0.143988,1.011614,0.291704,0.164557,0.894693,0.439112,0.181413,0.788272,0.140599,-0.129633,1.020234,0.281895,-0.145663,0.901852,0.428863,-0.158195,0.794380
-0.025611,0.007198,0.781013,-0.035979,0.125654,0.651292,0.019480,0.141480,0.350535,-0.018944,0.138775,0.035422,-0.032155,-0.107207,0.648076,0.043770,-0.136973,0.352990,-0.002423,-0.152398,0.039304,-0.021634,0.007279,0.835003,0.148141,0.143579,1.016175,0.291194,0.164285,0.900663,0.439704,0.181231,0.795878,0.138582,-0.130098,1.024259,0.281160,-0.146145,0.907427,0.429339,-0.158659,0.801681
-0.023508,0.007241,0.782344,-0.033195,0.125675,0.652367,0.018024,0.140776,0.350821,-0.018867,0.138705,0.035510,-0.029415,-0.107187,0.649182,0.042486,-0.136626,0.353058,-0.002497,-0.152504,0.039211,-0.020102,0.007294,0.836374,0.146382,0.143234,1.020713,0.290553,0.164077,0.906624,0.440156,0.181087,0.803512,0.136487,-0.130506,1.028239,0.280333,-0.146585,0.912976,0.429715,-0.159071,0.808999
-0.021297,0.007367,0.783526,-0.030414,0.125769,0.653321,0.016708,0.140187,0.351073,-0.018654,0.138782,0.035574,-0.026688,-0.107096,0.650182,0.041243,-0.136200,0.353089,-0.002462,-0.152497,0.039076,-0.018395,0.007391,0.837586,0.144430,0.143013,1.025251,0.289691,0.163989,0.912579,0.440377,0.181015,0.811180,0.134272,-0.130804,1.032185,0.279357,-0.146945,0.918494,0.429928,-0.159385,0.816333
-0.019068,0.007295,0.784613,-0.027730,0.125637,0.654189,0.015479,0.139444,0.351329,-0.018345,0.138734,0.035650,-0.024028,-0.107228,0.651135,0.039932,-0.135942,0.353124,-0.002408,-0.152598,0.038937,-0.016612,0.007296,0.838697,0.141985,0.142649,1.029964,0.288326,0.163790,0.918729,0.440092,0.180841,0.819109,0.131635,-0.131261,1.036283,0.277969,-0.147447,0.924212,0.429746,-0.159799,0.823956
-0.016830,0.007123,0.785653,-0.025096,0.125392,0.655019,0.014290,0.138621,0.351612,-0.017992,0.138616,0.035763,-0.021404,-0.107474,0.652069,0.038579,-0.135772,0.353192,-0.002353,-0.152755,0.038831,-0.014791,0.007104,0.839755,0.139247,0.142208,1.034700,0.286662,0.163538,0.924929,0.439501,0.180620,0.827139,0.128744,-0.131802,1.040391,0.276334,-0.148026,0.929984,0.429317,-0.160262,0.831697
-0.014470,0.006882,0.786458,-0.022287,0.125023,0.655574,0.013395,0.137809,0.351690,-0.017683,0.138546,0.035716,-0.018704,-0.107848,0.652831,0.037239,-0.135664,0.353125,-0.002280,-0.152863,0.038592,-0.012847,0.006857,0.840575,0.136144,0.141839,1.039296,0.284670,0.163223,0.931043,0.438613,0.180227,0.835184,0.125658,-0.132285,1.044378,0.274500,-0.148676,0.935690,0.428690,-0.160943,0.839473
-0.012070,0.006589,0.787191,-0.019393,0.124597,0.656061,0.012613,0.136983,0.351752,-0.017454,0.138443,0.035678,-0.015938,-0.108277,0.653531,0.035914,-0.135599,0.353044,-0.002339,-0.152968,0.038362,-0.010884,0.006561,0.841320,0.132926,0.141470,1.043682,0.282522,0.162890,0.936921,0.437512,0.179802,0.842936,0.122539,-0.132772,1.048177,0.272573,-0.149357,0.941170,0.427899,-0.161684,0.846961
-0.009590,0.006195,0.787782,-0.016329,0.124063,0.656404,0.012063,0.136129,0.351724,-0.017382,0.138278,0.035593,-0.013037,-0.108815,0.654101,0.034637,-0.135619,0.352876,-0.002645,-0.153079,0.038082,-0.008879,0.006169,0.841920,0.129564,0.141116,1.047774,0.280155,0.162515,0.942416,0.436096,0.179304,0.850156,0.119436,-0.133253,1.051732,0.270546,-0.150086,0.946289,0.426883,-0.162548,0.853920
-0.007041,0.005813,0.788233,-0.013182,0.123550,0.656628,0.011663,0.135361,0.351627,-0.017526,0.138150,0.035477,-0.010007,-0.109332,0.654535,0.033637,-0.135582,0.352650,-0.003009,-0.153044,0.037783,-0.006818,0.005791,0.842376,0.126160,0.140890,1.051512,0.277664,0.162268,0.947467,0.434462,0.178920,0.856770,0.116449,-0.133615,1.055003,0.268520,-0.150708,0.950994,0.425748,-0.163297,0.860278
-0.004457,0.005438,0.788613,-0.009991,0.123048,0.656797,0.011340,0.134635,0.351522,-0.017779,0.138040,0.035371,-0.006914,-0.109836,0.654908,0.032771,-0.135519,0.352428,-0.003405,-0.152939,0.037506,-0.004730,0.005421,0.842756,0.122701,0.140719,1.055002,0.275073,0.162083,0.952231,0.432674,0.178599,0.863021,0.113490,-0.133922,1.058069,0.266463,-0.151278,0.955432,0.424517,-0.163990,0.866280
-0.001968,0.005037,0.788859,-0.006958,0.122527,0.656858,0.011226,0.134015,0.351375,-0.018219,0.137949,0.035262,-0.003825,-0.110358,0.655158,0.032337,-0.135524,0.352192,-0.003668,-0.152916,0.037253,-0.002722,0.005029,0.842998,0.119099,0.140639,1.058124,0.272247,0.162084,0.956530,0.430562,0.178537,0.868684,0.110511,-0.134142,1.060880,0.264296,-0.151678,0.959497,0.423091,-0.164405,0.871769
0.000507,0.004648,0.789045,-0.003960,0.122022,0.656877,0.011222,0.133434,0.351226,-0.018643,0.137869,0.035161,-0.000738,-0.110862,0.655358,0.032014,-0.135534,0.351963,-0.003928,-0.152904,0.037021,-0.000718,0.004650,0.843175,0.115442,0.140585,1.061026,0.269388,0.162135,0.960667,0.428434,0.178561,0.874260,0.107511,-0.134332,1.063510,0.262129,-0.152016,0.963427,0.421681,-0.164735,0.877191
0.002952,0.004282,0.789110,-0.001037,0.121550,0.656797,0.011436,0.132938,0.351023,-0.019035,0.137810,0.035025,0.002345,-0.111333,0.655444,0.031923,-0.135552,0.351686,-0.004175,-0.152911,0.036767,0.001276,0.004294,0.843228,0.111740,0.140598,1.063626,0.266533,0.162294,0.964609,0.426352,0.178748,0.879784,0.104531,-0.134448,1.065903,0.260028,-0.152223,0.967207,0.420376,-0.164889,0.882590
0.005303,0.003965,0.789081,0.001758,0.121150,0.656655,0.011922,0.132599,0.350799,-0.019402,0.137837,0.034895,0.005376,-0.111730,0.655430,0.032163,-0.135526,0.351380,-0.004277,-0.152845,0.036503,0.003194,0.003982,0.843184,0.108051,0.140678,1.065915,0.263751,0.162566,0.968373,0.424396,0.179111,0.885308,0.101645,-0.134485,1.068029,0.258074,-0.152285,0.970822,0.419265,-0.164846,0.887981
0.007605,0.003673,0.789004,0.004487,0.120786,0.656485,0.012542,0.132332,0.350570,-0.019759,0.137896,0.034775,0.008380,-0.112089,0.655370,0.032563,-0.135485,0.351070,-0.004314,-0.152754,0.036248,0.005073,0.003693,0.843089,0.104347,0.140779,1.067989,0.260975,0.162885,0.971995,0.422459,0.179559,0.890786,0.098783,-0.134493,1.069967,0.256163,-0.152280,0.974306,0.418209,-0.164713,0.893327
0.009782,0.003253,0.788937,0.007049,0.120282,0.656322,0.013465,0.132017,0.350377,-0.019921,0.137857,0.034706,0.011292,-0.112587,0.655343,0.033216,-0.135633,0.350844,-0.004354,-0.152835,0.036107,0.006851,0.003285,0.843002,0.100857,0.140703,1.069838,0.258485,0.163113,0.975566,0.420863,0.180017,0.896423,0.095923,-0.134656,1.071767,0.254378,-0.152314,0.977871,0.417372,-0.164513,0.898994
0.011916,0.002927,0.788865,0.009586,0.119873,0.656161,0.014451,0.131794,0.350196,-0.020058,0.137883,0.034657,0.014137,-0.112990,0.655319,0.033900,-0.135680,0.350645,-0.004355,-0.152782,0.035991,0.008594,0.002973,0.842908,0.097435,0.140700,1.071522,0.256080,0.163384,0.979038,0.419354,0.180483,0.902028,0.093079,-0.134737,1.073431,0.252612,-0.152295,0.981358,0.416545,-0.164286,0.904644
0.013961,0.002793,0.788781,0.012070,0.119660,0.655995,0.015556,0.131768,0.350020,-0.020144,0.138065,0.034624,0.016847,-0.113199,0.655291,0.034647,-0.135507,0.350467,-0.004276,-0.152429,0.035890,0.010260,0.002856,0.842799,0.094192,0.140873,1.072999,0.253903,0.163766,0.982422,0.418102,0.180973,0.907659,0.090306,-0.134629,1.074941,0.250937,-0.152154,0.984792,0.415816,-0.163988,0.910343
0.015847,0.002564,0.788728,0.014430,0.119352,0.655865,0.016582,0.131646,0.349886,-0.020270,0.138160,0.034633,0.019282,-0.113505,0.655301,0.035182,-0.135455,0.350346,-0.004332,-0.152191,0.035837,0.011792,0.002649,0.842721,0.091122,0.140920,1.074320,0.251897,0.163915,0.985672,0.417006,0.181088,0.913163,0.087545,-0.134636,1.076333,0.249234,-0.152255,0.988116,0.415014,-0.164027,0.915927
0.017654,0.002289,0.788691,0.016728,0.119000,0.655757,0.017567,0.131479,0.349779,-0.020417,0.138217,0.034670,0.021579,-0.113858,0.655333,0.035610,-0.135460,0.350260,-0.004459,-0.152005,0.035816,0.013257,0.002397,0.842657,0.088131,0.140905,1.075527,0.249957,0.163951,0.988825,0.415950,0.181022,0.918576,0.084782,-0.134700,1.077630,0.247497,-0.152477,0.991353,0.414138,-0.164233,0.921424
0.019327,0.002029,0.788554,0.018952,0.118643,0.655535,0.018590,0.131322,0.349564,-0.020489,0.138312,0.034601,0.023575,-0.114219,0.655286,0.035926,-0.135439,0.350114,-0.004520,-0.151728,0.035707,0.014626,0.002175,0.842494,0.085468,0.140895,1.076441,0.248329,0.163814,0.991665,0.415178,0.180583,0.923627,0.082090,-0.134747,1.078702,0.245767,-0.152871,0.994336,0.413204,-0.164785,0.926614
0.020897,0.001784,0.788418,0.021073,0.118301,0.655318,0.019563,0.131170,0.349357,-0.020574,0.138400,0.034539,0.025422,-0.114566,0.655244,0.036159,-0.135439,0.349986,-0.004630,-0.151496,0.035615,0.015906,0.001971,0.842332,0.082880,0.140909,1.077236,0.246730,0.163662,0.994341,0.414383,0.180090,0.928461,0.079400,-0.134767,1.079681,0.243979,-0.153280,0.997176,0.412154,-0.165392,0.931603
0.022262,0.001569,0.788283,0.022994,0.117988,0.655106,0.020438,0.131021,0.349157,-0.020681,0.138466,0.034477,0.026974,-0.114886,0.655204,0.036237,-0.135481,0.349880,-0.004828,-0.151361,0.035538,0.017010,0.001804,0.842172,0.080461,0.140971,1.077872,0.245234,0.163477,0.996758,0.413627,0.179477,0.932922,0.076735,-0.134732,1.080557,0.242124,-0.153721,0.999799,0.410953,-0.166112,0.936252
0.023491,0.001381,0.788129,0.024779,0.117711,0.654885,0.021310,0.130897,0.348950,-0.020694,0.138543,0.034399,0.028340,-0.115169,0.655138,0.036301,-0.135492,0.349759,-0.005029,-0.151171,0.035445,0.018000,0.001667,0.841994,0.078276,0.141072,1.078347,0.243916,0.163283,0.998935,0.412990,0.178810,0.937067,0.074180,-0.134650,1.081315,0.240304,-0.154165,1.002208,0.409717,-0.166890,0.940602
0.024653,0.001205,0.787966,0.026497,0.117450,0.654663,0.022183,0.130785,0.348743,-0.020659,0.138630,0.034316,0.029612,-0.115436,0.655060,0.036359,-0.135484,0.349634,-0.005230,-0.150947,0.035346,0.018933,0.001543,0.841807,0.076207,0.141197,1.078725,0.242676,0.163087,1.000977,0.412393,0.178121,0.941043,0.071676,-0.134541,1.081995,0.238490,-0.154608,1.004492,0.408442,-0.167697,0.944786
0.025478,0.001027,0.787820,0.027829,0.117195,0.654466,0.022805,0.130668,0.348561,-0.020897,0.138657,0.034262,0.030540,-0.115695,0.654992,0.036369,-0.135548,0.349535,-0.005457,-0.150846,0.035273,0.019557,0.001417,0.841638,0.074284,0.141342,1.078976,0.241496,0.162920,1.002748,0.411775,0.177487,0.944619,0.069325,-0.134403,1.082576,0.236738,-0.155003,1.006520,0.407148,-0.168457,0.948576
0.026267,0.000858,0.787679,0.029108,0.116955,0.654281,0.023425,0.130564,0.348391,-0.021082,0.138699,0.034216,0.031424,-0.115939,0.654924,0.036429,-0.135601,0.349440,-0.005651,-0.150724,0.035207,0.020154,0.001299,0.841475,0.072476,0.141496,1.079176,0.240397,0.162765,1.004433,0.411203,0.176873,0.948082,0.067088,-0.134253,1.083100,0.235067,-0.155384,1.008450,0.405899,-0.169203,0.952236
0.026984,0.000705,0.787550,0.030281,0.116744,0.654119,0.024043,0.130483,0.348245,-0.021161,0.138759,0.034178,0.032219,-0.116154,0.654855,0.036585,-0.135637,0.349350,-0.005779,-0.150573,0.035150,0.020700,0.001193,0.841326,0.070905,0.141656,1.079315,0.239484,0.162625,1.005981,0.410766,0.176283,0.951347,0.065089,-0.134092,1.083557,0.233582,-0.155745,1.010224,0.404785,-0.169924,0.955672
0.027491,0.000535,0.787440,0.031174,0.116525,0.653984,0.024486,0.130392,0.348124,-0.021331,0.138789,0.034154,0.032826,-0.116374,0.654797,0.036674,-0.135682,0.349274,-0.005981,-0.150426,0.035107,0.021055,0.001065,0.841198,0.069365,0.141792,1.079414,0.238526,0.162524,1.007366,0.410220,0.175823,0.954296,0.063187,-0.133953,1.083960,0.232139,-0.156040,1.011823,0.403666,-0.170519,0.958783
0.027892,0.000357,0.787340,0.031926,0.116303,0.653863,0.024840,0.130296,0.348016,-0.021550,0.138804,0.034138,0.033338,-0.116598,0.654745,0.036727,-0.135729,0.349206,-0.006222,-0.150279,0.035073,0.021314,0.000927,0.841080,0.067839,0.141917,1.079488,0.237541,0.162444,1.008664,0.409611,0.175430,0.957085,0.061332,-0.133823,1.084330,0.230713,-0.156302,1.013330,0.402533,-0.171051,0.961727
0.028226,0.000227,0.787263,0.032555,0.116145,0.653777,0.025121,0.130212,0.347941,-0.021687,0.138802,0.034129,0.033755,-0.116757,0.654700,0.036852,-0.135767,0.349151,-0.006403,-0.150159,0.035054,0.021532,0.000830,0.840988,0.066595,0.142056,1.079534,0.236757,0.162383,1.009763,0.409136,0.175092,0.959491,0.059774,-0.133677,1.084644,0.229507,-0.156509,1.014604,0.401558,-0.171528,0.964254
0.028478,0.000093,0.787205,0.033073,0.115991,0.653716,0.025316,0.130125,0.347890,-0.021843,0.138797,0.034136,0.034093,-0.116912,0.654667,0.036918,-0.135813,0.349108,-0.006629,-0.150063,0.035048,0.021677,0.000726,0.840916,0.065345,0.142181,1.079582,0.235935,0.162334,1.010812,0.408595,0.174794,0.961786,0.058232,-0.133546,1.084946,0.228293,-0.156702,1.015813,0.400551,-0.171961,0.966653
0.028567,-0.000053,0.787186,0.033371,0.115841,0.653707,0.025344,0.130025,0.347889,-0.022031,0.138776,0.034170,0.034275,-0.117063,0.654659,0.036869,-0.135881,0.349093,-0.006947,-0.150021,0.035067,0.021674,0.000602,0.840885,0.064086,0.142266,1.079649,0.235046,0.162302,1.011770,0.407943,0.174567,0.963864,0.056724,-0.133456,1.085240,0.227072,-0.156872,1.016904,0.399505,-0.172313,0.968809
0.028633,-0.000091,0.787166,0.033632,0.115810,0.653705,0.025334,0.130034,0.347896,-0.022236,0.138862,0.034210,0.034413,-0.117093,0.654638,0.036796,-0.135857,0.349067,-0.007211,-0.149923,0.035066,0.021659,0.000579,0.840854,0.062968,0.142383,1.079724,0.234256,0.162304,1.012641,0.407360,0.174408,0.965722,0.055363,-0.133335,1.085466,0.225965,-0.156977,1.017847,0.398551,-0.172599,0.970692
0.028687,-0.000077,0.787144,0.033873,0.115838,0.653707,0.025305,0.130095,0.347906,-0.022449,0.139000,0.034250,0.034528,-0.117067,0.654610,0.036712,-0.135789,0.349035,-0.007447,-0.149799,0.035054,0.021636,0.000603,0.840822,0.061921,0.142513,1.079800,0.233513,0.162323,1.013467,0.406807,0.174279,0.967469,0.054074,-0.133199,1.085656,0.224914,-0.157052,1.018715,0.397640,-0.172854,0.972439
0.028514,-0.000103,0.787118,0.033856,0.115832,0.653709,0.025110,0.130064,0.347912,-0.022683,0.138991,0.034263,0.034440,-0.117073,0.654572,0.036541,-0.135772,0.348995,-0.007733,-0.149748,0.035030,0.021394,0.000579,0.840787,0.060831,0.142519,1.079882,0.232658,0.162283,1.014146,0.406095,0.174181,0.968887,0.052743,-0.133191,1.085772,0.223785,-0.157164,1.019393,0.396631,-0.173082,0.973839
0.028331,-0.000093,0.787084,0.033829,0.115863,0.653703,0.024917,0.130065,0.347910,-0.022896,0.139016,0.034265,0.034322,-0.117042,0.654524,0.036345,-0.135733,0.348947,-0.007989,-0.149692,0.034990,0.021147,0.000589,0.840744,0.059787,0.142533,1.079960,0.231829,0.162240,1.014771,0.405394,0.174082,0.970194,0.051462,-0.133175,1.085855,0.222688,-0.157267,1.019996,0.395641,-0.173318,0.975110
0.028126,-0.000013,0.787033,0.033780,0.115965,0.653681,0.024723,0.130128,0.347890,-0.023073,0.139105,0.034243,0.034141,-0.116941,0.654458,0.036092,-0.135654,0.348881,-0.008195,-0.149629,0.034919,0.020890,0.000665,0.840686,0.058834,0.142561,1.080034,0.231052,0.162185,1.015288,0.404720,0.173981,0.971277,0.050280,-0.133146,1.085875,0.221655,-0.157353,1.020448,0.394692,-0.173569,0.976123
0.028003,0.000040,0.786980,0.033807,0.116035,0.653652,0.024681,0.130178,0.347862,-0.023079,0.139184,0.034211,0.034057,-0.116871,0.654392,0.036014,-0.135574,0.348816,-0.008207,-0.149526,0.034843,0.020716,0.000713,0.840626,0.058052,0.142542,1.080100,0.230416,0.162108,1.015724,0.404163,0.173893,0.972212,0.049294,-0.133166,1.085867,0.220800,-0.157455,1.020814,0.393907,-0.173812,0.976993
0.027920,0.000079,0.786925,0.033870,0.116090,0.653619,0.024714,0.130222,0.347830,-0.023002,0.139257,0.034174,0.034021,-0.116817,0.654327,0.036021,-0.135494,0.348749,-0.008124,-0.149406,0.034764,0.020584,0.000746,0.840565,0.057355,0.142500,1.080161,0.229848,0.162021,1.016119,0.403662,0.173812,0.973071,0.048404,-0.133209,1.085843,0.220032,-0.157565,1.021137,0.393202,-0.174050,0.977790
0.027664,0.000107,0.786943,0.033751,0.116131,0.653657,0.024605,0.130213,0.347865,-0.022966,0.139255,0.034186,0.033790,-0.116776,0.654336,0.035821,-0.135478,0.348760,-0.008220,-0.149404,0.034760,0.020287,0.000769,0.840577,0.056572,0.142436,1.080284,0.229147,0.161895,1.016443,0.403001,0.173710,0.973694,0.047410,-0.133277,1.085873,0.219115,-0.157683,1.021391,0.392323,-0.174316,0.978361
0.027391,0.000146,0.786935,0.033597,0.116180,0.653665,0.024463,0.130230,0.347872,-0.022987,0.139287,0.034175,0.033552,-0.116726,0.654321,0.035608,-0.135429,0.348745,-0.008312,-0.149356,0.034729,0.019975,0.000804,0.840564,0.055795,0.142393,1.080370,0.228432,0.161808,1.016681,0.402312,0.173672,0.974185,0.046426,-0.133324,1.085877,0.218195,-0.157754,1.021577,0.391434,-0.174518,0.978820
0.027085,0.000205,0.786879,0.033374,0.116244,0.653619,0.024259,0.130300,0.347827,-0.023123,0.139390,0.034121,0.033302,-0.116662,0.654264,0.035369,-0.135317,0.348685,-0.008397,-0.149212,0.034646,0.019634,0.000861,0.840503,0.055030,0.142389,1.080386,0.227690,0.161795,1.016758,0.401572,0.173762,0.974416,0.045462,-0.133334,1.085831,0.217273,-0.157736,1.021633,0.390527,-0.174592,0.979061
0.026843,0.000197,0.786839,0.033204,0.116239,0.653586,0.024130,0.130298,0.347793,-0.023152,0.139417,0.034075,0.033109,-0.116667,0.654224,0.035169,-0.135297,0.348644,-0.008456,-0.149183,0.034585,0.019362,0.000853,0.840459,0.054396,0.142328,1.080403,0.227056,0.161712,1.016771,0.400932,0.173810,0.974485,0.044587,-0.133401,1.085802,0.216422,-0.157753,1.021649,0.389685,-0.174719,0.979166
0.026632,0.000155,0.786808,0.033060,0.116199,0.653560,0.024039,0.130260,0.347767,-0.023127,0.139409,0.034033,0.032943,-0.116707,0.654195,0.034990,-0.135324,0.348613,-0.008500,-0.149210,0.034536,0.019123,0.000813,0.840424,0.053824,0.142237,1.080422,0.226475,0.161592,1.016755,0.400339,0.173836,0.974473,0.043756,-0.133496,1.085782,0.215606,-0.157787,1.021645,0.388875,-0.174873,0.979203
0.026296,0.000341,0.786741,0.032742,0.116393,0.653501,0.023736,0.130496,0.347711,-0.023349,0.139708,0.033967,0.032666,-0.116514,0.654124,0.034683,-0.135126,0.348543,-0.008764,-0.149021,0.034461,0.018767,0.000998,0.840354,0.053160,0.142414,1.080377,0.225772,0.161716,1.016588,0.399613,0.174189,0.974171,0.042973,-0.133328,1.085728,0.214808,-0.157478,1.021496,0.388066,-0.174717,0.978939
0.026001,0.000476,0.786670,0.032452,0.116538,0.653440,0.023468,0.130674,0.347651,-0.023556,0.139928,0.033900,0.032432,-0.116369,0.654048,0.034424,-0.134977,0.348466,-0.009000,-0.148880,0.034383,0.018455,0.001131,0.840281,0.052560,0.142542,1.080325,0.225124,0.161780,1.016389,0.398941,0.174516,0.973786,0.042290,-0.133211,1.085664,0.214102,-0.157191,1.021310,0.387349,-0.174597,0.978583
0.025788,0.000506,0.786591,0.032220,0.116583,0.653373,0.023264,0.130732,0.347585,-0.023737,0.139992,0.033832,0.032285,-0.116323,0.653959,0.034256,-0.134924,0.348376,-0.009184,-0.148832,0.034298,0.018230,0.001156,0.840200,0.052086,0.142563,1.080260,0.224588,0.161721,1.016130,0.398375,0.174781,0.973237,0.041808,-0.133203,1.085582,0.213585,-0.156956,1.021051,0.386817,-0.174552,0.978043
0.025572,0.000618,0.786512,0.031963,0.116713,0.653308,0.023029,0.130915,0.347522,-0.023992,0.140213,0.033774,0.032127,-0.116194,0.653868,0.034081,-0.134786,0.348284,-0.009436,-0.148690,0.034218,0.018010,0.001261,0.840121,0.051695,0.142643,1.080198,0.224115,0.161709,1.015822,0.397866,0.175146,0.972523,0.041390,-0.133136,1.085485,0.213125,-0.156608,1.020736,0.386343,-0.174406,0.977342
0.025354,0.000771,0.786433,0.031692,0.116885,0.653243,0.022776,0.131161,0.347461,-0.024287,0.140514,0.033722,0.031963,-0.116021,0.653775,0.033899,-0.134605,0.348190,-0.009726,-0.148500,0.034142,0.017792,0.001405,0.840042,0.051345,0.142751,1.080136,0.223675,0.161720,1.015491,0.397385,0.175558,0.971727,0.041006,-0.133039,1.085380,0.212693,-0.156207,1.020396,0.385897,-0.174210,0.976558
0.025280,0.000815,0.786342,0.031566,0.116950,0.653167,0.022712,0.131267,0.347386,-0.024374,0.140635,0.033652,0.031928,-0.115956,0.653666,0.033888,-0.134531,0.348081,-0.009861,-0.148413,0.034053,0.017724,0.001434,0.839952,0.051094,0.142708,1.080094,0.223341,0.161594,1.015205,0.397011,0.175804,0.971005,0.040855,-0.133100,1.085231,0.212501,-0.155973,1.020036,0.385693,-0.174149,0.975782
0.025146,0.000848,0.786257,0.031383,0.117003,0.653096,0.022573,0.131355,0.347317,-0.024550,0.140733,0.033589,0.031829,-0.115903,0.653565,0.033825,-0.134468,0.347980,-0.010031,-0.148336,0.033969,0.017595,0.001452,0.839868,0.050787,0.142634,1.080066,0.222947,0.161459,1.014929,0.396572,0.176012,0.970300,0.040610,-0.133192,1.085080,0.212215,-0.155788,1.019682,0.385395,-0.174101,0.975026
0.024889,0.000857,0.786185,0.031084,0.117030,0.653037,0.022280,0.131406,0.347259,-0.024904,0.140788,0.033542,0.031599,-0.115876,0.653479,0.033655,-0.134426,0.347893,-0.010273,-0.148276,0.033893,0.017344,0.001445,0.839797,0.050365,0.142493,1.080069,0.222426,0.161301,1.014669,0.395997,0.176140,0.969631,0.040173,-0.133351,1.084924,0.211736,-0.155705,1.019334,0.384904,-0.174084,0.974313
0.024796,0.000881,0.786146,0.030959,0.117072,0.653012,0.022169,0.131458,0.347234,-0.025028,0.140841,0.033519,0.031527,-0.115834,0.653425,0.033638,-0.134390,0.347839,-0.010346,-0.148240,0.033849,0.017255,0.001452,0.839759,0.050108,0.142356,1.080112,0.222082,0.161174,1.014487,0.395604,0.176236,0.969119,0.039885,-0.133505,1.084797,0.211414,-0.155662,1.019054,0.384576,-0.174060,0.973752
0.024786,0.000914,0.786124,0.030925,0.117123,0.653004,0.022151,0.131513,0.347227,-0.025032,0.140897,0.033509,0.031535,-0.115783,0.653387,0.033700,-0.134355,0.347804,-0.010333,-0.148213,0.033822,0.017249,0.001469,0.839738,0.049934,0.142222,1.080174,0.221827,0.161065,1.014345,0.395302,0.176316,0.968689,0.039672,-0.133655,1.084686,0.211173,-0.155640,1.018811,0.384330,-0.174032,0.973268
0.024618,0.000997,0.786067,0.030739,0.117227,0.652965,0.021969,0.131657,0.347190,-0.025298,0.141056,0.033485,0.031406,-0.115679,0.653313,0.033631,-0.134239,0.347729,-0.010468,-0.148076,0.033757,0.017077,0.001535,0.839680,0.049594,0.142135,1.080207,0.221441,0.161061,1.014282,0.394891,0.176447,0.968524,0.039273,-0.133754,1.084546,0.210781,-0.155603,1.018647,0.383957,-0.173912,0.973048
0.024576,0.001076,0.786011,0.030685,0.117328,0.652928,0.021896,0.131780,0.347154,-0.025457,0.141179,0.033463,0.031414,-0.115578,0.653241,0.033689,-0.134140,0.347657,-0.010488,-0.147974,0.033697,0.017025,0.001597,0.839623,0.049338,0.142046,1.080245,0.221156,0.161063,1.014273,0.394592,0.176578,0.968470,0.038969,-0.133854,1.084413,0.210502,-0.155573,1.018535,0.383705,-0.173790,0.972933
0.024785,0.001146,0.785958,0.030894,0.117422,0.652898,0.022039,0.131862,0.347125,-0.025406,0.141233,0.033447,0.031695,-0.115483,0.653170,0.034001,-0.134075,0.347588,-0.010277,-0.147933,0.033646,0.017214,0.001648,0.839568,0.049247,0.141950,1.080296,0.221072,0.161076,1.014374,0.394516,0.176705,0.968640,0.038853,-0.133959,1.084291,0.210442,-0.155560,1.018524,0.383695,-0.173667,0.973030
0.024994,0.001190,0.785922,0.031106,0.117495,0.652888,0.022173,0.131938,0.347118,-0.025390,0.141295,0.033458,0.031993,-0.115411,0.653114,0.034350,-0.134033,0.347535,-0.010054,-0.147911,0.033612,0.017398,0.001672,0.839528,0.049128,0.141836,1.080368,0.220991,0.161076,1.014578,0.394463,0.176820,0.969007,0.038775,-0.134081,1.084191,0.210447,-0.155566,1.018603,0.383763,-0.173560,0.973297
0.025205,0.001223,0.785895,0.031323,0.117558,0.652890,0.022306,0.132016,0.347123,-0.025387,0.141364,0.033482,0.032301,-0.115347,0.653066,0.034720,-0.134000,0.347489,-0.009821,-0.147895,0.033588,0.017581,0.001684,0.839498,0.048998,0.141714,1.080450,0.220914,0.161070,1.014835,0.394422,0.176929,0.969473,0.038718,-0.134211,1.084103,0.210485,-0.155580,1.018728,0.383871,-0.173461,0.973651
0.025405,0.001243,0.785884,0.031563,0.117600,0.652902,0.022551,0.132081,0.347137,-0.025292,0.141408,0.033518,0.032639,-0.115305,0.653044,0.035109,-0.133929,0.347465,-0.009566,-0.147781,0.033582,0.017736,0.001686,0.839480,0.048772,0.141612,1.080542,0.220779,0.161074,1.015199,0.394349,0.177076,0.970132,0.038632,-0.134317,1.084051,0.210529,-0.155560,1.018974,0.384005,-0.173354,0.974204
0.025669,0.001267,0.785850,0.031865,0.117644,0.652889,0.022852,0.132163,0.347126,-0.025151,0.141481,0.033533,0.033053,-0.115261,0.653002,0.035557,-0.133858,0.347421,-0.009268,-0.147671,0.033559,0.017951,0.001691,0.839440,0.048585,0.141521,1.080611,0.220692,0.161094,1.015565,0.394327,0.177260,0.970807,0.038618,-0.134414,1.083978,0.210654,-0.155514,1.019224,0.384227,-0.173220,0.974776
0.026061,0.001297,0.785769,0.032292,0.117689,0.652826,0.023267,0.132279,0.347067,-0.024915,0.141615,0.033502,0.033619,-0.115215,0.652918,0.036121,-0.133787,0.347336,-0.008885,-0.147568,0.033499,0.018288,0.001704,0.839351,0.048474,0.141448,1.080634,0.220697,0.161142,1.015932,0.394407,0.177510,0.971519,0.038748,-0.134493,1.083864,0.210943,-0.155422,1.019478,0.384625,-0.173035,0.975386
0.026260,0.001234,0.785705,0.032537,0.117635,0.652774,0.023510,0.132329,0.347021,-0.024779,0.141733,0.033476,0.033992,-0.115268,0.652857,0.036497,-0.133816,0.347273,-0.008667,-0.147563,0.033459,0.018429,0.001626,0.839279,0.048128,0.141314,1.080660,0.220463,0.161103,1.016288,0.394246,0.177665,0.972196,0.038678,-0.134635,1.083779,0.211020,-0.155406,1.019737,0.384803,-0.172957,0.975970
0.026362,0.001124,0.785648,0.032691,0.117530,0.652727,0.023666,0.132345,0.346981,-0.024697,0.141844,0.033451,0.034267,-0.115372,0.652807,0.036779,-0.133896,0.347221,-0.008534,-0.147608,0.033427,0.018471,0.001502,0.839213,0.047663,0.141148,1.080686,0.220109,0.161022,1.016636,0.393964,0.177771,0.972854,0.038510,-0.134808,1.083707,0.210992,-0.155430,1.019996,0.384872,-0.172933,0.976539
0.026477,0.001114,0.785663,0.032847,0.117530,0.652755,0.023792,0.132433,0.347015,-0.024658,0.141993,0.033502,0.034557,-0.115371,0.652825,0.037037,-0.133836,0.347235,-0.008473,-0.147483,0.033468,0.018528,0.001479,0.839219,0.047203,0.141100,1.080773,0.219762,0.161062,1.017057,0.393688,0.177995,0.973616,0.038351,-0.134864,1.083715,0.210973,-0.155340,1.020335,0.384944,-0.172790,0.977213
0.026589,0.001133,0.785663,0.032988,0.117561,0.652770,0.023867,0.132548,0.347037,-0.024680,0.142167,0.033542,0.034846,-0.115338,0.652826,0.037276,-0.133744,0.347232,-0.008445,-0.147326,0.033494,0.018583,0.001484,0.839211,0.046739,0.141093,1.080838,0.219408,0.161156,1.017453,0.393402,0.178262,0.974369,0.038205,-0.134880,1.083714,0.210961,-0.155214,1.020655,0.385019,-0.172598,0.977876
0.026698,0.001208,0.785630,0.033102,0.117655,0.652757,0.023842,0.132715,0.347032,-0.024820,0.142389,0.033558,0.035137,-0.115244,0.652789,0.037482,-0.133590,0.347190,-0.008477,-0.147109,0.033486,0.018636,0.001544,0.839170,0.046269,0.141166,1.080855,0.219044,0.161350,1.017800,0.393101,0.178616,0.975101,0.038084,-0.134816,1.083689,0.210965,-0.155019,1.020933,0.385102,-0.172311,0.978516
0.026831,0.001152,0.785625,0.033240,0.117618,0.652773,0.023821,0.132728,0.347056,-0.024937,0.142448,0.033599,0.035422,-0.115279,0.652778,0.037653,-0.133573,0.347175,-0.008536,-0.147034,0.033503,0.018721,0.001475,0.839158,0.045889,0.141113,1.080889,0.218754,0.161408,1.018117,0.392861,0.178787,0.975783,0.038009,-0.134877,1.083692,0.210991,-0.154987,1.021186,0.385188,-0.172193,0.979110
0.026974,0.001031,0.785634,0.033387,0.117518,0.652804,0.023800,0.132666,0.347094,-0.025044,0.142425,0.033653,0.035703,-0.115378,0.652779,0.037808,-0.133624,0.347171,-0.008609,-0.147030,0.033533,0.018818,0.001342,0.839160,0.045552,0.140998,1.080932,0.218497,0.161400,1.018417,0.392647,0.178868,0.976440,0.037955,-0.135001,1.083709,0.211027,-0.155039,1.021427,0.385272,-0.172158,0.979680
0.027156,0.000950,0.785581,0.033553,0.117455,0.652769,0.023880,0.132681,0.347065,-0.025004,0.142508,0.033633,0.036036,-0.115439,0.652721,0.038008,-0.133622,0.347108,-0.008665,-0.146957,0.033507,0.018959,0.001249,0.839101,0.045263,0.140936,1.080905,0.218288,0.161480,1.018658,0.392478,0.179056,0.977054,0.037970,-0.135070,1.083672,0.211138,-0.155009,1.021626,0.385437,-0.172002,0.980228
0.027352,0.000789,0.785543,0.033731,0.117309,0.652745,0.024008,0.132615,0.347048,-0.024894,0.142506,0.033620,0.036378,-0.115583,0.652680,0.038211,-0.133692,0.347061,-0.008669,-0.146956,0.033490,0.019116,0.001077,0.839057,0.044993,0.140797,1.080891,0.218096,0.161482,1.018908,0.392324,0.179167,0.977668,0.037997,-0.135216,1.083652,0.211260,-0.155055,1.021841,0.385612,-0.171918,0.980785
0.027575,0.000470,0.785532,0.033933,0.116999,0.652743,0.024228,0.132387,0.347050,-0.024648,0.142339,0.033620,0.036737,-0.115891,0.652670,0.038418,-0.133906,0.347045,-0.008578,-0.147093,0.033488,0.019306,0.000750,0.839040,0.044764,0.140504,1.080903,0.217940,0.161330,1.019171,0.392203,0.179127,0.978273,0.038048,-0.135515,1.083663,0.211405,-0.155248,1.022082,0.385810,-0.171978,0.981353
0.027746,0.000293,0.785507,0.034092,0.116828,0.652724,0.024437,0.132311,0.347034,-0.024391,0.142341,0.033599,0.037031,-0.116060,0.652649,0.038580,-0.133991,0.347017,-0.008463,-0.147116,0.033465,0.019445,0.000565,0.839011,0.044483,0.140356,1.080899,0.217732,0.161301,1.019414,0.392031,0.179197,0.978846,0.038058,-0.135669,1.083659,0.211505,-0.155309,1.022302,0.385959,-0.171927,0.981885
0.027892,0.000188,0.785474,0.034231,0.116727,0.652694,0.024640,0.132310,0.347009,-0.024127,0.142425,0.033566,0.037294,-0.116160,0.652621,0.038719,-0.134013,0.346984,-0.008336,-0.147083,0.033431,0.019560,0.000453,0.838973,0.044177,0.140283,1.080886,0.217500,0.161336,1.019645,0.391834,0.179324,0.979401,0.038050,-0.135748,1.083648,0.211584,-0.155302,1.022511,0.386084,-0.171817,0.982398
0.027923,-0.000132,0.785451,0.034297,0.116410,0.652676,0.024808,0.132084,0.346993,-0.023876,0.142281,0.033540,0.037406,-0.116476,0.652602,0.038694,-0.134228,0.346958,-0.008156,-0.147244,0.033371,0.019560,0.000128,0.838945,0.043809,0.139998,1.080882,0.217232,0.161090,1.019940,0.391615,0.179121,0.980096,0.037930,-0.136034,1.083654,0.211560,-0.155555,1.022778,0.386105,-0.172043,0.983039
0.027915,-0.000407,0.785439,0.034335,0.116138,0.652670,0.024982,0.131893,0.346987,-0.023603,0.142165,0.033520,0.037475,-0.116747,0.652595,0.038649,-0.134398,0.346944,-0.007960,-0.147362,0.033317,0.019520,-0.000150,0.838928,0.043415,0.139773,1.080880,0.216945,0.160882,1.020251,0.391379,0.178946,0.980829,0.037754,-0.136259,1.083680,0.211480,-0.155760,1.023074,0.386067,-0.172247,0.983724
0.027831,-0.000594,0.785449,0.034318,0.115956,0.652686,0.025169,0.131779,0.347002,-0.023286,0.142111,0.033516,0.037458,-0.116930,0.652607,0.038561,-0.134477,0.346950,-0.007734,-0.147392,0.033273,0.019405,-0.000336,0.838933,0.042973,0.139665,1.080883,0.216625,0.160746,1.020595,0.391113,0.178823,0.981636,0.037468,-0.136364,1.083748,0.211292,-0.155870,1.023425,0.385913,-0.172411,0.984499
0.027611,-0.000781,0.785479,0.034177,0.115773,0.652723,0.025261,0.131672,0.347037,-0.023058,0.142062,0.033529,0.037288,-0.117112,0.652638,0.038345,-0.134568,0.346976,-0.007710,-0.147429,0.033261,0.019157,-0.000520,0.838958,0.042528,0.139553,1.080903,0.216317,0.160573,1.020989,0.390868,0.178664,0.982521,0.037075,-0.136467,1.083840,0.211009,-0.155988,1.023840,0.385671,-0.172624,0.985367
0.027324,-0.000969,0.785519,0.033974,0.115590,0.652771,0.025306,0.131566,0.347082,-0.022872,0.142015,0.033552,0.037043,-0.117296,0.652678,0.038066,-0.134664,0.347011,-0.007784,-0.147469,0.033263,0.018842,-0.000703,0.838994,0.042083,0.139438,1.080931,0.216016,0.160381,1.021407,0.390631,0.178487,0.983446,0.036630,-0.136570,1.083944,0.210679,-0.156109,1.024285,0.385382,-0.172863,0.986281
0.027045,-0.001096,0.785518,0.033839,0.115469,0.652782,0.025405,0.131514,0.347089,-0.022818,0.141972,0.033565,0.036759,-0.117419,0.652675,0.037752,-0.134697,0.347002,-0.007950,-0.147420,0.033231,0.018532,-0.000821,0.838988,0.041698,0.139430,1.080884,0.215753,0.160202,1.021660,0.390433,0.178197,0.984081,0.036180,-0.136568,1.084020,0.210288,-0.156251,1.024578,0.385000,-0.173220,0.986897
0.026764,-0.001282,0.785516,0.033688,0.115292,0.652795,0.025459,0.131383,0.347097,-0.022796,0.141833,0.033575,0.036464,-0.117597,0.652666,0.037414,-0.134793,0.346990,-0.008188,-0.147442,0.033202,0.018225,-0.000997,0.838982,0.041356,0.139361,1.080830,0.215514,0.159970,1.021851,0.390247,0.177848,0.984590,0.035711,-0.136628,1.084093,0.209859,-0.156456,1.024818,0.384572,-0.173628,0.987400
0.026477,-0.001586,0.785515,0.033505,0.115003,0.652812,0.025424,0.131095,0.347108,-0.022834,0.141503,0.033583,0.036145,-0.117888,0.652652,0.037028,-0.135019,0.346972,-0.008569,-0.147611,0.033184,0.017922,-0.001290,0.838978,0.041101,0.139169,1.080767,0.215321,0.159628,1.021922,0.390088,0.177377,0.984848,0.035197,-0.136813,1.084163,0.209352,-0.156789,1.024957,0.384050,-0.174141,0.987683
