body_0_vel_x,body_0_vel_y,body_0_vel_z,body_1_vel_x,body_1_vel_y,body_1_vel_z,body_2_vel_x,body_2_vel_y,body_2_vel_z,body_3_vel_x,body_3_vel_y,body_3_vel_z,body_4_vel_x,body_4_vel_y,body_4_vel_z,body_5_vel_x,body_5_vel_y,body_5_vel_z,body_6_vel_x,body_6_vel_y,body_6_vel_z,body_7_vel_x,body_7_vel_y,body_7_vel_z,body_8_vel_x,body_8_vel_y,body_8_vel_z,body_9_vel_x,body_9_vel_y,body_9_vel_z,body_10_vel_x,body_10_vel_y,body_10_vel_z,body_11_vel_x,body_11_vel_y,body_11_vel_z,body_12_vel_x,body_12_vel_y,body_12_vel_z,body_13_vel_x,body_13_vel_y,body_13_vel_z
-0.011700,0.014600,-0.001350,-0.009634,0.014617,-0.001301,-0.009170,0.014807,-0.001318,-0.004704,0.016055,-0.001990,-0.011761,0.014613,-0.001322,-0.019142,0.013950,-0.001154,-0.026129,0.014536,-0.000041,-0.012426,0.014436,-0.001419,-0.029267,0.014340,-0.000717,-0.031976,0.014425,-0.008540,-0.023496,0.013514,-0.001608,-0.027676,0.012972,-0.003533,-0.029728,0.010267,-0.011653,-0.022318,0.012839,-0.005190
-0.010875,0.011625,-0.001500,-0.009379,0.011698,-0.001410,-0.008364,0.011631,-0.001466,-0.004720,0.012191,-0.002025,-0.010540,0.011698,-0.001520,-0.017977,0.010977,-0.001346,-0.025154,0.011323,-0.000178,-0.011541,0.011432,-0.001563,-0.027120,0.011149,-0.000427,-0.030403,0.011236,-0.008708,-0.022052,0.011545,-0.001752,-0.024729,0.010121,-0.003095,-0.027565,0.008639,-0.012022,-0.019751,0.010896,-0.005180
-0.008350,0.002625,-0.001950,-0.008555,0.002874,-0.001733,-0.005851,0.002026,-0.001906,-0.004607,0.000524,-0.002141,-0.006807,0.002887,-0.002120,-0.014365,0.001990,-0.001931,-0.022068,0.001618,-0.000606,-0.008843,0.002342,-0.001997,-0.021525,0.001686,-0.000031,-0.026037,0.002705,-0.009111,-0.017827,0.005548,-0.002191,-0.016874,0.001332,-0.002391,-0.021263,0.002496,-0.012715,-0.012201,0.005034,-0.005080
-0.005300,-0.002450,-0.002575,-0.006255,-0.002054,-0.002244,-0.002139,-0.003086,-0.002483,-0.004002,-0.005877,-0.002205,-0.003017,-0.002033,-0.002872,-0.009733,-0.002532,-0.002720,-0.016700,-0.002875,-0.001483,-0.005725,-0.002749,-0.002616,-0.015685,-0.003270,-0.000157,-0.021504,-0.002495,-0.009847,-0.013835,0.002074,-0.003268,-0.009722,-0.002945,-0.001510,-0.016394,0.000214,-0.013290,-0.006896,0.001623,-0.005419
-0.003275,-0.001025,-0.003050,-0.003660,-0.000587,-0.002678,0.000855,-0.001118,-0.002899,-0.003302,-0.003781,-0.002165,-0.001095,-0.000568,-0.003386,-0.006448,-0.000304,-0.003300,-0.011792,0.000104,-0.002352,-0.003770,-0.001256,-0.003098,-0.011851,-0.001345,-0.000340,-0.018597,-0.002854,-0.010194,-0.012022,0.002905,-0.004300,-0.005960,-0.000382,-0.000318,-0.014849,0.004745,-0.013065,-0.006431,0.002393,-0.005897
-0.005450,0.002525,-0.002825,-0.006572,0.002840,-0.002572,-0.001648,0.002876,-0.002775,-0.003754,0.000931,-0.002408,-0.002678,0.002863,-0.003055,-0.006844,0.002977,-0.002981,-0.011220,0.002784,-0.002164,-0.005862,0.002376,-0.002865,-0.011743,0.002756,0.000003,-0.018991,-0.000179,-0.009513,-0.014445,0.007703,-0.005078,-0.004963,0.004231,0.001276,-0.014083,0.012897,-0.010693,-0.007902,0.007220,-0.005386
-0.005300,0.005250,-0.002200,-0.007308,0.005433,-0.002073,-0.002227,0.005902,-0.002255,-0.001511,0.004719,-0.002405,-0.001926,0.005463,-0.002317,-0.005420,0.004923,-0.002217,-0.008913,0.003511,-0.001500,-0.005614,0.005168,-0.002231,-0.009858,0.006050,0.000630,-0.016338,0.002006,-0.007554,-0.014211,0.011813,-0.004982,-0.001935,0.007877,0.002909,-0.008955,0.019451,-0.006386,-0.006386,0.011412,-0.004096
0.003625,0.004250,-0.001425,0.001731,0.004473,-0.001259,0.006428,0.005062,-0.001411,0.007127,0.004165,-0.001543,0.006909,0.004505,-0.001576,0.003235,0.003249,-0.001428,0.001134,0.000765,-0.000915,0.003293,0.004187,-0.001458,-0.000692,0.005555,0.001372,-0.004750,0.000314,-0.004322,-0.004501,0.010627,-0.003380,0.007943,0.007543,0.004256,0.004484,0.019314,-0.001251,0.002978,0.010321,-0.002316
0.007675,0.002775,-0.000800,0.006285,0.003049,-0.000587,0.010802,0.003400,-0.000743,0.012568,0.002867,-0.001071,0.010146,0.003076,-0.001005,0.006854,0.001290,-0.000834,0.007207,-0.001812,-0.000740,0.007435,0.002762,-0.000825,0.005451,0.004239,0.001713,0.003011,-0.001618,-0.002102,0.000219,0.007843,-0.003502,0.009744,0.005931,0.003507,0.008674,0.012782,0.001258,0.004822,0.007942,-0.001631
0.004850,0.001525,-0.000650,0.004112,0.001826,-0.000414,0.008758,0.001667,-0.000606,0.012163,0.001358,-0.001253,0.006197,0.001844,-0.000893,0.003669,-0.000040,-0.000735,0.006311,-0.003021,-0.001062,0.004761,0.001574,-0.000660,0.005432,0.002760,0.001433,0.003711,-0.002488,-0.001198,-0.002674,0.004566,-0.005222,0.003055,0.003917,0.001359,0.001757,0.005299,0.000158,-0.001377,0.004930,-0.002017
0.004575,0.005375,-0.000250,0.003236,0.005665,-0.000043,0.009972,0.005270,-0.000348,0.015131,0.004381,-0.001360,0.006070,0.005689,-0.000485,0.002509,0.003737,-0.000294,0.004065,0.000362,-0.000415,0.004633,0.005434,-0.000246,0.003969,0.007397,-0.000051,0.002377,0.005811,-0.001684,-0.003061,0.009432,-0.004963,0.003461,0.007777,0.001094,0.001686,0.008843,-0.000193,-0.000259,0.009478,-0.001384
0.003925,0.007825,-0.000050,0.001848,0.008103,0.000132,0.009887,0.007489,-0.000249,0.015515,0.005830,-0.001379,0.005805,0.008134,-0.000273,0.001263,0.006075,-0.000048,0.001227,0.002265,0.000126,0.004082,0.007875,-0.000036,0.001734,0.010618,-0.001480,-0.000354,0.011726,-0.002882,-0.003470,0.013395,-0.004394,0.004775,0.010445,0.001324,0.003077,0.012154,0.000078,0.001097,0.013252,-0.001121
0.000000,0.002325,-0.000550,-0.001805,0.002626,-0.000332,0.004066,0.001539,-0.000645,0.007564,-0.000473,-0.001371,0.001485,0.002653,-0.000799,-0.002092,0.000389,-0.000585,-0.001332,-0.003407,-0.000568,0.000157,0.002382,-0.000536,-0.001229,0.004994,-0.002008,-0.003498,0.005674,-0.003549,-0.006892,0.006887,-0.005287,0.001034,0.004860,0.000765,-0.000991,0.006085,-0.000708,-0.003494,0.006849,-0.002236
0.000400,0.000100,-0.001025,-0.000798,0.000400,-0.000791,0.002888,-0.001355,-0.001047,0.004761,-0.003660,-0.001471,0.001311,0.000419,-0.001278,-0.001389,-0.001965,-0.001079,-0.001246,-0.005321,-0.000981,0.000514,0.000163,-0.001015,0.000519,0.002441,-0.002444,-0.002088,0.002541,-0.004237,-0.006004,0.003137,-0.006352,0.001764,0.002354,0.000097,-0.000813,0.002947,-0.001760,-0.004192,0.003198,-0.003809
0.004900,0.002325,-0.001275,0.004335,0.002604,-0.001048,0.006899,0.000319,-0.001286,0.008441,-0.002075,-0.001655,0.005325,0.002615,-0.001510,0.002944,0.000265,-0.001323,0.001352,-0.002430,-0.000946,0.004954,0.002389,-0.001271,0.006115,0.004290,-0.002609,0.003101,0.003937,-0.004696,-0.001349,0.004051,-0.007185,0.006589,0.004235,-0.000391,0.003445,0.004348,-0.002644,-0.000762,0.004195,-0.005186
0.001175,0.006675,-0.001725,0.000321,0.006872,-0.001564,0.001684,0.004476,-0.001762,0.002556,0.001903,-0.002016,0.001838,0.006886,-0.001895,0.001201,0.004928,-0.001775,0.000442,0.002764,-0.001572,0.001251,0.006708,-0.001719,0.003187,0.007916,-0.002696,0.000588,0.008081,-0.004484,-0.003434,0.008455,-0.006752,0.003690,0.007895,-0.001230,0.001275,0.008395,-0.002973,-0.002290,0.008699,-0.005146
-0.003025,0.009175,-0.001650,-0.004238,0.009265,-0.001580,-0.004308,0.006970,-0.001713,-0.003788,0.004561,-0.001897,-0.002233,0.009280,-0.001734,-0.001185,0.007750,-0.001680,-0.000209,0.005982,-0.001805,-0.002886,0.009198,-0.001637,-0.000204,0.009844,-0.002325,-0.002127,0.010424,-0.003638,-0.005312,0.010962,-0.005454,0.000085,0.009867,-0.001431,-0.001335,0.010641,-0.002471,-0.003835,0.011309,-0.004013
0.000025,0.005900,-0.000350,-0.000758,0.005877,-0.000370,-0.002619,0.003674,-0.000417,-0.001421,0.002196,-0.000693,-0.000020,0.005881,-0.000343,0.001142,0.004474,-0.000297,0.003059,0.002952,-0.000592,0.000229,0.005999,-0.000331,0.004007,0.006683,-0.001162,0.002464,0.006477,-0.002236,-0.000026,0.006214,-0.003733,0.002744,0.006773,-0.000010,0.001563,0.006698,-0.000860,-0.000492,0.006657,-0.002108
0.000625,0.000725,0.000250,0.000056,0.000706,0.000238,-0.002850,-0.001674,0.000223,-0.002086,-0.003093,0.000015,-0.000006,0.000704,0.000245,0.001734,-0.000753,0.000285,0.003567,-0.002213,0.000003,0.000916,0.000834,0.000278,0.005753,0.001274,-0.000532,0.004409,0.000674,-0.001478,0.002458,0.000052,-0.002703,0.003379,0.001410,0.000499,0.002357,0.000944,-0.000226,0.000716,0.000551,-0.001208
-0.001525,-0.003725,-0.000175,-0.002212,-0.003625,-0.000084,-0.004903,-0.006377,-0.000139,-0.005497,-0.008662,-0.000147,-0.002191,-0.003626,-0.000289,0.000297,-0.005278,-0.000251,0.001060,-0.006890,-0.000343,-0.001170,-0.003677,-0.000141,0.004153,-0.003640,-0.000780,0.002667,-0.004022,-0.001814,0.000793,-0.004402,-0.002984,0.001684,-0.003501,-0.000188,0.000604,-0.003708,-0.000956,-0.000893,-0.003887,-0.001868
-0.003675,-0.004600,-0.000625,-0.004002,-0.004514,-0.000549,-0.006680,-0.006906,-0.000590,-0.004935,-0.008191,-0.001007,-0.005280,-0.004524,-0.000740,-0.002159,-0.005968,-0.000723,-0.001268,-0.007242,-0.000860,-0.003151,-0.004533,-0.000575,0.002099,-0.004572,-0.001149,0.001409,-0.005587,-0.001654,0.000788,-0.006672,-0.002180,-0.001205,-0.004399,-0.000572,-0.001824,-0.005345,-0.000994,-0.002491,-0.006035,-0.001423
-0.005375,-0.002325,-0.000425,-0.005163,-0.002291,-0.000400,-0.007475,-0.004215,-0.000433,-0.003620,-0.004432,-0.001204,-0.008008,-0.002313,-0.000506,-0.004323,-0.003540,-0.000511,-0.002967,-0.004368,-0.000753,-0.004697,-0.002217,-0.000360,0.000951,-0.002318,-0.000938,0.000870,-0.004091,-0.001046,0.001295,-0.006010,-0.001068,-0.003604,-0.002095,-0.000291,-0.003902,-0.003920,-0.000465,-0.003923,-0.005256,-0.000517
-0.006175,0.002725,0.001100,-0.005563,0.002756,0.001116,-0.006651,0.000748,0.001023,-0.004906,-0.000163,0.000624,-0.009132,0.002730,0.001020,-0.004973,0.001318,0.001011,-0.003765,0.000652,0.000798,-0.005472,0.002845,0.001167,0.002108,0.002404,0.000536,0.001302,0.000461,-0.000072,0.001158,-0.001610,-0.000478,-0.003769,0.002678,0.001024,-0.004578,0.000676,0.000494,-0.005043,-0.000860,0.000179
-0.008375,0.003925,0.001300,-0.007661,0.004056,0.001397,-0.007564,0.002292,0.001268,-0.005506,0.001503,0.000816,-0.011448,0.004031,0.001131,-0.007122,0.002295,0.001137,-0.005124,0.001263,0.000811,-0.007630,0.004032,0.001371,0.001097,0.003571,0.000586,-0.000549,0.001604,-0.000597,-0.001589,-0.000472,-0.001550,-0.005284,0.003860,0.001161,-0.006870,0.001821,0.000081,-0.008158,0.000261,-0.000760
-0.010850,0.000700,0.000150,-0.010393,0.000987,0.000381,-0.009748,-0.000317,0.000257,-0.005125,-0.000223,-0.000639,-0.013761,0.000968,-0.000155,-0.009650,-0.001070,-0.000123,-0.006296,-0.002822,-0.000650,-0.010068,0.000773,0.000224,-0.001564,0.000604,-0.000730,-0.003802,-0.001188,-0.002312,-0.005647,-0.003121,-0.003733,-0.007375,0.000863,0.000114,-0.009656,-0.001047,-0.001464,-0.011754,-0.002401,-0.002855
-0.005175,0.000625,0.000700,-0.004253,0.000861,0.000885,-0.002761,-0.000609,0.000714,0.002030,-0.000698,-0.000210,-0.008296,0.000840,0.000444,-0.004808,-0.001161,0.000491,-0.002670,-0.002741,0.000181,-0.004451,0.000741,0.000768,0.004592,0.000550,-0.000268,0.001691,-0.001451,-0.002312,-0.001123,-0.003729,-0.004372,-0.002407,0.000849,0.000718,-0.005180,-0.001405,-0.001205,-0.008141,-0.002980,-0.003124
-0.000100,0.001300,0.001625,0.001573,0.001374,0.001671,0.003486,-0.000245,0.001473,0.007163,-0.000649,0.000756,-0.003447,0.001347,0.001515,-0.000003,-0.000120,0.001534,0.001262,-0.000892,0.001346,0.000498,0.001503,0.001681,0.010069,0.001342,0.000534,0.006725,-0.001173,-0.001829,0.003200,-0.003998,-0.004363,0.001507,0.001697,0.001762,-0.001560,-0.001131,-0.000358,-0.005188,-0.003238,-0.002627
-0.004300,0.000425,0.001750,-0.002064,0.000349,0.001675,-0.000943,-0.000711,0.001546,0.001373,-0.000584,0.001110,-0.007534,0.000319,0.001773,-0.002610,0.000068,0.001691,0.001031,0.000501,0.001017,-0.003860,0.000715,0.001791,0.005467,0.000962,0.000411,0.002170,-0.002247,-0.001935,-0.001407,-0.005490,-0.004452,-0.003624,0.001333,0.002163,-0.006810,-0.002006,-0.000025,-0.010673,-0.004802,-0.002322
-0.006375,-0.000575,0.001050,-0.003460,-0.000821,0.000839,-0.003357,-0.001498,0.000771,-0.000901,-0.000671,0.000340,-0.009872,-0.000854,0.001221,-0.004221,-0.000698,0.001101,0.001039,0.000261,0.000115,-0.006052,-0.000181,0.001080,0.003295,0.000493,-0.000602,-0.000480,-0.003601,-0.003293,-0.004512,-0.007557,-0.006109,-0.006760,0.000883,0.001746,-0.010631,-0.003263,-0.000904,-0.015204,-0.006897,-0.003565
-0.005250,-0.001175,-0.000200,-0.001865,-0.001538,-0.000506,-0.002474,-0.002222,-0.000553,0.001585,-0.000890,-0.001263,-0.009254,-0.001574,0.000072,-0.003976,-0.002052,-0.000004,0.001340,-0.001533,-0.000970,-0.004948,-0.000706,-0.000172,0.004678,0.000207,-0.002084,0.000151,-0.004539,-0.005297,-0.004507,-0.009148,-0.008565,-0.006310,0.000615,0.000651,-0.011072,-0.004236,-0.002605,-0.016468,-0.008465,-0.005769
-0.003825,-0.000425,0.000575,-0.001106,-0.000799,0.000257,-0.002492,-0.001212,0.000259,0.000685,0.000173,-0.000288,-0.007825,-0.000828,0.000853,-0.003173,-0.000805,0.000765,0.001022,0.000155,-0.000022,-0.003388,0.000013,0.000615,0.006483,0.000602,-0.001153,0.001727,-0.003657,-0.004500,-0.002978,-0.007801,-0.007773,-0.004265,0.001006,0.001210,-0.008955,-0.003327,-0.001997,-0.014098,-0.007141,-0.005018
-0.003700,0.001175,0.001250,-0.001820,0.000843,0.000963,-0.003705,0.000714,0.001007,-0.001658,0.002085,0.000665,-0.007586,0.000821,0.001489,-0.003491,0.001663,0.001368,-0.000019,0.003259,0.000680,-0.003103,0.001556,0.001306,0.007014,0.001805,-0.000287,0.002343,-0.001843,-0.003553,-0.002288,-0.005284,-0.006687,-0.003056,0.002201,0.001645,-0.007392,-0.001378,-0.001322,-0.012161,-0.004668,-0.004085
-0.006450,0.003250,-0.000350,-0.004620,0.002957,-0.000605,-0.006386,0.002894,-0.000559,-0.003482,0.004597,-0.001047,-0.010525,0.002938,-0.000147,-0.006623,0.004094,-0.000281,-0.001951,0.005835,-0.001181,-0.005790,0.003629,-0.000289,0.004634,0.004087,-0.002028,0.000122,0.000146,-0.005189,-0.004807,-0.003243,-0.008359,-0.005051,0.004490,0.000135,-0.009472,0.000901,-0.002888,-0.014747,-0.002673,-0.005830
-0.011050,-0.000050,-0.001050,-0.009714,-0.000280,-0.001256,-0.011058,-0.000039,-0.001205,-0.005545,0.002383,-0.002154,-0.014818,-0.000294,-0.000899,-0.011575,0.001118,-0.001033,-0.006208,0.002773,-0.002044,-0.010345,0.000336,-0.000985,0.000447,0.001271,-0.003056,-0.004221,-0.002469,-0.006312,-0.009451,-0.005546,-0.009587,-0.008654,0.001667,-0.000353,-0.013199,-0.001638,-0.003465,-0.018612,-0.005030,-0.006480
-0.015200,-0.007100,-0.000575,-0.014560,-0.007288,-0.000751,-0.015353,-0.006698,-0.000702,-0.006754,-0.003578,-0.002198,-0.018299,-0.007297,-0.000454,-0.015836,-0.005855,-0.000573,-0.010609,-0.004517,-0.001538,-0.014492,-0.006697,-0.000511,-0.003495,-0.005236,-0.002942,-0.008467,-0.008405,-0.006381,-0.013801,-0.011030,-0.009722,-0.012076,-0.004854,0.000368,-0.016634,-0.007706,-0.002757,-0.021695,-0.010584,-0.005644
0.001575,-0.010050,0.000600,0.002065,-0.010225,0.000435,0.000802,-0.009396,0.000525,0.008550,-0.006060,-0.000800,-0.001582,-0.010232,0.000708,0.001457,-0.008135,0.000535,0.007310,-0.005946,-0.000579,0.002340,-0.009656,0.000669,0.014823,-0.008401,-0.001809,0.010102,-0.011488,-0.005071,0.004993,-0.013964,-0.008239,0.006048,-0.007971,0.001399,0.001816,-0.010724,-0.001495,-0.002966,-0.013594,-0.004171
0.015350,-0.009950,0.001575,0.015534,-0.010151,0.001384,0.013617,-0.009487,0.001496,0.020122,-0.006408,0.000391,0.011965,-0.010158,0.001701,0.015571,-0.007687,0.001493,0.021847,-0.004953,0.000275,0.016251,-0.009574,0.001657,0.030316,-0.008622,-0.000815,0.025849,-0.011592,-0.003898,0.020924,-0.013890,-0.006913,0.021847,-0.008160,0.002125,0.017837,-0.010792,-0.000612,0.013170,-0.013646,-0.003176
0.002125,-0.007875,0.001300,0.001135,-0.008144,0.001033,-0.000763,-0.008328,0.001092,0.007657,-0.005959,-0.000414,-0.001082,-0.008151,0.001486,0.001718,-0.006504,0.001344,0.007232,-0.005009,0.000308,0.003264,-0.007513,0.001404,0.017784,-0.006321,-0.001263,0.013036,-0.008595,-0.004513,0.007895,-0.010327,-0.007639,0.011370,-0.005929,0.001776,0.007056,-0.008025,-0.001184,0.002261,-0.010324,-0.003907
-0.008175,-0.003125,0.001500,-0.010171,-0.003363,0.001242,-0.011237,-0.003526,0.001271,-0.001471,-0.001128,-0.000492,-0.011276,-0.003368,0.001658,-0.008909,-0.002343,0.001561,-0.002684,-0.001902,0.000437,-0.006789,-0.002807,0.001626,0.008426,-0.001471,-0.001231,0.002939,-0.003043,-0.004955,-0.002945,-0.004148,-0.008486,0.003883,-0.001154,0.001814,-0.001221,-0.002752,-0.001706,-0.006700,-0.004559,-0.004919
-0.010375,0.001950,0.002100,-0.012715,0.001817,0.001923,-0.012560,0.002514,0.001959,-0.002683,0.005646,0.000212,-0.013498,0.001814,0.002165,-0.010999,0.002701,0.002071,-0.002977,0.002774,0.000643,-0.008855,0.002221,0.002237,0.006957,0.003547,-0.000729,0.000639,0.002392,-0.004994,-0.006143,0.001721,-0.009014,0.003185,0.003822,0.002249,-0.002806,0.002358,-0.001888,-0.009188,0.000664,-0.005671
-0.010350,-0.000500,0.002625,-0.013158,-0.000540,0.002517,-0.012342,0.000304,0.002538,-0.003757,0.003246,0.001008,-0.013953,-0.000542,0.002600,-0.010440,0.000362,0.002483,-0.001022,0.000524,0.000812,-0.008537,-0.000263,0.002788,0.008561,0.001274,-0.000516,0.001165,0.000434,-0.005484,-0.006244,-0.000260,-0.010005,0.005914,0.001493,0.002636,-0.001575,-0.000448,-0.002521,-0.008941,-0.002182,-0.007091
-0.009650,-0.003600,0.003150,-0.013092,-0.003520,0.003132,-0.011370,-0.002930,0.003097,-0.004103,-0.000756,0.001757,-0.013711,-0.003521,0.003013,-0.009079,-0.002753,0.002881,0.000979,-0.002619,0.001103,-0.007499,-0.003422,0.003342,0.011387,-0.001837,-0.000259,0.003038,-0.002064,-0.005837,-0.004868,-0.002456,-0.010746,0.010133,-0.001674,0.002876,0.001297,-0.004013,-0.003192,-0.006900,-0.005765,-0.008437
-0.009825,-0.000400,0.003700,-0.014114,-0.000157,0.003808,-0.010478,0.000091,0.003662,-0.003209,0.001260,0.002263,-0.013870,-0.000155,0.003418,-0.008839,-0.000049,0.003318,0.000657,-0.000695,0.001666,-0.007399,-0.000335,0.003915,0.013649,0.000791,0.000288,0.004825,0.001855,-0.005562,-0.003606,0.002840,-0.010630,0.013951,0.000916,0.002839,0.004654,-0.001100,-0.003541,-0.004004,-0.002722,-0.009029
-0.009775,0.002125,0.003625,-0.014816,0.002552,0.003881,-0.009518,0.002406,0.003632,-0.001393,0.002839,0.002038,-0.014054,0.002557,0.003179,-0.008287,0.002083,0.003099,0.002599,0.000628,0.001240,-0.007029,0.002088,0.003866,0.017125,0.002604,0.000149,0.007627,0.005112,-0.006099,-0.001485,0.007546,-0.011442,0.017907,0.002745,0.002130,0.008108,0.000629,-0.004574,-0.001053,-0.001199,-0.010320
-0.009525,0.002675,0.003000,-0.014853,0.003222,0.003359,-0.008964,0.002832,0.003068,0.000468,0.003173,0.001240,-0.014173,0.003228,0.002449,-0.007719,0.002576,0.002368,0.005813,0.000713,0.000079,-0.006573,0.002595,0.003256,0.020069,0.002624,-0.000581,0.009970,0.006525,-0.007177,0.000370,0.010173,-0.012759,0.020020,0.002824,0.001097,0.009870,-0.000226,-0.005804,0.000420,-0.002861,-0.011679
-0.010575,0.003550,0.004500,-0.016424,0.004156,0.004902,-0.009018,0.002879,0.004493,0.001427,0.002201,0.002442,-0.015643,0.004163,0.003895,-0.007992,0.003027,0.003822,0.004498,0.001009,0.001722,-0.007303,0.003467,0.004780,0.022585,0.003681,0.000324,0.011865,0.009070,-0.006624,0.001623,0.014073,-0.012489,0.022990,0.003905,0.002372,0.012022,-0.000630,-0.005027,0.001783,-0.004576,-0.011313
-0.013450,0.003325,0.006225,-0.020176,0.003989,0.006670,-0.011514,0.001636,0.006145,0.000382,-0.000137,0.003793,-0.018907,0.003998,0.005569,-0.010184,0.002417,0.005504,0.001393,0.000163,0.003570,-0.009784,0.003231,0.006534,0.023653,0.003644,0.001380,0.011924,0.011127,-0.006156,0.000713,0.017884,-0.012517,0.024874,0.003875,0.003783,0.012762,-0.002348,-0.004324,0.001489,-0.007646,-0.011218
-0.018700,0.000575,0.006325,-0.026776,0.001343,0.006864,-0.018286,-0.001830,0.006304,-0.003733,-0.003930,0.003472,-0.024454,0.001353,0.005581,-0.015480,-0.000297,0.005521,-0.000957,-0.003197,0.003108,-0.014599,0.000421,0.006665,0.022297,0.000405,0.001119,0.008781,0.011018,-0.007474,-0.003927,0.020115,-0.014726,0.023719,0.000646,0.003218,0.010267,-0.007081,-0.005724,-0.002048,-0.013288,-0.013343
-0.020800,0.001775,0.006150,-0.029874,0.002575,0.006718,-0.020539,-0.001679,0.006057,-0.002961,-0.004482,0.002675,-0.027483,0.002587,0.005382,-0.018089,0.000807,0.005327,-0.001985,-0.002371,0.002664,-0.016162,0.001598,0.006527,0.025581,0.001219,0.000323,0.010542,0.014649,-0.009138,-0.002885,0.025648,-0.016926,0.026895,0.001505,0.002314,0.012057,-0.008480,-0.007453,-0.000877,-0.016108,-0.015590
-0.018700,0.006300,0.005800,-0.027930,0.007056,0.006335,-0.017169,0.002023,0.005563,0.002278,-0.001479,0.001849,-0.026488,0.007067,0.005081,-0.016727,0.005190,0.005030,-0.001213,0.002267,0.002478,-0.013686,0.006144,0.006199,0.031853,0.005633,-0.000672,0.016219,0.021166,-0.010389,0.003249,0.033515,-0.018032,0.032809,0.005970,0.001438,0.017124,-0.006851,-0.008748,0.004329,-0.016487,-0.016887
-0.019750,0.008025,0.006875,-0.030259,0.008914,0.007535,-0.018089,0.003627,0.006698,0.002911,-0.000110,0.002721,-0.028753,0.008927,0.006052,-0.017499,0.006465,0.006019,-0.000801,0.003038,0.003317,-0.014004,0.007823,0.007320,0.036938,0.007308,-0.000586,0.020062,0.025119,-0.010953,0.006522,0.039182,-0.018921,0.038793,0.007667,0.001714,0.021523,-0.007240,-0.009393,0.007861,-0.018334,-0.018115
-0.024125,0.008300,0.008150,-0.036311,0.009392,0.009006,-0.022883,0.004123,0.008133,-0.000609,0.000372,0.003953,-0.034319,0.009408,0.007168,-0.021581,0.006442,0.007150,-0.003503,0.002472,0.004264,-0.017553,0.008022,0.008645,0.039433,0.007452,-0.000413,0.021226,0.027396,-0.011471,0.006818,0.043107,-0.019890,0.042513,0.007835,0.002006,0.023631,-0.008501,-0.010043,0.008897,-0.020505,-0.019465
-0.032025,0.008475,0.008575,-0.045556,0.009723,0.009603,-0.031144,0.004461,0.008703,-0.007798,0.000649,0.004359,-0.043262,0.009743,0.007487,-0.030172,0.006889,0.007469,-0.012089,0.003029,0.004580,-0.024790,0.008135,0.009101,0.037932,0.007302,-0.001020,0.018860,0.028948,-0.012457,0.004015,0.045834,-0.021110,0.041586,0.007749,0.001351,0.021778,-0.009525,-0.011177,0.006569,-0.021963,-0.020948
-0.034925,0.008025,0.008450,-0.050280,0.009415,0.009648,-0.034356,0.004358,0.008721,-0.007532,0.001195,0.003833,-0.047582,0.009439,0.007278,-0.032939,0.006239,0.007273,-0.011487,0.001674,0.003882,-0.026753,0.007673,0.009020,0.043030,0.007226,-0.002928,0.021627,0.029604,-0.015690,0.004871,0.047122,-0.025354,0.047495,0.007709,0.000166,0.025111,-0.010156,-0.013923,0.007866,-0.022976,-0.024909
-0.031325,0.007200,0.007825,-0.048067,0.008653,0.009138,-0.030866,0.003938,0.008209,0.000095,0.001847,0.002703,-0.045074,0.008679,0.006648,-0.028461,0.004870,0.006672,-0.001969,-0.000831,0.002555,-0.022408,0.006889,0.008419,0.052198,0.007288,-0.005400,0.028139,0.029425,-0.019703,0.008978,0.047008,-0.030579,0.057329,0.007761,-0.001194,0.031975,-0.010397,-0.017082,0.012164,-0.023625,-0.029477
-0.035350,0.006350,0.010275,-0.054453,0.007813,0.011688,-0.034717,0.002698,0.010679,-0.002298,-0.000215,0.004944,-0.049359,0.007846,0.009138,-0.029685,0.004396,0.009133,-0.002089,-0.001107,0.004869,-0.025591,0.006099,0.010889,0.055029,0.007730,-0.005278,0.029190,0.029847,-0.020533,0.007903,0.047874,-0.032310,0.062122,0.008219,0.000384,0.034996,-0.008947,-0.016546,0.013341,-0.021615,-0.029877
-0.039525,0.005150,0.012850,-0.061192,0.006616,0.014385,-0.038880,0.000914,0.013292,-0.004651,-0.003034,0.007277,-0.053563,0.006660,0.011762,-0.031364,0.003516,0.011742,-0.003649,-0.001817,0.007490,-0.028945,0.004953,0.013476,0.057617,0.007872,-0.005154,0.030140,0.029915,-0.021254,0.006857,0.048261,-0.033867,0.067146,0.008373,0.001915,0.038489,-0.007263,-0.015906,0.015240,-0.018806,-0.030079
-0.036250,0.003375,0.012700,-0.059898,0.004870,0.014408,-0.036148,-0.001067,0.013296,0.003332,-0.004593,0.006530,-0.050674,0.004928,0.011649,-0.028058,0.000968,0.011703,0.001796,-0.005636,0.007218,-0.024996,0.003208,0.013319,0.066133,0.007176,-0.007562,0.036438,0.028806,-0.024856,0.011148,0.046812,-0.038479,0.077786,0.007653,0.000500,0.046871,-0.006697,-0.018648,0.021798,-0.016967,-0.033929
-0.038000,0.002275,0.013050,-0.064155,0.003855,0.015022,-0.037709,-0.002121,0.013874,0.006615,-0.005542,0.006444,-0.052072,0.003938,0.011972,-0.027190,-0.000640,0.012082,0.003771,-0.008097,0.007512,-0.026052,0.002085,0.013656,0.070956,0.007527,-0.010024,0.039711,0.029025,-0.028063,0.012988,0.047045,-0.042285,0.087696,0.007934,-0.001042,0.054745,-0.004462,-0.021387,0.028116,-0.012845,-0.037671
-0.043925,0.002400,0.013725,-0.071861,0.004080,0.015989,-0.042815,-0.001618,0.014838,0.003524,-0.005201,0.007219,-0.057087,0.004195,0.012596,-0.029224,-0.000401,0.012734,0.001280,-0.007771,0.008290,-0.031606,0.002148,0.014294,0.069570,0.008820,-0.011743,0.038357,0.030044,-0.029552,0.011549,0.048047,-0.043567,0.091844,0.009172,-0.002451,0.058261,-0.001095,-0.023095,0.031195,-0.007530,-0.039673
-0.045600,0.002650,0.013525,-0.073681,0.004514,0.016128,-0.039768,-0.000286,0.014958,0.005195,-0.004596,0.007673,-0.057274,0.004666,0.012258,-0.023633,0.000466,0.012416,0.001808,-0.005163,0.008717,-0.033364,0.002304,0.014034,0.074395,0.009930,-0.014855,0.043465,0.030429,-0.032312,0.016865,0.048024,-0.045997,0.102039,0.010312,-0.005619,0.067642,0.001773,-0.026651,0.039933,-0.003053,-0.043613
-0.047975,0.003175,0.012500,-0.075474,0.005311,0.015502,-0.036001,0.001653,0.014333,0.007231,-0.003430,0.007433,-0.057193,0.005512,0.010983,-0.016553,0.000922,0.011241,0.000871,-0.003262,0.008724,-0.036218,0.002722,0.012935,0.078070,0.011133,-0.018835,0.048076,0.031169,-0.035549,0.022355,0.048488,-0.048567,0.110172,0.011622,-0.009789,0.075963,0.005006,-0.030600,0.048612,0.002057,-0.047420
-0.056100,0.004175,0.010675,-0.083212,0.006694,0.014178,-0.039035,0.004163,0.013078,0.005161,-0.001104,0.006165,-0.061490,0.006973,0.008744,-0.014162,0.000091,0.009277,-0.005990,-0.004827,0.008189,-0.045161,0.003611,0.011032,0.073093,0.012741,-0.023182,0.045092,0.033331,-0.038484,0.021302,0.051069,-0.050278,0.108014,0.013418,-0.014267,0.076202,0.009565,-0.033559,0.051436,0.009435,-0.049105
-0.063450,0.003375,0.007275,-0.088953,0.006863,0.011742,-0.036907,0.006241,0.010742,0.003410,-0.000088,0.004502,-0.063622,0.007250,0.004392,-0.000819,-0.001513,0.005322,-0.008243,-0.004561,0.006481,-0.053706,0.002476,0.007552,0.071154,0.011972,-0.029589,0.046301,0.033248,-0.042821,0.025182,0.051827,-0.052869,0.110465,0.012903,-0.021650,0.081360,0.012109,-0.039301,0.059147,0.014988,-0.053603
-0.066325,0.001150,0.004000,-0.089797,0.005683,0.009468,-0.030657,0.006904,0.008647,0.002887,-0.000715,0.003470,-0.062512,0.006179,0.000153,0.016820,-0.002960,0.001574,-0.004742,-0.002322,0.004698,-0.057557,-0.000128,0.004214,0.073038,0.009509,-0.035711,0.051113,0.030536,-0.047097,0.032171,0.049352,-0.055668,0.116147,0.010707,-0.029166,0.088901,0.012306,-0.045692,0.068029,0.017358,-0.059300
-0.066750,0.000225,0.000850,-0.088182,0.006350,0.007814,-0.015908,0.009873,0.007248,0.009880,-0.000348,0.003181,-0.057250,0.007021,-0.004436,0.047540,-0.005774,-0.001818,-0.000323,-0.002267,0.005270,-0.059014,-0.001582,0.001009,0.081566,0.007688,-0.042840,0.062678,0.029868,-0.052253,0.046012,0.050128,-0.059222,0.127241,0.009323,-0.037919,0.102840,0.014538,-0.052827,0.084346,0.023024,-0.065327
-0.069600,-0.001650,-0.002375,-0.089589,0.006248,0.006305,0.000275,0.012867,0.006182,0.015596,-0.000987,0.003538,-0.053783,0.007156,-0.009232,0.079674,-0.009878,-0.004841,0.002460,-0.003462,0.006907,-0.062708,-0.004040,-0.002262,0.089588,0.004792,-0.050881,0.072728,0.029142,-0.058848,0.057383,0.051772,-0.064642,0.137537,0.006917,-0.047677,0.115713,0.016695,-0.061196,0.099419,0.029480,-0.072773
-0.079725,-0.006725,-0.005800,-0.099461,0.002750,0.004545,0.010828,0.013663,0.005291,0.011216,-0.004528,0.004646,-0.058057,0.003977,-0.013995,0.101548,-0.015094,-0.007223,0.001082,-0.004756,0.008642,-0.073241,-0.009653,-0.005719,0.089948,-0.000794,-0.059825,0.072985,0.026333,-0.067518,0.056944,0.051954,-0.073111,0.140788,0.001779,-0.058281,0.120005,0.016763,-0.071358,0.104499,0.034289,-0.082787
-0.090750,-0.011075,-0.011100,-0.109552,-0.000007,0.000996,0.031842,0.017708,0.003342,0.008030,-0.006926,0.005983,-0.062868,0.001597,-0.020537,0.127103,-0.019770,-0.010383,0.004404,-0.004984,0.009835,-0.084564,-0.014618,-0.011049,0.093258,-0.006196,-0.072024,0.076569,0.024523,-0.079136,0.060731,0.053600,-0.084078,0.147917,-0.003054,-0.073166,0.128669,0.017679,-0.085517,0.114852,0.040691,-0.096425
-0.097200,-0.012525,-0.015675,-0.114855,-0.000655,-0.002500,0.052765,0.023494,0.002124,0.007642,-0.005944,0.007814,-0.065879,0.001282,-0.025536,0.143482,-0.020907,-0.011701,0.010822,-0.002587,0.011245,-0.091054,-0.016440,-0.015646,0.097259,-0.008065,-0.083076,0.081169,0.024697,-0.089512,0.066395,0.055415,-0.093656,0.154768,-0.004384,-0.086655,0.136873,0.020317,-0.098275,0.124841,0.047375,-0.108517
-0.108225,-0.014050,-0.022375,-0.126177,-0.002365,-0.008764,0.070294,0.027653,-0.000788,0.003061,-0.008083,0.008259,-0.075491,-0.000106,-0.031705,0.147115,-0.021093,-0.013970,0.007720,0.001623,0.011324,-0.101293,-0.018091,-0.022356,0.105778,-0.010477,-0.099604,0.089646,0.024784,-0.105662,0.075440,0.057585,-0.109207,0.165023,-0.006020,-0.106194,0.149090,0.023290,-0.116723,0.139217,0.054446,-0.125927
-0.119825,-0.015700,-0.029775,-0.139070,-0.004780,-0.016096,0.081400,0.030422,-0.004093,-0.001947,-0.009670,0.007691,-0.087605,-0.002241,-0.037988,0.144179,-0.020950,-0.016262,0.003528,0.005892,0.010467,-0.111563,-0.019692,-0.029764,0.114479,-0.012518,-0.118133,0.097665,0.024516,-0.124217,0.083536,0.058670,-0.127516,0.175221,-0.007253,-0.127639,0.160458,0.025863,-0.137474,0.151950,0.060276,-0.145950
-0.128100,-0.017450,-0.036425,-0.149171,-0.007477,-0.022762,0.082925,0.032088,-0.006392,-0.003768,-0.006943,0.006525,-0.098265,-0.004728,-0.043265,0.140635,-0.020998,-0.017299,0.006415,0.008581,0.009401,-0.118241,-0.021283,-0.036434,0.118932,-0.013131,-0.135240,0.100780,0.023707,-0.141878,0.086220,0.057243,-0.145459,0.181737,-0.007213,-0.146914,0.165931,0.027364,-0.157213,0.156802,0.063225,-0.165964
-0.136650,-0.017875,-0.045500,-0.160300,-0.008893,-0.031657,0.083041,0.033424,-0.010565,-0.004468,-0.005181,0.003085,-0.112677,-0.006094,-0.050679,0.134832,-0.021490,-0.019837,0.008086,0.010084,0.006483,-0.124024,-0.021473,-0.045545,0.131835,-0.014106,-0.158014,0.112402,0.022065,-0.165217,0.098183,0.054066,-0.168984,0.191664,-0.007408,-0.171945,0.175170,0.027596,-0.182448,0.166113,0.064337,-0.191133
-0.141125,-0.016775,-0.052475,-0.166804,-0.008332,-0.038038,0.081642,0.034667,-0.012385,-0.003670,-0.003403,0.001507,-0.123604,-0.005564,-0.056329,0.129543,-0.021184,-0.020525,0.007848,0.012090,0.005800,-0.125950,-0.020158,-0.052591,0.145288,-0.014079,-0.178503,0.124993,0.021227,-0.186059,0.111566,0.051222,-0.189923,0.198571,-0.006726,-0.193759,0.181821,0.027722,-0.204186,0.173283,0.064853,-0.212603
-0.149575,-0.019025,-0.060400,-0.177654,-0.010925,-0.044937,0.076497,0.033708,-0.014276,-0.008299,-0.003647,0.000127,-0.140195,-0.008320,-0.062783,0.122886,-0.025987,-0.020759,0.008928,0.005442,0.004910,-0.131166,-0.022143,-0.060650,0.151544,-0.015200,-0.201044,0.132995,0.017596,-0.207701,0.123361,0.043502,-0.210569,0.200927,-0.007193,-0.216115,0.184089,0.023961,-0.226335,0.176894,0.060092,-0.234247
-0.157775,-0.019550,-0.068400,-0.187892,-0.011343,-0.051411,0.069784,0.034184,-0.015825,-0.015866,-0.002864,-0.000671,-0.157586,-0.009014,-0.069465,0.115978,-0.029013,-0.020620,0.009931,-0.000105,0.004195,-0.135980,-0.022436,-0.068846,0.156047,-0.014409,-0.224061,0.139819,0.015298,-0.229606,0.134753,0.035955,-0.231417,0.200389,-0.005840,-0.237837,0.183091,0.020131,-0.248064,0.177123,0.054456,-0.255694
-0.161500,-0.013325,-0.075650,-0.192519,-0.004287,-0.056527,0.063799,0.039497,-0.016706,-0.023685,0.001696,-0.000598,-0.170908,-0.002359,-0.075808,0.109952,-0.023698,-0.020136,0.009561,0.004905,0.004062,-0.136708,-0.016113,-0.076375,0.164074,-0.009033,-0.246474,0.148682,0.018115,-0.251728,0.146709,0.033308,-0.253443,0.198436,-0.000139,-0.258219,0.179728,0.019713,-0.269034,0.173893,0.052102,-0.277067
-0.162925,-0.008800,-0.085175,-0.195688,0.001277,-0.063347,0.061752,0.043794,-0.018862,-0.024386,0.005796,-0.002390,-0.183777,0.002712,-0.084136,0.107420,-0.019940,-0.020477,0.012336,0.006859,0.003104,-0.134252,-0.011315,-0.086298,0.176716,-0.005805,-0.273118,0.163413,0.019368,-0.277366,0.166685,0.027724,-0.278507,0.196698,0.003335,-0.279695,0.178107,0.015497,-0.290273,0.174649,0.046508,-0.297897
-0.161350,-0.008200,-0.092175,-0.195772,0.002570,-0.067891,0.064327,0.045211,-0.018266,-0.017936,0.008065,-0.001941,-0.189859,0.003706,-0.089726,0.108853,-0.019361,-0.018173,0.016089,0.005328,0.005485,-0.129858,-0.010385,-0.093755,0.184825,-0.005831,-0.295362,0.172601,0.019653,-0.298905,0.179853,0.023075,-0.299723,0.193304,0.003436,-0.296281,0.175150,0.009611,-0.306498,0.174266,0.040745,-0.313501
-0.157225,-0.003475,-0.101775,-0.192087,0.009178,-0.073831,0.074867,0.050293,-0.018099,-0.010110,0.011743,-0.000615,-0.191620,0.010134,-0.098803,0.114475,-0.014733,-0.018638,0.024035,0.005671,0.005097,-0.123595,-0.005512,-0.103887,0.185856,-0.001725,-0.315370,0.176670,0.025248,-0.316997,0.190279,0.024397,-0.316013,0.181992,0.007429,-0.307870,0.165852,0.007953,-0.316885,0.169866,0.040442,-0.321982
-0.154650,0.000075,-0.113950,-0.189789,0.014417,-0.082249,0.089405,0.055347,-0.018686,-0.004623,0.014178,0.001361,-0.193285,0.015292,-0.110135,0.122440,-0.012887,-0.020021,0.031910,0.002670,0.004461,-0.119155,-0.001872,-0.116650,0.179521,0.001054,-0.334040,0.173286,0.030051,-0.333712,0.192597,0.026453,-0.330548,0.166145,0.010015,-0.319080,0.152158,0.006478,-0.326838,0.160823,0.040547,-0.329660
-0.157850,-0.002850,-0.128700,-0.194185,0.011610,-0.094119,0.103692,0.056645,-0.019866,-0.005465,0.012306,0.004316,-0.199196,0.012475,-0.122388,0.130615,-0.020716,-0.019890,0.035142,-0.009191,0.006739,-0.120355,-0.004650,-0.132070,0.165290,-0.002994,-0.352551,0.159895,0.027868,-0.351413,0.181196,0.023913,-0.346851,0.148919,0.005837,-0.334863,0.135826,0.001059,-0.342090,0.146322,0.035893,-0.343259
-0.159925,-0.002850,-0.150925,-0.198054,0.011263,-0.113321,0.122102,0.059821,-0.026238,-0.007550,0.009487,0.003695,-0.204745,0.012085,-0.141342,0.139244,-0.026435,-0.025279,0.033005,-0.016710,0.005295,-0.119959,-0.004578,-0.155089,0.151631,-0.005791,-0.375641,0.146809,0.026815,-0.373822,0.169380,0.023496,-0.367785,0.132907,0.002829,-0.358023,0.121064,-0.001838,-0.364531,0.133207,0.033557,-0.363840
-0.159800,0.000050,-0.169525,-0.199305,0.013434,-0.129443,0.134793,0.062411,-0.030614,-0.010362,0.006237,0.004444,-0.207258,0.014211,-0.156592,0.142328,-0.028186,-0.028856,0.024746,-0.017613,0.006005,-0.118152,-0.001719,-0.174490,0.142124,-0.006162,-0.396150,0.135255,0.028259,-0.395034,0.156347,0.025975,-0.388761,0.123217,0.002265,-0.381168,0.110319,-0.001856,-0.388218,0.121595,0.033934,-0.386877
-0.164450,0.004350,-0.195100,-0.208503,0.016274,-0.151588,0.147718,0.069484,-0.036503,-0.010535,0.008766,0.003696,-0.216745,0.017013,-0.176946,0.148611,-0.025663,-0.032851,0.018407,-0.012115,0.006958,-0.119186,0.002689,-0.201235,0.123024,-0.004756,-0.416471,0.115819,0.030793,-0.415212,0.136763,0.029133,-0.408022,0.105033,0.003292,-0.405339,0.093093,0.000294,-0.411849,0.105147,0.036658,-0.408989
-0.168825,0.007575,-0.222575,-0.217548,0.018175,-0.174965,0.160863,0.075684,-0.041901,-0.008984,0.010730,0.003537,-0.226260,0.018872,-0.198824,0.155673,-0.023249,-0.036750,0.014547,-0.006692,0.007775,-0.119805,0.005944,-0.230053,0.102707,-0.003561,-0.436246,0.096848,0.032145,-0.434066,0.118982,0.030487,-0.425290,0.087078,0.004105,-0.429522,0.077004,0.001927,-0.435001,0.090605,0.038498,-0.430201
-0.167850,0.007175,-0.246925,-0.218335,0.017448,-0.194844,0.174167,0.075450,-0.044733,-0.006628,0.005632,0.006357,-0.228846,0.018098,-0.218721,0.160981,-0.025504,-0.040208,0.013531,-0.007733,0.007967,-0.116723,0.005260,-0.255710,0.089621,-0.004670,-0.455160,0.086601,0.030020,-0.451440,0.111105,0.027491,-0.440578,0.078105,0.002787,-0.452859,0.069595,0.000201,-0.457472,0.084534,0.036115,-0.450882
-0.166875,0.008950,-0.281175,-0.219352,0.018533,-0.224230,0.192234,0.080722,-0.052877,-0.002633,0.006986,0.005329,-0.229939,0.019218,-0.247739,0.173467,-0.025128,-0.048736,0.013626,-0.004053,0.005471,-0.113685,0.006900,-0.291373,0.079120,-0.003253,-0.485446,0.080956,0.030880,-0.479031,0.109124,0.028894,-0.465126,0.071405,0.004160,-0.487249,0.067372,0.002855,-0.489457,0.085790,0.038538,-0.479930
-0.166375,0.012025,-0.308175,-0.219943,0.020728,-0.246961,0.203876,0.087430,-0.054982,-0.000761,0.012377,0.009625,-0.229157,0.021510,-0.269792,0.183426,-0.023857,-0.050636,0.011369,0.000481,0.010011,-0.112284,0.010076,-0.319670,0.073799,0.000037,-0.515061,0.079629,0.034344,-0.506299,0.110368,0.033917,-0.489823,0.067951,0.007618,-0.518278,0.068444,0.008398,-0.518072,0.090051,0.044150,-0.505848
-0.166675,0.020100,-0.345275,-0.221503,0.026902,-0.280293,0.212379,0.097639,-0.066528,-0.001635,0.022426,0.004979,-0.231464,0.027503,-0.300060,0.191413,-0.017540,-0.058130,0.014243,0.011317,0.006911,-0.111028,0.018670,-0.358304,0.071148,0.009184,-0.558346,0.081631,0.040700,-0.547371,0.115610,0.038908,-0.528472,0.065792,0.017056,-0.560657,0.070676,0.017162,-0.558074,0.095441,0.050365,-0.543225
-0.168650,0.026800,-0.384000,-0.224821,0.031642,-0.315151,0.215655,0.105133,-0.079814,-0.004694,0.029083,-0.001920,-0.236321,0.031992,-0.331602,0.193654,-0.012707,-0.066975,0.013085,0.020286,0.002087,-0.111358,0.026012,-0.398687,0.069264,0.017181,-0.606492,0.084452,0.045172,-0.593405,0.121832,0.041161,-0.572168,0.063169,0.025432,-0.605954,0.072163,0.024059,-0.601124,0.099976,0.054152,-0.583783
-0.173075,0.025725,-0.415800,-0.230573,0.029487,-0.342300,0.211533,0.103692,-0.086482,-0.009350,0.024064,-0.003684,-0.243090,0.029727,-0.357367,0.186364,-0.015841,-0.072574,-0.001150,0.019343,0.002081,-0.114622,0.025421,-0.432170,0.066248,0.017066,-0.650661,0.085550,0.043061,-0.635514,0.126001,0.038028,-0.611910,0.058398,0.025753,-0.645655,0.070997,0.024030,-0.638849,0.101612,0.052553,-0.619172
-0.178475,0.028050,-0.456325,-0.237972,0.030662,-0.377354,0.206904,0.107003,-0.098808,-0.013922,0.022863,-0.011110,-0.252300,0.030734,-0.390816,0.178498,-0.015785,-0.083214,-0.012130,0.021148,-0.004176,-0.118178,0.028449,-0.474704,0.064558,0.021327,-0.708002,0.087242,0.044353,-0.691361,0.130064,0.037314,-0.665954,0.054101,0.030539,-0.695048,0.068858,0.027429,-0.687023,0.101021,0.053571,-0.665734
-0.182200,0.032600,-0.485325,-0.243200,0.034348,-0.400862,0.199796,0.111166,-0.101216,-0.019549,0.022587,-0.009112,-0.259559,0.034265,-0.413115,0.168176,-0.014904,-0.084056,-0.019932,0.021971,-0.002789,-0.120503,0.033579,-0.505730,0.062032,0.027867,-0.752705,0.086622,0.047650,-0.735425,0.130070,0.038737,-0.709241,0.049863,0.037512,-0.732020,0.064904,0.032901,-0.723778,0.096607,0.056284,-0.702094
-0.183750,0.031875,-0.514600,-0.248156,0.031972,-0.424699,0.188997,0.107933,-0.105652,-0.018600,0.015724,-0.013439,-0.265559,0.031732,-0.434832,0.153122,-0.015866,-0.088507,-0.028974,0.026137,-0.006718,-0.120171,0.033699,-0.537375,0.064148,0.029606,-0.802966,0.090531,0.046601,-0.785033,0.134702,0.036118,-0.757979,0.051413,0.039928,-0.774325,0.067245,0.034281,-0.765591,0.098982,0.055275,-0.743302
-0.185000,0.029725,-0.538825,-0.252698,0.028132,-0.443632,0.175998,0.102240,-0.106558,-0.017173,0.008087,-0.015953,-0.270606,0.027768,-0.451712,0.136004,-0.017548,-0.090307,-0.035934,0.029742,-0.010122,-0.119902,0.032351,-0.563993,0.064883,0.029827,-0.847950,0.092335,0.044397,-0.829707,0.136526,0.032939,-0.802155,0.052737,0.040846,-0.812414,0.068853,0.034636,-0.803474,0.100086,0.053425,-0.780983
-0.187900,0.029975,-0.552750,-0.256779,0.027406,-0.452454,0.161996,0.098890,-0.098064,-0.021589,0.005217,-0.008075,-0.275096,0.026990,-0.459542,0.119068,-0.019006,-0.082763,-0.038008,0.028545,-0.006871,-0.122493,0.033036,-0.580019,0.058077,0.031772,-0.876805,0.085395,0.044199,-0.858891,0.128222,0.032733,-0.831631,0.047856,0.043293,-0.836807,0.062833,0.037076,-0.828460,0.092088,0.053659,-0.806758
-0.181650,0.026650,-0.564650,-0.251197,0.022911,-0.460431,0.156306,0.094100,-0.088993,-0.010343,0.002664,-0.003662,-0.266049,0.022681,-0.467366,0.112928,-0.018296,-0.079029,-0.032071,0.029707,-0.006734,-0.117430,0.030231,-0.593380,0.053978,0.031269,-0.895948,0.081828,0.044238,-0.877476,0.124099,0.036027,-0.849598,0.048136,0.043181,-0.853589,0.064204,0.039907,-0.844657,0.093480,0.056440,-0.822699
-0.169375,0.021400,-0.568525,-0.238557,0.016653,-0.461446,0.155527,0.088353,-0.074367,0.005535,-0.001808,0.005975,-0.248056,0.016749,-0.469125,0.113714,-0.017663,-0.072050,-0.027580,0.030526,0.000274,-0.107567,0.025361,-0.598102,0.050628,0.028629,-0.898709,0.079478,0.044101,-0.879020,0.122132,0.040665,-0.849696,0.050262,0.040704,-0.856926,0.068834,0.041885,-0.846640,0.099716,0.060228,-0.823459
-0.163750,0.014000,-0.569900,-0.227176,0.007401,-0.465476,0.149150,0.076405,-0.068017,0.008575,-0.009181,0.009752,-0.234006,0.007423,-0.470116,0.107688,-0.025421,-0.067801,-0.024911,0.022826,0.001804,-0.106819,0.018045,-0.598803,0.029313,0.024415,-0.876197,0.063446,0.037577,-0.853675,0.111382,0.033357,-0.820537,0.037726,0.036011,-0.844282,0.062574,0.036633,-0.830388,0.099737,0.052894,-0.802945
-0.157850,0.008575,-0.570550,-0.214111,-0.000123,-0.470994,0.142416,0.066255,-0.066000,0.005800,-0.015592,0.011712,-0.219229,-0.000343,-0.470960,0.102894,-0.032681,-0.063719,-0.021087,0.016041,0.003038,-0.106381,0.012529,-0.598153,0.006870,0.021901,-0.845798,0.046561,0.031194,-0.820527,0.100526,0.023913,-0.783204,0.024491,0.032714,-0.828220,0.056114,0.030854,-0.810335,0.100566,0.043901,-0.777775
-0.144800,0.009300,-0.572225,-0.196460,-0.001168,-0.476341,0.140359,0.066286,-0.064119,0.004027,-0.016897,0.015999,-0.199107,-0.001558,-0.472287,0.107327,-0.030202,-0.057200,-0.013199,0.019656,0.009286,-0.097502,0.013137,-0.598817,-0.000262,0.024501,-0.825170,0.041257,0.031765,-0.798913,0.097909,0.022577,-0.759018,0.024282,0.034606,-0.821445,0.059810,0.031514,-0.801114,0.108823,0.043098,-0.764810
-0.127675,0.010725,-0.573525,-0.173403,-0.001977,-0.483952,0.143017,0.067760,-0.066070,0.011523,-0.013323,0.013737,-0.172972,-0.002605,-0.474429,0.116928,-0.028044,-0.053166,0.001888,0.022688,0.011879,-0.085513,0.014409,-0.598239,-0.006188,0.027723,-0.794101,0.038908,0.032892,-0.765768,0.100951,0.020330,-0.721192,0.025470,0.036892,-0.808230,0.067782,0.031669,-0.783684,0.124931,0.042166,-0.740815
-0.115000,0.012150,-0.573800,-0.156594,-0.002218,-0.488588,0.141484,0.069384,-0.063665,0.017559,-0.008497,0.014125,-0.154028,-0.003020,-0.474975,0.119638,-0.027745,-0.047194,0.009714,0.023259,0.016533,-0.076621,0.015744,-0.597166,-0.010237,0.029914,-0.769536,0.037800,0.033811,-0.739276,0.104757,0.018184,-0.689876,0.025090,0.038438,-0.796749,0.073211,0.031375,-0.768427,0.137668,0.041592,-0.719044
-0.103925,0.009075,-0.571450,-0.138963,-0.005585,-0.492259,0.137349,0.064322,-0.067904,0.014286,-0.004881,0.010414,-0.136056,-0.006542,-0.475881,0.119443,-0.033033,-0.045046,0.011677,0.018759,0.018953,-0.070325,0.012035,-0.592577,-0.017179,0.027272,-0.736914,0.034601,0.028677,-0.704377,0.106472,0.009917,-0.650002,0.021769,0.035136,-0.778580,0.075290,0.025586,-0.746546,0.146358,0.034027,-0.690844
-0.088475,0.002875,-0.565350,-0.117556,-0.011152,-0.491637,0.135531,0.055933,-0.072607,0.011492,-0.005880,0.007209,-0.114348,-0.012111,-0.474749,0.120583,-0.041103,-0.046341,0.012935,0.010350,0.018978,-0.059414,0.005100,-0.584185,-0.017757,0.021114,-0.702593,0.036785,0.021189,-0.668085,0.111932,0.001313,-0.609524,0.023258,0.028461,-0.755258,0.080690,0.017890,-0.720316,0.156341,0.025203,-0.659537
-0.062600,-0.005075,-0.554500,-0.089382,-0.018002,-0.483563,0.141131,0.047872,-0.071799,0.019170,-0.014668,0.008772,-0.084053,-0.018666,-0.469397,0.128037,-0.048884,-0.051187,0.019364,-0.000401,0.015914,-0.036597,-0.003228,-0.571796,-0.002424,0.012816,-0.672887,0.052137,0.015160,-0.637340,0.127315,-0.001666,-0.576249,0.037607,0.019923,-0.728241,0.096404,0.012000,-0.691914,0.173284,0.021098,-0.628289
-0.040950,-0.008050,-0.535500,-0.063744,-0.019549,-0.470251,0.139833,0.042569,-0.078531,0.021042,-0.018141,0.001804,-0.057244,-0.020023,-0.458025,0.130306,-0.052191,-0.057446,0.022002,-0.004662,0.010703,-0.018860,-0.006398,-0.550539,0.007544,0.009690,-0.633074,0.060963,0.012720,-0.597576,0.133881,-0.001218,-0.536265,0.044840,0.016401,-0.684766,0.102653,0.010164,-0.648486,0.177645,0.018913,-0.584774
-0.034325,-0.004550,-0.517825,-0.053833,-0.014983,-0.457683,0.125927,0.042846,-0.085564,0.010361,-0.015487,-0.005565,-0.047692,-0.015449,-0.445727,0.119736,-0.049101,-0.058258,0.013368,0.000266,0.010184,-0.015132,-0.002820,-0.531169,0.006651,0.013172,-0.603377,0.057826,0.014867,-0.569099,0.126758,0.002601,-0.509530,0.040274,0.019597,-0.647203,0.095046,0.013523,-0.612256,0.165738,0.019732,-0.550678
-0.019925,-0.012575,-0.486075,-0.039143,-0.021828,-0.429897,0.114938,0.034311,-0.086421,0.005956,-0.025921,-0.008333,-0.031338,-0.022076,-0.420121,0.114450,-0.051737,-0.057276,0.008505,-0.006010,0.012150,-0.002660,-0.010357,-0.498313,0.015671,0.006588,-0.566897,0.059987,0.009618,-0.536491,0.119810,0.001289,-0.483043,0.045569,0.012507,-0.596715,0.092460,0.008802,-0.566418,0.153217,0.015227,-0.511854
-0.002250,-0.021625,-0.452900,-0.021687,-0.029654,-0.399920,0.108932,0.025195,-0.085623,0.005290,-0.037139,-0.008871,-0.013035,-0.029707,-0.392609,0.112518,-0.053820,-0.056991,0.006827,-0.012731,0.013409,0.013684,-0.018848,-0.464410,0.030270,-0.001019,-0.534653,0.066857,0.003111,-0.508894,0.116764,-0.001932,-0.462732,0.056099,0.004373,-0.548294,0.093611,0.002530,-0.523774,0.143075,0.009130,-0.477631
0.014275,-0.021300,-0.430975,-0.003434,-0.028092,-0.380850,0.110442,0.023680,-0.087996,0.006237,-0.036777,-0.009806,0.002419,-0.028201,-0.374703,0.112298,-0.049060,-0.060126,0.008017,-0.009093,0.010524,0.029129,-0.018258,-0.441897,0.046256,-0.000746,-0.517570,0.078012,0.001355,-0.495310,0.121514,-0.003903,-0.454350,0.067431,0.004259,-0.517027,0.097348,0.001162,-0.497239,0.138634,0.005045,-0.457311
0.033150,-0.020700,-0.398500,0.016298,-0.025882,-0.350625,0.112216,0.023499,-0.086035,0.010564,-0.031595,-0.009118,0.018867,-0.026025,-0.346558,0.112658,-0.042405,-0.059941,0.011698,-0.004991,0.009444,0.047495,-0.016945,-0.409263,0.065836,0.002194,-0.498344,0.089940,0.001705,-0.481758,0.124094,-0.003929,-0.448942,0.082098,0.006741,-0.474284,0.099389,0.001861,-0.462687,0.128441,0.002132,-0.432472
0.044925,-0.020075,-0.371750,0.027443,-0.024104,-0.324142,0.110113,0.024660,-0.079370,0.013288,-0.024982,-0.005262,0.027818,-0.024236,-0.322055,0.109792,-0.037257,-0.055165,0.012717,-0.002209,0.012511,0.059541,-0.015509,-0.382934,0.078800,0.006316,-0.486830,0.096107,0.003863,-0.475294,0.122401,-0.001907,-0.449348,0.092529,0.010703,-0.441739,0.098387,0.004550,-0.437665,0.116906,0.001952,-0.415783
0.054225,-0.020000,-0.325775,0.039610,-0.021683,-0.281868,0.106149,0.023434,-0.071325,0.016968,-0.019131,-0.002600,0.036070,-0.021809,-0.283117,0.103657,-0.030342,-0.051035,0.011738,-0.002156,0.013623,0.067478,-0.015108,-0.336144,0.086404,0.006955,-0.445927,0.100298,0.002244,-0.437204,0.122525,-0.003628,-0.414973,0.095045,0.011283,-0.378228,0.092147,0.003680,-0.379930,0.103260,-0.002598,-0.363771
0.062625,-0.020000,-0.276325,0.051145,-0.019278,-0.236664,0.102308,0.019936,-0.064072,0.020270,-0.014828,-0.000787,0.043434,-0.019406,-0.241242,0.096666,-0.025448,-0.048189,0.011087,-0.004021,0.012378,0.074463,-0.014915,-0.285826,0.092788,0.007120,-0.400101,0.104171,0.000007,-0.393616,0.123637,-0.006371,-0.373895,0.096972,0.011701,-0.311655,0.086277,0.002370,-0.318470,0.091306,-0.007847,-0.306763
0.071700,-0.019475,-0.239200,0.060450,-0.017413,-0.201406,0.100758,0.014367,-0.059899,0.021988,-0.012746,0.000421,0.049739,-0.017556,-0.207935,0.091380,-0.026237,-0.047396,0.013158,-0.006803,0.008251,0.083640,-0.013989,-0.248996,0.101850,0.009868,-0.374002,0.109131,0.000365,-0.370881,0.124687,-0.007395,-0.354504,0.105697,0.015334,-0.270114,0.086477,0.003820,-0.282447,0.084701,-0.009947,-0.275499
0.080450,-0.016125,-0.184175,0.069609,-0.012745,-0.150676,0.096209,0.011873,-0.051804,0.025072,-0.011238,0.003033,0.058302,-0.012763,-0.159554,0.087366,-0.020569,-0.042036,0.018831,-0.006709,0.006799,0.091590,-0.010248,-0.193551,0.107511,0.015121,-0.320867,0.111399,0.005356,-0.320174,0.123747,-0.001755,-0.306297,0.111243,0.021565,-0.203244,0.085427,0.009872,-0.219818,0.078271,-0.005523,-0.216593
0.084450,-0.011625,-0.138725,0.073979,-0.007624,-0.109735,0.090144,0.013515,-0.043505,0.027435,-0.011545,0.006337,0.064717,-0.007440,-0.120190,0.085572,-0.011499,-0.034385,0.024422,-0.004055,0.009354,0.094282,-0.005567,-0.147233,0.106603,0.020095,-0.267562,0.109404,0.012242,-0.267220,0.120637,0.007714,-0.253882,0.110893,0.027495,-0.144894,0.083495,0.017884,-0.162430,0.074880,0.003145,-0.160183
0.080400,-0.004875,-0.085125,0.071962,-0.000223,-0.061689,0.077763,0.010977,-0.034837,0.024007,-0.004689,0.007025,0.058513,-0.000296,-0.070630,0.068743,-0.007408,-0.024464,0.020438,-0.004044,0.009826,0.089717,0.000994,-0.093379,0.102727,0.023725,-0.216350,0.102278,0.011952,-0.219101,0.109876,0.004573,-0.209591,0.104565,0.032185,-0.089388,0.072265,0.019230,-0.109792,0.058994,-0.000570,-0.111486
0.074125,0.001725,-0.033850,0.067565,0.006735,-0.015521,0.064456,0.006629,-0.025318,0.020207,0.001519,0.007705,0.048672,0.006279,-0.021664,0.049082,-0.004609,-0.012646,0.015902,-0.003194,0.010482,0.083431,0.007218,-0.042232,0.098051,0.025920,-0.169160,0.094067,0.008751,-0.175495,0.097739,-0.002735,-0.170485,0.097318,0.035307,-0.041585,0.060374,0.017858,-0.064575,0.042287,-0.008073,-0.070650
0.071425,0.005775,0.004675,0.064778,0.010533,0.019848,0.055696,0.002809,-0.014456,0.021496,-0.000589,0.010963,0.044121,0.009901,0.015934,0.038834,0.000549,0.000619,0.019832,0.001988,0.013535,0.080942,0.010881,-0.003978,0.095138,0.026648,-0.127650,0.089385,0.007096,-0.135668,0.090669,-0.005830,-0.133542,0.094221,0.036584,-0.006248,0.056498,0.017682,-0.029383,0.036482,-0.010803,-0.037765
0.062250,0.006950,0.049925,0.054517,0.010780,0.061440,0.038097,-0.003690,-0.000246,0.019353,-0.003815,0.013077,0.032570,0.009923,0.060999,0.020123,0.003098,0.015098,0.018542,0.002758,0.015279,0.072311,0.012003,0.040723,0.086422,0.025714,-0.083932,0.076445,0.003288,-0.095417,0.072480,-0.012039,-0.098827,0.086350,0.036197,0.031897,0.045600,0.014908,0.007288,0.021110,-0.016220,-0.005522
0.051150,0.004700,0.079300,0.041927,0.007400,0.088510,0.020350,-0.009633,0.010339,0.014818,-0.006572,0.013160,0.019778,0.006396,0.091087,0.002133,0.001750,0.023697,0.012578,-0.001217,0.015023,0.061811,0.010044,0.069470,0.075665,0.023221,-0.060393,0.060845,-0.001191,-0.075550,0.051295,-0.018318,-0.084446,0.077777,0.034550,0.053191,0.032974,0.011285,0.026521,0.003348,-0.021639,0.009175
0.049725,0.007450,0.116650,0.042555,0.009865,0.120781,0.014001,-0.017896,0.015842,0.018240,-0.009865,0.010204,0.014837,0.008459,0.127725,-0.010931,0.006038,0.029033,0.014912,-0.000304,0.008862,0.060355,0.012169,0.106766,0.075079,0.020634,-0.018955,0.059119,-0.009947,-0.035930,0.046682,-0.033255,-0.048975,0.074496,0.031998,0.087946,0.028845,0.003078,0.061461,-0.003224,-0.035239,0.041318
0.048600,0.013475,0.151350,0.044036,0.015802,0.150421,0.008696,-0.022730,0.020787,0.022290,-0.010100,0.007168,0.010313,0.014022,0.161587,-0.023549,0.012821,0.034353,0.017785,0.003232,0.002720,0.059027,0.017389,0.141575,0.074931,0.020241,0.021986,0.058049,-0.016426,0.003437,0.042887,-0.045952,-0.013541,0.070428,0.031370,0.121573,0.024299,-0.003104,0.095561,-0.009927,-0.046607,0.072909
0.038325,0.021050,0.172825,0.033990,0.022874,0.169693,-0.005802,-0.018429,0.029812,0.019802,-0.003611,0.007078,-0.001326,0.021014,0.183376,-0.040255,0.018897,0.042910,0.013401,0.007072,0.002548,0.048827,0.024695,0.162908,0.065330,0.024133,0.044120,0.044280,-0.014229,0.022676,0.024043,-0.045643,0.000903,0.059308,0.035319,0.139502,0.010235,-0.000832,0.112352,-0.028222,-0.045468,0.086102
0.028950,0.027525,0.197200,0.024743,0.028688,0.191552,-0.020419,-0.016397,0.039234,0.017090,0.001066,0.007319,-0.012828,0.026723,0.208319,-0.057578,0.028640,0.050478,0.009142,0.012400,0.000722,0.039705,0.030846,0.187001,0.058104,0.025075,0.068170,0.033651,-0.015199,0.044390,0.009263,-0.049171,0.018797,0.048696,0.036238,0.159372,-0.002159,-0.002064,0.131869,-0.043669,-0.047814,0.103131
0.025175,0.029700,0.212225,0.020882,0.030371,0.205027,-0.028671,-0.017684,0.044544,0.014721,0.001469,0.008054,-0.018456,0.028395,0.224013,-0.067721,0.037186,0.053431,0.006349,0.017056,-0.001466,0.036224,0.032779,0.201687,0.056451,0.022332,0.081766,0.030830,-0.019092,0.057371,0.005006,-0.054949,0.030729,0.044002,0.033781,0.170828,-0.006856,-0.006025,0.144025,-0.049088,-0.052412,0.115111
0.014550,0.038975,0.226700,0.012444,0.039191,0.215999,-0.040398,-0.014607,0.049373,0.014400,0.007812,0.004624,-0.029722,0.037156,0.238315,-0.084340,0.044014,0.058853,0.004018,0.022036,-0.005367,0.024925,0.041252,0.216775,0.046460,0.024956,0.107693,0.022368,-0.018811,0.084331,-0.002735,-0.058245,0.058116,0.029066,0.035422,0.187274,-0.017943,-0.006927,0.163437,-0.057761,-0.054282,0.136350
0.001525,0.048375,0.236725,0.001885,0.048147,0.222592,-0.053313,-0.010204,0.053407,0.011325,0.013810,0.002012,-0.042630,0.046114,0.247922,-0.102025,0.049259,0.063317,-0.000506,0.025437,-0.009063,0.010972,0.049740,0.227681,0.033738,0.027735,0.131488,0.011703,-0.017812,0.109613,-0.012187,-0.060297,0.084316,0.011373,0.036810,0.199502,-0.030794,-0.007468,0.179102,-0.067376,-0.055100,0.154342
-0.009500,0.050925,0.238300,-0.008369,0.050247,0.222835,-0.065166,-0.007517,0.056175,0.000518,0.013259,0.005034,-0.053265,0.048377,0.249462,-0.115594,0.053001,0.063238,-0.010204,0.025633,-0.010788,-0.000520,0.051711,0.229708,0.023726,0.025346,0.138521,0.002114,-0.019686,0.117397,-0.021727,-0.062494,0.092530,-0.001716,0.033519,0.198160,-0.040930,-0.010448,0.179879,-0.075742,-0.056678,0.156458
-0.015625,0.047750,0.239650,-0.013339,0.046004,0.221378,-0.071555,-0.009385,0.058419,-0.001884,0.007737,0.005766,-0.057597,0.044244,0.250715,-0.122467,0.048363,0.065150,-0.011767,0.017479,-0.011151,-0.007611,0.048162,0.232007,0.016901,0.018745,0.152595,-0.001241,-0.026283,0.134124,-0.021863,-0.070553,0.112315,-0.011322,0.025721,0.202702,-0.043922,-0.018835,0.188571,-0.073327,-0.063655,0.169246
-0.013775,0.040475,0.240075,-0.010632,0.037535,0.218956,-0.070351,-0.015063,0.059451,0.004472,-0.000258,0.004507,-0.053514,0.035893,0.251137,-0.120496,0.037501,0.068416,-0.005409,0.005422,-0.009088,-0.006755,0.040881,0.233378,0.016485,0.011113,0.166597,0.002961,-0.034398,0.151425,-0.013083,-0.080525,0.133811,-0.012603,0.017375,0.210755,-0.038398,-0.028364,0.200852,-0.061700,-0.072454,0.186396
-0.023025,0.042375,0.230550,-0.018478,0.038131,0.207289,-0.075599,-0.011753,0.059474,0.001416,0.001559,0.004162,-0.060503,0.036631,0.242109,-0.127052,0.039784,0.066598,-0.009121,0.003746,-0.011186,-0.016993,0.042796,0.224817,0.006093,0.011846,0.166538,-0.002982,-0.034123,0.154520,-0.014881,-0.082083,0.140583,-0.024310,0.017504,0.205214,-0.043481,-0.029532,0.199386,-0.061107,-0.072863,0.189191
-0.033975,0.045450,0.216900,-0.027896,0.040120,0.192058,-0.081059,-0.007180,0.057993,-0.004048,0.005545,0.003649,-0.068963,0.038798,0.228810,-0.133620,0.043455,0.063594,-0.014892,0.004358,-0.013074,-0.028957,0.045894,0.212153,-0.006103,0.014397,0.160225,-0.011024,-0.031741,0.151184,-0.018973,-0.080883,0.140805,-0.036979,0.019559,0.193960,-0.050260,-0.028284,0.191726,-0.062702,-0.070914,0.185447
-0.037150,0.041625,0.204800,-0.029838,0.035758,0.178814,-0.080460,-0.009165,0.054414,-0.004882,0.004031,0.001803,-0.069226,0.034653,0.216237,-0.131542,0.036663,0.063136,-0.014555,-0.001144,-0.010590,-0.033199,0.042088,0.201071,-0.011786,0.012199,0.155334,-0.012955,-0.033555,0.149058,-0.016856,-0.082613,0.142538,-0.041050,0.016930,0.184725,-0.049719,-0.030624,0.185252,-0.057466,-0.072698,0.182815
-0.040850,0.037425,0.188575,-0.031830,0.030861,0.161115,-0.077995,-0.009871,0.050370,-0.004001,0.002626,-0.000255,-0.068775,0.029974,0.198742,-0.127519,0.032033,0.058599,-0.015469,-0.004648,-0.010437,-0.038352,0.038093,0.186235,-0.018909,0.010191,0.152928,-0.012696,-0.034710,0.151810,-0.009131,-0.083223,0.151755,-0.047630,0.014736,0.180061,-0.047839,-0.032183,0.185370,-0.047358,-0.073234,0.189093
-0.043225,0.034975,0.176400,-0.032945,0.027833,0.147897,-0.075452,-0.009175,0.048258,-0.002223,0.001858,-0.000900,-0.067906,0.027169,0.185202,-0.124621,0.031634,0.052534,-0.018003,-0.003971,-0.011807,-0.041844,0.035922,0.175120,-0.023990,0.009341,0.154314,-0.010540,-0.034653,0.158265,0.000048,-0.082426,0.164137,-0.053447,0.014135,0.182411,-0.045649,-0.032123,0.192252,-0.037635,-0.072184,0.201437
-0.043325,0.033500,0.157225,-0.031554,0.025475,0.128151,-0.066174,-0.007633,0.047105,0.005601,0.003385,-0.000162,-0.063919,0.024992,0.165480,-0.115273,0.028178,0.048480,-0.013809,-0.006272,-0.011436,-0.043190,0.034651,0.157164,-0.027632,0.010979,0.147430,-0.009329,-0.032154,0.154916,0.006222,-0.079035,0.165242,-0.055192,0.015115,0.170799,-0.041142,-0.030227,0.184211,-0.027139,-0.069274,0.197845
-0.043600,0.031250,0.136425,-0.030840,0.022274,0.106829,-0.057957,-0.006343,0.043237,0.009427,0.003971,-0.000253,-0.059432,0.021926,0.144073,-0.104207,0.023563,0.044718,-0.009414,-0.009783,-0.010150,-0.044751,0.032692,0.137620,-0.032151,0.012912,0.138163,-0.010668,-0.028624,0.148177,0.008589,-0.073404,0.161990,-0.056467,0.016173,0.156001,-0.037462,-0.027312,0.172174,-0.018764,-0.064716,0.189245
-0.046400,0.026425,0.119375,-0.033878,0.016659,0.088887,-0.058464,-0.006440,0.033070,-0.000640,0.000420,-0.003396,-0.056931,0.016385,0.125453,-0.096005,0.019689,0.039517,-0.011241,-0.012548,-0.008883,-0.048796,0.028419,0.121748,-0.039534,0.012956,0.132630,-0.015606,-0.025261,0.144856,0.006492,-0.065864,0.161378,-0.060748,0.015891,0.148856,-0.037586,-0.024083,0.167141,-0.015205,-0.058578,0.186646
-0.048350,0.019050,0.097625,-0.035950,0.008671,0.066936,-0.055579,-0.008302,0.023413,-0.004768,-0.004989,-0.007597,-0.052726,0.008434,0.101792,-0.084432,0.010947,0.033156,-0.011852,-0.018152,-0.007685,-0.052132,0.021606,0.101295,-0.046073,0.010605,0.121272,-0.020212,-0.022975,0.135467,0.003990,-0.058035,0.154135,-0.063892,0.013224,0.135632,-0.037049,-0.021911,0.155565,-0.011425,-0.052598,0.177063
-0.048500,0.012825,0.082075,-0.036032,0.002250,0.051998,-0.050830,-0.011185,0.019207,-0.000867,-0.009687,-0.010478,-0.048990,0.002075,0.084977,-0.075674,0.001471,0.028957,-0.011169,-0.023807,-0.006717,-0.053121,0.015674,0.086510,-0.048694,0.007069,0.109732,-0.022521,-0.022962,0.124693,0.002158,-0.053772,0.144145,-0.064396,0.009538,0.122979,-0.036249,-0.021870,0.143381,-0.009492,-0.049759,0.165537
-0.045800,0.013300,0.062825,-0.034547,0.003342,0.035151,-0.045918,-0.004554,0.011055,-0.007099,-0.007630,-0.011039,-0.042187,0.003175,0.064124,-0.062153,-0.002091,0.024390,-0.009178,-0.021300,-0.004478,-0.050902,0.016517,0.067630,-0.048811,0.011576,0.093134,-0.021678,-0.012672,0.109437,0.004585,-0.037112,0.130822,-0.061429,0.014544,0.108987,-0.032209,-0.011128,0.129384,-0.003954,-0.034410,0.152722
-0.042950,0.014200,0.046775,-0.033265,0.005110,0.022086,-0.041338,0.002133,0.006092,-0.011786,-0.004063,-0.009902,-0.035561,0.004927,0.046332,-0.049096,-0.002788,0.021168,-0.006307,-0.015981,-0.001798,-0.048357,0.017832,0.051756,-0.049035,0.017431,0.078498,-0.020738,-0.000965,0.096258,0.007266,-0.018874,0.119628,-0.057717,0.021156,0.098359,-0.027814,0.001312,0.118481,0.001656,-0.017369,0.142831
-0.042600,0.009300,0.040800,-0.033884,0.000757,0.018448,-0.037458,-0.000541,0.011430,-0.003023,-0.004248,-0.007667,-0.032289,0.000557,0.038693,-0.041608,-0.003672,0.021051,-0.002776,-0.013238,0.000495,-0.048324,0.013377,0.045963,-0.051942,0.017998,0.072834,-0.022700,0.003342,0.091717,0.006287,-0.009856,0.116036,-0.055937,0.022351,0.095824,-0.025870,0.006484,0.115621,0.003891,-0.009434,0.140129
-0.039700,0.006950,0.034850,-0.031573,-0.000236,0.015282,-0.033508,0.000790,0.012206,-0.001256,0.002473,-0.006534,-0.028146,-0.000423,0.031295,-0.033774,-0.005398,0.021605,-0.000706,-0.010463,0.004295,-0.045425,0.010931,0.039926,-0.050429,0.018123,0.064153,-0.022044,0.006431,0.082847,0.006387,-0.002236,0.106789,-0.051572,0.022817,0.088734,-0.023541,0.010884,0.106903,0.004651,-0.003430,0.130241
-0.035700,0.008275,0.031925,-0.027479,0.002545,0.014216,-0.031460,0.005347,0.008086,-0.007384,0.012668,-0.007003,-0.025193,0.002414,0.027877,-0.029529,-0.007199,0.022612,-0.001123,-0.009167,0.007815,-0.041116,0.011678,0.036679,-0.045337,0.017765,0.056808,-0.019201,0.006778,0.074155,0.007429,0.000279,0.096680,-0.046856,0.022341,0.080640,-0.022061,0.012367,0.096756,0.003482,-0.002308,0.118260
-0.031300,0.007700,0.035825,-0.022412,0.002572,0.018527,-0.025018,0.005016,0.014788,-0.000330,0.015140,-0.001203,-0.019511,0.002456,0.029638,-0.023759,-0.001866,0.022573,0.005515,-0.000497,0.007595,-0.037277,0.010658,0.041107,-0.042514,0.017186,0.067400,-0.018355,0.007583,0.083601,0.006372,0.004496,0.104292,-0.043912,0.020524,0.085417,-0.020122,0.013575,0.100570,0.004080,-0.000732,0.120455
-0.025450,0.005800,0.043550,-0.015850,0.000750,0.025578,-0.017798,0.002135,0.022632,0.010544,0.013082,0.004376,-0.012059,0.000634,0.035177,-0.017471,0.003742,0.022938,0.015205,0.006822,0.006424,-0.032180,0.008435,0.049542,-0.038962,0.015954,0.084656,-0.016105,0.007096,0.100117,0.007079,0.006703,0.119125,-0.039968,0.017797,0.095638,-0.016012,0.013200,0.110613,0.007627,-0.001097,0.129295
-0.017050,0.003100,0.052075,-0.007250,-0.002075,0.032706,-0.013405,-0.001020,0.021921,0.015852,0.009644,0.003197,-0.003744,-0.002179,0.043055,-0.011621,0.002756,0.025114,0.023985,0.004002,0.007029,-0.024044,0.005527,0.058299,-0.031621,0.013595,0.097299,-0.008989,0.003519,0.112624,0.013524,0.003171,0.130708,-0.032157,0.014553,0.103875,-0.007900,0.009900,0.119146,0.015443,-0.005830,0.137253
-0.011700,-0.002325,0.066150,-0.002423,-0.007471,0.045578,-0.014432,-0.007785,0.023587,0.018877,0.003466,0.002481,0.001533,-0.007576,0.055632,-0.011472,0.000501,0.026148,0.027382,0.001137,0.006326,-0.018882,-0.000058,0.072525,-0.027539,0.008661,0.115897,-0.006634,-0.001365,0.130101,0.013550,-0.000574,0.145716,-0.027735,0.008842,0.119160,-0.004525,0.005162,0.133743,0.016947,-0.010683,0.149729
-0.012050,-0.007750,0.078775,-0.003740,-0.012736,0.057822,-0.020349,-0.014781,0.026879,0.018170,-0.002372,0.002721,0.001171,-0.012850,0.066682,-0.017129,-0.001916,0.025595,0.023667,-0.000330,0.004799,-0.019258,-0.005512,0.085132,-0.028848,0.003664,0.131123,-0.010311,-0.005067,0.143812,0.007014,-0.002558,0.156637,-0.028978,0.003565,0.133825,-0.007650,0.001418,0.147109,0.011243,-0.013166,0.160460
-0.011675,-0.010025,0.096150,-0.005210,-0.014869,0.074902,-0.028336,-0.017806,0.032045,0.013373,-0.006789,0.006611,0.001698,-0.015016,0.082217,-0.023186,-0.000505,0.026996,0.020727,-0.000144,0.004749,-0.018792,-0.007537,0.102347,-0.028704,0.002393,0.143421,-0.013219,-0.003667,0.154160,0.000617,0.000738,0.163776,-0.027410,0.002717,0.148476,-0.009089,0.002288,0.159715,0.006251,-0.009205,0.169711
-0.009825,-0.010425,0.112350,-0.005038,-0.015016,0.090702,-0.035708,-0.018822,0.034344,0.007777,-0.008745,0.008308,0.003209,-0.015185,0.096853,-0.028350,0.000743,0.028451,0.018409,-0.001374,0.004892,-0.016771,-0.007651,0.118296,-0.026824,0.003275,0.152439,-0.013603,-0.000860,0.161722,-0.002563,0.004240,0.168738,-0.023798,0.004394,0.161450,-0.008464,0.004586,0.170812,0.003513,-0.004380,0.177853
-0.005775,-0.010250,0.121550,-0.001456,-0.014331,0.099236,-0.039867,-0.019764,0.029206,0.004616,-0.007133,0.002147,0.005760,-0.014474,0.105276,-0.031397,-0.002147,0.028097,0.016447,-0.006990,0.004006,-0.012505,-0.007408,0.127207,-0.022993,0.004694,0.157879,-0.009800,-0.000364,0.167118,0.000455,0.002884,0.173162,-0.018971,0.006635,0.171093,-0.005491,0.005108,0.179640,0.004467,-0.004264,0.185221
-0.004675,-0.009050,0.132950,-0.000519,-0.012451,0.110098,-0.046309,-0.021078,0.026879,0.001127,-0.005376,-0.002262,0.004927,-0.012553,0.115588,-0.039007,-0.002581,0.027286,0.011696,-0.008721,0.001864,-0.011171,-0.006195,0.138303,-0.021330,0.006101,0.164068,-0.008064,-0.000018,0.173331,0.001580,0.001346,0.178586,-0.017297,0.009101,0.182551,-0.005789,0.005819,0.190208,0.002166,-0.004285,0.194416
-0.007050,-0.007400,0.140850,-0.002668,-0.010305,0.117881,-0.051979,-0.022186,0.028624,-0.001090,-0.004470,-0.002490,0.001133,-0.010369,0.122682,-0.047665,-0.000421,0.026585,0.006272,-0.005735,-0.000187,-0.013419,-0.004591,0.146021,-0.022676,0.006825,0.167857,-0.009280,0.000043,0.177213,0.000155,0.000411,0.182205,-0.019647,0.010616,0.190056,-0.009257,0.006382,0.197206,-0.002368,-0.004415,0.200769
-0.010150,-0.007525,0.149175,-0.005576,-0.009647,0.126155,-0.059412,-0.023795,0.029862,-0.005811,-0.004203,-0.002711,-0.002618,-0.009697,0.129778,-0.054610,-0.000690,0.029697,0.004043,-0.006038,0.001001,-0.016586,-0.004956,0.154356,-0.025767,0.006105,0.176094,-0.013377,-0.000546,0.184760,-0.005353,-0.000041,0.188315,-0.023475,0.010059,0.199329,-0.014900,0.006001,0.205343,-0.009955,-0.004819,0.207238
-0.011150,-0.008250,0.156550,-0.006196,-0.009605,0.133416,-0.063992,-0.025625,0.031462,-0.008057,-0.004285,-0.002287,-0.003806,-0.009648,0.135788,-0.058165,-0.001034,0.033284,0.005079,-0.006963,0.002807,-0.017804,-0.005966,0.161881,-0.027221,0.004880,0.185716,-0.015239,-0.001488,0.194137,-0.007979,-0.000487,0.196847,-0.025750,0.008765,0.208861,-0.018097,0.005229,0.214229,-0.014252,-0.005559,0.215081
-0.007175,-0.008400,0.161600,-0.001449,-0.009320,0.138153,-0.061095,-0.027439,0.034244,-0.002856,-0.004573,-0.000578,0.000127,-0.009348,0.139646,-0.056721,0.000886,0.034018,0.009343,-0.005823,0.002644,-0.014149,-0.006285,0.167162,-0.023616,0.004151,0.193594,-0.009738,-0.002442,0.203440,-0.000760,-0.001371,0.207655,-0.023359,0.008143,0.217114,-0.014177,0.004677,0.223439,-0.008883,-0.006655,0.225515
-0.006375,-0.009200,0.168300,0.000155,-0.009479,0.144097,-0.063714,-0.029222,0.034758,0.000523,-0.005395,-0.002886,0.001389,-0.009503,0.144147,-0.059541,0.001587,0.033047,0.010187,-0.005490,0.000351,-0.013927,-0.007410,0.174328,-0.022837,0.001461,0.203429,-0.008119,-0.004148,0.214002,0.001558,-0.001841,0.218834,-0.024675,0.005229,0.225777,-0.014419,0.003000,0.232579,-0.008283,-0.007700,0.235102
-0.009200,-0.010250,0.173300,-0.002256,-0.009991,0.148339,-0.071119,-0.030069,0.033081,-0.000112,-0.006330,-0.007516,-0.000724,-0.010026,0.147084,-0.065746,0.000736,0.031173,0.006741,-0.006080,-0.002437,-0.017310,-0.008783,0.179780,-0.025343,-0.001890,0.210265,-0.011281,-0.005766,0.220503,-0.002323,-0.001680,0.224735,-0.029192,0.001447,0.230466,-0.018869,0.000996,0.237026,-0.012968,-0.008187,0.238971
-0.006225,-0.010825,0.177775,0.001848,-0.010289,0.151219,-0.071168,-0.030911,0.031664,0.000456,-0.008046,-0.008510,0.004355,-0.010345,0.149210,-0.062488,0.001824,0.032091,0.004850,-0.005153,0.001240,-0.015424,-0.009726,0.185161,-0.024795,-0.003386,0.228746,-0.007213,-0.005751,0.241763,0.005160,-0.000343,0.249186,-0.031134,-0.001119,0.244206,-0.015852,0.000003,0.253647,-0.005494,-0.007540,0.258833
-0.001050,-0.011850,0.181300,0.008131,-0.011112,0.153254,-0.068813,-0.031339,0.030317,0.000714,-0.008794,-0.008167,0.011441,-0.011186,0.150635,-0.057606,0.001374,0.032124,0.003876,-0.007038,0.004281,-0.011279,-0.011092,0.189523,-0.022331,-0.004847,0.245878,-0.001644,-0.006005,0.261366,0.013931,0.000145,0.271932,-0.030585,-0.003698,0.256464,-0.010896,-0.001494,0.268546,0.003631,-0.007539,0.276983
0.002650,-0.014225,0.183500,0.012180,-0.013158,0.155022,-0.069151,-0.030845,0.028983,-0.000949,-0.006591,-0.008615,0.015266,-0.013226,0.151494,-0.059119,-0.003939,0.027729,0.003041,-0.015933,-0.000191,-0.007961,-0.013714,0.191975,-0.019067,-0.008101,0.248792,-0.000238,-0.008401,0.263013,0.014011,-0.002182,0.272842,-0.027622,-0.007526,0.256811,-0.009478,-0.004988,0.267920,0.003983,-0.009917,0.275807
0.003700,-0.016050,0.186800,0.014311,-0.014545,0.157310,-0.071708,-0.030747,0.027640,-0.004243,-0.004302,-0.009483,0.017128,-0.014607,0.152691,-0.062284,-0.005684,0.023668,-0.001572,-0.019728,-0.003360,-0.007709,-0.015878,0.195861,-0.019447,-0.010794,0.256941,-0.001372,-0.010311,0.270714,0.012325,-0.003844,0.280304,-0.028793,-0.011037,0.261442,-0.010949,-0.008013,0.272337,0.002333,-0.011964,0.280153
0.001625,-0.016400,0.189525,0.013470,-0.014566,0.159050,-0.075901,-0.031004,0.027393,-0.008168,-0.003107,-0.009650,0.016148,-0.014623,0.153712,-0.066060,-0.002915,0.022388,-0.008156,-0.016415,-0.003099,-0.010619,-0.016486,0.199174,-0.023445,-0.011550,0.266090,-0.004709,-0.010734,0.280460,0.009410,-0.003974,0.290408,-0.033674,-0.012437,0.267883,-0.014791,-0.009042,0.279440,-0.000793,-0.012619,0.287667
0.003300,-0.015750,0.192675,0.016326,-0.014042,0.160846,-0.076036,-0.028820,0.028459,-0.005619,0.002118,-0.009810,0.019375,-0.014104,0.155843,-0.064136,-0.000483,0.024899,-0.002126,-0.015980,-0.002088,-0.009835,-0.015976,0.202940,-0.024503,-0.010937,0.278626,-0.004780,-0.009947,0.293844,0.010541,-0.003252,0.305155,-0.035867,-0.012602,0.277367,-0.015119,-0.009101,0.290181,0.000755,-0.012355,0.300067
0.006100,-0.015125,0.196200,0.020318,-0.013633,0.162998,-0.074967,-0.027257,0.029943,-0.001385,0.005633,-0.009566,0.023468,-0.013695,0.158606,-0.061798,0.000898,0.027697,0.005563,-0.017086,-0.001262,-0.007859,-0.015446,0.207002,-0.024267,-0.010536,0.290487,-0.004280,-0.009748,0.305980,0.011528,-0.003272,0.317974,-0.036955,-0.012847,0.286911,-0.015144,-0.009457,0.300512,0.001820,-0.012869,0.311449
0.007500,-0.015475,0.200125,0.022961,-0.013905,0.165921,-0.075588,-0.029171,0.031075,-0.000361,0.001911,-0.008401,0.025183,-0.013948,0.161592,-0.064363,0.000719,0.027367,0.003860,-0.018115,-0.001508,-0.007093,-0.015922,0.211275,-0.024285,-0.011826,0.297678,-0.005821,-0.011790,0.312025,0.008230,-0.005465,0.322303,-0.038378,-0.014404,0.293533,-0.017953,-0.011256,0.306353,-0.002660,-0.015695,0.315838
0.012175,-0.014175,0.204375,0.028806,-0.012359,0.169500,-0.072752,-0.030023,0.033141,0.003455,-0.001479,-0.005895,0.030158,-0.012383,0.164856,-0.063384,0.002209,0.027998,0.006980,-0.016050,-0.001257,-0.003001,-0.014708,0.215801,-0.020491,-0.011614,0.302713,-0.003655,-0.012011,0.315835,0.008657,-0.005527,0.324470,-0.036026,-0.014129,0.299408,-0.017402,-0.011014,0.311124,-0.004018,-0.016328,0.319041
0.017775,-0.011900,0.206800,0.034919,-0.009790,0.172049,-0.068650,-0.029342,0.035751,0.007511,-0.002822,-0.002426,0.035919,-0.009806,0.166884,-0.060005,0.004660,0.029888,0.012801,-0.011878,0.000168,0.002319,-0.012433,0.218248,-0.015102,-0.010032,0.302939,0.000812,-0.010333,0.315406,0.012254,-0.003485,0.323309,-0.031399,-0.012182,0.301462,-0.014091,-0.008909,0.312346,-0.001923,-0.014508,0.319372
0.015925,-0.012375,0.209325,0.033888,-0.010668,0.172940,-0.073876,-0.032471,0.034065,0.002577,-0.007206,-0.003549,0.035889,-0.010698,0.168203,-0.064490,0.006432,0.027736,0.009554,-0.010689,-0.001997,-0.000524,-0.012791,0.221329,-0.019769,-0.010328,0.310925,-0.005096,-0.010121,0.322499,0.004946,-0.002304,0.329072,-0.036839,-0.012838,0.308504,-0.019823,-0.008873,0.319134,-0.008383,-0.014183,0.325247
0.012575,-0.012725,0.213375,0.031186,-0.011694,0.174802,-0.082573,-0.035623,0.031466,-0.005077,-0.010025,-0.006100,0.034635,-0.011746,0.170907,-0.072015,0.008196,0.024815,0.002222,-0.009840,-0.004549,-0.005014,-0.013002,0.226031,-0.026936,-0.010031,0.323110,-0.013189,-0.009245,0.334035,-0.004200,-0.000519,0.339634,-0.044417,-0.013240,0.318227,-0.026902,-0.008572,0.329126,-0.015477,-0.013322,0.334876
0.013650,-0.010100,0.220300,0.032238,-0.009587,0.180196,-0.088974,-0.034951,0.031343,-0.009248,-0.006572,-0.006907,0.036702,-0.009655,0.176999,-0.077822,0.010651,0.024354,-0.004339,-0.006748,-0.004311,-0.004658,-0.010314,0.233271,-0.029041,-0.006671,0.335890,-0.015264,-0.005556,0.346903,-0.006104,0.003372,0.352827,-0.046184,-0.010534,0.328253,-0.027608,-0.005651,0.339888,-0.015254,-0.009868,0.346389
0.020325,-0.007750,0.226450,0.038603,-0.008294,0.184481,-0.088670,-0.035830,0.031962,-0.004321,-0.004245,-0.007901,0.045565,-0.008398,0.182466,-0.076158,0.013390,0.024378,-0.001089,-0.004722,-0.004460,0.001068,-0.007809,0.239896,-0.026099,-0.003766,0.349152,-0.014030,-0.000950,0.358950,-0.006362,0.009450,0.363714,-0.042615,-0.008774,0.336581,-0.023462,-0.002548,0.348444,-0.010888,-0.004756,0.354736
0.029275,-0.006900,0.228775,0.047145,-0.008507,0.185745,-0.082661,-0.037943,0.033959,0.006559,-0.004544,-0.007326,0.056840,-0.008647,0.184827,-0.068722,0.014948,0.025859,0.009606,-0.004779,-0.003709,0.009254,-0.006798,0.242540,-0.020101,-0.002828,0.356130,-0.010549,0.002218,0.364088,-0.005254,0.014588,0.366834,-0.035883,-0.008898,0.338815,-0.016850,-0.000913,0.350373,-0.004859,-0.000599,0.355630
0.030750,-0.003475,0.232100,0.050332,-0.005353,0.187482,-0.084613,-0.035019,0.034142,0.005035,0.003094,-0.007087,0.059704,-0.005480,0.186919,-0.073300,0.017326,0.023670,0.004550,-0.004344,-0.005286,0.009465,-0.004044,0.246562,-0.022980,-0.001892,0.373179,-0.012416,0.004001,0.382033,-0.005576,0.016044,0.386653,-0.039488,-0.010354,0.344132,-0.017050,-0.001998,0.358032,-0.001647,0.000139,0.366156
0.032775,-0.001900,0.234900,0.054801,-0.003800,0.188496,-0.085987,-0.033023,0.033221,0.001945,0.008721,-0.006984,0.063426,-0.003907,0.187978,-0.077277,0.016982,0.020769,-0.001657,-0.005480,-0.006935,0.009929,-0.003267,0.250212,-0.025930,-0.003563,0.391765,-0.012645,0.003164,0.402898,-0.002656,0.014802,0.410856,-0.043889,-0.014366,0.350720,-0.016435,-0.005642,0.368109,0.003898,-0.001685,0.380386
0.043350,-0.006650,0.235600,0.067162,-0.008879,0.187545,-0.078217,-0.038053,0.031854,0.008207,0.002103,-0.006844,0.077302,-0.008998,0.187224,-0.067938,0.010215,0.020080,0.005698,-0.010596,-0.006416,0.018843,-0.008242,0.251682,-0.020213,-0.010443,0.403311,-0.004377,-0.001501,0.416707,0.007990,0.011894,0.426997,-0.039592,-0.022188,0.356661,-0.007452,-0.011687,0.377163,0.016829,-0.005191,0.392257
0.049950,-0.005950,0.237325,0.075759,-0.008474,0.187678,-0.074058,-0.035717,0.032296,0.011095,0.003818,-0.005154,0.087669,-0.008607,0.187622,-0.059945,0.011116,0.022567,0.013375,-0.007855,-0.003275,0.023640,-0.007901,0.254219,-0.019480,-0.011881,0.417287,-0.001813,-0.000331,0.432421,0.012593,0.014590,0.444949,-0.039357,-0.024995,0.362684,-0.003022,-0.012747,0.386041,0.025105,-0.003009,0.404072
0.049275,-0.000150,0.239200,0.076356,-0.002797,0.189128,-0.076644,-0.027402,0.035575,0.008211,0.012508,-0.001125,0.089385,-0.002932,0.189335,-0.058433,0.019056,0.028347,0.016461,0.001226,0.002516,0.021842,-0.002424,0.256393,-0.025123,-0.007222,0.426258,-0.007124,0.006042,0.441877,0.008039,0.021454,0.455515,-0.043725,-0.021341,0.365189,-0.005711,-0.008305,0.389872,0.024239,0.003776,0.409570
0.051175,0.002550,0.241775,0.081051,0.000006,0.190288,-0.076902,-0.023770,0.036623,0.011821,0.018043,-0.000943,0.094912,-0.000120,0.189964,-0.058264,0.021295,0.028235,0.016124,0.003237,0.003063,0.021682,-0.000199,0.259761,-0.031077,-0.006324,0.442927,-0.008903,0.008779,0.462233,0.010360,0.025370,0.479994,-0.049472,-0.021519,0.374221,-0.005650,-0.007055,0.403157,0.029624,0.007223,0.427324
0.053550,0.004050,0.243400,0.086073,0.001639,0.190484,-0.078376,-0.023083,0.035141,0.011592,0.019987,-0.002245,0.100830,0.001524,0.189621,-0.059176,0.021478,0.026021,0.013893,0.003074,0.001735,0.021978,0.000809,0.262110,-0.037112,-0.006526,0.458398,-0.010552,0.010246,0.481611,0.012867,0.028283,0.503524,-0.054645,-0.022729,0.381825,-0.004889,-0.006661,0.415196,0.035676,0.009422,0.443835
0.054300,0.006325,0.242325,0.087605,0.003847,0.188908,-0.084743,-0.023621,0.030703,-0.003002,0.017792,-0.002908,0.103721,0.003739,0.188327,-0.060814,0.023286,0.025286,0.011389,0.005699,0.001704,0.021560,0.002721,0.261132,-0.042927,-0.005042,0.463616,-0.015403,0.012927,0.487945,0.008934,0.032243,0.511015,-0.057109,-0.022000,0.379962,-0.005301,-0.004642,0.415166,0.036977,0.012587,0.445440
0.057800,0.004375,0.243175,0.092567,0.001844,0.189150,-0.085936,-0.027709,0.030095,-0.004525,0.013441,-0.002687,0.110314,0.001752,0.188304,-0.060338,0.021911,0.024356,0.010251,0.004174,0.001687,0.023463,0.000444,0.262248,-0.047728,-0.007809,0.473526,-0.017879,0.012092,0.500216,0.009005,0.033252,0.526253,-0.058931,-0.025346,0.383330,-0.003507,-0.006193,0.421542,0.042258,0.012849,0.455191
0.062275,-0.000800,0.245600,0.098626,-0.003340,0.191660,-0.082352,-0.033643,0.035392,0.006936,0.008332,0.000561,0.117419,-0.003403,0.190254,-0.059184,0.017707,0.025777,0.009909,-0.001404,0.003964,0.026582,-0.004887,0.264717,-0.050994,-0.013638,0.482334,-0.018788,0.008013,0.511461,0.010846,0.030703,0.540805,-0.059920,-0.031067,0.389212,-0.001429,-0.010531,0.430208,0.047580,0.010041,0.467353
0.066075,-0.000525,0.246625,0.103460,-0.002610,0.192629,-0.088393,-0.034458,0.032472,0.001803,0.009779,-0.002067,0.122933,-0.002644,0.190544,-0.062556,0.017334,0.023711,0.004084,-0.001552,0.002985,0.029148,-0.004858,0.265648,-0.053196,-0.014833,0.485482,-0.019837,0.008039,0.516045,0.010824,0.032318,0.546782,-0.060375,-0.031844,0.390925,-0.000689,-0.010087,0.433417,0.049329,0.011120,0.471937
0.069900,0.001325,0.246925,0.107737,-0.000164,0.193230,-0.096561,-0.034227,0.028350,-0.006752,0.011350,-0.005349,0.128101,-0.000164,0.190304,-0.066543,0.018607,0.021316,-0.001061,-0.000191,0.001282,0.031950,-0.003264,0.265702,-0.055759,-0.013729,0.487334,-0.021689,0.010294,0.518989,0.009659,0.035965,0.550866,-0.060282,-0.030300,0.391637,-0.000159,-0.007479,0.435120,0.050319,0.014357,0.474674
0.074325,0.001025,0.247300,0.112072,-0.000029,0.194753,-0.099227,-0.036970,0.029986,-0.005385,0.006644,-0.004007,0.134051,0.000015,0.190811,-0.067314,0.019423,0.021957,0.000632,-0.001012,0.001603,0.035641,-0.003765,0.265653,-0.060481,-0.012705,0.492275,-0.025374,0.012878,0.525392,0.007685,0.039493,0.559867,-0.059948,-0.029060,0.394553,0.000961,-0.005317,0.439374,0.052995,0.018035,0.481460
0.079225,0.000825,0.247425,0.117756,0.000550,0.196233,-0.100312,-0.039654,0.032026,-0.001594,0.005209,-0.002689,0.139557,0.000637,0.191189,-0.067616,0.020598,0.023476,0.002603,0.001041,0.002849,0.039907,-0.004097,0.265269,-0.061381,-0.013357,0.491892,-0.024669,0.012713,0.526914,0.010391,0.039394,0.564154,-0.059427,-0.028746,0.396797,0.001941,-0.005123,0.442883,0.055115,0.018364,0.487280
0.082200,0.000800,0.247275,0.122136,0.001261,0.197629,-0.100547,-0.041345,0.035970,0.001662,0.006495,0.000914,0.142078,0.001383,0.192057,-0.068505,0.021187,0.027678,0.002672,0.003935,0.007144,0.042533,-0.004148,0.264461,-0.059985,-0.015574,0.485236,-0.022248,0.009707,0.521568,0.013816,0.035642,0.560328,-0.059651,-0.029505,0.395970,0.001128,-0.006982,0.442638,0.054074,0.015100,0.488015
0.085875,0.002200,0.244425,0.125707,0.003483,0.196376,-0.107921,-0.040748,0.033480,-0.009605,0.005786,0.000521,0.144834,0.003635,0.190090,-0.072238,0.022979,0.026947,0.000465,0.003443,0.006410,0.046121,-0.002676,0.260843,-0.058228,-0.013908,0.474561,-0.020267,0.010386,0.511483,0.015978,0.035481,0.550888,-0.057329,-0.026530,0.391633,0.001582,-0.005181,0.437791,0.053151,0.015379,0.483065
0.089625,0.005125,0.241950,0.128824,0.007279,0.195659,-0.116741,-0.039063,0.031324,-0.018537,0.005828,-0.000636,0.147782,0.007467,0.188369,-0.076694,0.026206,0.026058,-0.001023,0.002965,0.005170,0.049839,0.000348,0.257589,-0.056681,-0.010236,0.464782,-0.018672,0.013537,0.502193,0.017499,0.038277,0.541973,-0.055212,-0.021663,0.388365,0.001801,-0.001014,0.433874,0.051868,0.018522,0.478752
0.092900,0.009775,0.243050,0.131968,0.012826,0.198792,-0.121084,-0.037345,0.036311,-0.007870,0.009251,0.000991,0.150965,0.013057,0.190109,-0.079629,0.031228,0.029894,0.001318,0.005942,0.008084,0.052913,0.005056,0.257997,-0.055873,-0.006348,0.461051,-0.017360,0.018000,0.499506,0.019064,0.043427,0.540048,-0.056171,-0.016727,0.390837,0.000207,0.004231,0.436580,0.049696,0.023837,0.481627
0.096700,0.013975,0.242725,0.136377,0.018129,0.200325,-0.126601,-0.036479,0.038612,0.000443,0.011479,0.000575,0.153700,0.018388,0.190065,-0.087515,0.034528,0.029527,-0.001662,0.006095,0.006981,0.056397,0.009234,0.257022,-0.053652,-0.003697,0.455442,-0.013950,0.020108,0.495481,0.023291,0.044950,0.537236,-0.057191,-0.013021,0.391787,-0.001242,0.007115,0.438092,0.047869,0.025761,0.483627
0.099125,0.015600,0.241125,0.139901,0.020539,0.200297,-0.132236,-0.037179,0.040507,0.000729,0.010256,0.002287,0.154735,0.020809,0.189105,-0.097873,0.034258,0.028379,-0.009921,0.002535,0.005922,0.058441,0.010738,0.254805,-0.052985,-0.003874,0.449429,-0.012203,0.018592,0.490889,0.025820,0.041967,0.533820,-0.058624,-0.012496,0.389354,-0.002990,0.006112,0.436411,0.045884,0.023196,0.482669
0.106125,0.017675,0.237900,0.146513,0.023552,0.199203,-0.135208,-0.037280,0.041697,0.006799,0.008359,0.002756,0.161850,0.023872,0.186549,-0.096852,0.041702,0.028488,-0.003792,0.010228,0.005430,0.065163,0.012768,0.250922,-0.047341,-0.002301,0.440384,-0.005252,0.020984,0.483809,0.034116,0.044772,0.528986,-0.053719,-0.010202,0.384165,0.002295,0.008700,0.432367,0.051837,0.026393,0.480286
0.113700,0.018775,0.233325,0.153581,0.025282,0.196569,-0.137947,-0.037987,0.041809,0.012789,0.006629,0.002421,0.169456,0.025647,0.183115,-0.094075,0.047225,0.028821,0.005496,0.016388,0.004920,0.072541,0.013844,0.245668,-0.040946,-0.001981,0.430446,0.002313,0.021897,0.475726,0.042914,0.045947,0.523090,-0.048084,-0.009271,0.377151,0.008484,0.009796,0.426703,0.058810,0.027907,0.476437
0.117875,0.017475,0.227600,0.158497,0.023870,0.191925,-0.143044,-0.040248,0.040620,0.012599,0.006367,0.001893,0.171889,0.024214,0.179430,-0.099491,0.041423,0.028483,0.006228,0.008261,0.004026,0.076592,0.012493,0.239258,-0.037949,-0.005932,0.421603,0.005977,0.015923,0.467952,0.047032,0.038034,0.516279,-0.047319,-0.012854,0.369036,0.009426,0.004279,0.419902,0.059849,0.020245,0.470778
0.116125,0.018100,0.217575,0.157650,0.023667,0.182647,-0.150102,-0.041832,0.036846,0.006529,0.004503,-0.000186,0.168005,0.023955,0.172356,-0.108988,0.038587,0.025949,0.000227,0.005077,0.001607,0.074923,0.013237,0.228503,-0.040593,-0.006794,0.407537,0.003739,0.011933,0.454547,0.045042,0.030975,0.503487,-0.050424,-0.013409,0.355034,0.006171,0.000740,0.407051,0.056430,0.013647,0.458916
0.109350,0.020350,0.208325,0.151528,0.024799,0.174311,-0.157130,-0.042162,0.036529,-0.003667,0.001011,0.002167,0.159883,0.025037,0.166383,-0.119082,0.039970,0.026165,-0.010655,0.007802,0.002909,0.068300,0.015698,0.218517,-0.049137,-0.004286,0.394100,-0.004904,0.011808,0.441329,0.036246,0.028251,0.490512,-0.056701,-0.010710,0.340914,-0.000614,0.000900,0.393684,0.049198,0.011322,0.446219
0.115300,0.021800,0.192225,0.158515,0.025270,0.159327,-0.149088,-0.040691,0.030341,-0.003170,-0.000131,-0.000665,0.163686,0.025431,0.153460,-0.118081,0.040256,0.019035,-0.008378,0.009056,-0.003536,0.074569,0.017259,0.201669,-0.042794,-0.006156,0.374493,0.001083,0.007962,0.421749,0.041787,0.022569,0.470884,-0.052648,-0.012305,0.320487,0.003422,-0.002536,0.374403,0.053029,0.005876,0.427637
0.123700,0.021800,0.174425,0.167867,0.024429,0.142953,-0.135908,-0.039118,0.023607,0.001298,-0.000676,-0.004037,0.169788,0.024511,0.138808,-0.112903,0.039012,0.010982,-0.003154,0.007878,-0.010609,0.083482,0.017335,0.183102,-0.033416,-0.010083,0.353323,0.010239,0.002495,0.400802,0.050734,0.015596,0.450276,-0.046327,-0.015926,0.298438,0.009994,-0.007650,0.353743,0.059716,-0.000822,0.408069
0.124225,0.019750,0.160175,0.168815,0.021692,0.130516,-0.127469,-0.039103,0.021524,0.003061,-0.002366,-0.003433,0.168492,0.021715,0.127682,-0.110441,0.035867,0.008263,-0.005155,0.003614,-0.011449,0.084742,0.015384,0.168072,-0.032805,-0.013745,0.335298,0.011154,-0.002490,0.383582,0.052187,0.009005,0.434456,-0.045792,-0.019297,0.279627,0.010803,-0.012516,0.336383,0.061011,-0.006907,0.392537
0.124200,0.018375,0.142425,0.169741,0.019609,0.114480,-0.116913,-0.037444,0.015930,0.000433,-0.002990,-0.005452,0.166805,0.019560,0.113196,-0.103202,0.032984,0.003796,-0.004143,0.000051,-0.013834,0.085469,0.014188,0.149570,-0.032429,-0.016384,0.313452,0.012777,-0.007195,0.363468,0.055322,0.001964,0.416982,-0.046074,-0.021528,0.258087,0.011317,-0.016984,0.316976,0.062665,-0.013386,0.376044
0.123700,0.018325,0.130000,0.170278,0.019170,0.103680,-0.110606,-0.034936,0.013565,-0.006300,-0.002117,-0.004620,0.165686,0.019074,0.103343,-0.095783,0.031828,0.003142,-0.001547,-0.001249,-0.012851,0.085301,0.014318,0.136495,-0.033871,-0.016720,0.297412,0.013009,-0.009253,0.349736,0.057346,-0.001970,0.406305,-0.047689,-0.021439,0.243214,0.010644,-0.018776,0.304418,0.063214,-0.016954,0.366549
0.121525,0.019875,0.115375,0.167964,0.020059,0.090883,-0.100128,-0.030486,0.010535,-0.006417,-0.000644,-0.005114,0.162891,0.019938,0.091676,-0.085736,0.033334,0.001257,-0.001715,0.001848,-0.012394,0.084084,0.016366,0.121152,-0.034421,-0.015194,0.277160,0.014590,-0.008142,0.332617,0.061416,-0.001199,0.393770,-0.051248,-0.019225,0.227358,0.009042,-0.017225,0.291931,0.063958,-0.016157,0.358765
0.118525,0.019975,0.102275,0.164176,0.019630,0.079795,-0.089327,-0.027266,0.008967,-0.003667,0.000183,-0.004739,0.159193,0.019503,0.081335,-0.076102,0.033486,0.000164,-0.004305,0.004324,-0.011012,0.082294,0.017034,0.107336,-0.035882,-0.014069,0.258153,0.015151,-0.007139,0.316786,0.064241,-0.000072,0.382388,-0.055742,-0.017416,0.214011,0.006255,-0.015693,0.281758,0.063201,-0.015120,0.353001
0.115600,0.015575,0.094400,0.160314,0.015243,0.074095,-0.082086,-0.028318,0.010909,-0.001882,-0.000767,-0.001465,0.155421,0.015123,0.075408,-0.069844,0.028352,0.001687,-0.008972,0.001223,-0.007445,0.080467,0.013026,0.098818,-0.039976,-0.015599,0.245750,0.012385,-0.009485,0.306798,0.062572,-0.002903,0.375002,-0.060089,-0.018528,0.206631,0.002082,-0.017521,0.276051,0.059286,-0.017934,0.349409
0.118450,0.010500,0.086100,0.162067,0.009877,0.067551,-0.069875,-0.030526,0.011268,0.005503,-0.002660,0.000040,0.157265,0.009759,0.069155,-0.059572,0.023040,0.001830,-0.006496,-0.002750,-0.005846,0.084435,0.008433,0.089918,-0.041669,-0.017245,0.235989,0.013174,-0.012011,0.300912,0.065851,-0.006337,0.374019,-0.062054,-0.019851,0.201998,0.001534,-0.019968,0.274657,0.060461,-0.021384,0.352537
0.125650,0.007275,0.081525,0.168607,0.006184,0.064098,-0.059298,-0.032709,0.012671,0.014267,-0.004017,0.002091,0.163824,0.006062,0.066309,-0.051003,0.020285,0.002987,0.001373,-0.005165,-0.004376,0.092181,0.005554,0.084848,-0.041445,-0.018162,0.232484,0.015934,-0.013343,0.301606,0.071273,-0.008555,0.380280,-0.061465,-0.020624,0.201026,0.004136,-0.021745,0.277754,0.065364,-0.023599,0.361173
0.115275,0.003100,0.075100,0.155015,0.002068,0.059653,-0.065912,-0.035795,0.013342,0.008958,-0.005975,0.002994,0.151687,0.001978,0.061462,-0.056527,0.017314,0.003155,-0.001075,-0.007263,-0.004466,0.083532,0.001592,0.077867,-0.061860,-0.019437,0.229455,-0.004508,-0.013670,0.300087,0.051107,-0.009174,0.381401,-0.081219,-0.022071,0.200715,-0.016021,-0.023214,0.278671,0.045239,-0.023748,0.364621
0.103825,0.001075,0.068375,0.139204,0.000127,0.054977,-0.074371,-0.036676,0.013560,0.002357,-0.005561,0.003401,0.137182,0.000067,0.056355,-0.064479,0.016296,0.002818,-0.004866,-0.007011,-0.005210,0.074455,-0.000338,0.070594,-0.084943,-0.018832,0.227473,-0.028770,-0.012009,0.298275,0.026099,-0.008143,0.380994,-0.102805,-0.021837,0.200120,-0.039038,-0.023058,0.278112,0.021318,-0.021909,0.365477
0.107850,0.004225,0.062825,0.139124,0.002862,0.050737,-0.069310,-0.032329,0.013465,0.007243,0.000178,0.003798,0.136681,0.002791,0.052659,-0.063162,0.019316,0.002465,-0.000995,-0.002474,-0.005702,0.080971,0.002817,0.064583,-0.092784,-0.014170,0.226886,-0.037572,-0.007405,0.297893,0.016834,-0.005381,0.382544,-0.107740,-0.017634,0.198150,-0.045073,-0.019987,0.276679,0.014729,-0.018150,0.366311
0.111000,0.001350,0.056725,0.136630,-0.000956,0.045550,-0.063626,-0.033318,0.012694,0.013028,0.000724,0.003500,0.134665,-0.001030,0.048821,-0.063837,0.017085,0.001646,0.002222,-0.002362,-0.006848,0.087244,0.000071,0.058062,-0.109919,-0.014640,0.231265,-0.055671,-0.007173,0.302607,-0.001616,-0.006136,0.389924,-0.121302,-0.018864,0.201101,-0.059098,-0.021542,0.280881,0.000755,-0.018212,0.373923
0.111675,-0.006100,0.053175,0.132960,-0.009406,0.042453,-0.060429,-0.039144,0.013473,0.016554,-0.004140,0.004734,0.132102,-0.009472,0.047181,-0.066603,0.010713,0.002573,0.002747,-0.006445,-0.006131,0.090104,-0.007191,0.054209,-0.129560,-0.020114,0.236229,-0.075726,-0.011276,0.308746,-0.021895,-0.009889,0.398996,-0.138215,-0.024960,0.205171,-0.075581,-0.027037,0.287268,-0.015289,-0.021922,0.384088
0.114950,-0.010325,0.046125,0.136086,-0.015363,0.034618,-0.052099,-0.040879,0.009040,0.016560,-0.004714,0.001662,0.133101,-0.015491,0.042397,-0.067340,0.006970,0.000040,0.003198,-0.006607,-0.008625,0.094109,-0.010976,0.046959,-0.146018,-0.020254,0.233310,-0.091397,-0.014174,0.307870,-0.036979,-0.015362,0.401882,-0.149422,-0.025618,0.202382,-0.086732,-0.030732,0.286951,-0.026386,-0.028587,0.387917
0.119000,-0.013350,0.038450,0.142574,-0.019878,0.026044,-0.041943,-0.040962,0.003487,0.013444,-0.004339,-0.002123,0.136633,-0.020071,0.036534,-0.066631,0.004321,-0.003686,0.000329,-0.005342,-0.011726,0.097673,-0.013562,0.039130,-0.158043,-0.018443,0.224550,-0.103503,-0.016207,0.299804,-0.049739,-0.020455,0.394914,-0.155114,-0.024236,0.194652,-0.094021,-0.033266,0.279637,-0.035445,-0.035552,0.381598
0.122000,-0.017175,0.033100,0.148942,-0.023987,0.020760,-0.033309,-0.041992,0.000833,0.007521,-0.006677,-0.003076,0.141690,-0.024187,0.031742,-0.065036,0.001124,-0.006240,-0.009110,-0.005399,-0.012756,0.099214,-0.017199,0.033629,-0.164509,-0.018057,0.211937,-0.112872,-0.017700,0.284317,-0.062907,-0.023074,0.374288,-0.155554,-0.024189,0.183861,-0.098865,-0.035256,0.264978,-0.045190,-0.040131,0.361167
0.125725,-0.019400,0.026050,0.155272,-0.026180,0.014177,-0.023735,-0.040542,-0.003108,-0.001806,-0.007329,-0.005022,0.148276,-0.026362,0.025102,-0.056931,0.000410,-0.009853,-0.016732,-0.001885,-0.014465,0.101632,-0.019255,0.026393,-0.169139,-0.014518,0.195737,-0.121449,-0.015539,0.263650,-0.076251,-0.022046,0.345859,-0.152268,-0.021071,0.170651,-0.101332,-0.033782,0.245594,-0.053771,-0.040328,0.332928
0.128325,-0.018925,0.020775,0.158446,-0.025379,0.009825,-0.018074,-0.037350,-0.005048,-0.009912,-0.005974,-0.005555,0.153075,-0.025522,0.020180,-0.046654,0.002500,-0.011201,-0.019008,0.003483,-0.014385,0.103729,-0.018714,0.020898,-0.171583,-0.009947,0.180703,-0.127047,-0.010806,0.245359,-0.085563,-0.017629,0.321640,-0.148631,-0.016733,0.158418,-0.102073,-0.029776,0.228594,-0.059140,-0.036048,0.309015
0.126825,-0.019400,0.015650,0.155599,-0.025576,0.005757,-0.010931,-0.033656,-0.006312,-0.017315,-0.005011,-0.005386,0.154558,-0.025650,0.015569,-0.032499,0.001469,-0.011458,-0.016476,0.003197,-0.013245,0.102417,-0.019048,0.015548,-0.176526,-0.006256,0.165319,-0.135419,-0.004605,0.226563,-0.097484,-0.009571,0.297840,-0.148451,-0.013196,0.146920,-0.105607,-0.024253,0.212578,-0.066431,-0.027696,0.287273
0.124100,-0.019750,0.010800,0.150780,-0.025642,0.001987,-0.002943,-0.030011,-0.007387,-0.021619,-0.004251,-0.005244,0.154386,-0.025642,0.011252,-0.018928,-0.000382,-0.011605,-0.013084,0.000870,-0.012130,0.100297,-0.019273,0.010484,-0.181471,-0.003334,0.150605,-0.142135,0.001307,0.210902,-0.106007,-0.000935,0.280960,-0.149490,-0.010248,0.136013,-0.108339,-0.018468,0.199865,-0.070909,-0.018626,0.272764
0.123000,-0.018875,0.006275,0.148008,-0.024427,-0.001543,0.005244,-0.026908,-0.008804,-0.020407,-0.003478,-0.005923,0.154233,-0.024376,0.007148,-0.010340,-0.000700,-0.012644,-0.012678,0.000122,-0.012171,0.099938,-0.018377,0.005768,-0.183985,-0.001040,0.137535,-0.142875,0.005240,0.201984,-0.105269,0.005289,0.277492,-0.149493,-0.007647,0.125557,-0.106695,-0.013631,0.192759,-0.067881,-0.012102,0.270539
0.119900,-0.017075,0.000900,0.142942,-0.021817,-0.005538,0.017500,-0.020896,-0.010689,-0.018969,-0.000822,-0.006665,0.152850,-0.021693,0.001801,0.003718,0.000198,-0.014592,-0.008723,0.001480,-0.012945,0.097798,-0.016689,0.000227,-0.184757,0.002327,0.122228,-0.140916,0.010779,0.192670,-0.100939,0.013744,0.276194,-0.146657,-0.003809,0.112985,-0.101384,-0.006707,0.184872,-0.060402,-0.002772,0.269760
0.116325,-0.015225,-0.002650,0.138114,-0.019103,-0.007802,0.027647,-0.015159,-0.011328,-0.018099,0.002139,-0.006258,0.150875,-0.018913,-0.001843,0.015980,0.001672,-0.015409,-0.003492,0.003924,-0.012968,0.094929,-0.015035,-0.003477,-0.184823,0.004540,0.109092,-0.138941,0.014794,0.184656,-0.097323,0.020267,0.275068,-0.143702,-0.001121,0.101614,-0.096614,-0.001424,0.177462,-0.054179,0.004398,0.268427
0.111975,-0.017800,-0.003600,0.132281,-0.021699,-0.008328,0.038591,-0.014532,-0.010533,-0.012978,0.000517,-0.004708,0.147898,-0.021440,-0.002178,0.026335,-0.002680,-0.013383,-0.001917,0.000244,-0.009913,0.091433,-0.017430,-0.004553,-0.179865,0.000610,0.098069,-0.131660,0.013669,0.179819,-0.088336,0.022653,0.277890,-0.143033,-0.004292,0.093441,-0.092391,-0.000727,0.176215,-0.047325,0.008334,0.275313
0.107775,-0.018650,-0.003475,0.127471,-0.022816,-0.008089,0.047731,-0.013457,-0.009332,-0.007458,-0.000319,-0.002949,0.143950,-0.022520,-0.001267,0.033438,-0.004888,-0.010611,-0.001018,-0.000689,-0.006429,0.088018,-0.017997,-0.004542,-0.172788,-0.001982,0.088316,-0.122370,0.012469,0.176079,-0.077610,0.023100,0.281033,-0.142583,-0.006110,0.086601,-0.088789,-0.000359,0.176321,-0.041592,0.010674,0.282905
0.104475,-0.011500,-0.003900,0.125523,-0.015548,-0.008176,0.052272,-0.006222,-0.008923,-0.005554,0.005185,-0.002062,0.138881,-0.015291,-0.001290,0.035764,0.003155,-0.009423,0.001951,0.010166,-0.005408,0.085218,-0.010727,-0.005080,-0.166627,0.004271,0.079034,-0.114545,0.016319,0.171395,-0.069003,0.023893,0.280897,-0.140429,0.000694,0.079354,-0.086023,0.003999,0.173045,-0.038878,0.013126,0.283737
0.098275,-0.009075,-0.003425,0.121099,-0.013024,-0.007395,0.053275,-0.003693,-0.007754,-0.005302,0.006921,-0.000606,0.128612,-0.012872,-0.000445,0.032054,0.005637,-0.007486,0.000582,0.014768,-0.003839,0.079959,-0.008104,-0.004676,-0.157828,0.005509,0.069953,-0.104565,0.013276,0.165840,-0.058706,0.015126,0.278380,-0.138361,0.002546,0.072543,-0.084436,0.000982,0.168926,-0.038271,0.006480,0.282080
0.092325,-0.012600,-0.002250,0.116467,-0.016502,-0.005964,0.050258,-0.007248,-0.006043,-0.006837,0.003817,0.001160,0.118304,-0.016463,0.001043,0.024085,0.001186,-0.005178,-0.004586,0.010603,-0.001872,0.074929,-0.011467,-0.003555,-0.151513,0.000778,0.063194,-0.098642,0.004634,0.160088,-0.053808,0.001213,0.272918,-0.138108,-0.001787,0.067235,-0.085993,-0.008077,0.164010,-0.041948,-0.006133,0.277028
0.087000,-0.013375,-0.004350,0.113042,-0.017737,-0.008259,0.050208,-0.008091,-0.008064,-0.005482,0.003801,-0.000795,0.107320,-0.017852,-0.000379,0.018582,0.000385,-0.005801,-0.004696,0.011566,-0.003258,0.070845,-0.011839,-0.005664,-0.141338,-0.000635,0.053030,-0.089200,-0.002533,0.149827,-0.045710,-0.012627,0.261605,-0.136376,-0.002775,0.059218,-0.086690,-0.015386,0.155502,-0.045243,-0.018950,0.267187
0.081075,-0.012625,-0.006825,0.108620,-0.017473,-0.010955,0.049901,-0.007712,-0.010531,-0.003933,0.004558,-0.003268,0.096058,-0.017718,-0.002233,0.013723,0.000516,-0.006853,-0.004268,0.012711,-0.005025,0.066219,-0.010655,-0.008123,-0.131272,0.000101,0.042722,-0.080681,-0.007239,0.137889,-0.039176,-0.023298,0.247124,-0.134540,-0.001667,0.051278,-0.087953,-0.020088,0.145577,-0.049603,-0.028987,0.254469
0.073375,-0.011500,-0.006775,0.101053,-0.016373,-0.010726,0.046185,-0.007523,-0.010165,-0.004803,0.003854,-0.003084,0.084987,-0.016662,-0.002056,0.007789,-0.001040,-0.005858,-0.007712,0.009189,-0.004228,0.059612,-0.009279,-0.008054,-0.125180,0.001897,0.035754,-0.077380,-0.008414,0.127333,-0.038775,-0.027646,0.232371,-0.133880,0.000367,0.046385,-0.091057,-0.021262,0.136583,-0.056279,-0.033180,0.240940
0.064850,-0.010075,-0.007225,0.092642,-0.014745,-0.010825,0.043691,-0.006833,-0.010184,-0.002997,0.003580,-0.003513,0.072949,-0.015067,-0.002632,0.003540,-0.001326,-0.005674,-0.009981,0.008140,-0.004246,0.052347,-0.007611,-0.008454,-0.115105,0.004092,0.027773,-0.070362,-0.009457,0.114842,-0.034816,-0.031981,0.215161,-0.130518,0.002906,0.040839,-0.091877,-0.022129,0.125793,-0.060925,-0.037450,0.224961
0.059775,-0.009100,-0.007925,0.087595,-0.013439,-0.011073,0.043643,-0.005903,-0.010355,0.000545,0.004087,-0.004029,0.065944,-0.013753,-0.003592,0.003040,-0.000079,-0.006135,-0.010032,0.010335,-0.004797,0.048081,-0.006522,-0.009133,-0.106361,0.005651,0.021345,-0.063952,-0.009751,0.105459,-0.030843,-0.033913,0.203024,-0.126456,0.004763,0.035956,-0.090847,-0.022159,0.117338,-0.062780,-0.039620,0.213359
0.049675,-0.008850,-0.007725,0.076250,-0.012886,-0.010490,0.037356,-0.005730,-0.009737,-0.005076,0.002854,-0.003413,0.055016,-0.013156,-0.003654,0.001719,-0.001404,-0.005612,-0.010682,0.008124,-0.004285,0.038915,-0.006233,-0.008886,-0.099801,0.006749,0.015725,-0.060492,-0.009082,0.095326,-0.030372,-0.033084,0.188804,-0.121372,0.006183,0.031517,-0.089144,-0.020943,0.107800,-0.064225,-0.039174,0.199356
0.040350,-0.008675,-0.007175,0.065256,-0.012369,-0.009555,0.031043,-0.005531,-0.008788,-0.010568,0.001737,-0.002503,0.045296,-0.012585,-0.003416,0.001747,-0.002905,-0.004864,-0.010531,0.005587,-0.003472,0.030514,-0.006100,-0.008280,-0.093260,0.007478,0.011259,-0.056981,-0.008054,0.086405,-0.029754,-0.031202,0.175976,-0.114722,0.007205,0.027628,-0.085587,-0.019400,0.098931,-0.063578,-0.037645,0.186235
0.037650,-0.008050,-0.006750,0.061307,-0.011284,-0.008663,0.030950,-0.004607,-0.007897,-0.006597,0.002551,-0.002099,0.041977,-0.011461,-0.003422,0.005391,-0.002228,-0.004609,-0.008053,0.006826,-0.003084,0.028591,-0.005608,-0.007804,-0.084478,0.007842,0.008469,-0.050312,-0.007369,0.080838,-0.025239,-0.030089,0.168179,-0.105886,0.007789,0.024539,-0.078918,-0.018544,0.092616,-0.059077,-0.036673,0.177393
0.030600,-0.008075,-0.005975,0.051662,-0.010754,-0.007413,0.026529,-0.004302,-0.006693,-0.006226,0.002242,-0.001551,0.035059,-0.010882,-0.003161,0.006135,-0.002033,-0.004131,-0.008258,0.007449,-0.002489,0.022526,-0.005847,-0.006944,-0.077794,0.007390,0.005959,-0.046786,-0.006025,0.073315,-0.024559,-0.026228,0.155347,-0.097507,0.007518,0.021492,-0.073194,-0.016416,0.084342,-0.055828,-0.032915,0.163676
0.022700,-0.008700,-0.005250,0.041113,-0.011015,-0.006400,0.019946,-0.004679,-0.005715,-0.009718,0.001114,-0.001013,0.027959,-0.011097,-0.002755,0.003557,-0.002296,-0.003613,-0.011093,0.007345,-0.001926,0.015333,-0.006656,-0.006159,-0.076656,0.006516,0.004345,-0.048562,-0.004545,0.067077,-0.028873,-0.021348,0.143456,-0.093927,0.006708,0.019327,-0.071710,-0.013917,0.077637,-0.056301,-0.028160,0.151389
0.018375,-0.007700,-0.004425,0.034520,-0.009503,-0.005176,0.015866,-0.004495,-0.004575,-0.008913,0.000343,-0.000617,0.023219,-0.009563,-0.002425,0.004440,-0.002137,-0.003097,-0.010541,0.006667,-0.001322,0.011925,-0.005876,-0.005240,-0.069246,0.006621,0.003001,-0.044213,-0.003537,0.059945,-0.027100,-0.018281,0.129885,-0.085341,0.006896,0.017110,-0.065803,-0.011715,0.069528,-0.052701,-0.025213,0.136776
0.014650,-0.006600,-0.003375,0.028687,-0.007814,-0.003671,0.011896,-0.004286,-0.003155,-0.007324,-0.000172,-0.000057,0.018895,-0.007860,-0.001942,0.004755,-0.002107,-0.002437,-0.010168,0.005404,-0.000613,0.009082,-0.005022,-0.004095,-0.062335,0.006604,0.002338,-0.040149,-0.002741,0.053687,-0.025388,-0.015876,0.117520,-0.077511,0.006926,0.015407,-0.060513,-0.009999,0.062092,-0.049549,-0.022760,0.123147
0.008525,-0.007000,-0.001925,0.020399,-0.007608,-0.001767,0.005583,-0.004679,-0.001297,-0.008591,-0.000654,0.001017,0.013010,-0.007641,-0.001032,0.000423,-0.002834,-0.001442,-0.013606,0.003458,0.000315,0.003556,-0.005692,-0.002578,-0.062731,0.005241,0.002871,-0.042784,-0.002026,0.050164,-0.029830,-0.013120,0.109320,-0.076235,0.005520,0.014884,-0.060884,-0.009087,0.057493,-0.051325,-0.019626,0.113876
0.003875,-0.004600,-0.000975,0.013961,-0.004512,-0.000281,0.000448,-0.002270,0.000152,-0.009833,0.001636,0.001846,0.007989,-0.004539,-0.000726,-0.003042,-0.001084,-0.001028,-0.014548,0.003489,0.000450,-0.000452,-0.003681,-0.001550,-0.059429,0.005047,0.003555,-0.041987,-0.000761,0.045728,-0.030899,-0.009667,0.098409,-0.071711,0.005289,0.013001,-0.058192,-0.006885,0.050848,-0.050007,-0.015949,0.100989
0.003000,-0.000600,-0.001050,0.012562,-0.000076,0.000011,-0.000978,0.001753,0.000443,-0.010446,0.005595,0.002006,0.006319,-0.000104,-0.001221,-0.003912,0.002296,-0.001442,-0.012501,0.005539,-0.000316,-0.000961,0.000008,-0.001579,-0.054120,0.006179,0.003777,-0.038315,0.000534,0.042436,-0.028402,-0.007213,0.090133,-0.066262,0.006415,0.010407,-0.053953,-0.004504,0.045270,-0.046606,-0.013520,0.090750
-0.002975,-0.000300,-0.001200,0.005602,0.000548,0.000094,-0.005601,0.000752,0.000403,-0.011181,0.003220,0.001339,0.000675,0.000524,-0.001660,-0.006370,0.002120,-0.001799,-0.013038,0.004377,-0.000906,-0.006619,0.000009,-0.001688,-0.053428,0.003401,0.003956,-0.039937,-0.000523,0.037629,-0.031621,-0.005663,0.079124,-0.065508,0.003593,0.007650,-0.054501,-0.004669,0.038654,-0.047990,-0.012084,0.078664
-0.008900,-0.000400,-0.001500,-0.001121,0.000637,-0.000090,-0.009703,-0.000752,0.000085,-0.011185,0.000400,0.000364,-0.005160,0.000617,-0.002140,-0.009187,0.001384,-0.002203,-0.013563,0.002671,-0.001600,-0.012213,-0.000341,-0.001944,-0.053348,0.000487,0.004011,-0.042109,-0.002085,0.032598,-0.035338,-0.004914,0.068118,-0.065303,0.000614,0.004980,-0.055643,-0.005372,0.032028,-0.049995,-0.011601,0.066785
-0.009700,0.002250,-0.002125,-0.001883,0.003309,-0.000703,-0.009686,0.001598,-0.000560,-0.009734,0.002849,-0.000501,-0.007478,0.003287,-0.002858,-0.011216,0.002954,-0.002852,-0.011548,0.002987,-0.002779,-0.012600,0.002151,-0.002513,-0.049934,0.001062,0.003781,-0.040141,-0.002449,0.028540,-0.034374,-0.005006,0.059743,-0.061577,0.001120,0.002572,-0.053250,-0.004743,0.026352,-0.048497,-0.012163,0.057099
-0.008200,0.003325,-0.002600,-0.000544,0.004298,-0.001280,-0.005899,0.002836,-0.001188,-0.004571,0.004206,-0.001338,-0.006612,0.004279,-0.003302,-0.008267,0.003995,-0.003288,-0.005441,0.004153,-0.003681,-0.010778,0.003095,-0.002945,-0.043376,0.000237,0.003489,-0.035322,-0.003285,0.023827,-0.030776,-0.004723,0.050441,-0.054199,0.000226,0.000295,-0.047199,-0.004692,0.020444,-0.043347,-0.012348,0.047069
-0.005150,0.002300,-0.002700,0.002236,0.003121,-0.001538,-0.000210,0.002355,-0.001490,0.001763,0.003803,-0.001737,-0.002989,0.003108,-0.003259,-0.001788,0.003984,-0.003301,0.001754,0.005572,-0.003865,-0.007660,0.002033,-0.003036,-0.036979,-0.001529,0.003183,-0.030111,-0.004090,0.020786,-0.026434,-0.004215,0.044863,-0.046889,-0.001574,-0.000803,-0.040576,-0.005280,0.017227,-0.037234,-0.012037,0.041687
-0.008475,0.001675,-0.000925,-0.001401,0.002387,0.000112,-0.001904,0.000871,0.000072,0.002837,0.001771,-0.000622,-0.006679,0.002377,-0.001415,-0.004811,0.002400,-0.001400,-0.000331,0.003045,-0.002069,-0.010739,0.001403,-0.001229,-0.036987,-0.002664,0.004605,-0.031723,-0.005332,0.017954,-0.029042,-0.004590,0.037062,-0.047085,-0.002778,0.000158,-0.042120,-0.005690,0.014416,-0.039590,-0.012619,0.034204
-0.013225,0.001675,0.000250,-0.006820,0.002262,0.001136,-0.006282,0.000211,0.001046,0.000374,0.000746,0.000048,-0.011728,0.002256,-0.000151,-0.010316,0.001630,-0.000097,-0.004697,0.001238,-0.000889,-0.015218,0.001440,-0.000019,-0.038984,-0.002672,0.005217,-0.035412,-0.005332,0.014058,-0.033750,-0.003506,0.027843,-0.049468,-0.002866,0.000837,-0.045916,-0.004741,0.011010,-0.044216,-0.011684,0.025750
-0.014475,0.002450,-0.001600,-0.009413,0.002847,-0.000947,-0.008651,0.002177,-0.000965,-0.003921,0.003366,-0.001630,-0.012205,0.002845,-0.001800,-0.011314,0.004026,-0.001862,-0.004419,0.004822,-0.002873,-0.016324,0.002300,-0.001852,-0.038545,-0.001159,0.002549,-0.036426,-0.002501,0.007883,-0.035715,0.001314,0.018055,-0.048720,-0.001422,-0.001051,-0.046047,-0.001338,0.006062,-0.044915,-0.006901,0.017495
-0.013700,0.001275,-0.002400,-0.009817,0.001486,-0.001978,-0.008318,0.001682,-0.001967,-0.004112,0.003261,-0.002524,-0.011090,0.001486,-0.002422,-0.010979,0.003299,-0.002531,-0.003588,0.004339,-0.003605,-0.015326,0.001237,-0.002624,-0.034990,-0.001634,0.000843,-0.034387,-0.002397,0.002250,-0.034521,0.003435,0.007497,-0.045963,-0.001921,-0.001856,-0.044325,0.000030,0.001795,-0.043720,-0.005035,0.008630
-0.011325,-0.001250,-0.001775,-0.007861,-0.001130,-0.001464,-0.005482,-0.001018,-0.001483,-0.000108,0.000481,-0.002213,-0.008969,-0.001129,-0.001731,-0.009474,-0.000175,-0.001794,-0.002561,0.000040,-0.002750,-0.012765,-0.001203,-0.001975,-0.030165,-0.003817,0.000885,-0.030381,-0.005070,-0.000079,-0.030833,0.001830,0.001415,-0.042636,-0.004070,-0.001234,-0.041670,-0.001262,0.000299,-0.041295,-0.007005,0.003558
-0.013675,0.003600,-0.002450,-0.011568,0.003835,-0.002110,-0.009846,0.004965,-0.002061,-0.004928,0.007278,-0.002686,-0.011068,0.003836,-0.002497,-0.012143,0.004284,-0.002535,-0.007710,0.004043,-0.003097,-0.014861,0.003620,-0.002616,-0.030880,0.002165,-0.000657,-0.032104,0.000109,-0.004595,-0.032953,0.009496,-0.007836,-0.040354,0.001811,-0.001861,-0.040374,0.006873,-0.003818,-0.040477,0.000054,-0.005671
-0.015775,0.008025,-0.003450,-0.015189,0.008458,-0.003016,-0.014295,0.010348,-0.002909,-0.010718,0.012981,-0.003314,-0.012776,0.008457,-0.003654,-0.014141,0.008676,-0.003683,-0.012513,0.008251,-0.003817,-0.016702,0.007956,-0.003580,-0.031605,0.007627,-0.002414,-0.033763,0.004693,-0.009138,-0.034953,0.017004,-0.017163,-0.036663,0.007128,-0.002940,-0.037606,0.014884,-0.008370,-0.038143,0.006890,-0.015509
-0.012700,0.004125,-0.003750,-0.013039,0.004754,-0.003201,-0.011802,0.005891,-0.003145,-0.009698,0.007085,-0.003374,-0.009527,0.004754,-0.004124,-0.010678,0.005053,-0.004156,-0.010499,0.004727,-0.004077,-0.013423,0.003936,-0.003850,-0.026851,0.003714,-0.002920,-0.029605,0.000113,-0.011431,-0.030948,0.014797,-0.023364,-0.029132,0.003127,-0.003645,-0.030556,0.013059,-0.011132,-0.031205,0.004127,-0.022398
-0.010725,0.003550,-0.003950,-0.012243,0.004383,-0.003297,-0.010965,0.006035,-0.003215,-0.010907,0.007109,-0.003151,-0.007629,0.004383,-0.004515,-0.008584,0.004772,-0.004553,-0.010903,0.004759,-0.004112,-0.011116,0.003234,-0.004002,-0.021622,0.002523,-0.003179,-0.025238,-0.001772,-0.014180,-0.026868,0.015743,-0.031578,-0.022477,0.001894,-0.004488,-0.024436,0.014570,-0.014350,-0.025145,0.004775,-0.031036
-0.010850,0.006625,-0.003950,-0.013206,0.007555,-0.003263,-0.012208,0.010722,-0.003094,-0.013749,0.013043,-0.002762,-0.008047,0.007558,-0.004623,-0.008924,0.007968,-0.004665,-0.013544,0.008297,-0.003891,-0.010949,0.006241,-0.003959,-0.018536,0.004712,-0.003094,-0.022829,-0.000010,-0.015982,-0.024769,0.019405,-0.037743,-0.020047,0.004101,-0.005068,-0.022313,0.018727,-0.016361,-0.023023,0.008536,-0.037116
-0.007300,0.004925,-0.004250,-0.009917,0.005939,-0.003519,-0.007917,0.008810,-0.003398,-0.009553,0.010550,-0.003058,-0.004977,0.005943,-0.005033,-0.004810,0.006367,-0.005065,-0.010619,0.006910,-0.004127,-0.007162,0.004341,-0.004222,-0.015019,0.001640,-0.002592,-0.019344,-0.002872,-0.015436,-0.021369,0.016458,-0.037949,-0.013387,0.000889,-0.006339,-0.015594,0.015897,-0.017499,-0.016256,0.006431,-0.038999
-0.005200,0.001925,-0.004400,-0.007723,0.002953,-0.003661,-0.005078,0.004858,-0.003614,-0.006586,0.005486,-0.003315,-0.003348,0.002958,-0.005229,-0.001858,0.003427,-0.005250,-0.007631,0.004099,-0.004333,-0.004924,0.001160,-0.004349,-0.013946,-0.002937,-0.001756,-0.018196,-0.006543,-0.014065,-0.020313,0.011356,-0.035663,-0.009891,-0.003833,-0.007479,-0.011939,0.010471,-0.017855,-0.012537,0.002745,-0.038302
-0.009775,0.001050,-0.003925,-0.012058,0.001992,-0.003237,-0.010802,0.003465,-0.003175,-0.013253,0.003827,-0.002749,-0.008209,0.001996,-0.004696,-0.005844,0.002622,-0.004718,-0.010293,0.003430,-0.004019,-0.009500,0.000264,-0.003873,-0.018235,-0.005385,-0.000618,-0.022865,-0.007337,-0.013381,-0.025352,0.008407,-0.034367,-0.017061,-0.006282,-0.007684,-0.019134,0.006696,-0.017565,-0.019717,0.001619,-0.036711
-0.008750,0.000825,-0.002775,-0.010586,0.001713,-0.002104,-0.010104,0.002567,-0.002057,-0.011943,0.002699,-0.001747,-0.007544,0.001716,-0.003517,-0.004681,0.001943,-0.003510,-0.007882,0.002400,-0.002995,-0.008505,0.000016,-0.002726,-0.016990,-0.006943,0.001135,-0.021618,-0.007109,-0.011044,-0.024202,0.005609,-0.029525,-0.018136,-0.007815,-0.007076,-0.020025,0.003143,-0.015698,-0.020470,0.001014,-0.031851
-0.002575,0.001425,-0.001525,-0.003969,0.002314,-0.000831,-0.003233,0.002671,-0.000820,-0.003204,0.002722,-0.000815,-0.001622,0.002316,-0.002278,0.001124,0.001779,-0.002226,-0.001515,0.001570,-0.001769,-0.002378,0.000604,-0.001483,-0.010770,-0.006762,0.002623,-0.014986,-0.005884,-0.008118,-0.017372,0.004402,-0.023538,-0.012513,-0.007585,-0.005944,-0.014077,0.001617,-0.013067,-0.014361,0.001294,-0.026133
-0.004450,0.002900,-0.001975,-0.005516,0.003882,-0.001173,-0.004989,0.004989,-0.001123,-0.006756,0.005385,-0.000842,-0.003028,0.003885,-0.002781,-0.000173,0.003790,-0.002756,-0.003037,0.004093,-0.002291,-0.004464,0.002061,-0.001963,-0.012834,-0.005530,0.002383,-0.016028,-0.002842,-0.005133,-0.017827,0.005282,-0.014887,-0.015284,-0.006229,-0.006275,-0.015821,0.001483,-0.010188,-0.015485,0.003692,-0.017611
-0.005250,0.004050,-0.002825,-0.005997,0.005135,-0.001898,-0.006370,0.006682,-0.001803,-0.010629,0.007062,-0.001147,-0.003010,0.005139,-0.003671,-0.000264,0.005362,-0.003665,-0.003865,0.005981,-0.003111,-0.005587,0.003193,-0.002859,-0.014895,-0.004412,0.001772,-0.016767,-0.000046,-0.001792,-0.017767,0.006545,-0.005487,-0.017568,-0.004981,-0.006833,-0.016772,0.001667,-0.006905,-0.015617,0.006044,-0.008366
0.004175,0.003725,-0.002725,0.003877,0.004884,-0.001680,0.001752,0.005103,-0.001603,-0.002689,0.004413,-0.000958,0.007223,0.004890,-0.003581,0.009256,0.004099,-0.003517,0.004771,0.003589,-0.002793,0.003442,0.002837,-0.002815,-0.008673,-0.004613,0.002235,-0.009223,0.000392,0.002305,-0.009379,0.006445,0.002912,-0.010508,-0.005117,-0.006385,-0.008473,0.001064,-0.003069,-0.006551,0.006139,-0.000438
0.010450,0.002850,-0.002225,0.010532,0.004165,-0.000998,0.006927,0.003961,-0.000900,0.001697,0.002904,-0.000144,0.014466,0.004173,-0.003157,0.016524,0.002693,-0.003051,0.010848,0.001572,-0.002132,0.009323,0.001889,-0.002371,-0.005241,-0.005242,0.003059,-0.004132,0.000315,0.007620,-0.003230,0.006045,0.013434,-0.004853,-0.005676,-0.005539,-0.001358,0.000186,0.001700,0.001445,0.005767,0.009104
0.010500,0.001925,-0.001575,0.010718,0.003388,-0.000199,0.006670,0.003848,-0.000055,0.000474,0.003284,0.000873,0.015157,0.003399,-0.002601,0.017970,0.001870,-0.002487,0.011394,0.000932,-0.001446,0.009174,0.000889,-0.001750,-0.006241,-0.005919,0.003845,-0.003959,-0.000169,0.011538,-0.002339,0.005586,0.020821,-0.003379,-0.006294,-0.004690,0.001072,-0.000481,0.005091,0.004406,0.005158,0.015517
0.010275,0.001325,-0.000950,0.011422,0.002638,0.000344,0.009447,0.003559,0.000460,0.002450,0.002821,0.001516,0.016152,0.002654,-0.001764,0.018974,0.002598,-0.001744,0.012203,0.003242,-0.000748,0.008440,0.000336,-0.001199,-0.008912,-0.005594,0.004363,-0.005286,-0.000055,0.015545,-0.002834,0.006410,0.028117,-0.003584,-0.005906,-0.003513,0.002031,0.000157,0.009291,0.006040,0.005154,0.022666
0.011600,0.001100,-0.001125,0.013568,0.002145,-0.000021,0.013653,0.003690,0.000076,0.005900,0.002922,0.001261,0.018787,0.002167,-0.001614,0.020916,0.003550,-0.001692,0.013840,0.005599,-0.000720,0.009242,0.000189,-0.001452,-0.010319,-0.004808,0.004032,-0.005546,0.000599,0.018238,-0.002386,0.008271,0.033350,-0.002490,-0.005081,-0.003127,0.004217,0.001635,0.012414,0.008889,0.006021,0.028131
0.016400,0.001350,-0.002875,0.018223,0.002223,-0.001913,0.017892,0.004966,-0.001742,0.009405,0.005173,-0.000399,0.024491,0.002255,-0.003148,0.025292,0.003554,-0.003233,0.017021,0.005340,-0.002081,0.013795,0.000449,-0.003240,-0.007438,-0.004121,0.002306,-0.002065,0.001700,0.018303,0.001449,0.010857,0.034679,0.002892,-0.004397,-0.004669,0.010348,0.003452,0.012600,0.015511,0.007966,0.029549
0.014775,-0.000825,-0.003625,0.016802,-0.000228,-0.002883,0.016451,0.004138,-0.002627,0.009280,0.006284,-0.001409,0.023471,-0.000190,-0.003606,0.023521,0.001048,-0.003696,0.015009,0.002707,-0.002509,0.011937,-0.001647,-0.004027,-0.011428,-0.005194,0.001222,-0.005724,0.000244,0.018072,-0.002018,0.010140,0.034728,0.001499,-0.005521,-0.004979,0.009157,0.002712,0.012827,0.014421,0.006563,0.029850
0.007525,-0.004325,-0.003025,0.009983,-0.003976,-0.002477,0.009973,0.001632,-0.002164,0.005461,0.005715,-0.001284,0.016219,-0.003937,-0.002775,0.016459,-0.002727,-0.002863,0.008774,-0.001015,-0.001804,0.004591,-0.005036,-0.003446,-0.020279,-0.007486,0.001280,-0.014699,-0.002996,0.017610,-0.011080,0.006504,0.033387,-0.005949,-0.007880,-0.003939,0.001247,-0.000215,0.012943,0.006161,0.002559,0.028828
0.005425,-0.003000,-0.001050,0.007738,-0.002623,-0.000476,0.007049,0.002605,-0.000163,0.003044,0.006505,0.000641,0.014143,-0.002579,-0.000809,0.013494,-0.000498,-0.000957,0.004855,0.002007,0.000233,0.002483,-0.003676,-0.001476,-0.023115,-0.005330,0.002820,-0.017525,-0.001020,0.019226,-0.013966,0.008241,0.035493,-0.008174,-0.005738,-0.001590,-0.001182,0.001650,0.014953,0.003509,0.004174,0.031063
0.005675,0.000225,0.000375,0.007410,0.000785,0.001096,0.005026,0.005082,0.001408,0.000428,0.008093,0.002281,0.014476,0.000838,0.000472,0.012430,0.003800,0.000261,0.002228,0.007061,0.001676,0.002782,-0.000460,-0.000048,-0.023110,-0.001374,0.003803,-0.017522,0.003347,0.020435,-0.014057,0.012293,0.037858,-0.007623,-0.001785,0.000180,-0.000795,0.005393,0.016463,0.003681,0.008357,0.033414
0.005525,0.002350,-0.000825,0.006376,0.003120,0.000060,0.001239,0.007042,0.000429,-0.004050,0.009910,0.001408,0.014487,0.003185,-0.000894,0.011110,0.006139,-0.001118,-0.000093,0.009338,0.000449,0.002712,0.001645,-0.001240,-0.023357,0.001648,0.002042,-0.017935,0.007197,0.018592,-0.014662,0.015534,0.037122,-0.006687,0.001207,-0.000666,-0.000196,0.008030,0.014928,0.003957,0.011989,0.032581
0.006050,0.000475,-0.000950,0.006301,0.001422,0.000073,-0.001153,0.004507,0.000468,-0.006428,0.007024,0.001424,0.014390,0.001492,-0.001202,0.009427,0.004265,-0.001429,-0.002275,0.007296,0.000236,0.003455,-0.000213,-0.001336,-0.021246,0.000502,0.001279,-0.016349,0.006310,0.016578,-0.013525,0.013120,0.035358,-0.004902,0.000056,-0.000544,0.000771,0.005682,0.013282,0.004227,0.010133,0.030848
0.006900,-0.004425,0.000100,0.007122,-0.003420,0.001171,-0.001054,-0.001224,0.001546,-0.005615,0.000896,0.002363,0.014156,-0.003354,-0.000260,0.008155,-0.000848,-0.000476,-0.003294,0.001983,0.001187,0.004553,-0.005069,-0.000252,-0.017925,-0.004220,0.001923,-0.013672,0.001247,0.015428,-0.011354,0.006295,0.033469,-0.003228,-0.004641,0.000506,0.001534,-0.000504,0.012370,0.004258,0.003817,0.029106
0.008125,-0.005050,-0.001100,0.007821,-0.004088,-0.000116,0.001477,-0.001175,0.000245,-0.001690,0.001486,0.000843,0.015345,-0.004012,-0.001426,0.008856,-0.001210,-0.001664,-0.003218,0.001915,0.000088,0.005962,-0.005655,-0.001426,-0.015657,-0.004424,0.000398,-0.011649,0.001793,0.013546,-0.009574,0.006719,0.031787,-0.000964,-0.004814,-0.000490,0.003661,-0.000550,0.011013,0.006232,0.004780,0.027974
0.009450,-0.006050,-0.002275,0.008602,-0.005223,-0.001469,0.005212,-0.001265,-0.001140,0.003760,0.002033,-0.000807,0.016869,-0.005132,-0.002476,0.010091,-0.001696,-0.002753,-0.001505,0.001854,-0.001094,0.007448,-0.006604,-0.002579,-0.013965,-0.005006,-0.001005,-0.010039,0.002055,0.012262,-0.008079,0.007473,0.030695,0.001059,-0.005360,-0.001417,0.005835,-0.000418,0.010343,0.008489,0.005996,0.027622
0.010475,-0.012000,-0.001225,0.009500,-0.011386,-0.000644,0.008713,-0.007368,-0.000389,0.008924,-0.004208,-0.000328,0.017520,-0.011290,-0.001262,0.010267,-0.007111,-0.001582,0.002176,-0.003388,-0.000466,0.008661,-0.012477,-0.001502,-0.012469,-0.010798,-0.000058,-0.008712,-0.003749,0.012807,-0.006877,0.001782,0.030463,0.001953,-0.011119,-0.000242,0.006685,-0.005975,0.011386,0.009320,0.000584,0.028103
0.009850,-0.012400,-0.000900,0.009028,-0.012015,-0.000543,0.010718,-0.007603,-0.000342,0.012582,-0.004128,-0.000538,0.016325,-0.011921,-0.000772,0.009205,-0.007481,-0.001101,0.005148,-0.003999,-0.000608,0.008215,-0.012804,-0.001151,-0.012754,-0.011025,0.000186,-0.009095,-0.004539,0.012651,-0.007323,0.000750,0.029465,0.001530,-0.011326,0.000169,0.006126,-0.006351,0.011520,0.008669,-0.000221,0.027494
0.007925,-0.007050,-0.001450,0.007462,-0.006808,-0.001216,0.010301,-0.001906,-0.001023,0.013023,0.002142,-0.001341,0.013936,-0.006721,-0.001223,0.007521,-0.002669,-0.001519,0.006041,0.000239,-0.001418,0.006367,-0.007415,-0.001690,-0.014662,-0.005545,-0.000412,-0.010997,0.000157,0.011870,-0.009217,0.004917,0.028198,0.000035,-0.005836,-0.000359,0.004459,-0.001358,0.010720,0.006862,0.004043,0.026146
0.004425,-0.010625,-0.001400,0.005133,-0.010451,-0.001180,0.009289,-0.005682,-0.001031,0.012853,-0.001494,-0.001472,0.009380,-0.010390,-0.001161,0.002872,-0.005909,-0.001473,0.007678,-0.003197,-0.002353,0.002874,-0.010922,-0.001640,-0.016848,-0.008967,-0.000430,-0.012500,-0.005278,0.013156,-0.010399,-0.001905,0.031244,-0.003200,-0.009140,-0.000133,0.001377,-0.006150,0.011910,0.003660,-0.002908,0.028844
0.000575,-0.014875,-0.000875,0.002607,-0.014715,-0.000617,0.008554,-0.010426,-0.000543,0.013083,-0.006494,-0.001143,0.004514,-0.014683,-0.000668,-0.001755,-0.009629,-0.001002,0.009403,-0.006972,-0.002863,-0.000997,-0.015069,-0.001120,-0.019063,-0.012741,-0.000162,-0.013855,-0.011364,0.015139,-0.011380,-0.009457,0.035692,-0.007390,-0.012765,0.000802,-0.002580,-0.011428,0.014092,-0.000447,-0.010763,0.033152
-0.002300,-0.011550,-0.000050,0.000523,-0.011365,0.000247,0.009017,-0.007606,0.000225,0.014753,-0.004271,-0.000600,0.001291,-0.011348,0.000116,-0.003331,-0.006236,-0.000205,0.010540,-0.003721,-0.002452,-0.003870,-0.011607,-0.000298,-0.020914,-0.008309,0.000041,-0.015176,-0.008602,0.016366,-0.012541,-0.007450,0.038513,-0.011558,-0.008226,0.002353,-0.006694,-0.007870,0.016181,-0.004797,-0.009184,0.036500
-0.007600,-0.009350,0.001000,-0.003964,-0.009129,0.001346,0.006952,-0.005544,0.001242,0.013635,-0.002588,0.000223,-0.004669,-0.009131,0.001093,-0.007594,-0.004248,0.000800,0.006255,-0.001679,-0.001408,-0.009097,-0.009255,0.000762,-0.022169,-0.005496,0.000594,-0.015705,-0.007714,0.018437,-0.012774,-0.007032,0.042323,-0.016974,-0.005194,0.003989,-0.011776,-0.005699,0.019132,-0.009899,-0.009414,0.041052
-0.012675,-0.009375,0.001750,-0.008606,-0.009132,0.002127,0.003420,-0.005322,0.001994,0.010352,-0.002386,0.000906,-0.010370,-0.009149,0.001782,-0.012371,-0.004685,0.001521,-0.001238,-0.001920,-0.000245,-0.014068,-0.009186,0.001526,-0.022239,-0.005683,0.001199,-0.015234,-0.009119,0.020308,-0.012047,-0.008385,0.045229,-0.020958,-0.005159,0.004896,-0.015329,-0.005973,0.021478,-0.013272,-0.011316,0.044564
-0.014150,-0.007875,0.000975,-0.008440,-0.007601,0.001474,0.003610,-0.003952,0.001304,0.005985,-0.002252,0.000887,-0.013225,-0.007657,0.000912,-0.014833,-0.003227,0.000663,-0.006019,0.000238,-0.000738,-0.015604,-0.007527,0.000739,-0.020759,-0.003067,-0.000487,-0.014097,-0.009276,0.016786,-0.010867,-0.011674,0.038990,-0.022364,-0.002531,0.004494,-0.018032,-0.006582,0.018450,-0.016763,-0.014909,0.038264
-0.014000,-0.007825,-0.000075,-0.007147,-0.007455,0.000586,0.003831,-0.004592,0.000373,0.001908,-0.004553,0.000574,-0.014470,-0.007542,-0.000298,-0.016306,-0.003222,-0.000531,-0.010102,0.000671,-0.001521,-0.015427,-0.007336,-0.000309,-0.018175,-0.001915,-0.002530,-0.012541,-0.010284,0.011094,-0.009606,-0.015979,0.028601,-0.022965,-0.001455,0.003718,-0.020501,-0.008670,0.013333,-0.020269,-0.019127,0.027981
-0.014200,-0.012250,-0.000075,-0.008363,-0.011654,0.000742,0.000486,-0.010459,0.000482,-0.000382,-0.011725,0.000454,-0.015346,-0.011732,-0.000559,-0.018098,-0.008064,-0.000751,-0.015454,-0.004773,-0.001168,-0.015263,-0.011718,-0.000253,-0.014933,-0.006547,-0.002924,-0.010805,-0.014341,0.006546,-0.008619,-0.020506,0.019169,-0.024587,-0.006128,0.003575,-0.023410,-0.013455,0.009497,-0.023754,-0.023028,0.019641
-0.014350,-0.015200,-0.000050,-0.009178,-0.014454,0.000869,-0.001736,-0.014378,0.000574,-0.001890,-0.016515,0.000393,-0.015951,-0.014529,-0.000707,-0.019312,-0.011304,-0.000870,-0.019039,-0.008422,-0.000906,-0.015172,-0.014639,-0.000191,-0.012778,-0.009639,-0.003159,-0.009642,-0.017055,0.003545,-0.007940,-0.023545,0.012910,-0.025696,-0.009244,0.003508,-0.025370,-0.016658,0.006977,-0.026087,-0.025644,0.014120
