body_0_angvel_x,body_0_angvel_y,body_0_angvel_z,body_1_angvel_x,body_1_angvel_y,body_1_angvel_z,body_2_angvel_x,body_2_angvel_y,body_2_angvel_z,body_3_angvel_x,body_3_angvel_y,body_3_angvel_z,body_4_angvel_x,body_4_angvel_y,body_4_angvel_z,body_5_angvel_x,body_5_angvel_y,body_5_angvel_z,body_6_angvel_x,body_6_angvel_y,body_6_angvel_z,body_7_angvel_x,body_7_angvel_y,body_7_angvel_z,body_8_angvel_x,body_8_angvel_y,body_8_angvel_z,body_9_angvel_x,body_9_angvel_y,body_9_angvel_z,body_10_angvel_x,body_10_angvel_y,body_10_angvel_z,body_11_angvel_x,body_11_angvel_y,body_11_angvel_z,body_12_angvel_x,body_12_angvel_y,body_12_angvel_z,body_13_angvel_x,body_13_angvel_y,body_13_angvel_z
0.000162,-0.013283,-0.005840,0.001856,-0.000886,-0.005556,0.003393,-0.011960,-0.000508,0.017992,-0.052332,-0.004077,-0.014099,0.024937,-0.007801,-0.007331,0.019450,-0.053263,0.023888,0.032741,-0.053600,0.004441,-0.053156,0.011206,-0.674807,0.322357,-0.321126,-5.359690,-0.060399,7.665578,-0.016136,0.068823,-0.004703,0.746885,0.405267,0.354940,6.324429,-0.009413,-8.678451,0.016535,0.068837,-0.006014
0.000562,-0.012197,-0.001332,0.000070,-0.003172,-0.001336,0.001262,-0.009609,-0.000455,0.017634,-0.044365,-0.003650,-0.014319,0.025374,-0.003388,-0.007418,0.020413,-0.049353,0.021014,0.030250,-0.049532,0.004671,-0.050318,0.013179,-0.685831,0.255811,-0.343035,-5.345456,-0.053857,7.679979,-0.018903,0.060184,0.002112,0.771993,0.320519,0.398300,6.359686,-0.001208,-8.759176,0.020088,0.060223,-0.003925
0.001808,-0.009039,0.012243,-0.005289,-0.010156,0.011365,-0.005124,-0.002764,-0.000190,0.016612,-0.020639,-0.002256,-0.014959,0.026532,0.009895,-0.007643,0.023154,-0.037577,0.012440,0.022704,-0.037263,0.005380,-0.041954,0.019124,-0.688381,0.119946,-0.374224,-5.284792,-0.042785,7.664017,-0.028846,0.034086,0.022647,0.797719,0.141080,0.474742,6.385783,0.012108,-8.849391,0.032486,0.034204,0.002350
0.002879,-0.007861,0.019060,-0.008661,-0.015750,0.017592,-0.010063,0.007044,-0.004852,0.017893,-0.002845,-0.006493,-0.012686,0.024081,0.016883,-0.005761,0.021758,-0.027511,0.006297,0.011698,-0.026727,0.003574,-0.035952,0.021486,-0.662528,-0.014844,-0.391498,-5.154891,-0.038729,7.535260,-0.023659,0.015004,0.032420,0.771559,-0.042008,0.520099,6.302008,0.015806,-8.799187,0.029415,0.015173,0.005982
0.003218,-0.009200,0.015709,-0.008368,-0.017068,0.014231,-0.011095,0.015025,-0.012121,0.020813,0.000229,-0.014255,-0.008676,0.019308,0.014081,-0.002764,0.016944,-0.024200,0.005608,0.002705,-0.023210,0.000128,-0.035225,0.019118,-0.615038,-0.138969,-0.396875,-4.952746,-0.040722,7.286826,-0.004047,0.012546,0.026417,0.699759,-0.211332,0.529928,6.089124,0.014920,-8.586335,0.010455,0.012701,0.005292
0.002254,-0.007718,0.021153,-0.006472,-0.018816,0.020002,-0.007914,0.008045,-0.007733,0.019295,-0.003850,-0.009491,-0.006560,0.015485,0.019965,-0.002013,0.014624,-0.008801,0.002555,-0.002992,-0.007653,-0.002782,-0.029886,0.020382,-0.543373,-0.242629,-0.380435,-4.678563,-0.042087,6.945175,0.001722,0.002879,0.046624,0.594591,-0.356571,0.516805,5.735355,0.011425,-8.171586,0.002755,0.003218,-0.004144
0.001230,-0.005938,0.027397,-0.004735,-0.019740,0.026567,-0.004292,-0.001555,-0.001840,0.016604,-0.009348,-0.003083,-0.005934,0.013360,0.026439,-0.003032,0.012515,0.007822,-0.001463,-0.006595,0.009023,-0.005311,-0.024475,0.023408,-0.457194,-0.322703,-0.346794,-4.328049,-0.041940,6.486143,0.001370,-0.007032,0.065431,0.464806,-0.460664,0.475396,5.220615,0.011477,-7.515533,0.001076,-0.006533,-0.010596
0.001542,-0.006285,0.026400,-0.004790,-0.018490,0.025531,-0.003888,-0.001331,-0.004505,0.016105,-0.010393,-0.005811,-0.006301,0.013685,0.025347,-0.005268,0.008239,0.014780,-0.004929,-0.009349,0.015873,-0.007453,-0.023361,0.026302,-0.367368,-0.377053,-0.302055,-3.905549,-0.042752,5.899186,0.002823,-0.009997,0.055180,0.325434,-0.509059,0.405659,4.554745,0.016310,-6.620985,0.000249,-0.009613,-0.002379
0.001962,-0.004615,0.020410,-0.006248,-0.017575,0.019298,-0.004206,-0.004615,-0.012579,0.012532,-0.010819,-0.013561,-0.007243,0.012000,0.019133,-0.007663,0.000016,0.012599,-0.008820,-0.012140,0.013337,-0.008848,-0.018941,0.019064,-0.277628,-0.391050,-0.256470,-3.429793,-0.032260,5.212226,0.008150,-0.004920,0.038115,0.155168,-0.336444,0.231679,2.687484,0.019786,-3.922637,0.015653,-0.006736,-0.023241
0.002204,-0.001839,0.012421,-0.008500,-0.017505,0.010975,-0.005198,-0.009828,-0.022060,0.007580,-0.010496,-0.022497,-0.008353,0.009122,0.010905,-0.009088,-0.008045,0.002383,-0.011239,-0.013627,0.002699,-0.008894,-0.013537,0.005338,-0.191183,-0.362435,-0.207703,-2.869394,-0.013437,4.374466,0.001211,0.003895,0.041359,0.027671,-0.070646,0.048930,0.591576,0.015992,-0.859896,0.009361,0.003540,-0.023773
0.002096,0.000847,0.017029,-0.008475,-0.024523,0.015525,-0.005695,-0.015958,-0.015096,0.005687,-0.013006,-0.015212,-0.007183,0.012630,0.015715,-0.008661,-0.004166,0.012125,-0.008590,-0.010694,0.012534,-0.009521,-0.007680,0.006201,-0.077282,-0.163277,-0.079815,-1.281076,0.003878,1.960387,0.004370,0.012671,0.042868,0.001132,0.012672,0.007697,-0.003877,0.011902,0.015807,-0.013901,0.014273,0.009962
0.001973,0.002677,0.022884,-0.007900,-0.028970,0.021417,-0.006252,-0.017876,-0.004940,0.005187,-0.015068,-0.005064,-0.005856,0.016010,0.021802,-0.007993,0.001421,0.024025,-0.004181,-0.006374,0.024569,-0.010050,-0.002774,0.010739,-0.005252,0.012911,0.018010,-0.007163,0.013341,0.020455,0.015319,0.020389,0.033700,0.000942,0.012058,0.014152,-0.002376,0.011562,0.019602,-0.011391,0.020405,0.012251
0.002174,0.002692,0.018586,-0.008556,-0.021386,0.017057,-0.007454,-0.010722,-0.004957,0.004411,-0.013687,-0.005528,-0.006439,0.012595,0.017365,-0.008636,-0.001589,0.020308,-0.001199,-0.003889,0.020563,-0.009876,-0.000445,0.007986,-0.006050,0.013039,0.014023,-0.015698,0.014515,0.029859,0.004481,0.022491,0.042247,0.000532,0.012789,0.011459,0.006841,0.013816,0.001491,-0.000181,0.022746,-0.004869
0.002203,0.001913,0.012084,-0.010337,-0.013673,0.010380,-0.009178,-0.005194,-0.008978,0.002538,-0.010922,-0.009750,-0.007443,0.009411,0.010693,-0.008747,-0.000111,0.011621,-0.000174,0.000488,0.011710,-0.008956,0.003174,0.004392,-0.006933,0.013986,0.008495,-0.026257,0.016907,0.040418,-0.004702,0.023557,0.053042,0.000234,0.014641,0.007521,0.018574,0.017582,-0.021714,0.009002,0.024125,-0.028617
0.002070,0.000832,0.006578,-0.012346,-0.009638,0.004668,-0.010568,-0.003984,-0.014970,0.000438,-0.008083,-0.015595,-0.008343,0.008151,0.005074,-0.008249,0.005159,0.002211,-0.001635,0.004655,0.002340,-0.007724,0.006374,0.001679,-0.007531,0.015749,0.004138,-0.033784,0.019709,0.047601,-0.009233,0.023173,0.060661,0.000240,0.017061,0.004158,0.027404,0.021413,-0.039229,0.013224,0.023970,-0.047212
0.001458,0.001277,0.007572,-0.010939,-0.005464,0.005945,-0.009651,-0.002226,-0.007100,0.000287,-0.005282,-0.007613,-0.007647,0.002573,0.006220,-0.006818,0.002258,0.000791,-0.003278,0.005424,0.000643,-0.004871,0.009329,0.001695,-0.004045,0.011800,0.002887,-0.038774,0.017022,0.060522,-0.010763,0.009160,0.071682,0.002033,0.011355,0.006044,0.035486,0.016718,-0.047452,0.013637,0.010116,-0.056438
0.000646,0.002473,0.008317,-0.008765,-0.000509,0.007096,-0.007631,-0.001473,0.000799,0.000831,-0.003855,0.000380,-0.006328,-0.002875,0.007234,-0.005469,-0.003472,0.001401,-0.005655,0.003774,0.000939,-0.002677,0.011631,0.000830,-0.000505,0.006792,0.001157,-0.039384,0.012632,0.065785,-0.010911,-0.004830,0.074126,0.003176,0.004535,0.007196,0.038219,0.010155,-0.048895,0.012296,-0.003845,-0.057605
-0.000181,0.003693,0.001961,-0.008498,0.005789,0.000917,-0.005731,-0.003467,-0.005082,0.000734,-0.005235,-0.005397,-0.005465,-0.003649,0.001116,-0.005298,-0.006602,-0.002170,-0.009396,0.000798,-0.002700,-0.003573,0.012872,-0.004703,-0.001043,0.005366,-0.004785,-0.033927,0.010308,0.049907,-0.011553,-0.005220,0.055878,0.001117,0.003585,0.001494,0.030895,0.008362,-0.046198,0.011296,-0.004397,-0.052092
-0.000135,0.005308,-0.002283,-0.008016,0.009705,-0.003253,-0.005375,-0.002398,-0.004532,-0.000891,0.001016,-0.004402,-0.003645,-0.005979,-0.002893,-0.004414,-0.006172,0.001775,-0.012718,0.001646,0.001157,-0.003066,0.014919,-0.008689,-0.000000,0.005557,-0.008852,-0.023640,0.009113,0.030483,-0.003870,-0.006921,0.035022,0.000622,0.003795,-0.002652,0.020995,0.007066,-0.035291,0.003740,-0.006390,-0.039777
0.000762,0.006509,-0.002219,-0.007608,0.009305,-0.003261,-0.006801,0.001288,0.002235,-0.003255,0.011816,0.002923,-0.001768,-0.008674,-0.002711,-0.003255,-0.002384,0.011340,-0.013972,0.005871,0.010659,-0.001409,0.016773,-0.009059,0.002104,0.007605,-0.008859,-0.014027,0.010034,0.017992,0.006902,-0.008939,0.022163,0.001950,0.005385,-0.003178,0.013855,0.007299,-0.022243,-0.005204,-0.008671,-0.026844
0.000675,0.009681,-0.008209,-0.004658,0.009988,-0.008883,-0.003226,-0.006491,0.003965,0.000088,0.007736,0.004934,0.001332,-0.011317,-0.008268,-0.001464,-0.002810,0.015602,-0.011906,0.008727,0.014718,-0.001484,0.014666,-0.011954,0.001368,0.003907,-0.012608,-0.005301,0.004906,-0.001464,0.014096,-0.019756,0.000188,-0.000369,0.003213,-0.007663,0.004694,0.004015,-0.015823,-0.012477,-0.019756,-0.017040
0.000300,0.012554,-0.015154,-0.002069,0.009447,-0.015477,-0.000101,-0.013236,0.002271,0.003933,0.002039,0.003295,0.003124,-0.013662,-0.014925,-0.000370,-0.004490,0.013756,-0.009017,0.009053,0.012771,-0.001809,0.013666,-0.016357,0.000620,0.001267,-0.017708,0.002009,0.001041,-0.019937,0.017024,-0.026534,-0.021310,-0.002677,0.001817,-0.013368,-0.003532,0.001659,-0.012106,-0.016103,-0.026750,-0.009563
0.000281,0.013013,-0.017953,-0.002817,0.005555,-0.018400,-0.002980,-0.006261,-0.001117,0.003012,0.008110,-0.000218,0.001003,-0.015234,-0.018054,-0.001355,-0.004191,0.004890,-0.007728,0.005913,0.004157,-0.000999,0.019015,-0.021181,0.002557,0.006633,-0.021733,0.007323,0.005892,-0.029578,0.015102,-0.016185,-0.032718,-0.001432,0.005935,-0.017501,-0.007970,0.004871,-0.007112,-0.014300,-0.016501,-0.003628
0.001035,0.013766,-0.018442,-0.002719,0.001582,-0.019005,-0.003155,-0.007121,-0.004133,0.004504,0.007227,-0.003285,-0.000250,-0.015811,-0.018854,-0.002746,-0.006629,0.003510,-0.009598,0.000968,0.002929,-0.001148,0.022865,-0.023027,0.003006,0.011964,-0.022793,0.006430,0.011426,-0.028408,0.012693,-0.008308,-0.031542,-0.000572,0.010966,-0.018981,-0.006529,0.009997,-0.009519,-0.010439,-0.008577,-0.005690
0.002210,0.014411,-0.016277,-0.001788,-0.000472,-0.016890,-0.000507,-0.015348,-0.005176,0.007729,-0.000111,-0.004280,-0.000001,-0.015118,-0.016828,-0.003859,-0.010659,0.010432,-0.013702,-0.003382,0.009829,-0.002105,0.023267,-0.020957,0.001869,0.014882,-0.020229,-0.000520,0.015230,-0.016161,0.009594,-0.006769,-0.018132,-0.000428,0.014615,-0.017111,0.000506,0.014742,-0.018719,-0.005014,-0.006852,-0.014757
0.001838,0.013318,-0.018585,-0.002931,-0.003190,-0.019308,-0.001907,-0.015544,-0.009329,0.002520,-0.004469,-0.008634,0.000646,-0.013258,-0.018960,-0.003283,-0.006514,0.010386,-0.014972,-0.003556,0.010031,-0.002569,0.023121,-0.025271,0.001583,0.017050,-0.023848,-0.016020,0.019721,0.005635,-0.001612,-0.007904,0.003996,0.000932,0.015787,-0.020518,0.015705,0.018110,-0.044359,0.005435,-0.007588,-0.041501
0.000634,0.010981,-0.022656,-0.003747,-0.004350,-0.023321,-0.003739,-0.011573,-0.013503,-0.004182,-0.005805,-0.013063,0.002566,-0.013341,-0.022541,-0.001165,-0.003769,0.007620,-0.013116,-0.001862,0.007327,-0.003432,0.022137,-0.030916,0.000654,0.018340,-0.028983,-0.028676,0.022821,0.020113,-0.011183,-0.006820,0.019344,0.001571,0.016112,-0.025489,0.026738,0.020081,-0.066032,0.012571,-0.006199,-0.064942
-0.000481,0.008040,-0.025629,-0.001655,-0.001536,-0.025846,-0.002230,-0.007062,-0.014423,-0.005198,-0.003825,-0.014100,0.006732,-0.018330,-0.024722,0.002433,-0.011952,0.006526,-0.007769,-0.000610,0.005657,-0.005404,0.020125,-0.032761,-0.002204,0.018750,-0.030857,-0.026940,0.022558,0.010537,-0.009158,0.001480,0.012571,-0.000223,0.017324,-0.028195,0.021493,0.020746,-0.063164,0.008257,0.002024,-0.063951
-0.001726,0.005855,-0.030550,0.001403,0.002431,-0.030178,0.000612,-0.007593,-0.011181,-0.003112,-0.005359,-0.010910,0.007745,-0.020943,-0.029297,0.003187,-0.017582,0.001271,-0.002839,-0.002397,0.000216,-0.007630,0.018472,-0.036155,-0.005606,0.022679,-0.033719,-0.025392,0.025750,-0.000601,-0.010981,0.012525,0.002243,-0.002192,0.022221,-0.033422,0.016043,0.025087,-0.062802,0.007543,0.012984,-0.063274
-0.002579,0.005471,-0.035011,0.003845,0.005493,-0.034198,0.003311,-0.013003,-0.005406,0.000987,-0.009780,-0.005102,0.005020,-0.019933,-0.034026,0.000635,-0.017861,-0.005535,-0.000816,-0.006279,-0.006292,-0.009053,0.017981,-0.039454,-0.007919,0.028078,-0.036217,-0.024686,0.030697,-0.008111,-0.015128,0.020832,-0.006565,-0.003407,0.028251,-0.038587,0.012844,0.030790,-0.064819,0.009978,0.021219,-0.063263
-0.002660,0.007961,-0.032153,0.005699,0.008003,-0.031097,0.004683,-0.010502,0.000978,0.001458,-0.006172,0.001389,0.006653,-0.017699,-0.030901,0.002513,-0.014098,-0.002852,-0.000083,-0.003577,-0.003558,-0.007595,0.019527,-0.038686,-0.005382,0.030358,-0.034527,-0.016372,0.032082,-0.016062,-0.013524,0.026617,-0.016380,-0.001627,0.029006,-0.037357,0.006088,0.030204,-0.049836,0.008251,0.026808,-0.047700
-0.002353,0.010947,-0.027939,0.006451,0.009307,-0.026839,0.005201,-0.007068,0.003938,0.000863,-0.001600,0.004464,0.009512,-0.015624,-0.026294,0.005374,-0.011606,0.002001,0.000626,-0.000583,0.001232,-0.005893,0.021846,-0.036342,-0.002724,0.030246,-0.032111,-0.010142,0.031420,-0.019642,-0.008442,0.030040,-0.019252,0.000257,0.027586,-0.033739,0.002031,0.027863,-0.036593,0.003826,0.030122,-0.036408
-0.002048,0.012098,-0.028382,0.005687,0.008781,-0.027430,0.005442,-0.009683,-0.000577,0.001910,-0.003201,0.000003,0.010493,-0.015006,-0.026629,0.005788,-0.015535,0.001770,0.002610,-0.003279,0.000948,-0.006662,0.023808,-0.034911,-0.004762,0.028662,-0.032424,-0.015722,0.030427,-0.014078,-0.002119,0.031573,-0.007218,-0.000708,0.027326,-0.031770,0.006877,0.028519,-0.043940,-0.001875,0.031838,-0.049311
-0.001588,0.012884,-0.024374,0.005693,0.006940,-0.023497,0.007555,-0.018175,-0.001806,0.002228,-0.008790,-0.000960,0.011016,-0.012576,-0.022595,0.005981,-0.017616,0.004495,0.003807,-0.006169,0.003740,-0.008450,0.026513,-0.032860,-0.005181,0.029648,-0.029837,-0.015721,0.031362,-0.012204,0.003915,0.031366,-0.002826,-0.001322,0.028352,-0.028372,0.005289,0.029395,-0.038962,-0.006957,0.031646,-0.045717
-0.001305,0.012862,-0.017821,0.006341,0.004589,-0.016913,0.010355,-0.028405,0.000984,0.001519,-0.015644,0.002177,0.010676,-0.009602,-0.016113,0.005720,-0.016857,0.008858,0.003526,-0.007898,0.008261,-0.010453,0.028485,-0.031114,-0.003869,0.032209,-0.025652,-0.009646,0.033158,-0.015996,0.008835,0.029272,-0.008381,-0.001375,0.029650,-0.025042,-0.002652,0.029467,-0.022896,-0.011264,0.029399,-0.027120
-0.001203,0.013911,-0.017817,0.006341,0.005985,-0.016920,0.010492,-0.025512,-0.001990,0.002282,-0.013406,-0.000863,0.010588,-0.011257,-0.016150,0.006940,-0.019415,0.000162,0.004743,-0.006580,-0.000678,-0.009803,0.034000,-0.031876,-0.002172,0.030593,-0.027392,-0.007925,0.031545,-0.017775,0.009718,0.030384,-0.009740,-0.001515,0.027619,-0.024024,-0.003544,0.027326,-0.020637,-0.011922,0.030502,-0.025755
-0.001399,0.016463,-0.017960,0.005348,0.008062,-0.017166,0.009344,-0.021495,-0.003825,0.002159,-0.008329,-0.002646,0.010174,-0.012958,-0.016349,0.007550,-0.021258,-0.006391,0.005310,-0.004066,-0.007503,-0.008512,0.040909,-0.030818,-0.000851,0.028788,-0.028383,-0.007611,0.029912,-0.017062,0.009177,0.031948,-0.008469,-0.002216,0.025958,-0.021707,-0.002642,0.025916,-0.020893,-0.011775,0.032094,-0.027317
-0.001953,0.020893,-0.011701,0.003065,0.007673,-0.011154,0.008328,-0.028385,0.002508,-0.001211,-0.006599,0.004396,0.008841,-0.010103,-0.010215,0.005433,-0.018341,0.004538,0.003183,-0.002204,0.003495,-0.008577,0.046989,-0.023487,-0.000599,0.030703,-0.021814,-0.005639,0.031545,-0.013367,0.010064,0.031152,-0.006048,-0.003911,0.028276,-0.014352,-0.005242,0.028090,-0.012093,-0.013804,0.031266,-0.017287
-0.001746,0.025474,-0.006233,0.001653,0.004310,-0.005938,0.008188,-0.032995,0.000805,-0.001665,-0.004471,0.003207,0.007103,-0.008415,-0.005063,0.003064,-0.020580,0.010668,0.001572,-0.000917,0.009419,-0.008282,0.053812,-0.016809,-0.000163,0.035548,-0.015502,-0.003853,0.036170,-0.009324,0.006657,0.039826,-0.003237,-0.004971,0.033678,-0.008185,-0.006611,0.033443,-0.005438,-0.009960,0.039885,-0.009102
-0.000960,0.027967,-0.004268,0.001766,-0.000320,-0.004099,0.008949,-0.033035,-0.008033,0.000978,-0.003036,-0.005570,0.005727,-0.008663,-0.003447,0.001539,-0.026748,0.008902,0.001183,-0.000790,0.007281,-0.007850,0.058044,-0.014063,0.000470,0.040925,-0.012346,-0.002791,0.041480,-0.006897,0.000867,0.053647,-0.001450,-0.005268,0.039508,-0.006451,-0.006560,0.039326,-0.004265,-0.002518,0.053656,-0.006802
-0.000249,0.033416,-0.004394,0.000858,-0.002713,-0.004475,0.007451,-0.028953,-0.013310,0.000193,0.006475,-0.010459,0.004524,-0.011881,-0.003920,0.000923,-0.031615,0.003675,0.000743,-0.001932,0.001828,-0.008172,0.065941,-0.009974,0.000281,0.048742,-0.008186,0.003214,0.048258,-0.013191,-0.003401,0.057033,-0.013622,-0.009188,0.049666,-0.005599,-0.012577,0.049138,-0.000117,0.003129,0.056854,0.005103
0.000657,0.039712,-0.003665,-0.000233,-0.005758,-0.004053,0.005055,-0.025129,-0.013453,-0.001181,0.018114,-0.010043,0.003389,-0.015450,-0.003567,0.000407,-0.033868,0.001225,0.000288,-0.002129,-0.000746,-0.007690,0.076381,-0.004956,0.001669,0.055885,-0.003321,0.011832,0.054189,-0.020601,-0.003600,0.058728,-0.026458,-0.013485,0.059038,-0.003596,-0.020186,0.057982,0.007197,0.005074,0.058371,0.019348
0.001880,0.044846,0.000762,-0.000692,-0.012192,0.000092,0.003099,-0.025839,-0.006980,-0.000324,0.026060,-0.003002,0.001969,-0.016604,0.000409,-0.001040,-0.031895,0.007610,-0.000373,0.001077,0.005577,-0.005028,0.088446,0.000521,0.006905,0.059375,0.001910,0.020773,0.057068,-0.021786,0.002768,0.067648,-0.026987,-0.015175,0.062673,0.001479,-0.025268,0.061108,0.017904,0.001178,0.067266,0.028790
0.003271,0.050784,0.003442,-0.001278,-0.017669,0.002450,0.001692,-0.029106,-0.002079,0.001127,0.029317,0.002300,0.000464,-0.018926,0.002582,-0.003063,-0.036485,0.011279,-0.000171,0.001461,0.008975,-0.002296,0.102188,0.002065,0.014564,0.063812,0.004644,0.029537,0.061323,-0.021015,0.009179,0.074355,-0.026545,-0.017065,0.066329,0.002962,-0.029655,0.064391,0.023564,-0.002436,0.073977,0.033716
0.004181,0.054584,0.003061,-0.001675,-0.019489,0.001863,0.001568,-0.033373,-0.001171,0.002443,0.026201,0.003241,-0.000274,-0.021194,0.001899,-0.004556,-0.045332,0.010445,0.000917,-0.001173,0.007798,-0.000748,0.110757,-0.001091,0.023122,0.067326,0.005070,0.035982,0.065182,-0.016970,0.011559,0.075525,-0.025191,-0.020184,0.068508,-0.001431,-0.033102,0.066518,0.019745,-0.002999,0.075170,0.031554
0.004638,0.060481,0.003684,-0.004799,-0.024501,0.001954,-0.001783,-0.036709,-0.001813,0.003156,0.025980,0.002696,-0.002268,-0.025061,0.002066,-0.005361,-0.042024,0.008573,-0.002372,0.001670,0.005917,-0.001412,0.125059,0.000432,0.029857,0.070784,0.009069,0.040039,0.069083,-0.008380,0.017061,0.074419,-0.017427,-0.028844,0.073122,-0.002413,-0.037322,0.071798,0.011414,-0.007650,0.074193,0.024948
0.005087,0.067772,0.005961,-0.008797,-0.028815,0.003578,-0.005354,-0.041500,-0.002388,0.002119,0.024996,0.002307,-0.004020,-0.028435,0.003915,-0.006099,-0.039164,0.008763,-0.006668,0.006314,0.005941,-0.001919,0.141426,0.003208,0.038617,0.076219,0.015538,0.043169,0.075433,0.007873,0.017917,0.073180,-0.004522,-0.038817,0.079465,-0.003024,-0.040201,0.079193,-0.001055,-0.007680,0.073096,0.016487
0.005877,0.075805,0.010443,-0.011860,-0.028593,0.007497,-0.006172,-0.050261,-0.001370,-0.001883,0.019533,0.003632,-0.004083,-0.029024,0.008189,-0.007418,-0.049081,0.013965,-0.008655,0.009361,0.010331,-0.000047,0.156345,0.003627,0.052908,0.085766,0.023012,0.046410,0.086739,0.034755,0.006194,0.074084,0.012289,-0.045720,0.086877,-0.006261,-0.039397,0.087724,-0.017322,0.005586,0.074073,0.008526
0.006143,0.085753,0.010979,-0.014172,-0.031136,0.007594,-0.007616,-0.060270,0.003017,-0.006803,0.011638,0.008247,-0.004824,-0.030347,0.008470,-0.008480,-0.054538,0.013258,-0.012486,0.011271,0.009126,0.001313,0.176310,0.002974,0.067366,0.095230,0.028613,0.060407,0.096215,0.041460,-0.004616,0.074193,0.004724,-0.056678,0.095703,-0.011833,-0.050820,0.096424,-0.022406,0.016863,0.073992,0.017011
0.005818,0.092716,0.007302,-0.014482,-0.035126,0.003816,-0.008881,-0.066486,0.008598,-0.010120,0.005268,0.013845,-0.005769,-0.031708,0.004615,-0.008654,-0.052756,0.007039,-0.016117,0.011123,0.002974,0.001562,0.191387,0.001566,0.079302,0.100377,0.032561,0.082798,0.099660,0.027330,-0.010076,0.073548,-0.023413,-0.070392,0.102079,-0.019971,-0.073062,0.101498,-0.016471,0.021611,0.072967,0.037677
0.006837,0.106263,0.007654,-0.015254,-0.039724,0.003774,-0.009552,-0.071717,0.008770,-0.007294,0.005842,0.014294,-0.008090,-0.036573,0.004276,-0.010580,-0.056607,0.005083,-0.018528,0.007458,0.000997,0.001952,0.215703,0.004610,0.090421,0.108962,0.038907,0.100326,0.107239,0.022490,-0.016740,0.083194,-0.038667,-0.083201,0.112672,-0.021506,-0.089198,0.111581,-0.012549,0.030278,0.082335,0.053575
0.008405,0.121553,0.009813,-0.015748,-0.044054,0.005484,-0.009650,-0.076126,0.008027,-0.002426,0.009651,0.013948,-0.009984,-0.041321,0.005701,-0.012276,-0.061164,0.005484,-0.018012,0.005841,0.001247,0.002748,0.243275,0.008776,0.100616,0.117447,0.044666,0.112831,0.115387,0.024189,-0.024096,0.093453,-0.045380,-0.093738,0.122957,-0.019491,-0.099287,0.121914,-0.011406,0.040734,0.092405,0.064527
0.009620,0.133795,0.011510,-0.015304,-0.047287,0.006910,-0.009288,-0.079999,0.010886,0.000309,0.012830,0.017186,-0.009730,-0.042378,0.007096,-0.011845,-0.061518,0.006344,-0.012996,0.011824,0.001778,0.004024,0.268124,0.010556,0.109922,0.122346,0.046876,0.120277,0.120580,0.029732,-0.031760,0.094700,-0.047931,-0.100961,0.128401,-0.017262,-0.103766,0.127722,-0.013969,0.050782,0.093534,0.070287
0.010744,0.151087,0.013426,-0.015527,-0.052495,0.008412,-0.007549,-0.091636,0.008158,0.005103,0.014003,0.015214,-0.010293,-0.047433,0.008511,-0.013575,-0.072810,0.010312,-0.008199,0.012662,0.005083,0.002762,0.299432,0.013173,0.114126,0.138736,0.049318,0.136248,0.135334,0.010958,-0.028986,0.116497,-0.070507,-0.107723,0.146496,-0.014021,-0.120439,0.144480,0.006313,0.050300,0.114940,0.096732
0.011263,0.164782,0.014578,-0.016181,-0.057050,0.009189,-0.005160,-0.105173,0.001163,0.009682,0.012634,0.008939,-0.011317,-0.053935,0.009184,-0.016526,-0.089357,0.015350,-0.005929,0.007931,0.009454,-0.000371,0.321592,0.015366,0.112849,0.158344,0.051751,0.154276,0.152394,-0.021864,-0.017688,0.148016,-0.101854,-0.112217,0.168173,-0.012286,-0.142294,0.163932,0.038372,0.040144,0.145953,0.130638
0.011507,0.180247,0.023740,-0.020334,-0.066408,0.017460,-0.008284,-0.110219,-0.002626,0.009536,0.018984,0.005761,-0.009509,-0.063483,0.018313,-0.014311,-0.092815,0.026261,0.003155,0.011055,0.020050,-0.004417,0.350877,0.021988,0.110997,0.170155,0.055425,0.158621,0.163588,-0.030201,-0.007855,0.171989,-0.103550,-0.114709,0.180822,0.000707,-0.150919,0.175914,0.062633,0.030883,0.169734,0.150757
0.011788,0.195301,0.035052,-0.025007,-0.076006,0.027774,-0.011727,-0.116433,-0.004267,0.006479,0.022916,0.004712,-0.008586,-0.071088,0.029441,-0.012351,-0.093118,0.036331,0.010373,0.016835,0.029807,-0.008302,0.380845,0.030244,0.108294,0.180585,0.059620,0.159737,0.173757,-0.033875,-0.000518,0.192473,-0.100981,-0.115562,0.191754,0.016973,-0.155866,0.186467,0.086787,0.024171,0.190027,0.170867
0.012251,0.207672,0.042652,-0.027232,-0.081405,0.034696,-0.010321,-0.133652,-0.004714,0.002289,0.014166,0.004897,-0.012430,-0.071947,0.036074,-0.016178,-0.100367,0.038756,0.006895,0.019933,0.031586,-0.011133,0.404981,0.037433,0.104348,0.195920,0.063688,0.167628,0.187852,-0.052666,0.002574,0.213587,-0.119470,-0.115510,0.208168,0.028609,-0.166637,0.201678,0.118417,0.022032,0.210630,0.204680
0.013323,0.220471,0.055549,-0.029940,-0.091438,0.046673,-0.009838,-0.149612,-0.004635,0.002162,0.008446,0.005554,-0.016317,-0.078489,0.047794,-0.018397,-0.104162,0.043028,0.004559,0.024959,0.035298,-0.013472,0.440499,0.055232,0.098855,0.206998,0.073654,0.176105,0.197548,-0.070051,0.004533,0.236553,-0.135327,-0.118496,0.223319,0.052238,-0.177778,0.215982,0.157673,0.022179,0.233009,0.246520
0.014565,0.227325,0.067317,-0.031492,-0.101056,0.057666,-0.010187,-0.156300,-0.004106,0.006481,0.008602,0.006255,-0.018047,-0.087442,0.058708,-0.017646,-0.102640,0.046968,0.004711,0.029350,0.039037,-0.014120,0.469640,0.074716,0.092576,0.207199,0.082868,0.178788,0.197075,-0.079354,0.005579,0.249955,-0.140637,-0.120776,0.228505,0.077886,-0.181426,0.221140,0.187008,0.023517,0.246016,0.275522
0.016366,0.225852,0.074138,-0.029530,-0.117512,0.064079,-0.011964,-0.151690,-0.000202,0.011833,0.009063,0.009522,-0.018981,-0.105783,0.064634,-0.012690,-0.085820,0.042550,0.006252,0.031357,0.035491,-0.013468,0.508544,0.093579,0.086017,0.206209,0.088231,0.182316,0.195371,-0.095041,0.015765,0.254358,-0.151019,-0.124993,0.234503,0.103272,-0.184882,0.227333,0.212274,0.016759,0.249946,0.299724
0.018908,0.217028,0.081705,-0.026349,-0.136200,0.071314,-0.013523,-0.145931,0.006469,0.016734,0.008287,0.015431,-0.022353,-0.128125,0.070719,-0.008586,-0.058948,0.038105,0.003034,0.031972,0.032585,-0.012599,0.545332,0.109032,0.082103,0.200464,0.091280,0.183668,0.189510,-0.104062,0.027634,0.245785,-0.155814,-0.126954,0.233799,0.127641,-0.184344,0.226993,0.233238,0.009836,0.240890,0.319709
0.022609,0.201824,0.095816,-0.023920,-0.152587,0.084828,-0.012822,-0.149226,0.015488,0.020049,0.004551,0.024209,-0.031243,-0.149206,0.082118,-0.010198,-0.027486,0.041877,-0.010918,0.032023,0.038169,-0.012592,0.568006,0.118385,0.083961,0.186383,0.093618,0.180179,0.176441,-0.093161,0.034002,0.220265,-0.144134,-0.122177,0.218754,0.150301,-0.175662,0.212436,0.249732,0.010939,0.215029,0.336019
0.030756,0.179693,0.108190,-0.020337,-0.179434,0.095964,-0.015942,-0.135914,0.019110,0.025811,0.000562,0.026350,-0.040199,-0.199092,0.090473,-0.004891,0.024877,0.034629,-0.024909,0.032337,0.033960,-0.009495,0.604776,0.133441,0.086351,0.164278,0.095505,0.172152,0.155812,-0.072477,0.049772,0.184144,-0.117554,-0.118693,0.200274,0.180429,-0.156214,0.195760,0.250496,0.011607,0.178775,0.333908
0.039151,0.161715,0.112602,-0.017152,-0.203287,0.098902,-0.020960,-0.112661,0.015200,0.031481,-0.001637,0.020441,-0.044340,-0.252865,0.091299,0.005089,0.071944,0.019658,-0.031525,0.032696,0.021745,-0.005482,0.637237,0.146622,0.084743,0.143808,0.094101,0.159895,0.136768,-0.054247,0.066645,0.155599,-0.089305,-0.115414,0.186176,0.205001,-0.132686,0.183931,0.236827,0.011666,0.150236,0.314294
0.051965,0.142529,0.123144,-0.013464,-0.247372,0.106793,-0.029808,-0.086080,0.014104,0.035893,-0.006157,0.016983,-0.058593,-0.335811,0.094435,0.012939,0.160305,0.006027,-0.049915,0.031519,0.013475,-0.000425,0.685004,0.154897,0.092854,0.121554,0.089481,0.149193,0.116556,-0.022372,0.093765,0.108752,-0.049214,-0.106114,0.165765,0.232832,-0.101863,0.165938,0.223153,0.010935,0.103246,0.294545
0.066464,0.126735,0.139626,-0.007835,-0.306463,0.120068,-0.041366,-0.050701,0.017669,0.040640,-0.007952,0.017798,-0.075276,-0.429027,0.101641,0.021163,0.259134,-0.005877,-0.067137,0.030484,0.007617,0.004836,0.740140,0.161800,0.106325,0.105484,0.086393,0.143502,0.102356,0.012282,0.124058,0.066239,-0.007898,-0.092239,0.147883,0.262357,-0.071492,0.149968,0.220311,0.010719,0.060328,0.285297
0.079776,0.118902,0.161782,0.001175,-0.375245,0.138851,-0.054393,-0.000953,0.027449,0.047442,-0.001850,0.024428,-0.086760,-0.513584,0.114343,0.032630,0.337531,-0.016017,-0.069917,0.031164,0.002284,0.009402,0.794678,0.170886,0.120636,0.103519,0.089679,0.146096,0.101510,0.038769,0.150319,0.051005,0.024159,-0.075471,0.141293,0.291813,-0.049414,0.144095,0.239059,0.011856,0.044112,0.297028
0.093165,0.113066,0.185474,0.017064,-0.479327,0.158976,-0.074154,0.079892,0.039452,0.056557,0.006389,0.031446,-0.101032,-0.611999,0.126202,0.044488,0.412444,-0.033374,-0.067539,0.030897,-0.010374,0.017385,0.867759,0.183123,0.140501,0.100190,0.093297,0.160496,0.098715,0.053263,0.172792,0.035651,0.037887,-0.058920,0.132613,0.326390,-0.033653,0.135436,0.274857,0.017173,0.027087,0.330010
0.099878,0.112097,0.198884,0.033027,-0.566756,0.169565,-0.089215,0.151326,0.046633,0.065020,0.012586,0.034373,-0.109580,-0.675277,0.129604,0.052888,0.446136,-0.050794,-0.059091,0.029497,-0.025549,0.023426,0.922653,0.192509,0.152822,0.096370,0.094729,0.175612,0.094848,0.048914,0.176646,0.027879,0.027151,-0.047539,0.125046,0.349872,-0.028030,0.127263,0.309485,0.027776,0.017415,0.366923
0.098902,0.126277,0.213959,0.045838,-0.663270,0.181417,-0.108941,0.224945,0.053049,0.058521,0.028462,0.037371,-0.112332,-0.718372,0.136848,0.064536,0.468815,-0.063119,-0.036736,0.035897,-0.036787,0.031367,1.011892,0.197339,0.172285,0.097317,0.088758,0.198729,0.095765,0.035368,0.182088,0.029077,0.005838,-0.034666,0.114934,0.375785,-0.029916,0.115318,0.365027,0.022047,0.015464,0.417378
0.093109,0.150501,0.224920,0.056593,-0.743905,0.189403,-0.122827,0.278508,0.054977,0.049604,0.045236,0.037367,-0.109692,-0.748687,0.142025,0.076470,0.473392,-0.067699,-0.010550,0.041270,-0.041410,0.038066,1.103747,0.201577,0.188291,0.103184,0.081700,0.222838,0.101476,0.011488,0.179279,0.044076,-0.026712,-0.024794,0.109918,0.397551,-0.038172,0.107797,0.423695,0.014932,0.026826,0.470912
0.085355,0.179852,0.225673,0.066201,-0.783538,0.188203,-0.120255,0.289807,0.048599,0.050892,0.054140,0.031110,-0.101648,-0.773533,0.138684,0.085748,0.452874,-0.062395,0.009500,0.036851,-0.037228,0.040884,1.166461,0.209197,0.190063,0.114080,0.079641,0.240594,0.112125,-0.023964,0.158112,0.077734,-0.071243,-0.022958,0.117617,0.408213,-0.052263,0.113012,0.467160,0.021335,0.057643,0.516720
0.076127,0.230825,0.214228,0.075243,-0.820630,0.174371,-0.119470,0.292641,0.043678,0.042453,0.059439,0.026787,-0.095240,-0.804760,0.121980,0.091456,0.428530,-0.063457,0.026264,0.031475,-0.039639,0.043783,1.253295,0.198458,0.199301,0.126823,0.059494,0.267756,0.124839,-0.081851,0.127027,0.112932,-0.146604,-0.020442,0.123580,0.405114,-0.071890,0.115242,0.510089,0.036364,0.089791,0.567872
0.069971,0.277807,0.196332,0.081397,-0.836781,0.153460,-0.117959,0.285566,0.041040,0.031473,0.058528,0.025010,-0.091007,-0.827151,0.097499,0.094592,0.412077,-0.072483,0.035104,0.027389,-0.049700,0.042959,1.320621,0.175334,0.209621,0.136262,0.033351,0.287400,0.134710,-0.128203,0.093020,0.131480,-0.213227,-0.015380,0.125401,0.388060,-0.082533,0.114015,0.526346,0.061862,0.106799,0.596556
0.064592,0.337839,0.171364,0.095176,-0.854076,0.126911,-0.114797,0.284044,0.045336,0.020749,0.056790,0.029894,-0.082333,-0.865683,0.065559,0.091351,0.387325,-0.057917,0.039778,0.019979,-0.036432,0.036472,1.379626,0.162730,0.206775,0.129933,0.013425,0.298899,0.128908,-0.179120,0.057173,0.113954,-0.289201,-0.026866,0.124525,0.372557,-0.097780,0.111895,0.519341,0.095713,0.088409,0.617389
0.061962,0.400943,0.139149,0.110400,-0.863367,0.093075,-0.112981,0.287273,0.049569,0.014766,0.054759,0.034291,-0.068853,-0.907531,0.026440,0.087155,0.361687,-0.038718,0.043994,0.017298,-0.018867,0.026171,1.429247,0.146436,0.200207,0.118865,-0.008202,0.297900,0.118552,-0.213400,0.016714,0.063846,-0.355286,-0.043941,0.123659,0.349480,-0.104225,0.112292,0.474311,0.144062,0.039705,0.611104
0.064536,0.457049,0.099262,0.120298,-0.855672,0.049705,-0.115969,0.294142,0.046241,0.017687,0.052841,0.030538,-0.051077,-0.939977,-0.019981,0.086908,0.342417,-0.034185,0.051300,0.027304,-0.016275,0.014117,1.468459,0.111963,0.199379,0.114284,-0.039122,0.280351,0.114385,-0.209105,-0.031543,-0.015365,-0.391863,-0.055024,0.126087,0.309448,-0.087783,0.119298,0.375908,0.213275,-0.033925,0.557744
0.067938,0.529664,0.055370,0.135780,-0.855491,0.002637,-0.116667,0.290482,0.045521,0.026646,0.046883,0.029579,-0.025022,-0.984227,-0.069212,0.085748,0.324440,-0.013487,0.057861,0.041626,0.002337,-0.008029,1.505970,0.060829,0.203244,0.097750,-0.078979,0.237120,0.097244,-0.147401,-0.116193,-0.169486,-0.397185,-0.066940,0.114776,0.260012,-0.044719,0.117976,0.207994,0.330631,-0.174794,0.457718
0.070584,0.582422,0.029379,0.149846,-0.862905,-0.025928,-0.113693,0.278279,0.045952,0.038222,0.040060,0.030164,-0.002392,-1.018078,-0.099613,0.084635,0.316864,0.009990,0.060727,0.053238,0.024504,-0.030330,1.522964,0.019433,0.210235,0.083473,-0.101726,0.185335,0.081327,-0.042327,-0.220116,-0.320379,-0.362429,-0.073127,0.101120,0.220391,0.008900,0.115674,0.038039,0.462672,-0.308544,0.353404
0.083177,0.622660,0.007523,0.155940,-0.885148,-0.057493,-0.121518,0.288184,0.029416,0.047695,0.041506,0.012892,0.017933,-1.052614,-0.130581,0.076909,0.309425,0.034158,0.063242,0.060172,0.047669,-0.059747,1.495372,-0.026061,0.219998,0.056411,-0.115811,0.138069,0.051888,0.068335,-0.342312,-0.478301,-0.329147,-0.076099,0.077785,0.178349,0.066283,0.104048,-0.136527,0.631051,-0.446637,0.256991
0.095102,0.657821,-0.006356,0.163791,-0.927010,-0.081679,-0.133580,0.319226,0.013174,0.055287,0.050110,-0.004752,0.030698,-1.095256,-0.157277,0.065726,0.310449,0.050675,0.057891,0.061719,0.063965,-0.084814,1.447632,-0.061519,0.228760,0.030978,-0.119020,0.103228,0.023937,0.160830,-0.461319,-0.585178,-0.301366,-0.075224,0.055991,0.143353,0.113626,0.091516,-0.274460,0.787958,-0.535549,0.184849
0.096127,0.695373,-0.007868,0.182185,-0.993378,-0.087106,-0.144013,0.370631,0.014959,0.060339,0.064866,-0.004768,0.030115,-1.153306,-0.175184,0.053261,0.328422,0.051212,0.036529,0.057360,0.065584,-0.092005,1.404226,-0.074104,0.232520,0.021480,-0.108684,0.088781,0.012726,0.210621,-0.551907,-0.584013,-0.284870,-0.069998,0.047004,0.124398,0.136847,0.086351,-0.333306,0.882140,-0.524265,0.155983
0.093649,0.741823,-0.007961,0.198989,-1.073362,-0.091661,-0.163345,0.440244,0.018533,0.051943,0.085640,-0.003244,0.026315,-1.213252,-0.193279,0.044758,0.366586,0.039027,0.023499,0.050720,0.055702,-0.088973,1.355994,-0.084147,0.238913,0.018024,-0.099265,0.100747,0.008606,0.207615,-0.598534,-0.551628,-0.307913,-0.059819,0.040553,0.104636,0.136867,0.078235,-0.331313,0.923227,-0.491152,0.170914
0.088992,0.773980,-0.006551,0.205196,-1.126861,-0.095457,-0.182814,0.493340,0.018727,0.033437,0.102136,-0.004161,0.021554,-1.244628,-0.206854,0.041229,0.406617,0.014387,0.022281,0.045886,0.033410,-0.077035,1.327289,-0.086414,0.245863,0.032508,-0.087441,0.124781,0.023232,0.181797,-0.620399,-0.500298,-0.350016,-0.050688,0.050587,0.088442,0.122921,0.084023,-0.297134,0.931673,-0.444860,0.210831
0.078856,0.842524,0.000351,0.221921,-1.211527,-0.090568,-0.196576,0.539493,0.026127,0.029045,0.107349,0.001772,0.029875,-1.313259,-0.210716,0.049381,0.451212,0.007211,0.020995,0.052879,0.028234,-0.060231,1.262288,-0.083608,0.247594,0.035728,-0.074369,0.141195,0.026644,0.162400,-0.628842,-0.472880,-0.380582,-0.038787,0.048256,0.073746,0.112026,0.077473,-0.261738,0.922333,-0.423539,0.244360
0.070039,0.914484,0.006630,0.239584,-1.298751,-0.086179,-0.209415,0.581434,0.033230,0.030611,0.105333,0.007264,0.042782,-1.387474,-0.213694,0.059017,0.490198,0.004935,0.018914,0.061966,0.027630,-0.041738,1.188998,-0.074792,0.242979,0.028058,-0.061099,0.149435,0.019267,0.147155,-0.627311,-0.465163,-0.400739,-0.029965,0.039209,0.062985,0.105177,0.065575,-0.238017,0.907675,-0.421727,0.263383
0.069072,0.957017,0.005697,0.249449,-1.359721,-0.091965,-0.226467,0.621800,0.032133,0.029904,0.100123,0.004613,0.052890,-1.435170,-0.225474,0.060183,0.513741,-0.005377,0.015687,0.063759,0.018464,-0.024196,1.135680,-0.058676,0.231245,0.010773,-0.048405,0.148570,0.002327,0.135445,-0.620846,-0.472536,-0.411859,-0.030043,0.029647,0.058096,0.103939,0.056022,-0.240076,0.901763,-0.433115,0.260498
0.066581,0.999130,0.012377,0.266410,-1.443239,-0.086482,-0.239677,0.674278,0.035553,0.035849,0.084089,0.005834,0.062732,-1.506023,-0.230993,0.068244,0.559447,-0.015884,0.007320,0.059994,0.010653,-0.008088,1.093137,-0.043918,0.223283,-0.018886,-0.037320,0.151390,-0.026792,0.122140,-0.587995,-0.484874,-0.410175,-0.023759,0.003340,0.059190,0.103244,0.028568,-0.223006,0.867090,-0.451478,0.258909
0.064027,1.019790,0.023336,0.280100,-1.507609,-0.073888,-0.244413,0.712625,0.038463,0.043495,0.065201,0.007468,0.067793,-1.564118,-0.232378,0.075099,0.605273,-0.029191,-0.005951,0.053411,0.000257,-0.002194,1.082792,-0.036865,0.220879,-0.043771,-0.029082,0.154845,-0.051474,0.116638,-0.546424,-0.494286,-0.396053,-0.014157,-0.022880,0.062839,0.104107,0.000809,-0.199256,0.821034,-0.466969,0.255854
0.051309,1.054046,0.024491,0.292493,-1.568427,-0.063847,-0.247104,0.751024,0.036357,0.050700,0.031412,0.003975,0.077889,-1.631168,-0.233092,0.085997,0.627375,-0.042101,-0.013009,0.033427,-0.010424,-0.005083,1.084977,-0.034730,0.203875,-0.072857,-0.029432,0.136042,-0.081099,0.119009,-0.499745,-0.550903,-0.365011,-0.016838,-0.050416,0.060484,0.104535,-0.025926,-0.207221,0.755072,-0.526552,0.209207
0.037488,1.090963,0.022340,0.302621,-1.620067,-0.054934,-0.251128,0.779867,0.037448,0.053472,-0.009288,0.004196,0.088660,-1.690751,-0.233349,0.095897,0.643666,-0.053509,-0.017541,0.016053,-0.020054,-0.015162,1.098638,-0.037344,0.183795,-0.101965,-0.032623,0.113572,-0.110839,0.119712,-0.446862,-0.629501,-0.330791,-0.022924,-0.076673,0.055750,0.103901,-0.050925,-0.222478,0.682670,-0.607035,0.148992
0.031915,1.119500,0.022744,0.310007,-1.656892,-0.046099,-0.260399,0.789349,0.049627,0.047273,-0.049178,0.016455,0.096969,-1.726445,-0.234309,0.099837,0.671972,-0.062720,-0.023055,0.017249,-0.028044,-0.030997,1.122653,-0.044465,0.172106,-0.126932,-0.032294,0.105875,-0.135582,0.110023,-0.386938,-0.705412,-0.308939,-0.023693,-0.098653,0.052369,0.101955,-0.073089,-0.221414,0.617869,-0.686371,0.107670
0.025274,1.162351,0.020436,0.322767,-1.702412,-0.034406,-0.270478,0.797428,0.067773,0.041250,-0.086639,0.035038,0.107396,-1.774414,-0.235829,0.102904,0.687767,-0.069924,-0.027233,0.005712,-0.034043,-0.059433,1.157584,-0.055442,0.153861,-0.147855,-0.031484,0.089891,-0.156426,0.104571,-0.325847,-0.796048,-0.275989,-0.029993,-0.112937,0.048895,0.101177,-0.086251,-0.234891,0.551236,-0.777927,0.045597
0.020895,1.198129,0.016526,0.330533,-1.734252,-0.025203,-0.281604,0.799475,0.080655,0.033408,-0.103471,0.049336,0.114090,-1.810303,-0.240584,0.098544,0.683914,-0.079654,-0.033189,-0.012030,-0.043309,-0.086984,1.186053,-0.063471,0.132536,-0.159073,-0.026838,0.077860,-0.166542,0.088155,-0.257840,-0.863459,-0.245879,-0.037586,-0.115098,0.045677,0.095642,-0.088049,-0.240352,0.478468,-0.846721,-0.012948
0.011083,1.244829,0.018906,0.328111,-1.755949,-0.011031,-0.289971,0.765061,0.092149,0.020133,-0.127953,0.063480,0.118505,-1.822627,-0.231285,0.110191,0.667032,-0.092729,-0.028419,-0.023579,-0.057058,-0.115376,1.236960,-0.068825,0.110635,-0.171965,-0.017964,0.057066,-0.179365,0.093364,-0.201457,-0.944637,-0.193454,-0.044549,-0.121193,0.047584,0.095844,-0.092824,-0.251509,0.407478,-0.925561,-0.084231
0.001483,1.286103,0.023586,0.319086,-1.771142,0.002261,-0.295097,0.719189,0.096125,0.008864,-0.135002,0.070790,0.120210,-1.824467,-0.218262,0.122766,0.634716,-0.104320,-0.023970,-0.033321,-0.070103,-0.139962,1.287930,-0.070523,0.087827,-0.182781,-0.005650,0.025806,-0.191446,0.121823,-0.162690,-1.015138,-0.117580,-0.048982,-0.125664,0.051954,0.107473,-0.094240,-0.278949,0.351972,-0.988775,-0.171861
-0.002290,1.305508,0.026230,0.307531,-1.783392,0.009223,-0.297074,0.686688,0.086861,0.006848,-0.099569,0.065147,0.119874,-1.828868,-0.212210,0.120254,0.584698,-0.110296,-0.031856,-0.045626,-0.078555,-0.155681,1.316474,-0.067631,0.063777,-0.188461,0.009695,-0.016806,-0.199840,0.173645,-0.143636,-1.051412,-0.017578,-0.048944,-0.123483,0.056791,0.135988,-0.086600,-0.331635,0.322507,-1.012080,-0.278235
-0.003337,1.295248,0.044662,0.292955,-1.796191,0.027857,-0.289728,0.627204,0.084887,0.013981,-0.064954,0.066939,0.121688,-1.818426,-0.185332,0.126100,0.542854,-0.099149,-0.033406,-0.035845,-0.070510,-0.163760,1.317586,-0.055644,0.047761,-0.205015,0.035359,-0.077344,-0.222938,0.287441,-0.151272,-1.086082,0.141147,-0.035347,-0.137798,0.073026,0.194865,-0.092054,-0.406963,0.323912,-1.024782,-0.406346
-0.000558,1.260494,0.069430,0.277881,-1.803658,0.049944,-0.283247,0.569602,0.089008,0.020663,-0.049124,0.074154,0.123341,-1.798303,-0.152817,0.134391,0.530364,-0.081787,-0.031288,-0.008506,-0.055688,-0.161194,1.290823,-0.039189,0.041407,-0.225537,0.065716,-0.128403,-0.250076,0.404251,-0.173391,-1.107281,0.287216,-0.014366,-0.159838,0.091093,0.255265,-0.106294,-0.466677,0.345511,-1.025507,-0.503281
-0.012741,1.175350,0.077391,0.248086,-1.792569,0.062211,-0.274209,0.535368,0.073606,0.016462,-0.026095,0.061554,0.107066,-1.764620,-0.133566,0.133860,0.499450,-0.082317,-0.045636,0.014249,-0.059236,-0.125796,1.192964,-0.005767,0.011364,-0.272614,0.082578,-0.213668,-0.305097,0.525107,-0.277045,-1.121084,0.402635,-0.015177,-0.208074,0.094292,0.308355,-0.143812,-0.567579,0.416335,-1.016619,-0.592133
-0.030938,1.076848,0.078815,0.215607,-1.773047,0.074181,-0.268085,0.521442,0.059532,0.005600,-0.010247,0.049931,0.085513,-1.732938,-0.118127,0.132858,0.469015,-0.086852,-0.058995,0.030693,-0.066377,-0.074396,1.079729,0.031105,-0.022945,-0.319745,0.090135,-0.302910,-0.359997,0.632762,-0.408168,-1.129010,0.484253,-0.023278,-0.259134,0.087793,0.350854,-0.184693,-0.668355,0.502485,-1.004639,-0.656791
-0.045851,1.002059,0.083309,0.193112,-1.755004,0.096696,-0.269989,0.524939,0.067515,-0.007732,-0.015873,0.059799,0.071786,-1.718919,-0.095681,0.139798,0.457922,-0.080685,-0.053999,0.039031,-0.061629,-0.025447,1.006956,0.059541,-0.041862,-0.340540,0.093886,-0.365985,-0.386338,0.711216,-0.511567,-1.131415,0.533500,-0.024046,-0.289119,0.077367,0.380895,-0.208756,-0.728240,0.570498,-0.994728,-0.684244
-0.066743,0.904621,0.088605,0.163615,-1.735918,0.122530,-0.260581,0.511879,0.073350,-0.012591,-0.035007,0.067602,0.048738,-1.699590,-0.073555,0.145031,0.439425,-0.076350,-0.057785,0.041343,-0.058668,0.038401,0.905787,0.090759,-0.057168,-0.372245,0.090441,-0.432097,-0.424035,0.791212,-0.649816,-1.163083,0.553099,-0.026808,-0.336595,0.059415,0.404819,-0.251418,-0.784096,0.662967,-1.016882,-0.680456
-0.083199,0.833190,0.091984,0.138300,-1.725724,0.141335,-0.248627,0.488304,0.075946,-0.010209,-0.058400,0.072045,0.028166,-1.684712,-0.062495,0.145567,0.422771,-0.077182,-0.069056,0.036559,-0.060477,0.084892,0.826935,0.108854,-0.063666,-0.396847,0.084225,-0.474885,-0.452075,0.837549,-0.758124,-1.208773,0.539040,-0.027431,-0.375833,0.038372,0.416542,-0.288921,-0.812252,0.738511,-1.059324,-0.652491
-0.091228,0.737685,0.084279,0.113580,-1.688551,0.140832,-0.226645,0.486376,0.059744,0.002801,-0.063994,0.057388,0.013380,-1.660254,-0.063474,0.144242,0.417515,-0.085076,-0.073868,0.031944,-0.068989,0.136583,0.733847,0.128358,-0.072959,-0.425080,0.070619,-0.519912,-0.483065,0.871733,-0.855544,-1.234180,0.521773,-0.029540,-0.414254,0.014057,0.434892,-0.324610,-0.856191,0.816724,-1.081296,-0.635437
-0.089715,0.644796,0.076724,0.095952,-1.635395,0.134240,-0.208290,0.490830,0.045439,0.012082,-0.057673,0.044584,0.006300,-1.619277,-0.069164,0.138874,0.419708,-0.092685,-0.077086,0.033168,-0.077185,0.176330,0.643576,0.141417,-0.074600,-0.446125,0.058500,-0.549968,-0.505759,0.892011,-0.922947,-1.235514,0.500841,-0.025274,-0.442877,-0.005794,0.455946,-0.351340,-0.887183,0.882752,-1.081185,-0.611630
-0.077387,0.581181,0.080507,0.091327,-1.577360,0.135920,-0.206797,0.486370,0.054056,0.003109,-0.045635,0.054319,0.008884,-1.554951,-0.071629,0.128116,0.425313,-0.092425,-0.082800,0.045882,-0.077714,0.186214,0.572872,0.141536,-0.058178,-0.449269,0.057057,-0.548107,-0.508626,0.896488,-0.941118,-1.208730,0.476993,-0.006777,-0.452750,-0.012623,0.475691,-0.362468,-0.875143,0.921525,-1.057572,-0.563583
-0.065283,0.497056,0.077371,0.083696,-1.476288,0.130161,-0.199693,0.477247,0.055795,-0.007990,-0.045040,0.057237,0.010535,-1.467886,-0.078599,0.120917,0.425970,-0.098642,-0.088457,0.057674,-0.084738,0.173928,0.483147,0.134645,-0.050559,-0.442846,0.054692,-0.544530,-0.500792,0.882476,-0.934891,-1.136789,0.455795,0.002848,-0.447577,-0.014554,0.486022,-0.358585,-0.858525,0.929787,-0.989815,-0.523324
-0.059460,0.434465,0.068881,0.074406,-1.382879,0.122056,-0.192900,0.467977,0.053590,-0.017745,-0.056164,0.056186,0.010902,-1.401707,-0.085359,0.122408,0.421201,-0.107319,-0.089996,0.062705,-0.094015,0.145947,0.419683,0.123256,-0.054900,-0.428005,0.050884,-0.547897,-0.484237,0.859291,-0.912782,-1.052131,0.448588,0.002566,-0.429719,-0.015610,0.489715,-0.341291,-0.847432,0.909921,-0.907741,-0.509844
-0.046952,0.392497,0.071002,0.073190,-1.259729,0.125974,-0.191447,0.448012,0.069066,-0.021890,-0.062621,0.072493,0.019378,-1.299624,-0.073018,0.117115,0.421572,-0.093317,-0.090694,0.059632,-0.080255,0.095719,0.370308,0.109963,-0.049735,-0.377044,0.063842,-0.486656,-0.425790,0.766721,-0.807304,-0.913939,0.395304,0.002546,-0.372127,0.000812,0.444611,-0.292748,-0.739391,0.817501,-0.786489,-0.426632
-0.034490,0.363768,0.071060,0.074119,-1.138407,0.130597,-0.190572,0.432174,0.084248,-0.025714,-0.058490,0.088337,0.029220,-1.192076,-0.055415,0.111571,0.422019,-0.073864,-0.091430,0.059293,-0.061135,0.037172,0.338337,0.094825,-0.047948,-0.318600,0.079601,-0.415778,-0.358715,0.660577,-0.693302,-0.767497,0.329522,-0.002597,-0.303572,0.019968,0.388626,-0.234074,-0.623135,0.715972,-0.659307,-0.336324
-0.028660,0.340936,0.056675,0.072360,-1.050381,0.124034,-0.185250,0.435459,0.081711,-0.033989,-0.037753,0.086497,0.034409,-1.109422,-0.046660,0.112390,0.417569,-0.065535,-0.092518,0.072601,-0.053473,-0.015193,0.327273,0.077755,-0.061763,-0.281642,0.084169,-0.390664,-0.316971,0.596223,-0.646357,-0.657965,0.282970,-0.019892,-0.244622,0.026913,0.309647,-0.186354,-0.505016,0.670902,-0.558497,-0.300166
-0.019222,0.331076,0.040837,0.074065,-0.939399,0.118257,-0.165975,0.426245,0.080098,-0.024770,-0.014752,0.085130,0.042320,-1.005437,-0.034417,0.110803,0.404565,-0.052474,-0.088226,0.090725,-0.041454,-0.102822,0.327594,0.059937,-0.088442,-0.226621,0.102309,-0.366166,-0.255983,0.529462,-0.580804,-0.533272,0.260168,-0.056382,-0.133142,0.048770,0.091758,-0.106398,-0.177552,0.615488,-0.440790,-0.293996
-0.010958,0.339156,0.031355,0.077025,-0.860996,0.116667,-0.144588,0.408950,0.081098,-0.004497,-0.000959,0.086137,0.049397,-0.932117,-0.024713,0.108464,0.389466,-0.041994,-0.079984,0.104623,-0.031944,-0.181864,0.339402,0.050568,-0.115660,-0.180656,0.125384,-0.358061,-0.205860,0.494491,-0.531292,-0.452631,0.273065,-0.091315,-0.030290,0.074473,-0.117428,-0.033294,0.137390,0.578312,-0.361217,-0.319000
0.004818,0.308936,0.011313,0.082948,-0.732415,0.107339,-0.119003,0.378657,0.078075,0.004883,0.013380,0.082767,0.060041,-0.809155,-0.010255,0.093737,0.368780,-0.024499,-0.065715,0.109225,-0.015553,-0.264786,0.310642,0.031292,-0.142168,-0.162379,0.141471,-0.391844,-0.187880,0.518898,-0.553576,-0.390042,0.307658,-0.120618,0.039734,0.097918,-0.223619,0.024063,0.289524,0.623081,-0.288377,-0.380985
0.020399,0.277029,-0.010057,0.087186,-0.592677,0.091512,-0.094488,0.348810,0.068779,0.013018,0.026807,0.073034,0.068501,-0.672984,-0.002224,0.075209,0.342996,-0.013370,-0.052866,0.119123,-0.005804,-0.340816,0.280251,0.014461,-0.169049,-0.151736,0.155940,-0.439209,-0.178778,0.561789,-0.602005,-0.344935,0.344518,-0.148824,0.099324,0.119040,-0.302714,0.075634,0.396990,0.694940,-0.230090,-0.450102
0.028272,0.280165,-0.023490,0.085408,-0.480657,0.069657,-0.076156,0.333005,0.051197,0.029836,0.038060,0.054975,0.069703,-0.559824,-0.012408,0.061553,0.312866,-0.021865,-0.048515,0.149085,-0.015826,-0.398855,0.287686,0.011683,-0.197781,-0.128425,0.174512,-0.471223,-0.155021,0.582720,-0.630325,-0.315819,0.366622,-0.178491,0.162333,0.138722,-0.376180,0.131951,0.491387,0.735395,-0.193116,-0.495967
0.039276,0.261486,-0.028793,0.084028,-0.328719,0.054556,-0.065084,0.301115,0.043670,0.034978,0.044716,0.046845,0.072007,-0.411942,-0.011015,0.042690,0.273434,-0.017571,-0.039636,0.153436,-0.012967,-0.449065,0.263771,0.010172,-0.213496,-0.110217,0.194927,-0.490404,-0.136418,0.605920,-0.656746,-0.278557,0.375480,-0.197078,0.211511,0.162038,-0.430722,0.175767,0.576629,0.777940,-0.151240,-0.508269
0.048042,0.230297,-0.023407,0.082936,-0.212966,0.053617,-0.067920,0.268862,0.049967,0.024864,0.043278,0.052644,0.073689,-0.303387,0.000968,0.027569,0.244270,-0.003445,-0.031177,0.129910,0.000543,-0.466201,0.221343,0.011780,-0.209808,-0.105874,0.208788,-0.489244,-0.131555,0.621460,-0.668733,-0.247803,0.367886,-0.195668,0.226657,0.178029,-0.458009,0.186698,0.642522,0.801489,-0.121646,-0.482033
0.041474,0.217894,-0.043590,0.066993,-0.077677,0.026331,-0.046601,0.227245,0.026271,0.033201,0.047140,0.028261,0.060045,-0.166008,-0.010782,0.005073,0.192200,-0.012476,-0.031839,0.131359,-0.010092,-0.482352,0.220301,0.000762,-0.225873,-0.073987,0.197593,-0.458985,-0.094438,0.538888,-0.683834,-0.183240,0.337495,-0.211478,0.260611,0.167770,-0.492510,0.218166,0.666209,0.796105,-0.059822,-0.481293
0.028491,0.217626,-0.068150,0.046189,0.046528,-0.006119,-0.024975,0.181546,-0.003641,0.043892,0.052199,-0.002391,0.041307,-0.036627,-0.026628,-0.012427,0.130666,-0.025828,-0.029807,0.133050,-0.025282,-0.485215,0.232964,-0.012042,-0.241724,-0.025322,0.175105,-0.348368,-0.033599,0.324989,-0.685022,-0.113497,0.302807,-0.227152,0.291056,0.146367,-0.519661,0.247195,0.666594,0.763596,0.005591,-0.483813
0.018387,0.222900,-0.076173,0.030874,0.129155,-0.022973,-0.026295,0.137101,-0.016361,0.041336,0.054299,-0.015907,0.027883,0.048051,-0.027205,-0.012219,0.073252,-0.025037,-0.012866,0.110393,-0.025762,-0.462227,0.231906,-0.015439,-0.240277,0.008743,0.155741,-0.233615,0.010615,0.135318,-0.652072,-0.065311,0.279225,-0.225006,0.295099,0.128701,-0.519057,0.251579,0.654146,0.705317,0.045439,-0.468648
0.000827,0.236619,-0.081303,0.008448,0.220310,-0.036361,-0.018995,0.070124,-0.026062,0.037008,0.057060,-0.026622,0.006829,0.155326,-0.024774,-0.016574,0.002609,-0.020757,-0.003162,0.077903,-0.022801,-0.442365,0.246931,-0.015968,-0.245122,0.048389,0.137868,-0.190867,0.053925,0.047139,-0.602914,0.011663,0.234606,-0.228715,0.311427,0.112227,-0.511809,0.270165,0.621468,0.616360,0.108326,-0.425776
-0.015318,0.251863,-0.081067,-0.009834,0.274298,-0.039755,-0.006780,0.013969,-0.027945,0.033026,0.058961,-0.029260,-0.011329,0.231488,-0.020733,-0.023319,-0.046042,-0.015474,-0.005586,0.051724,-0.018176,-0.435324,0.271917,-0.012521,-0.253050,0.084530,0.131642,-0.184115,0.090736,0.020073,-0.563976,0.082851,0.195372,-0.235270,0.333166,0.105725,-0.498584,0.295508,0.583471,0.541248,0.166577,-0.378491
-0.036932,0.252387,-0.105560,-0.035462,0.363279,-0.067374,-0.003256,-0.032998,-0.052448,0.020965,0.067497,-0.054516,-0.034845,0.342324,-0.017428,-0.033468,-0.109405,-0.010607,0.004382,0.035319,-0.015131,-0.410922,0.269030,-0.024071,-0.267352,0.099613,0.094169,-0.198024,0.105168,-0.016255,-0.510693,0.147898,0.127168,-0.247410,0.332379,0.071131,-0.486676,0.299123,0.509309,0.440745,0.216274,-0.350438
-0.057372,0.248763,-0.132252,-0.059154,0.445936,-0.095288,-0.001305,-0.077782,-0.076995,0.010877,0.071834,-0.079788,-0.056122,0.443872,-0.016528,-0.044996,-0.172924,-0.008432,0.018178,0.021779,-0.015108,-0.383827,0.259546,-0.039433,-0.278303,0.112302,0.052332,-0.217396,0.116633,-0.043671,-0.455089,0.209766,0.059822,-0.256670,0.328166,0.033272,-0.467982,0.299678,0.424240,0.340731,0.263903,-0.327507
-0.069368,0.251499,-0.139150,-0.071136,0.480854,-0.100065,0.006413,-0.127636,-0.079379,0.013153,0.060859,-0.082902,-0.067665,0.492188,-0.020133,-0.055900,-0.222042,-0.011480,0.027173,0.004110,-0.019745,-0.368329,0.264850,-0.047961,-0.275347,0.141489,0.032453,-0.226920,0.144482,-0.043541,-0.408128,0.271776,0.023378,-0.253907,0.340356,0.015988,-0.436973,0.316716,0.358484,0.267062,0.314737,-0.296805
-0.084981,0.258521,-0.148392,-0.086620,0.523165,-0.107452,0.014390,-0.178274,-0.084365,0.011196,0.062557,-0.088854,-0.081070,0.555379,-0.007716,-0.064716,-0.276117,0.001015,0.046173,0.000840,-0.009633,-0.352937,0.273876,-0.064076,-0.270397,0.166319,0.007502,-0.233073,0.168240,-0.050515,-0.354643,0.313650,-0.018533,-0.250284,0.344745,-0.008066,-0.406259,0.325574,0.287267,0.181370,0.345584,-0.269106
-0.096429,0.266403,-0.155360,-0.097422,0.551878,-0.113912,0.018647,-0.204215,-0.089091,0.006102,0.076226,-0.094387,-0.088181,0.602102,0.014241,-0.065813,-0.307877,0.021957,0.066921,0.013863,0.009258,-0.345172,0.283005,-0.078923,-0.266311,0.174493,-0.008894,-0.240416,0.175565,-0.048896,-0.321265,0.316883,-0.043041,-0.246464,0.338400,-0.026046,-0.377206,0.323220,0.224776,0.125876,0.342354,-0.259769
-0.111431,0.251167,-0.168598,-0.112436,0.572753,-0.128855,0.023225,-0.251857,-0.102149,0.004233,0.053821,-0.108092,-0.100289,0.636917,0.008566,-0.077390,-0.363867,0.015637,0.073156,0.008066,0.000865,-0.308719,0.260506,-0.096285,-0.256649,0.168381,-0.045408,-0.239619,0.168832,-0.070694,-0.267027,0.312993,-0.104497,-0.240018,0.307035,-0.060507,-0.347165,0.295487,0.147820,0.041982,0.327291,-0.224081
-0.124856,0.229824,-0.179989,-0.125020,0.581646,-0.139958,0.023880,-0.291927,-0.111374,-0.001216,0.032680,-0.117905,-0.110878,0.658947,-0.001635,-0.091548,-0.414168,0.004886,0.076138,-0.000090,-0.011819,-0.264328,0.234550,-0.112973,-0.242675,0.158357,-0.083337,-0.236178,0.158311,-0.091076,-0.212824,0.307839,-0.171250,-0.229409,0.268653,-0.095601,-0.309584,0.260714,0.062399,-0.038733,0.311379,-0.178786
-0.131342,0.219498,-0.181811,-0.128200,0.574614,-0.135186,0.016628,-0.294848,-0.104649,-0.016650,0.050454,-0.111850,-0.112416,0.667664,0.006291,-0.099904,-0.428491,0.012380,0.087844,0.006161,-0.006010,-0.232554,0.233635,-0.125991,-0.225348,0.155983,-0.104208,-0.230014,0.155667,-0.093673,-0.178669,0.308377,-0.211321,-0.213395,0.243201,-0.116282,-0.267855,0.238301,-0.007838,-0.085303,0.305403,-0.141647
-0.143651,0.196983,-0.179956,-0.136270,0.562171,-0.123283,0.011649,-0.307652,-0.091903,-0.029390,0.053863,-0.099749,-0.120819,0.669723,0.008902,-0.111605,-0.446841,0.014199,0.087032,-0.002216,-0.005284,-0.195630,0.207996,-0.133917,-0.210975,0.134146,-0.125887,-0.223727,0.133784,-0.101651,-0.145303,0.277773,-0.276123,-0.203288,0.195466,-0.137296,-0.234995,0.193009,-0.073138,-0.142473,0.265987,-0.074980
-0.155606,0.173575,-0.175231,-0.144227,0.550671,-0.110628,0.011492,-0.323974,-0.079135,-0.032689,0.041168,-0.087497,-0.130256,0.664346,0.004232,-0.119346,-0.459844,0.007942,0.075516,-0.020839,-0.011670,-0.171865,0.170823,-0.132303,-0.206969,0.103085,-0.136860,-0.228717,0.102845,-0.097445,-0.129476,0.231481,-0.332620,-0.203169,0.147698,-0.147268,-0.213335,0.147137,-0.125921,-0.181609,0.213212,-0.012416
-0.168666,0.150022,-0.171586,-0.153104,0.508476,-0.100490,0.010416,-0.329442,-0.072367,-0.039135,0.030357,-0.080967,-0.137947,0.643181,0.014886,-0.127508,-0.467835,0.017605,0.062306,-0.035224,-0.002081,-0.150481,0.149492,-0.134544,-0.203394,0.073103,-0.147001,-0.233577,0.073129,-0.092801,-0.106044,0.198578,-0.402157,-0.203167,0.101340,-0.158823,-0.194253,0.102092,-0.175892,-0.230861,0.173732,0.062809
-0.178285,0.125665,-0.167499,-0.159248,0.458988,-0.092490,0.010391,-0.326651,-0.069096,-0.043166,0.019804,-0.077704,-0.142165,0.610327,0.025153,-0.132561,-0.467728,0.026959,0.051035,-0.047994,0.007459,-0.131493,0.135640,-0.134580,-0.201004,0.044157,-0.152535,-0.241439,0.044679,-0.080828,-0.094735,0.166216,-0.452878,-0.202539,0.060012,-0.166164,-0.175508,0.061538,-0.220373,-0.261246,0.137987,0.120540
-0.179766,0.099803,-0.161589,-0.158724,0.425561,-0.086763,0.013579,-0.318175,-0.066833,-0.039037,0.007751,-0.075293,-0.142064,0.569750,0.019096,-0.131187,-0.456672,0.019867,0.044917,-0.062063,0.000976,-0.114866,0.120919,-0.126283,-0.200282,0.017070,-0.149944,-0.250170,0.018323,-0.063147,-0.115090,0.122112,-0.452888,-0.200926,0.028668,-0.164014,-0.162215,0.030234,-0.242647,-0.243999,0.095564,0.130534
-0.180922,0.063416,-0.152015,-0.157355,0.377075,-0.075173,0.015172,-0.308395,-0.059879,-0.035301,-0.003284,-0.068139,-0.141000,0.525518,0.021921,-0.125620,-0.434114,0.020945,0.031278,-0.071566,0.003458,-0.105311,0.076512,-0.117136,-0.198719,-0.032691,-0.143672,-0.251150,-0.030821,-0.053140,-0.130314,0.052949,-0.448997,-0.199944,-0.024507,-0.158239,-0.157698,-0.023296,-0.244104,-0.231894,0.028137,0.142929
-0.181165,0.034665,-0.143480,-0.155025,0.337840,-0.064052,0.014686,-0.302233,-0.051735,-0.033243,-0.007731,-0.060056,-0.137594,0.500119,0.031116,-0.116923,-0.410915,0.028281,0.018620,-0.071340,0.012079,-0.107673,0.024622,-0.111520,-0.197367,-0.081085,-0.136465,-0.249506,-0.078718,-0.046631,-0.132139,-0.007616,-0.442660,-0.199720,-0.074312,-0.151150,-0.156160,-0.073566,-0.239539,-0.231748,-0.030066,0.151362
-0.182966,0.003979,-0.131934,-0.156101,0.269265,-0.054275,0.015487,-0.292745,-0.049601,-0.025799,-0.038339,-0.057047,-0.139416,0.445642,0.030361,-0.113474,-0.387896,0.025731,-0.002744,-0.082899,0.011367,-0.089453,-0.009204,-0.098643,-0.194159,-0.113665,-0.132580,-0.246237,-0.110792,-0.043787,-0.147985,-0.055208,-0.425463,-0.197093,-0.113352,-0.145692,-0.153072,-0.113096,-0.234631,-0.220360,-0.075410,0.156524
-0.183126,-0.027459,-0.115830,-0.156641,0.204642,-0.042372,0.014522,-0.271512,-0.045794,-0.021401,-0.068380,-0.051866,-0.141426,0.383584,0.029273,-0.110408,-0.359767,0.022839,-0.018519,-0.089541,0.010131,-0.068049,-0.038465,-0.081935,-0.185282,-0.125442,-0.127895,-0.175615,-0.126208,-0.140079,-0.174369,-0.084008,-0.400371,-0.190782,-0.143656,-0.136567,-0.147804,-0.143887,-0.222973,-0.195219,-0.102480,0.165635
-0.178310,-0.058737,-0.093528,-0.152478,0.176955,-0.025279,0.008909,-0.230324,-0.032603,-0.028226,-0.071345,-0.037290,-0.138357,0.335365,0.037287,-0.102520,-0.321190,0.029301,-0.014110,-0.074612,0.017331,-0.060983,-0.076777,-0.064452,-0.171277,-0.134735,-0.114363,-0.108346,-0.139502,-0.212969,-0.204944,-0.087997,-0.373532,-0.179438,-0.167447,-0.118171,-0.139195,-0.168109,-0.198661,-0.154194,-0.105921,0.185951
-0.169421,-0.093561,-0.067792,-0.145419,0.132647,-0.007143,0.003406,-0.198422,-0.018359,-0.036229,-0.088139,-0.021429,-0.135178,0.272594,0.036480,-0.092327,-0.273876,0.026283,-0.018534,-0.066602,0.016081,-0.053478,-0.109367,-0.046282,-0.154677,-0.153952,-0.094708,-0.117701,-0.156993,-0.152731,-0.250943,-0.074286,-0.349325,-0.162102,-0.187226,-0.096167,-0.127001,-0.188169,-0.166012,-0.087267,-0.093601,0.214866
-0.160908,-0.114596,-0.051586,-0.138761,0.093908,0.002557,0.000853,-0.191797,-0.010491,-0.041229,-0.110395,-0.012611,-0.132922,0.226667,0.026426,-0.084344,-0.241531,0.014423,-0.029040,-0.069569,0.006027,-0.049240,-0.120014,-0.036542,-0.141507,-0.161935,-0.080679,-0.130168,-0.162926,-0.098703,-0.289434,-0.050816,-0.338356,-0.147665,-0.192807,-0.081812,-0.119768,-0.193793,-0.136877,-0.028981,-0.071434,0.237751
-0.140068,-0.127422,-0.030240,-0.120266,0.065209,0.016670,-0.008031,-0.145973,0.004328,-0.051365,-0.097102,0.003294,-0.122957,0.165773,0.008810,-0.071796,-0.196899,-0.004240,-0.039150,-0.061754,-0.010576,-0.058849,-0.134830,-0.022435,-0.124545,-0.176232,-0.050912,-0.145095,-0.174298,-0.020074,-0.333915,-0.048978,-0.306504,-0.128475,-0.194355,-0.053998,-0.110077,-0.195090,-0.089855,0.058398,-0.071295,0.248193
-0.116426,-0.135846,-0.008530,-0.100352,0.038948,0.027597,-0.013078,-0.108350,0.016281,-0.054307,-0.080111,0.015866,-0.109134,0.110261,-0.002901,-0.056314,-0.157935,-0.016769,-0.047279,-0.052358,-0.021270,-0.073822,-0.148495,-0.005133,-0.110858,-0.191710,-0.015749,-0.160935,-0.186815,0.059610,-0.372843,-0.051718,-0.264807,-0.111873,-0.191744,-0.021584,-0.107717,-0.191845,-0.029247,0.145275,-0.075435,0.249116
-0.099561,-0.143874,0.008675,-0.089642,0.007308,0.027828,-0.004188,-0.126542,0.015730,-0.037879,-0.091539,0.014889,-0.095363,0.080310,0.004576,-0.039889,-0.142852,-0.010235,-0.052108,-0.050893,-0.013597,-0.085715,-0.155850,0.014258,-0.107440,-0.203484,0.014282,-0.175854,-0.196629,0.116680,-0.394624,-0.042830,-0.224707,-0.104842,-0.186018,0.006664,-0.116911,-0.185271,0.030360,0.201917,-0.066827,0.243247
-0.078892,-0.144159,0.015705,-0.072189,-0.003891,0.025872,0.013461,-0.119437,0.011782,-0.008885,-0.075073,0.010418,-0.079330,0.048468,-0.002601,-0.027021,-0.121332,-0.016755,-0.057927,-0.038507,-0.019247,-0.091887,-0.148833,0.024079,-0.100785,-0.198566,0.032732,-0.163158,-0.192149,0.123657,-0.427722,-0.028159,-0.153131,-0.092748,-0.167626,0.025273,-0.122419,-0.165943,0.082048,0.277142,-0.052402,0.185774
-0.064694,-0.136612,0.009150,-0.056698,0.010947,0.022571,0.031119,-0.090535,0.006312,0.018271,-0.038884,0.004560,-0.069029,0.030623,-0.020931,-0.024136,-0.104155,-0.033154,-0.061840,-0.021438,-0.035494,-0.089208,-0.131025,0.019586,-0.093651,-0.177014,0.030049,-0.112407,-0.174985,0.052613,-0.455527,-0.015451,-0.086297,-0.082206,-0.144134,0.024560,-0.132681,-0.141249,0.119978,0.333125,-0.039395,0.106291
-0.055485,-0.149610,0.012555,-0.050298,0.003263,0.017271,0.038308,-0.094764,0.000366,0.022561,-0.025365,-0.001994,-0.057066,0.034951,-0.009061,-0.007051,-0.106897,-0.022794,-0.052395,-0.031460,-0.024650,-0.066908,-0.144060,0.022281,-0.076818,-0.157365,0.019832,-0.056321,-0.159410,-0.018433,-0.482046,0.010502,-0.004249,-0.064160,-0.135160,0.022970,-0.133832,-0.131266,0.152964,0.379894,-0.013334,0.032143
-0.051816,-0.166835,0.017546,-0.049276,0.000483,0.013386,0.039992,-0.109736,-0.002496,0.019819,-0.020791,-0.005491,-0.048381,0.052204,0.010917,0.007965,-0.119295,-0.004630,-0.040705,-0.043677,-0.006430,-0.039980,-0.165152,0.027587,-0.062336,-0.143368,0.006877,-0.011208,-0.148687,-0.078070,-0.502563,0.037453,0.068657,-0.049037,-0.134479,0.019776,-0.134532,-0.129792,0.177402,0.410138,0.013649,-0.030130
-0.054196,-0.171969,0.015782,-0.049946,0.030036,0.014282,0.041129,-0.113018,0.001254,0.025926,-0.011353,-0.002212,-0.047928,0.073124,0.017095,0.004746,-0.131085,0.002459,-0.037888,-0.033240,-0.000422,-0.023380,-0.171626,0.030732,-0.062060,-0.137320,-0.004308,0.015799,-0.145583,-0.128608,-0.512962,0.051791,0.109039,-0.047302,-0.135817,0.014165,-0.144340,-0.130581,0.191233,0.416734,0.028366,-0.073999
-0.052986,-0.175489,0.017565,-0.049098,0.072723,0.011869,0.044973,-0.128456,0.003968,0.028422,-0.006110,-0.000179,-0.043920,0.114872,0.025050,0.006361,-0.144572,0.010866,-0.024052,-0.015849,0.006449,-0.010582,-0.182745,0.033997,-0.055384,-0.122717,-0.012733,0.041619,-0.133164,-0.164274,-0.503158,0.082071,0.145779,-0.040658,-0.128882,0.012207,-0.143910,-0.123465,0.198607,0.410986,0.059688,-0.106952
-0.048757,-0.175602,0.022075,-0.047179,0.107188,0.007358,0.049551,-0.148376,0.004265,0.026037,-0.007696,-0.000421,-0.038386,0.156638,0.030735,0.011971,-0.152922,0.016149,-0.006135,-0.000132,0.010526,-0.007966,-0.192863,0.035788,-0.045302,-0.105094,-0.014360,0.065745,-0.117226,-0.184907,-0.478631,0.112902,0.159434,-0.032671,-0.116663,0.014774,-0.137142,-0.111312,0.201537,0.396304,0.091748,-0.111558
-0.042655,-0.173107,0.030869,-0.043232,0.153516,0.007404,0.048369,-0.158231,0.011795,0.026592,-0.021735,0.007275,-0.031182,0.207777,0.039757,0.012442,-0.164604,0.026493,0.007325,-0.002635,0.020283,-0.016602,-0.178496,0.038089,-0.036039,-0.084642,-0.002189,0.083560,-0.097837,-0.182758,-0.418980,0.144313,0.127042,-0.027184,-0.096973,0.024394,-0.126526,-0.091907,0.200988,0.349938,0.125682,-0.061618
-0.037064,-0.168859,0.036263,-0.038741,0.206214,0.007093,0.048624,-0.163237,0.018927,0.028029,-0.026820,0.014440,-0.025292,0.255999,0.043137,0.006471,-0.175030,0.032591,0.013482,-0.006040,0.025914,-0.031533,-0.159261,0.040917,-0.034437,-0.071441,0.013264,0.081547,-0.084362,-0.159293,-0.346255,0.164280,0.082452,-0.028507,-0.078417,0.034886,-0.114981,-0.074061,0.187665,0.288751,0.148830,-0.006505
-0.034083,-0.163703,0.030516,-0.034944,0.259812,0.001571,0.057711,-0.168663,0.018029,0.028481,-0.001493,0.012615,-0.023510,0.289122,0.031919,-0.006875,-0.179450,0.025092,0.009817,0.007119,0.017589,-0.047587,-0.154564,0.044347,-0.046787,-0.074152,0.021286,0.055220,-0.085596,-0.128742,-0.282024,0.161864,0.060244,-0.041104,-0.068341,0.039675,-0.112542,-0.064908,0.164831,0.229648,0.149730,0.003730
-0.030435,-0.158577,0.022175,-0.031511,0.311893,-0.009287,0.066220,-0.181753,0.012578,0.026590,0.014649,0.006328,-0.019550,0.330780,0.022525,-0.014815,-0.190355,0.018380,0.010923,0.018796,0.009887,-0.067708,-0.146328,0.043431,-0.059752,-0.077990,0.028625,0.024624,-0.087540,-0.094015,-0.226225,0.159237,0.041509,-0.053310,-0.057180,0.042875,-0.113011,-0.054449,0.146577,0.180395,0.149895,0.005332
-0.027994,-0.155970,0.015406,-0.030447,0.336481,-0.020151,0.069641,-0.195854,0.005139,0.023026,0.013616,-0.001397,-0.015487,0.360242,0.019471,-0.013576,-0.202197,0.015232,0.016059,0.023243,0.006097,-0.081897,-0.138599,0.038612,-0.067098,-0.082053,0.031804,-0.001624,-0.089531,-0.062648,-0.207365,0.157612,0.035165,-0.058858,-0.051344,0.043064,-0.110593,-0.049142,0.131994,0.165935,0.149299,-0.002243
-0.021344,-0.157791,0.010832,-0.025031,0.366194,-0.028818,0.074304,-0.206322,0.001180,0.019488,0.010511,-0.005423,-0.008909,0.375432,0.013737,-0.015640,-0.218566,0.011208,0.013409,0.015049,0.001861,-0.085749,-0.140915,0.036641,-0.066073,-0.077352,0.030988,-0.013823,-0.083376,-0.043807,-0.181729,0.166873,0.050855,-0.057234,-0.040453,0.042756,-0.104960,-0.038569,0.124005,0.153906,0.159700,-0.027227
-0.014385,-0.163089,0.007375,-0.019467,0.390906,-0.036556,0.078689,-0.215120,-0.002350,0.014700,0.005896,-0.008898,-0.001688,0.384882,0.010242,-0.018280,-0.234150,0.009890,0.008933,0.001841,0.000586,-0.085276,-0.149686,0.035599,-0.062826,-0.075775,0.028695,-0.018695,-0.080910,-0.034111,-0.166206,0.171997,0.075230,-0.053378,-0.034944,0.042017,-0.099691,-0.033245,0.120137,0.152622,0.165443,-0.058655
-0.011134,-0.170817,0.004011,-0.018090,0.400628,-0.044498,0.080963,-0.224094,-0.008465,0.007075,0.000503,-0.014916,0.004404,0.397300,0.014013,-0.018781,-0.243478,0.014819,0.008520,-0.008634,0.005635,-0.086648,-0.161190,0.033672,-0.063720,-0.089040,0.027576,-0.022933,-0.093819,-0.030463,-0.178144,0.157819,0.095299,-0.052531,-0.044782,0.041000,-0.100350,-0.043105,0.121137,0.170689,0.150763,-0.085614
-0.004995,-0.184689,0.002205,-0.013230,0.424900,-0.050167,0.084508,-0.245594,-0.008224,-0.001334,-0.011452,-0.014751,0.011933,0.418602,0.013949,-0.019538,-0.256479,0.016343,0.008184,-0.007423,0.006726,-0.082054,-0.169631,0.027554,-0.054350,-0.094405,0.023738,-0.012473,-0.099336,-0.035860,-0.182120,0.153097,0.114944,-0.042812,-0.051837,0.037518,-0.093983,-0.050028,0.123064,0.187277,0.145699,-0.108842
0.001044,-0.197775,0.002830,-0.007422,0.451633,-0.050698,0.087445,-0.268787,-0.001561,-0.006368,-0.023953,-0.008232,0.017094,0.438082,0.010067,-0.020216,-0.266663,0.013243,0.008093,0.004892,0.002909,-0.073746,-0.170748,0.020098,-0.039181,-0.089257,0.019041,0.006607,-0.094675,-0.045940,-0.176395,0.160140,0.124117,-0.028904,-0.052786,0.033131,-0.082022,-0.050867,0.121797,0.194478,0.152719,-0.116592
0.005222,-0.222888,0.005857,-0.004781,0.471734,-0.051794,0.085682,-0.269197,0.001943,-0.021956,-0.036586,-0.004156,0.022213,0.444127,0.014050,-0.018637,-0.247418,0.017880,0.010566,0.005790,0.008262,-0.055268,-0.213924,0.019336,-0.022772,-0.112140,0.010748,0.026920,-0.118021,-0.059622,-0.169019,0.123494,0.136714,-0.015625,-0.085868,0.028096,-0.068045,-0.083993,0.115228,0.194864,0.116261,-0.123038
0.008306,-0.246207,0.008416,-0.002342,0.488505,-0.050697,0.085767,-0.259762,0.005394,-0.034704,-0.043275,-0.000045,0.025647,0.451434,0.016068,-0.021724,-0.225490,0.021845,0.009358,0.003970,0.013074,-0.036391,-0.255589,0.020599,-0.008281,-0.132207,0.002439,0.045949,-0.138622,-0.074120,-0.158830,0.081555,0.140540,-0.005207,-0.115721,0.022904,-0.055380,-0.113940,0.106000,0.189943,0.074671,-0.121669
0.011252,-0.254060,0.007633,0.003161,0.505192,-0.044702,0.094597,-0.253508,0.011844,-0.030770,-0.038095,0.006573,0.025675,0.474583,0.006586,-0.036153,-0.227644,0.016948,-0.001654,0.008098,0.007882,-0.026781,-0.252318,0.018859,0.001223,-0.119064,-0.002323,0.059350,-0.125920,-0.083852,-0.144760,0.072217,0.123403,0.000311,-0.107269,0.018024,-0.046582,-0.105597,0.095421,0.181585,0.065828,-0.105886
0.015057,-0.271543,0.006410,0.008334,0.524291,-0.042487,0.103547,-0.250282,0.014933,-0.027748,-0.028743,0.009671,0.029825,0.497355,0.004886,-0.042451,-0.222245,0.018667,-0.002444,0.011713,0.009519,-0.013471,-0.262527,0.017999,0.012056,-0.113800,-0.009534,0.070125,-0.120624,-0.090490,-0.128973,0.064794,0.112595,0.007572,-0.107209,0.012225,-0.034860,-0.105775,0.081754,0.173744,0.058928,-0.097170
0.017780,-0.289799,0.005449,0.010093,0.536413,-0.044720,0.107885,-0.251425,0.013681,-0.027399,-0.019664,0.008363,0.036124,0.508446,0.011921,-0.037507,-0.211920,0.026035,0.007325,0.013082,0.017031,-0.003223,-0.280951,0.018476,0.018932,-0.118383,-0.015519,0.075788,-0.125034,-0.094305,-0.119640,0.063261,0.113456,0.012893,-0.115489,0.008390,-0.025192,-0.114394,0.069983,0.170485,0.057756,-0.099482
0.016452,-0.308882,0.006368,0.009818,0.543292,-0.040537,0.119046,-0.260886,0.015111,-0.018094,-0.014140,0.009682,0.037614,0.510075,0.019102,-0.040994,-0.226854,0.034801,0.009006,0.017563,0.024937,0.008450,-0.310925,0.020199,0.026451,-0.124975,-0.023646,0.082756,-0.131519,-0.101451,-0.117540,0.037155,0.123865,0.017053,-0.129102,0.003445,-0.018307,-0.128187,0.060091,0.165318,0.031967,-0.107777
0.013731,-0.326301,0.006257,0.008521,0.549923,-0.036683,0.126682,-0.271820,0.017363,-0.009898,-0.010570,0.011853,0.037242,0.513557,0.023832,-0.047092,-0.246011,0.041375,0.009130,0.019207,0.030566,0.017327,-0.338802,0.020719,0.032478,-0.126292,-0.032996,0.090185,-0.132954,-0.112550,-0.121384,0.017351,0.144423,0.020164,-0.137484,-0.002134,-0.013549,-0.136738,0.051267,0.163528,0.012411,-0.128236
0.012511,-0.339462,0.002342,0.007241,0.561481,-0.039747,0.120754,-0.277092,0.018946,-0.012422,-0.007168,0.013524,0.038166,0.530358,0.023627,-0.049674,-0.248209,0.042299,0.014383,0.012223,0.031370,0.019440,-0.350773,0.017629,0.035015,-0.115012,-0.042531,0.096552,-0.122083,-0.126936,-0.129625,0.034893,0.175824,0.022412,-0.129743,-0.007851,-0.011175,-0.129238,0.044397,0.170546,0.030115,-0.166809
0.013129,-0.351597,-0.001454,0.006374,0.572262,-0.045356,0.111861,-0.280012,0.019577,-0.017776,-0.004076,0.014280,0.039896,0.544565,0.021234,-0.048789,-0.254757,0.039741,0.023605,0.002440,0.028637,0.016154,-0.355972,0.013028,0.036974,-0.102812,-0.048345,0.105050,-0.110601,-0.141242,-0.139277,0.048051,0.213951,0.024475,-0.118513,-0.011554,-0.011578,-0.118116,0.043871,0.182435,0.043481,-0.211885
0.015162,-0.356730,-0.003209,0.005882,0.576802,-0.050331,0.104368,-0.279156,0.019384,-0.023461,-0.002859,0.014318,0.041441,0.548998,0.018006,-0.044860,-0.262424,0.035025,0.032126,-0.005277,0.023739,0.008955,-0.351877,0.009142,0.037377,-0.095532,-0.047419,0.114138,-0.104292,-0.151546,-0.145271,0.049946,0.240321,0.025164,-0.109498,-0.011561,-0.015151,-0.109024,0.050284,0.192766,0.045613,-0.241334
0.012329,-0.377193,0.001028,-0.001632,0.591391,-0.053593,0.099205,-0.279967,0.018113,-0.033526,0.001195,0.013194,0.041671,0.567640,0.027164,-0.043877,-0.266163,0.043065,0.049016,-0.011263,0.031384,0.012507,-0.371523,0.009790,0.045014,-0.085990,-0.052166,0.128172,-0.095449,-0.164402,-0.150260,0.062786,0.271982,0.030431,-0.107562,-0.013033,-0.013010,-0.107045,0.053425,0.193411,0.058835,-0.263691
0.007463,-0.400320,0.007267,-0.011866,0.613993,-0.055802,0.099007,-0.283657,0.015442,-0.041463,0.004059,0.010664,0.039942,0.595996,0.037868,-0.043866,-0.266530,0.051803,0.063559,-0.010728,0.039662,0.021751,-0.398608,0.013263,0.054442,-0.078328,-0.058438,0.145241,-0.088622,-0.180343,-0.154912,0.072775,0.294804,0.036427,-0.111239,-0.015119,-0.007926,-0.110747,0.052424,0.189622,0.069149,-0.273155
0.003567,-0.413470,0.011676,-0.020411,0.642480,-0.057654,0.106573,-0.291508,0.011178,-0.040626,0.001749,0.006577,0.035274,0.629593,0.039380,-0.042926,-0.263929,0.049164,0.064755,0.001304,0.036637,0.031760,-0.416832,0.017859,0.060088,-0.077282,-0.062019,0.159485,-0.088505,-0.194774,-0.159489,0.066009,0.294931,0.039254,-0.118805,-0.016981,-0.004421,-0.118349,0.049248,0.186424,0.062439,-0.264085
-0.002927,-0.430944,0.022985,-0.036038,0.662214,-0.059115,0.113980,-0.307812,0.002989,-0.042715,-0.011692,-0.001359,0.027648,0.659928,0.047642,-0.044361,-0.269434,0.052548,0.064271,0.008238,0.039496,0.050207,-0.435000,0.023013,0.076126,-0.064525,-0.066803,0.181155,-0.076307,-0.206459,-0.158019,0.075631,0.285846,0.049882,-0.123521,-0.019095,0.008937,-0.123057,0.042942,0.172617,0.072115,-0.231736
-0.008794,-0.444088,0.035533,-0.051834,0.663237,-0.058972,0.116886,-0.324477,-0.004513,-0.047281,-0.029654,-0.008534,0.020820,0.671751,0.058557,-0.047367,-0.280379,0.060043,0.062372,0.006555,0.046560,0.067977,-0.444059,0.026467,0.094389,-0.046404,-0.069768,0.203793,-0.058585,-0.214573,-0.148087,0.095331,0.274356,0.063007,-0.124030,-0.020253,0.028418,-0.123705,0.031823,0.151610,0.092088,-0.194480
-0.011802,-0.467429,0.035042,-0.057526,0.677138,-0.060224,0.129021,-0.326413,-0.014079,-0.040337,-0.026438,-0.017832,0.018066,0.698346,0.058130,-0.054015,-0.278721,0.060419,0.063285,0.016963,0.046276,0.111387,-0.473474,0.028512,0.115988,-0.051787,-0.088785,0.228986,-0.064233,-0.237818,-0.124695,0.064771,0.222081,0.077977,-0.150720,-0.037194,0.051682,-0.150374,0.002559,0.121209,0.061697,-0.143245
-0.013097,-0.497145,0.032407,-0.059301,0.694182,-0.060107,0.138999,-0.320585,-0.019762,-0.032730,-0.014968,-0.023285,0.015156,0.724375,0.052596,-0.058788,-0.270853,0.054825,0.065855,0.027769,0.040230,0.155517,-0.510470,0.029108,0.137682,-0.069602,-0.108047,0.249957,-0.081801,-0.255633,-0.096323,0.021701,0.166787,0.094040,-0.188736,-0.055040,0.079069,-0.188491,-0.032340,0.088912,0.018863,-0.093425
-0.014063,-0.529425,0.038756,-0.063787,0.704468,-0.055311,0.134996,-0.314112,-0.015381,-0.035511,-0.008262,-0.018514,0.007635,0.734401,0.048522,-0.056845,-0.263153,0.044491,0.068336,0.027250,0.029993,0.175708,-0.542286,0.027662,0.156553,-0.087832,-0.111791,0.264246,-0.099343,-0.252658,-0.072483,0.004421,0.146219,0.110293,-0.222706,-0.059005,0.108015,-0.222799,-0.055954,0.062801,0.002005,-0.059957
-0.014555,-0.563784,0.045554,-0.064891,0.712629,-0.045504,0.135756,-0.308429,-0.007063,-0.033999,0.002817,-0.009843,0.003934,0.735056,0.051298,-0.051819,-0.260786,0.041187,0.066148,0.017060,0.027233,0.204523,-0.575066,0.029457,0.179455,-0.100817,-0.116939,0.283807,-0.111746,-0.252782,-0.026634,-0.022334,0.104498,0.127811,-0.253709,-0.065095,0.136873,-0.253775,-0.078452,0.015235,-0.024018,-0.004547
-0.014337,-0.582962,0.049383,-0.063215,0.714700,-0.035317,0.139721,-0.306306,0.000955,-0.030127,0.012770,-0.001469,0.005650,0.726098,0.059286,-0.046451,-0.264833,0.046076,0.060059,0.002442,0.032754,0.227522,-0.592089,0.034789,0.193480,-0.104020,-0.118784,0.291224,-0.114006,-0.245408,0.025863,-0.047924,0.066521,0.137829,-0.268151,-0.068962,0.160821,-0.268299,-0.102589,-0.038144,-0.048666,0.040928
-0.012233,-0.621795,0.052966,-0.063702,0.726048,-0.031084,0.146786,-0.318994,0.003400,-0.028118,0.011048,0.001409,0.003799,0.739986,0.058382,-0.048129,-0.262194,0.043417,0.048718,-0.001562,0.030554,0.254411,-0.634666,0.040100,0.209030,-0.134816,-0.121393,0.295136,-0.143348,-0.232275,0.060294,-0.089523,0.050895,0.152101,-0.310469,-0.072381,0.189339,-0.310852,-0.126883,-0.069653,-0.089814,0.063669
-0.009884,-0.660427,0.056665,-0.067774,0.744946,-0.031457,0.149929,-0.322950,0.001158,-0.030461,0.011893,-0.000279,-0.000038,0.760041,0.054888,-0.051230,-0.257104,0.037487,0.040217,0.000119,0.024846,0.282014,-0.676563,0.047136,0.222903,-0.167065,-0.123223,0.298940,-0.174354,-0.220526,0.076037,-0.124977,0.049715,0.166482,-0.353397,-0.074433,0.215481,-0.354004,-0.145942,-0.081867,-0.125272,0.072274
-0.009200,-0.678880,0.060928,-0.077162,0.769846,-0.034876,0.141870,-0.294576,-0.004746,-0.039951,0.029489,-0.005484,-0.004138,0.769665,0.055148,-0.050177,-0.253763,0.032427,0.042621,0.002641,0.019682,0.306852,-0.691341,0.058065,0.231397,-0.175106,-0.122037,0.301511,-0.181576,-0.211062,0.072557,-0.131973,0.055302,0.176654,-0.369722,-0.073678,0.233988,-0.370466,-0.156774,-0.078114,-0.132671,0.075393
-0.007593,-0.706243,0.067845,-0.086355,0.785883,-0.035573,0.139383,-0.293264,-0.008743,-0.049466,0.032066,-0.008847,-0.006506,0.786774,0.059669,-0.050457,-0.247976,0.033343,0.039645,0.008166,0.020585,0.329601,-0.719354,0.069166,0.242786,-0.192499,-0.117700,0.311433,-0.198559,-0.204213,0.062319,-0.158957,0.054626,0.188456,-0.396039,-0.070794,0.250411,-0.396706,-0.159422,-0.066166,-0.160310,0.089920
-0.005847,-0.728876,0.073871,-0.092467,0.785002,-0.032655,0.142018,-0.319681,-0.008878,-0.055905,0.018357,-0.008376,-0.007026,0.802765,0.066115,-0.053262,-0.242609,0.039335,0.031438,0.013912,0.026618,0.339042,-0.745978,0.076675,0.249809,-0.210192,-0.109439,0.320126,-0.216097,-0.197395,0.051035,-0.192599,0.049809,0.195715,-0.418402,-0.065638,0.260716,-0.418905,-0.157248,-0.053213,-0.194530,0.106618
-0.001347,-0.749068,0.075668,-0.097222,0.820436,-0.034766,0.147813,-0.322398,-0.013462,-0.056267,0.015871,-0.012255,-0.009667,0.829471,0.062648,-0.054753,-0.234368,0.032142,0.030013,0.025308,0.019157,0.343169,-0.758605,0.079709,0.254082,-0.219523,-0.102288,0.325627,-0.225226,-0.190867,0.015527,-0.185160,0.036779,0.202509,-0.428335,-0.061294,0.269715,-0.428779,-0.154994,-0.009975,-0.188055,0.123710
0.004446,-0.764731,0.077774,-0.102825,0.862014,-0.038100,0.150743,-0.320440,-0.017303,-0.055152,0.014071,-0.015491,-0.012319,0.856573,0.058709,-0.056761,-0.230411,0.024476,0.032503,0.031595,0.011087,0.346303,-0.770718,0.085892,0.256292,-0.225654,-0.093148,0.331840,-0.231339,-0.185729,-0.019744,-0.175389,0.013174,0.206770,-0.432542,-0.055429,0.272819,-0.432818,-0.146271,0.035317,-0.179147,0.151986
0.010005,-0.773960,0.084390,-0.111594,0.879497,-0.038802,0.144583,-0.332873,-0.015415,-0.057300,0.002358,-0.013110,-0.012518,0.873495,0.063458,-0.060901,-0.238059,0.028869,0.036449,0.021755,0.015114,0.352553,-0.795972,0.102605,0.257017,-0.234554,-0.078816,0.338239,-0.240249,-0.177531,-0.029399,-0.202226,-0.022779,0.206798,-0.438483,-0.045708,0.269857,-0.438364,-0.130569,0.053910,-0.206615,0.201129
0.016247,-0.782218,0.082832,-0.119094,0.896291,-0.046243,0.145614,-0.349069,-0.025078,-0.055112,-0.009272,-0.022267,-0.009738,0.885551,0.062906,-0.059030,-0.245366,0.025525,0.044833,0.016877,0.011277,0.341889,-0.810222,0.104188,0.252372,-0.248170,-0.067558,0.334273,-0.253507,-0.166167,-0.046236,-0.223674,-0.060167,0.203020,-0.443308,-0.040166,0.265607,-0.442940,-0.122935,0.081260,-0.228509,0.235461
0.020239,-0.785404,0.073886,-0.124012,0.903875,-0.055411,0.150680,-0.361099,-0.040911,-0.052255,-0.015153,-0.037589,-0.006848,0.886774,0.057726,-0.054209,-0.248565,0.015908,0.051304,0.019509,0.001191,0.319994,-0.805671,0.092032,0.243261,-0.257650,-0.061986,0.322831,-0.262456,-0.156719,-0.069552,-0.227060,-0.081241,0.196729,-0.441660,-0.040138,0.258193,-0.441152,-0.120317,0.110633,-0.231847,0.238992
0.025655,-0.783214,0.067951,-0.124943,0.936304,-0.058529,0.146966,-0.347528,-0.038813,-0.056021,0.003383,-0.034943,-0.002781,0.900507,0.055102,-0.060819,-0.253563,0.019267,0.054761,0.020343,0.003756,0.296154,-0.796867,0.088331,0.228402,-0.261839,-0.051721,0.306623,-0.266214,-0.143765,-0.087081,-0.227037,-0.085554,0.185140,-0.429849,-0.034743,0.243124,-0.429263,-0.109437,0.137260,-0.231425,0.231861
0.032131,-0.780094,0.064728,-0.127324,0.972074,-0.060980,0.143189,-0.346710,-0.033376,-0.062643,0.017486,-0.028922,0.000726,0.917857,0.053475,-0.071121,-0.263443,0.026379,0.054418,0.020666,0.009868,0.271730,-0.791079,0.085257,0.215217,-0.265069,-0.039832,0.292089,-0.269035,-0.129204,-0.095667,-0.225058,-0.081620,0.174823,-0.417113,-0.027391,0.226569,-0.416475,-0.093155,0.157127,-0.228877,0.221986
0.039242,-0.780667,0.063646,-0.136879,0.989514,-0.067619,0.147394,-0.397137,-0.039623,-0.069183,-0.002013,-0.034362,0.001998,0.929877,0.051374,-0.077621,-0.281271,0.027695,0.049249,0.021867,0.010043,0.248634,-0.795816,0.074792,0.211581,-0.271661,-0.029821,0.286581,-0.275219,-0.115929,-0.092667,-0.222955,-0.078140,0.172822,-0.413390,-0.021697,0.217355,-0.412697,-0.077403,0.166711,-0.226342,0.217106
0.046500,-0.783759,0.055800,-0.144613,1.016796,-0.078490,0.150675,-0.443569,-0.045574,-0.074107,-0.013638,-0.039529,0.002804,0.958299,0.042434,-0.088663,-0.298131,0.025342,0.041098,0.028099,0.006219,0.224102,-0.799174,0.059114,0.204881,-0.282788,-0.025505,0.278589,-0.285984,-0.109092,-0.080909,-0.223024,-0.086158,0.167798,-0.412255,-0.021783,0.207116,-0.411517,-0.070172,0.167964,-0.226189,0.210292
0.050517,-0.787746,0.045058,-0.149020,1.040255,-0.085995,0.149071,-0.462836,-0.046201,-0.077098,-0.011481,-0.039584,0.001456,0.988988,0.032100,-0.100468,-0.305430,0.021321,0.032250,0.036419,0.000963,0.210331,-0.799062,0.047832,0.197151,-0.292889,-0.026591,0.267521,-0.295656,-0.105402,-0.071144,-0.224880,-0.101308,0.161915,-0.412814,-0.026562,0.197643,-0.412019,-0.069782,0.164824,-0.228084,0.204935
0.058015,-0.789799,0.044990,-0.156305,1.064089,-0.087110,0.145705,-0.492244,-0.037796,-0.082813,-0.009575,-0.030592,0.014542,1.001371,0.042134,-0.095927,-0.321771,0.037066,0.042349,0.029577,0.015648,0.195722,-0.792701,0.041157,0.195040,-0.306386,-0.016680,0.261547,-0.308708,-0.090305,-0.060929,-0.238545,-0.124890,0.160421,-0.417311,-0.021322,0.193536,-0.416419,-0.060544,0.168470,-0.242302,0.229174
0.062812,-0.790337,0.044511,-0.163156,1.088002,-0.085724,0.144755,-0.520105,-0.028845,-0.086753,-0.014281,-0.021083,0.024848,1.008830,0.050810,-0.091324,-0.342516,0.048552,0.052546,0.016373,0.026085,0.184544,-0.786248,0.034511,0.193530,-0.319049,-0.009396,0.254048,-0.320915,-0.075572,-0.057301,-0.252069,-0.147202,0.159723,-0.423741,-0.017910,0.192129,-0.422741,-0.055540,0.173534,-0.256435,0.251231
0.059291,-0.789423,0.031977,-0.165461,1.112029,-0.086548,0.151152,-0.534434,-0.028590,-0.083928,-0.031678,-0.020475,0.014620,1.025096,0.037262,-0.102907,-0.362709,0.031706,0.043910,0.006048,0.008232,0.181153,-0.785531,0.023269,0.188130,-0.326102,-0.018539,0.241276,-0.327564,-0.075752,-0.066777,-0.253269,-0.159028,0.156648,-0.429594,-0.028530,0.189834,-0.428518,-0.066534,0.174991,-0.257722,0.239061
0.049907,-0.784483,0.018036,-0.169915,1.122319,-0.087583,0.149990,-0.535777,-0.028849,-0.085402,-0.042118,-0.020547,0.007130,1.033851,0.028441,-0.107633,-0.373775,0.015524,0.039512,-0.004947,-0.008391,0.180174,-0.778590,0.018296,0.176175,-0.330464,-0.029321,0.226136,-0.331683,-0.082315,-0.083365,-0.250394,-0.182940,0.147140,-0.433139,-0.040590,0.179912,-0.432014,-0.077525,0.172048,-0.255228,0.235970
0.039344,-0.778136,0.009579,-0.176475,1.113500,-0.085245,0.140108,-0.523579,-0.026375,-0.092068,-0.040422,-0.017996,0.005635,1.030570,0.029332,-0.104616,-0.370255,0.008758,0.040075,-0.011166,-0.015014,0.181848,-0.768957,0.023340,0.162549,-0.331546,-0.034592,0.210940,-0.332586,-0.085198,-0.100029,-0.246111,-0.205099,0.135772,-0.433355,-0.047188,0.168002,-0.432190,-0.082895,0.167060,-0.251501,0.241956
0.029447,-0.769258,-0.002603,-0.172892,1.098936,-0.082459,0.132830,-0.496290,-0.018428,-0.084375,-0.040625,-0.010385,0.005517,1.030194,0.025474,-0.103243,-0.372858,-0.000959,0.041112,-0.035670,-0.023953,0.184380,-0.762470,0.011334,0.161405,-0.329701,-0.047222,0.206792,-0.330596,-0.093905,-0.117246,-0.238129,-0.223466,0.136430,-0.438264,-0.060647,0.168141,-0.437071,-0.095168,0.164226,-0.243792,0.236464
0.020928,-0.757064,-0.014584,-0.164261,1.075644,-0.079015,0.127340,-0.464933,-0.008237,-0.070085,-0.044863,-0.000742,0.007076,1.023249,0.020796,-0.103548,-0.370784,-0.005559,0.039672,-0.066745,-0.027096,0.187329,-0.756534,-0.003551,0.163956,-0.328520,-0.059775,0.209285,-0.329330,-0.105684,-0.127402,-0.238731,-0.236536,0.140245,-0.445483,-0.074267,0.172349,-0.444227,-0.108570,0.157465,-0.244582,0.225546
0.014368,-0.740785,-0.022443,-0.155508,1.040667,-0.074811,0.122805,-0.440476,0.000513,-0.057135,-0.055161,0.007487,0.011145,1.000164,0.018775,-0.105084,-0.353275,0.002649,0.033407,-0.092677,-0.016583,0.189507,-0.748590,-0.007321,0.161174,-0.332127,-0.065244,0.209979,-0.332870,-0.114138,-0.123222,-0.260145,-0.242536,0.138147,-0.452404,-0.081698,0.171469,-0.451038,-0.116561,0.141161,-0.266282,0.214686
0.007356,-0.724517,-0.033222,-0.142423,0.999794,-0.072438,0.116135,-0.394837,0.008958,-0.036815,-0.053438,0.015152,0.016848,0.959302,0.013829,-0.104939,-0.330116,0.012978,0.030551,-0.112667,-0.003920,0.187592,-0.741434,-0.012996,0.154325,-0.343371,-0.072492,0.204544,-0.344028,-0.122188,-0.124945,-0.298013,-0.241731,0.132145,-0.464005,-0.090729,0.167856,-0.462524,-0.127424,0.130339,-0.303919,0.190501
0.003378,-0.716429,-0.041455,-0.132126,0.973399,-0.071413,0.111186,-0.350668,0.014720,-0.018788,-0.040435,0.020328,0.021611,0.921062,0.008431,-0.103879,-0.312834,0.020476,0.031910,-0.116692,0.004714,0.182373,-0.738683,-0.016563,0.146225,-0.358943,-0.076033,0.197649,-0.359526,-0.126248,-0.124981,-0.337143,-0.230777,0.124959,-0.476496,-0.095978,0.161841,-0.474976,-0.133243,0.123800,-0.342484,0.161402
-0.001860,-0.697301,-0.043071,-0.121026,0.923867,-0.064654,0.103097,-0.314327,0.028074,-0.011317,-0.037305,0.033186,0.028321,0.869869,0.010384,-0.096272,-0.278339,0.034503,0.036692,-0.098914,0.019749,0.165728,-0.733786,-0.030826,0.142758,-0.379942,-0.074355,0.191995,-0.380472,-0.121571,-0.146642,-0.401375,-0.193028,0.121542,-0.496787,-0.095719,0.158539,-0.495314,-0.132561,0.137048,-0.404934,0.117423
-0.005666,-0.673789,-0.041551,-0.110695,0.869044,-0.056752,0.096558,-0.286668,0.039595,-0.007455,-0.036720,0.044362,0.033519,0.818253,0.013332,-0.086943,-0.237978,0.046086,0.039773,-0.067001,0.031977,0.144502,-0.730930,-0.044961,0.138045,-0.400575,-0.069180,0.189974,-0.401108,-0.118076,-0.167143,-0.464350,-0.139728,0.116845,-0.514695,-0.091749,0.149834,-0.513441,-0.124145,0.151889,-0.465742,0.064103
-0.005253,-0.652449,-0.040141,-0.102589,0.826957,-0.052198,0.096462,-0.268358,0.039799,-0.000323,-0.031338,0.044426,0.033574,0.778888,0.011343,-0.080496,-0.202949,0.046721,0.036174,-0.028288,0.032574,0.124807,-0.734276,-0.047804,0.126056,-0.415702,-0.062381,0.186875,-0.416254,-0.118718,-0.162711,-0.499875,-0.081961,0.105979,-0.520146,-0.085778,0.131316,-0.519239,-0.110336,0.149501,-0.499396,0.007129
-0.007159,-0.630931,-0.038253,-0.095815,0.787595,-0.046992,0.096926,-0.252685,0.038135,-0.002602,-0.020439,0.042898,0.036402,0.745947,0.012704,-0.075032,-0.177843,0.055336,0.025558,0.005549,0.040983,0.104155,-0.756173,-0.049860,0.112854,-0.441303,-0.055316,0.180973,-0.441821,-0.117426,-0.165661,-0.557960,-0.049386,0.092706,-0.536216,-0.080989,0.108608,-0.535674,-0.096159,0.150114,-0.556400,-0.024427
-0.010470,-0.620020,-0.036855,-0.093689,0.770564,-0.043235,0.099124,-0.247285,0.035913,-0.011842,-0.009307,0.041113,0.041312,0.735792,0.015945,-0.072286,-0.175297,0.067350,0.014166,0.017505,0.052634,0.092714,-0.785805,-0.049241,0.105072,-0.467940,-0.049795,0.180383,-0.468369,-0.117465,-0.160092,-0.617181,-0.051675,0.083482,-0.558081,-0.079268,0.087766,-0.557894,-0.083125,0.139090,-0.615920,-0.021714
-0.009217,-0.587519,-0.029521,-0.097057,0.743305,-0.038138,0.100802,-0.252218,0.021387,-0.025239,-0.003805,0.027182,0.045217,0.710686,0.021699,-0.068014,-0.184310,0.078374,-0.003054,0.009888,0.064050,0.080032,-0.834583,-0.046969,0.101387,-0.474379,-0.038131,0.185636,-0.474580,-0.113053,-0.095178,-0.661850,-0.048882,0.077964,-0.559934,-0.073825,0.071644,-0.559928,-0.067331,0.077815,-0.661633,-0.012381
-0.007904,-0.543090,-0.022437,-0.100974,0.715049,-0.033592,0.102587,-0.258624,0.002726,-0.036427,-0.004350,0.009047,0.047366,0.686160,0.026138,-0.063442,-0.196719,0.083173,-0.021647,-0.006945,0.069684,0.071826,-0.890942,-0.041561,0.098664,-0.471929,-0.027129,0.184349,-0.471812,-0.102625,-0.009846,-0.702303,-0.052741,0.074148,-0.554429,-0.069847,0.065823,-0.554237,-0.060870,-0.003771,-0.703532,0.002951
-0.010984,-0.496299,-0.021798,-0.100500,0.695080,-0.032024,0.105105,-0.257653,-0.012106,-0.038948,-0.011271,-0.005602,0.046878,0.677698,0.025364,-0.059777,-0.204399,0.076437,-0.037152,-0.022628,0.063927,0.073658,-0.943370,-0.031093,0.094226,-0.471107,-0.023304,0.171314,-0.470652,-0.090764,0.056916,-0.749194,-0.076106,0.070156,-0.553617,-0.072686,0.069472,-0.552916,-0.069705,-0.075519,-0.752042,0.024736
-0.017721,-0.437950,-0.015391,-0.098710,0.664695,-0.023559,0.108236,-0.257215,-0.026216,-0.041624,-0.024301,-0.019632,0.046928,0.671955,0.031906,-0.053382,-0.215844,0.069723,-0.048581,-0.051642,0.058791,0.074356,-1.037426,-0.017616,0.090218,-0.471942,-0.015144,0.150982,-0.471194,-0.068275,0.099926,-0.806968,-0.099085,0.069149,-0.558732,-0.071967,0.082620,-0.557335,-0.080288,-0.130565,-0.811255,0.057172
-0.024729,-0.397154,-0.006448,-0.096465,0.639130,-0.012211,0.110506,-0.257463,-0.032709,-0.042983,-0.036868,-0.026090,0.047920,0.671865,0.041702,-0.046760,-0.225270,0.065744,-0.049581,-0.079366,0.056142,0.073591,-1.126028,-0.008070,0.088680,-0.478567,-0.004696,0.129509,-0.477668,-0.040755,0.118109,-0.855255,-0.101785,0.072215,-0.571944,-0.067880,0.103585,-0.569844,-0.090394,-0.161713,-0.860094,0.075470
-0.038282,-0.383049,-0.012014,-0.084730,0.620332,-0.010427,0.113141,-0.228526,-0.038290,-0.044921,-0.054043,-0.032335,0.052032,0.675950,0.040740,-0.037410,-0.228080,0.050495,-0.036351,-0.111830,0.042692,0.069329,-1.195145,0.010598,0.064746,-0.494395,-0.005860,0.083741,-0.493555,-0.023517,0.046952,-0.886232,-0.147320,0.056028,-0.584484,-0.073728,0.111141,-0.581727,-0.115105,-0.117239,-0.891331,0.109327
-0.050113,-0.391505,-0.021771,-0.069558,0.607411,-0.012587,0.113961,-0.183401,-0.038836,-0.041710,-0.063925,-0.033964,0.056131,0.683258,0.034766,-0.027467,-0.215508,0.030035,-0.020774,-0.139139,0.024730,0.062705,-1.235964,0.032672,0.033824,-0.500917,-0.009079,0.042464,-0.500167,-0.018016,-0.027198,-0.877623,-0.187449,0.033351,-0.581068,-0.081739,0.098853,-0.578178,-0.130738,-0.067080,-0.882611,0.131244
-0.052274,-0.418292,-0.024928,-0.057309,0.599544,-0.012416,0.110223,-0.134966,-0.029985,-0.028104,-0.054572,-0.026173,0.056925,0.692838,0.030116,-0.019609,-0.178682,0.010730,-0.015250,-0.151252,0.008780,0.055508,-1.239588,0.052840,0.010257,-0.481154,-0.004213,0.022982,-0.480403,-0.016113,-0.021589,-0.808326,-0.166670,0.016959,-0.548432,-0.082967,0.076440,-0.545914,-0.126435,-0.078460,-0.812558,0.107544
-0.051738,-0.442446,-0.022935,-0.043531,0.588434,-0.007850,0.104299,-0.072307,-0.015632,-0.004760,-0.039679,-0.013346,0.059364,0.686327,0.029934,-0.007600,-0.126580,-0.004001,-0.007917,-0.151015,-0.002336,0.044683,-1.234740,0.080105,-0.017706,-0.451506,0.006763,0.003146,-0.450646,-0.011332,0.027787,-0.710485,-0.149631,-0.003418,-0.500519,-0.079342,0.046815,-0.498393,-0.114953,-0.128310,-0.714671,0.098008
-0.048805,-0.451895,-0.016839,-0.034971,0.579663,-0.001650,0.099099,-0.026783,-0.004052,0.016654,-0.026658,-0.002971,0.062681,0.666941,0.032946,0.002523,-0.085292,-0.008254,-0.002447,-0.138605,-0.004547,0.035693,-1.223779,0.100496,-0.036414,-0.429742,0.020547,-0.014438,-0.428743,0.001522,0.102950,-0.638025,-0.135807,-0.015998,-0.463797,-0.072814,0.027109,-0.461906,-0.102253,-0.198600,-0.642496,0.098575
-0.045766,-0.448798,0.001233,-0.022487,0.545931,0.017152,0.092240,0.021086,0.020315,0.044301,-0.010831,0.020009,0.059894,0.624673,0.045990,0.006611,-0.045836,0.004614,-0.012274,-0.130534,0.010631,0.023909,-1.212066,0.117412,-0.048403,-0.407705,0.044130,-0.037659,-0.406635,0.033317,0.166614,-0.590939,-0.110811,-0.021794,-0.431067,-0.055584,0.023219,-0.429149,-0.085675,-0.256611,-0.595651,0.110863
-0.042767,-0.438051,0.021500,-0.011769,0.502778,0.037516,0.084623,0.061598,0.040990,0.066856,0.000229,0.039314,0.055256,0.579149,0.060954,0.007513,-0.010838,0.024071,-0.024909,-0.122904,0.032054,0.012879,-1.201098,0.129929,-0.056594,-0.402623,0.067286,-0.068812,-0.401633,0.073135,0.184239,-0.583031,-0.086942,-0.023644,-0.417853,-0.035236,0.033862,-0.415723,-0.073677,-0.268157,-0.587632,0.127728
-0.039685,-0.424684,0.034324,-0.008910,0.465610,0.048826,0.077034,0.085081,0.041551,0.072977,-0.001124,0.038759,0.052591,0.549855,0.069790,0.008033,0.016947,0.039574,-0.027693,-0.111996,0.048676,0.006455,-1.192396,0.137840,-0.063319,-0.431421,0.079941,-0.106966,-0.430732,0.108299,0.122910,-0.627735,-0.078510,-0.024380,-0.439063,-0.019389,0.053323,-0.436661,-0.071608,-0.199776,-0.631665,0.144346
-0.033033,-0.407325,0.051633,-0.002801,0.407211,0.064595,0.066018,0.121418,0.041531,0.077081,-0.001794,0.037085,0.048682,0.498983,0.081996,0.011396,0.050771,0.055122,-0.028660,-0.093801,0.065258,0.000140,-1.167206,0.149874,-0.068798,-0.470312,0.095608,-0.130822,-0.469881,0.136483,0.049922,-0.699333,-0.061072,-0.026809,-0.467268,0.002254,0.059872,-0.464821,-0.055390,-0.111882,-0.702176,0.160663
-0.026184,-0.394603,0.064752,0.003150,0.356854,0.076414,0.056816,0.152512,0.040225,0.076857,-0.001319,0.034306,0.045214,0.452116,0.090630,0.015362,0.073860,0.061980,-0.027884,-0.077246,0.072517,-0.002476,-1.138025,0.159964,-0.071155,-0.501434,0.107261,-0.138322,-0.501183,0.150993,-0.011294,-0.763372,-0.037060,-0.027805,-0.489251,0.018936,0.053656,-0.486998,-0.034169,-0.035053,-0.764945,0.162386
-0.026066,-0.379214,0.079159,0.007386,0.300064,0.090662,0.048778,0.172094,0.032168,0.063208,-0.001758,0.025280,0.037704,0.408780,0.101701,0.017669,0.101613,0.062887,-0.029138,-0.045621,0.073119,-0.008091,-1.101983,0.142934,-0.058541,-0.536109,0.116166,-0.124552,-0.536027,0.158337,-0.055051,-0.837276,0.017980,-0.017460,-0.529552,0.035964,0.045286,-0.527684,-0.003629,0.011755,-0.837369,0.135687
-0.028105,-0.365068,0.084568,0.010361,0.253228,0.096194,0.041662,0.184195,0.021874,0.043341,-0.000369,0.014429,0.032526,0.372493,0.105178,0.020811,0.120406,0.054844,-0.028562,-0.017681,0.064396,-0.014043,-1.063456,0.117549,-0.046027,-0.567976,0.116862,-0.098045,-0.567864,0.148939,-0.066139,-0.901739,0.068644,-0.009420,-0.568705,0.043533,0.029787,-0.567288,0.020135,0.021882,-0.900920,0.095649
-0.027570,-0.356024,0.070790,0.012302,0.232764,0.082057,0.035423,0.192748,0.014112,0.024605,0.005560,0.006441,0.035767,0.346911,0.091104,0.027395,0.116781,0.035045,-0.022164,-0.011981,0.043911,-0.018832,-1.026850,0.102770,-0.048261,-0.591067,0.103017,-0.072283,-0.590599,0.116145,-0.028552,-0.937257,0.079948,-0.016985,-0.586780,0.031173,-0.000524,-0.585755,0.022929,-0.011852,-0.936960,0.057117
-0.027353,-0.338821,0.044928,0.018778,0.217158,0.056679,0.032836,0.194886,0.012156,0.009889,0.011540,0.004545,0.038786,0.323117,0.064849,0.031022,0.106923,0.010292,-0.012913,-0.002574,0.017795,-0.024917,-0.975507,0.078225,-0.051371,-0.607428,0.077892,-0.049606,-0.606483,0.074168,0.045891,-0.962547,0.079593,-0.028320,-0.596500,0.005945,-0.032371,-0.595778,0.010903,-0.083382,-0.964062,0.006209
-0.027378,-0.321984,0.019909,0.026291,0.214321,0.032399,0.034962,0.189660,0.016563,0.006298,0.014729,0.009161,0.039788,0.313186,0.039093,0.029587,0.095946,-0.007570,-0.005678,0.006059,-0.001447,-0.028644,-0.934947,0.056282,-0.053935,-0.609225,0.054258,-0.042680,-0.608010,0.044450,0.112742,-0.966124,0.074680,-0.036488,-0.593439,-0.019512,-0.047680,-0.592749,-0.010052,-0.148727,-0.969595,-0.038227
-0.031239,-0.299223,-0.013910,0.034844,0.206033,-0.000021,0.037148,0.185205,0.012000,0.012669,0.014490,0.004486,0.048897,0.292307,0.007008,0.033630,0.077249,-0.018968,-0.001946,0.004899,-0.014071,-0.035582,-0.888226,0.025813,-0.059818,-0.605882,0.020677,-0.052826,-0.604654,0.013358,0.155132,-0.953123,0.051675,-0.047396,-0.585919,-0.052690,-0.053827,-0.585064,-0.046022,-0.198663,-0.957944,-0.081970
-0.035063,-0.275381,-0.044715,0.041801,0.195178,-0.029788,0.037971,0.179488,0.008538,0.023077,0.010579,0.000721,0.056458,0.268608,-0.022518,0.036029,0.059540,-0.024668,-0.000445,-0.001428,-0.020565,-0.043536,-0.839960,-0.003898,-0.066167,-0.594107,-0.010804,-0.072094,-0.593028,-0.010686,0.176223,-0.926088,0.018703,-0.057386,-0.570222,-0.082794,-0.051896,-0.569132,-0.082931,-0.227975,-0.931576,-0.109670
-0.035228,-0.255380,-0.060551,0.044674,0.184537,-0.045965,0.036147,0.170408,0.016261,0.031596,0.002690,0.008090,0.053096,0.250099,-0.040231,0.029684,0.051510,-0.025120,0.000096,-0.008208,-0.021139,-0.050975,-0.794755,-0.023354,-0.070641,-0.570773,-0.028077,-0.094136,-0.569905,-0.018241,0.178872,-0.887531,-0.016192,-0.063345,-0.542798,-0.098879,-0.042430,-0.541505,-0.107468,-0.232872,-0.892744,-0.105435
-0.033586,-0.232323,-0.077182,0.046140,0.166960,-0.063411,0.033407,0.156673,0.018084,0.041654,-0.006302,0.009704,0.051876,0.222932,-0.058531,0.026945,0.045007,-0.027248,0.000731,-0.012934,-0.023420,-0.059698,-0.733720,-0.047589,-0.074098,-0.542086,-0.047322,-0.114719,-0.541381,-0.028481,0.169242,-0.849855,-0.057716,-0.069810,-0.508781,-0.115921,-0.034320,-0.507392,-0.132100,-0.221992,-0.854251,-0.096283
-0.030892,-0.217618,-0.086299,0.045800,0.151357,-0.073698,0.031473,0.145239,0.012808,0.048636,-0.011824,0.004365,0.053814,0.200769,-0.068711,0.029504,0.043371,-0.030515,0.001435,-0.013166,-0.026811,-0.065518,-0.687246,-0.064336,-0.075171,-0.522898,-0.059170,-0.132693,-0.522302,-0.031851,0.145399,-0.832388,-0.080243,-0.073192,-0.485436,-0.125387,-0.025622,-0.484076,-0.147509,-0.194814,-0.835572,-0.091152
-0.028466,-0.200514,-0.086369,0.043726,0.134794,-0.075030,0.026718,0.142947,0.009880,0.053882,-0.006101,0.001505,0.048581,0.169068,-0.071033,0.026787,0.041671,-0.029946,-0.001896,-0.021768,-0.025826,-0.069811,-0.623456,-0.069650,-0.075694,-0.494503,-0.062501,-0.148007,-0.493947,-0.028135,0.105082,-0.804577,-0.104559,-0.076940,-0.453041,-0.124703,-0.020264,-0.451818,-0.151031,-0.151891,-0.806367,-0.066266
-0.025788,-0.183556,-0.082938,0.041200,0.119168,-0.072853,0.022350,0.140011,0.007577,0.056643,0.000793,-0.000556,0.042063,0.137205,-0.069960,0.023642,0.041659,-0.028929,-0.005452,-0.027298,-0.024487,-0.071829,-0.560076,-0.069332,-0.074878,-0.465978,-0.061758,-0.154313,-0.465347,-0.024592,0.067468,-0.779243,-0.126160,-0.079736,-0.421079,-0.120526,-0.022238,-0.420050,-0.146672,-0.111119,-0.779898,-0.037160
-0.022209,-0.169296,-0.081486,0.039580,0.106390,-0.072528,0.021683,0.126618,0.004159,0.056262,-0.001323,-0.003500,0.040324,0.114451,-0.069906,0.025104,0.044997,-0.030940,-0.005271,-0.018500,-0.026888,-0.070824,-0.514800,-0.069083,-0.071919,-0.446731,-0.061411,-0.148324,-0.445931,-0.026663,0.051004,-0.769469,-0.139469,-0.080227,-0.399362,-0.119312,-0.031933,-0.398468,-0.140268,-0.089413,-0.769496,-0.020350
-0.018166,-0.151077,-0.070574,0.036256,0.088367,-0.062942,0.019888,0.110352,0.003401,0.051491,0.001945,-0.003231,0.036700,0.090176,-0.060692,0.026345,0.047789,-0.031489,-0.007304,-0.011190,-0.027765,-0.068342,-0.457841,-0.063280,-0.066676,-0.414509,-0.053365,-0.142958,-0.413637,-0.019323,0.026204,-0.722614,-0.148957,-0.077023,-0.366680,-0.106998,-0.035854,-0.365927,-0.124175,-0.058457,-0.722038,0.011278
-0.015718,-0.137951,-0.055687,0.033062,0.074182,-0.049042,0.018066,0.099461,0.005584,0.044905,0.009116,-0.000032,0.033256,0.076539,-0.047082,0.026963,0.048630,-0.030423,-0.010359,-0.008969,-0.026824,-0.065875,-0.417641,-0.054687,-0.062100,-0.384871,-0.041622,-0.136216,-0.383978,-0.009083,0.002489,-0.662548,-0.146708,-0.071861,-0.338481,-0.090223,-0.039681,-0.337854,-0.103020,-0.031560,-0.661588,0.038871
-0.011995,-0.120934,-0.048979,0.027634,0.065506,-0.043761,0.015352,0.082740,0.005867,0.030151,0.011726,0.001504,0.028123,0.058513,-0.042078,0.024481,0.049408,-0.028580,-0.006961,-0.001944,-0.025390,-0.062029,-0.370026,-0.050874,-0.057794,-0.348866,-0.038322,-0.130429,-0.347965,-0.006861,-0.030202,-0.601438,-0.158163,-0.066733,-0.302883,-0.080944,-0.040530,-0.302356,-0.090956,0.007346,-0.600173,0.063681
-0.007679,-0.104572,-0.043651,0.021695,0.059025,-0.039971,0.013117,0.063892,0.004399,0.014695,0.012212,0.001344,0.022666,0.043556,-0.038569,0.020698,0.048897,-0.025584,-0.001691,0.005191,-0.022876,-0.057565,-0.327421,-0.048006,-0.052950,-0.313658,-0.035488,-0.117503,-0.312756,-0.008137,-0.050125,-0.549311,-0.164170,-0.061169,-0.268045,-0.073958,-0.046488,-0.267493,-0.078663,0.035011,-0.547930,0.080261
-0.003453,-0.093399,-0.032961,0.016934,0.051526,-0.030583,0.012627,0.046838,0.001303,0.005954,0.013321,-0.000561,0.018297,0.039155,-0.029472,0.017385,0.045924,-0.021030,0.000725,0.007893,-0.018676,-0.053260,-0.302317,-0.042218,-0.046924,-0.286783,-0.025298,-0.093337,-0.285900,-0.006521,-0.036823,-0.516062,-0.145036,-0.054765,-0.242560,-0.063866,-0.060587,-0.241752,-0.059207,0.029526,-0.514762,0.082406
0.001588,-0.081387,-0.026899,0.012086,0.046505,-0.025922,0.011487,0.033681,-0.005203,-0.002407,0.016005,-0.006010,0.013848,0.034331,-0.025130,0.012504,0.037692,-0.016326,0.001339,0.006667,-0.014406,-0.043098,-0.269323,-0.038360,-0.036560,-0.254450,-0.020852,-0.077103,-0.253649,-0.004701,-0.041820,-0.457797,-0.123833,-0.042942,-0.214894,-0.054834,-0.058555,-0.214023,-0.046107,0.044132,-0.456717,0.072981
0.004938,-0.074543,-0.028470,0.009632,0.046500,-0.028314,0.010355,0.030954,-0.011810,-0.006145,0.018823,-0.012239,0.011592,0.031449,-0.027707,0.008564,0.028235,-0.013886,-0.000087,0.002011,-0.012266,-0.032222,-0.244911,-0.038304,-0.026873,-0.232022,-0.023717,-0.064259,-0.231329,-0.008835,-0.055720,-0.404890,-0.107585,-0.031841,-0.198074,-0.052187,-0.053198,-0.197215,-0.041366,0.064470,-0.404138,0.053200
0.007194,-0.068581,-0.023116,0.002632,0.038301,-0.024224,0.005490,0.018625,-0.015025,-0.006469,0.008147,-0.015435,0.010272,0.021188,-0.022939,0.006759,0.022304,-0.004116,-0.004144,0.000977,-0.002806,-0.020425,-0.218417,-0.038830,-0.013217,-0.200716,-0.018935,-0.047337,-0.200131,-0.005333,-0.069135,-0.351341,-0.080112,-0.016628,-0.176700,-0.042904,-0.045112,-0.175812,-0.029384,0.082296,-0.350948,0.035995
0.008493,-0.062324,-0.019439,-0.004026,0.029303,-0.021606,0.000726,0.005708,-0.018635,-0.004178,-0.003991,-0.019127,0.008425,0.011425,-0.019767,0.004553,0.015010,0.002379,-0.008968,-0.000896,0.003346,-0.009459,-0.194566,-0.039086,-0.001271,-0.169190,-0.015552,-0.032505,-0.168706,-0.003045,-0.089812,-0.302352,-0.058872,-0.002671,-0.155024,-0.035140,-0.034501,-0.154160,-0.020603,0.105502,-0.302353,0.021720
0.008949,-0.054588,-0.026043,-0.005490,0.027026,-0.028425,-0.000115,0.001271,-0.026386,-0.000045,-0.005553,-0.026797,0.004633,0.010048,-0.027105,-0.000542,0.001444,-0.005114,-0.012668,-0.008172,-0.004538,-0.001135,-0.178049,-0.038350,0.003416,-0.146009,-0.022696,-0.025508,-0.145626,-0.010993,-0.124935,-0.263218,-0.061312,0.004770,-0.137066,-0.037157,-0.024338,-0.136360,-0.024244,0.141504,-0.263675,0.010674
0.008418,-0.048488,-0.027921,-0.006061,0.018833,-0.030238,-0.000754,-0.002993,-0.033176,0.005126,-0.007110,-0.033529,0.003347,0.003252,-0.029062,-0.001223,-0.009293,-0.012469,-0.010510,-0.012968,-0.012259,0.006813,-0.156659,-0.035947,0.009232,-0.119126,-0.024753,-0.015013,-0.118851,-0.014858,-0.162214,-0.231427,-0.051219,0.012646,-0.116758,-0.034647,-0.017870,-0.116116,-0.021520,0.177704,-0.232450,-0.003391
0.007154,-0.047129,-0.024160,-0.005456,0.008769,-0.026158,-0.000876,-0.004989,-0.035644,0.008721,-0.007995,-0.035995,0.005166,-0.005646,-0.024692,0.002812,-0.011888,-0.016028,-0.003665,-0.012960,-0.015976,0.010325,-0.141143,-0.033111,0.013325,-0.101340,-0.020123,0.004826,-0.101201,-0.016794,-0.176719,-0.223897,-0.030807,0.016740,-0.104022,-0.029447,-0.023978,-0.103186,-0.012152,0.189526,-0.225353,-0.016373
0.006353,-0.042524,-0.023843,-0.008757,0.002241,-0.026147,-0.003080,-0.013973,-0.039135,0.008267,-0.011666,-0.039195,0.002731,-0.007859,-0.024645,-0.000019,-0.015148,-0.014537,0.000766,-0.010995,-0.014793,0.012529,-0.128610,-0.034182,0.014890,-0.075580,-0.020949,0.016509,-0.075623,-0.021533,-0.199832,-0.181240,-0.021998,0.021657,-0.082335,-0.026782,-0.023265,-0.081517,-0.008122,0.211213,-0.183166,-0.024827
0.005345,-0.037466,-0.021582,-0.011724,-0.001510,-0.024126,-0.004695,-0.020090,-0.042321,0.008308,-0.015391,-0.042262,0.001276,-0.006297,-0.022451,-0.002620,-0.018764,-0.009387,0.004051,-0.011408,-0.009827,0.012774,-0.118850,-0.035921,0.015015,-0.048632,-0.020612,0.025748,-0.048870,-0.024612,-0.224845,-0.133165,-0.015927,0.026125,-0.058851,-0.022500,-0.022352,-0.058084,-0.002794,0.234535,-0.135530,-0.026667
0.003493,-0.034746,-0.011940,-0.010000,-0.003328,-0.013962,-0.002928,-0.013449,-0.043862,0.013557,-0.016464,-0.044318,0.006145,-0.003834,-0.011574,0.002237,-0.022289,-0.001911,0.007521,-0.018435,-0.002134,0.010464,-0.111555,-0.035116,0.014836,-0.027371,-0.012505,0.036778,-0.027777,-0.020916,-0.245177,-0.109223,-0.003031,0.028933,-0.040887,-0.012340,-0.025854,-0.040061,0.009751,0.251335,-0.111904,-0.020436
0.001765,-0.030628,-0.004599,-0.009114,-0.006520,-0.006225,-0.001840,-0.011401,-0.044417,0.015256,-0.021072,-0.045272,0.006558,-0.000653,-0.003835,0.003303,-0.023491,-0.000110,0.006094,-0.024763,-0.000021,0.007818,-0.102445,-0.038375,0.014207,-0.004352,-0.008771,0.040278,-0.004966,-0.018384,-0.282556,-0.062158,0.015447,0.032703,-0.021202,-0.002886,-0.022903,-0.020552,0.019000,0.285711,-0.065373,-0.024500
0.001029,-0.027223,-0.003227,-0.009513,-0.009491,-0.004783,-0.001984,-0.015049,-0.043662,0.012488,-0.026991,-0.044603,0.002302,0.001546,-0.003105,0.000039,-0.021933,-0.004910,0.000451,-0.027388,-0.004569,0.006102,-0.096140,-0.044053,0.013400,0.009742,-0.011127,0.044949,0.008874,-0.022404,-0.320106,-0.015729,0.030349,0.035537,-0.009104,0.000983,-0.022205,-0.008652,0.023132,0.322280,-0.019468,-0.036911
0.001565,-0.022412,0.003737,-0.006198,-0.007721,0.002585,0.001535,-0.013538,-0.037227,0.013522,-0.030528,-0.038427,-0.000769,0.003925,0.003208,-0.001250,-0.013386,-0.004299,-0.001457,-0.030003,-0.003267,0.002881,-0.084042,-0.033311,0.004990,0.024967,-0.013107,0.024610,0.023844,-0.018434,-0.421302,0.042415,0.068221,0.034642,0.009903,0.015048,-0.006539,0.009552,0.029104,0.425156,0.037363,-0.061138
0.002660,-0.017450,0.011821,-0.003237,-0.005344,0.010941,0.003939,-0.009356,-0.027837,0.013432,-0.030238,-0.029230,-0.002498,0.005427,0.010788,-0.001273,-0.003641,-0.000823,-0.001098,-0.032272,0.000959,0.000444,-0.070092,-0.017389,-0.004523,0.039194,-0.015023,0.005548,0.037718,-0.015148,-0.541159,0.104122,0.111522,0.033322,0.029421,0.031597,0.002215,0.028309,0.040012,0.547829,0.097567,-0.088556
0.003912,-0.013544,0.016609,-0.004342,-0.006428,0.015413,0.000829,-0.005037,-0.018163,0.007661,-0.024728,-0.019445,-0.002358,0.005011,0.015392,-0.000378,0.001510,0.003068,0.000439,-0.033785,0.005272,0.001359,-0.058188,-0.007460,-0.008399,0.049586,-0.017269,0.007483,0.047616,-0.018541,-0.634356,0.160946,0.143138,0.035079,0.042076,0.043202,-0.006945,0.040614,0.054835,0.644020,0.153533,-0.110842
0.005220,-0.007288,0.021347,-0.002995,-0.006875,0.020178,0.000992,0.001172,-0.014859,0.006496,-0.014804,-0.015899,-0.002983,0.004724,0.019802,0.000756,0.010122,0.003481,-0.002887,-0.036242,0.006351,0.004049,-0.043200,-0.002596,-0.009138,0.064197,-0.020924,0.010019,0.061625,-0.021943,-0.742874,0.237109,0.184872,0.040989,0.056112,0.056508,-0.013044,0.054146,0.071490,0.755717,0.228861,-0.143418
0.005857,-0.001833,0.023612,0.000094,-0.006459,0.022807,0.004306,0.006187,-0.019597,0.010515,-0.005412,-0.020381,-0.004171,0.004708,0.021754,0.001453,0.017900,0.000124,-0.009558,-0.038424,0.003565,0.007112,-0.032578,-0.005295,-0.006352,0.077027,-0.023804,0.031391,0.073740,-0.031136,-0.818407,0.295064,0.215746,0.048036,0.065837,0.064169,-0.033421,0.063649,0.089296,0.832781,0.286667,-0.169964
0.006552,0.002767,0.022579,0.000265,-0.009460,0.021720,0.002962,0.006621,-0.015829,0.013054,-0.008612,-0.016883,-0.002406,0.001074,0.020944,0.002895,0.022056,0.005485,-0.010506,-0.036365,0.009036,0.013527,-0.027078,0.006077,-0.003763,0.081191,-0.021878,0.081965,0.077089,-0.048654,-0.810570,0.309588,0.198872,0.049704,0.068980,0.063930,-0.079588,0.067073,0.108806,0.826157,0.301998,-0.155106
0.006802,0.005513,0.019733,-0.000732,-0.010987,0.018704,0.000253,0.006297,-0.009868,0.011926,-0.013519,-0.011220,0.000302,-0.003641,0.018568,0.004275,0.021980,0.012679,-0.008754,-0.031435,0.015914,0.020579,-0.026701,0.014897,0.001647,0.083990,-0.016471,0.148923,0.079104,-0.069275,-0.733289,0.296898,0.159778,0.050781,0.069099,0.057242,-0.134229,0.067714,0.126211,0.749002,0.290695,-0.121544
0.006313,0.005460,0.016414,-0.000976,-0.006043,0.015403,-0.000327,0.009111,-0.008295,0.005265,-0.009301,-0.009487,0.002093,-0.006802,0.015674,0.004925,0.017221,0.014762,-0.007173,-0.024822,0.017286,0.025832,-0.031335,0.004291,0.013250,0.093297,-0.008963,0.223021,0.087822,-0.089112,-0.600310,0.274333,0.123296,0.056364,0.070258,0.045173,-0.183689,0.069554,0.138967,0.614688,0.269728,-0.091542
0.006099,0.004857,0.012306,-0.001472,-0.002998,0.011243,-0.000666,0.006691,-0.006285,-0.004386,-0.006153,-0.007023,0.001264,-0.008730,0.011453,0.003424,0.012591,0.012456,-0.002367,-0.020163,0.014455,0.030265,-0.035055,-0.004256,0.024065,0.096039,-0.000506,0.291212,0.090292,-0.106746,-0.428430,0.231909,0.071353,0.058549,0.066268,0.030789,-0.223052,0.066294,0.144501,0.441970,0.228931,-0.047596
0.006245,0.003954,0.009410,-0.001967,-0.003450,0.008253,-0.000607,0.000229,-0.004849,-0.012206,-0.005652,-0.005068,-0.001806,-0.008501,0.007961,0.000489,0.010351,0.006826,0.003181,-0.019810,0.008746,0.031609,-0.036003,-0.006473,0.028657,0.090129,0.004778,0.318272,0.084540,-0.112771,-0.305462,0.191032,0.030588,0.056051,0.058060,0.021245,-0.227043,0.058334,0.137477,0.318970,0.189100,-0.012426
0.006924,0.000001,0.009887,0.001002,-0.002710,0.009045,0.000978,0.005751,-0.001792,-0.023487,-0.000896,-0.001902,-0.000868,-0.008781,0.008474,0.001906,0.010949,0.005339,0.006132,-0.018441,0.007228,0.032019,-0.037671,-0.009113,0.034689,0.073509,0.013837,0.341444,0.068417,-0.113172,-0.164589,0.123913,-0.011657,0.052259,0.039652,0.013928,-0.227962,0.040392,0.131103,0.179055,0.123032,0.031025
0.007606,-0.006053,0.011715,0.002968,0.000232,0.011040,0.001557,0.013558,0.002372,-0.032805,0.004887,0.002262,0.000175,-0.008313,0.010353,0.003168,0.013356,0.007173,0.006411,-0.015461,0.009018,0.031744,-0.042340,-0.009925,0.039151,0.050753,0.021968,0.342867,0.046387,-0.105669,-0.050783,0.059863,-0.050516,0.048057,0.016106,0.009996,-0.211519,0.017145,0.120134,0.066294,0.059748,0.073747
0.008113,-0.013407,0.012789,-0.000212,0.006159,0.011566,-0.001109,0.013842,0.007074,-0.034464,0.008356,0.007157,-0.002174,-0.006038,0.010882,0.000161,0.016243,0.011433,0.004258,-0.010564,0.013163,0.031328,-0.052415,-0.006731,0.039309,0.026788,0.024546,0.309907,0.023251,-0.089811,-0.008617,0.028129,-0.081450,0.044628,-0.007065,0.010340,-0.168822,-0.006166,0.101367,0.025012,0.028292,0.106917
0.009193,-0.020711,0.014681,-0.000847,0.011055,0.013201,-0.001643,0.016260,0.011302,-0.029545,0.011473,0.011368,-0.004450,-0.006040,0.012144,-0.001652,0.020028,0.012412,0.001919,-0.005759,0.014074,0.030734,-0.058286,0.001498,0.037824,-0.002327,0.027184,0.275265,-0.005111,-0.073584,0.021009,-0.010146,-0.108154,0.038732,-0.032775,0.012431,-0.131679,-0.032018,0.085389,-0.002583,-0.009846,0.137499
0.010234,-0.024362,0.016369,0.001280,0.012400,0.015047,0.000126,0.019493,0.012873,-0.020583,0.012546,0.012723,-0.005625,-0.008341,0.013424,-0.001471,0.022805,0.009510,0.000444,-0.003411,0.011183,0.030208,-0.057058,0.010557,0.035274,-0.024030,0.027916,0.234940,-0.026188,-0.056831,0.023465,-0.035760,-0.117288,0.033281,-0.050425,0.015939,-0.094667,-0.049902,0.070680,-0.003027,-0.035510,0.150064
0.008999,-0.033817,0.018634,0.000455,0.005042,0.017377,-0.001454,0.022440,0.006369,-0.010472,0.014418,0.006002,-0.003067,-0.007980,0.016380,0.002746,0.023038,0.003804,0.002028,-0.000399,0.005272,0.027367,-0.060304,0.019654,0.029697,-0.048691,0.027125,0.184954,-0.050439,-0.038148,-0.012581,-0.049866,-0.132528,0.026662,-0.070807,0.021713,-0.057719,-0.070698,0.057249,0.030556,-0.049748,0.169843
0.006826,-0.043521,0.022065,-0.000049,-0.002391,0.021053,-0.002541,0.025263,0.000193,-0.001165,0.015318,-0.000433,-0.000644,-0.005241,0.020654,0.006593,0.023639,-0.000484,0.004213,0.003718,0.000744,0.024352,-0.064527,0.028860,0.023954,-0.070258,0.026987,0.139349,-0.071800,-0.020569,-0.062611,-0.054955,-0.144841,0.020966,-0.088837,0.029093,-0.029260,-0.089153,0.049328,0.076268,-0.054950,0.189013
0.005300,-0.048071,0.027066,0.003183,-0.001471,0.026736,0.000874,0.027822,0.002613,0.005550,0.013195,0.001653,-0.001990,-0.000495,0.025690,0.005900,0.027384,0.000627,0.004706,0.009357,0.001748,0.023492,-0.066421,0.037987,0.021090,-0.083232,0.029409,0.109274,-0.084699,-0.005911,-0.101670,-0.054009,-0.145180,0.018492,-0.100032,0.037385,-0.013357,-0.100648,0.049214,0.112291,-0.054012,0.199352
0.003123,-0.052375,0.029192,0.007069,-0.001849,0.029731,0.006494,0.024052,-0.000581,0.014505,0.004008,-0.001923,-0.003554,0.002222,0.027934,0.005068,0.027812,-0.002183,0.005386,0.013549,-0.001283,0.020269,-0.069839,0.047556,0.014113,-0.090622,0.029009,0.082167,-0.092112,0.002853,-0.144389,-0.048952,-0.138572,0.013414,-0.103554,0.042067,-0.005195,-0.104458,0.047669,0.150658,-0.048892,0.196992
0.001336,-0.054179,0.027427,0.009683,-0.003196,0.028600,0.011522,0.015993,-0.007743,0.021219,-0.007483,-0.009326,-0.004612,0.001591,0.026313,0.004452,0.024734,-0.007446,0.005853,0.014237,-0.006772,0.016298,-0.072968,0.052806,0.006563,-0.089038,0.026033,0.067163,-0.090544,0.003389,-0.167277,-0.042360,-0.128009,0.008248,-0.097595,0.040746,-0.008906,-0.098659,0.045356,0.169953,-0.042149,0.182897
0.001508,-0.054382,0.028233,0.009227,-0.000870,0.029323,0.011453,0.014384,-0.004247,0.022809,-0.010792,-0.005964,-0.001281,0.004539,0.027711,0.007499,0.028388,-0.004193,0.010272,0.009232,-0.002963,0.013170,-0.074628,0.055107,0.002693,-0.089833,0.026444,0.063632,-0.091291,0.003741,-0.170810,-0.057109,-0.110347,0.004725,-0.094614,0.040173,-0.018581,-0.095718,0.047255,0.173856,-0.056706,0.166858
0.002758,-0.053531,0.030931,0.008085,0.004905,0.031686,0.010051,0.016038,0.005090,0.020097,-0.010274,0.003314,0.001796,0.009267,0.030755,0.010526,0.034055,-0.000368,0.014225,0.005489,0.001458,0.010223,-0.074656,0.057137,0.000480,-0.090654,0.029975,0.069562,-0.091961,0.003636,-0.150526,-0.083570,-0.090379,0.001298,-0.091592,0.039686,-0.034327,-0.092619,0.052094,0.156187,-0.083030,0.152298
0.004162,-0.052078,0.034836,0.008736,0.014060,0.035493,0.011187,0.017929,0.015365,0.014076,-0.010031,0.013577,-0.000048,0.013986,0.034074,0.009808,0.037011,-0.003883,0.013218,0.010013,-0.002163,0.006811,-0.072850,0.061483,-0.002038,-0.089117,0.036328,0.082475,-0.090123,0.002991,-0.102433,-0.112211,-0.073197,-0.003513,-0.085538,0.038650,-0.056105,-0.086364,0.058608,0.111103,-0.111708,0.142931
0.005523,-0.048075,0.034387,0.007468,0.021957,0.034682,0.010824,0.017497,0.019858,0.007514,-0.007222,0.018349,-0.001880,0.019226,0.033054,0.008460,0.038530,-0.009553,0.010260,0.008658,-0.007673,0.003667,-0.067762,0.060302,-0.003803,-0.080856,0.039040,0.094548,-0.081445,-0.000799,-0.044306,-0.143297,-0.046721,-0.007533,-0.073536,0.032533,-0.074884,-0.074079,0.059304,0.056003,-0.143024,0.115553
0.006187,-0.043520,0.029910,0.004901,0.024651,0.029760,0.009121,0.014948,0.016471,0.003653,-0.003303,0.015392,-0.002805,0.022345,0.028302,0.007137,0.037856,-0.014443,0.006813,0.002130,-0.012222,0.002404,-0.061903,0.054279,-0.003729,-0.070138,0.037174,0.097916,-0.070333,-0.004614,0.001530,-0.161799,-0.022656,-0.008833,-0.061490,0.024095,-0.082122,-0.061779,0.053915,0.011800,-0.161815,0.082510
0.005707,-0.040119,0.033094,0.006400,0.018285,0.033231,0.010910,0.010056,0.016192,0.004879,0.000164,0.015646,-0.003299,0.024265,0.031502,0.007706,0.039734,-0.016859,0.004437,0.004713,-0.014713,0.000702,-0.058392,0.054203,-0.003640,-0.068547,0.041215,0.091752,-0.068435,0.001643,0.027383,-0.179070,0.015321,-0.010176,-0.059477,0.025402,-0.080248,-0.059582,0.054292,-0.014663,-0.179307,0.050870
0.004463,-0.037125,0.037799,0.008554,0.008073,0.038414,0.012999,0.004199,0.015982,0.007682,0.001752,0.015899,-0.002611,0.025639,0.036577,0.009011,0.037947,-0.016890,0.004453,0.007933,-0.015070,-0.000823,-0.056914,0.055338,-0.003648,-0.070258,0.045553,0.078966,-0.069959,0.011098,0.036365,-0.187196,0.046051,-0.010880,-0.061600,0.029911,-0.071838,-0.061594,0.055248,-0.025834,-0.187545,0.029516
0.002841,-0.033626,0.038086,0.007888,-0.000645,0.038830,0.012151,-0.001200,0.013121,0.008556,0.000088,0.013253,0.000010,0.027233,0.037650,0.009885,0.026476,-0.014336,0.008171,0.003533,-0.012931,-0.001472,-0.056990,0.053105,-0.003765,-0.069316,0.044812,0.062022,-0.068956,0.017331,0.032293,-0.178250,0.048740,-0.010181,-0.061923,0.031301,-0.058706,-0.061887,0.051533,-0.024846,-0.178609,0.027382
0.001213,-0.030278,0.035970,0.008295,-0.008829,0.036992,0.012446,-0.006552,0.008224,0.011369,-0.000402,0.008633,0.001686,0.026627,0.036139,0.009383,0.013051,-0.011993,0.011836,0.001593,-0.011262,-0.002031,-0.056601,0.052609,-0.005430,-0.068483,0.041481,0.044668,-0.068136,0.020559,0.021636,-0.166712,0.043298,-0.010616,-0.061299,0.030969,-0.046543,-0.061269,0.045944,-0.017351,-0.167006,0.028587
0.000293,-0.028832,0.032581,0.009454,-0.012513,0.033893,0.013623,-0.009315,0.003823,0.014583,0.000414,0.004436,0.001446,0.024028,0.032874,0.007626,0.004289,-0.011023,0.013462,0.003003,-0.010889,-0.002374,-0.055984,0.054164,-0.007883,-0.068638,0.037328,0.030790,-0.068307,0.021164,0.013314,-0.158668,0.033372,-0.012166,-0.060323,0.029024,-0.038456,-0.060305,0.039966,-0.010776,-0.158912,0.031740
0.000211,-0.028731,0.023470,0.008306,-0.016441,0.024631,0.012383,-0.011615,-0.006965,0.015004,-0.002203,-0.006393,0.005205,0.023610,0.024459,0.007149,-0.016639,-0.009286,0.021451,-0.001661,-0.010074,-0.003395,-0.053004,0.050437,-0.010808,-0.077776,0.026065,0.012324,-0.077565,0.016433,-0.014559,-0.177268,0.019615,-0.015464,-0.066655,0.022169,-0.027557,-0.066698,0.027074,0.017358,-0.177099,0.027270
0.000553,-0.029176,0.013926,0.005715,-0.021933,0.014668,0.009633,-0.014343,-0.019517,0.012221,-0.003865,-0.018873,0.010111,0.022031,0.015735,0.007476,-0.037476,-0.005304,0.028960,-0.009773,-0.006801,-0.005946,-0.050548,0.043357,-0.014352,-0.089272,0.013340,-0.005827,-0.089239,0.009915,-0.051628,-0.204136,-0.000105,-0.019436,-0.074406,0.014535,-0.018998,-0.074571,0.013977,0.055692,-0.203317,0.027888
0.000942,-0.029224,0.009338,0.002634,-0.030235,0.009577,0.006367,-0.018331,-0.028999,0.005939,0.000006,-0.027805,0.013370,0.016110,0.011651,0.008196,-0.045771,0.002542,0.029177,-0.018485,0.001077,-0.010932,-0.051258,0.035022,-0.018815,-0.096497,0.004814,-0.020404,-0.096655,0.005796,-0.087463,-0.220733,-0.027547,-0.023128,-0.077637,0.010441,-0.015681,-0.077980,0.006593,0.092676,-0.219225,0.046136
0.001493,-0.027970,0.003156,0.003581,-0.037502,0.003440,0.005474,-0.022171,-0.028154,0.001239,0.010215,-0.025996,0.015384,0.009953,0.005716,0.009053,-0.044994,0.006773,0.028654,-0.027093,0.005880,-0.014585,-0.043929,0.019840,-0.019617,-0.106425,-0.006612,-0.035066,-0.106921,0.000532,-0.140458,-0.233042,-0.055833,-0.024620,-0.085597,0.006272,-0.009992,-0.086239,-0.001186,0.147066,-0.230517,0.062035
0.001878,-0.026113,-0.001482,0.007942,-0.040185,-0.000633,0.007255,-0.024057,-0.017341,0.000345,0.021508,-0.014292,0.015076,0.006554,0.000943,0.009549,-0.035629,0.005294,0.027553,-0.031334,0.005223,-0.015182,-0.032332,0.005444,-0.016429,-0.113745,-0.015010,-0.037856,-0.114548,-0.004872,-0.183539,-0.235175,-0.070928,-0.023278,-0.093731,0.003863,-0.011783,-0.094704,-0.003043,0.191003,-0.231831,0.067833
0.002803,-0.027358,-0.015055,0.015957,-0.037871,-0.013172,0.006885,-0.010119,0.006095,0.002778,0.032749,0.008931,0.018111,0.004223,-0.012257,0.011618,-0.027382,0.003460,0.039701,-0.041106,0.004605,-0.020078,-0.025775,-0.004932,-0.022665,-0.101889,-0.027862,-0.020323,-0.102583,-0.027168,-0.164260,-0.203845,-0.083201,-0.029351,-0.076061,-0.013631,-0.040296,-0.077195,-0.011795,0.172913,-0.200926,0.052964
0.004147,-0.026948,-0.026759,0.022497,-0.031948,-0.024104,0.005641,0.002945,0.032836,0.006413,0.042281,0.035370,0.021562,0.003971,-0.023586,0.013486,-0.018091,0.006200,0.053434,-0.048838,0.008530,-0.024869,-0.022095,-0.016404,-0.028173,-0.079181,-0.037262,0.002194,-0.079630,-0.047935,-0.118062,-0.160262,-0.075972,-0.033490,-0.048443,-0.031530,-0.070815,-0.049556,-0.019083,0.128597,-0.158162,0.022338
0.005839,-0.020284,-0.025984,0.022344,-0.023958,-0.023585,0.004763,-0.001624,0.053369,0.009128,0.048347,0.056528,0.022513,0.006719,-0.022953,0.013378,-0.005703,0.018217,0.056976,-0.047010,0.021256,-0.025153,-0.019201,-0.034279,-0.022875,-0.053491,-0.035198,0.021259,-0.053790,-0.051556,-0.080603,-0.125381,-0.033033,-0.026448,-0.026346,-0.035444,-0.083847,-0.027302,-0.014737,0.093947,-0.123830,-0.019068
0.006955,-0.015878,-0.025534,0.022215,-0.018666,-0.023310,0.004161,-0.004703,0.066977,0.010930,0.052364,0.070550,0.023114,0.008542,-0.022600,0.013272,0.002545,0.026154,0.059284,-0.045812,0.029663,-0.025329,-0.017277,-0.046283,-0.019316,-0.036479,-0.033899,0.033052,-0.036681,-0.053674,-0.055817,-0.101971,-0.004407,-0.021727,-0.011866,-0.038026,-0.090295,-0.012690,-0.012668,0.071055,-0.100719,-0.046794
