body_0_vel_x,body_0_vel_y,body_0_vel_z,body_1_vel_x,body_1_vel_y,body_1_vel_z,body_2_vel_x,body_2_vel_y,body_2_vel_z,body_3_vel_x,body_3_vel_y,body_3_vel_z,body_4_vel_x,body_4_vel_y,body_4_vel_z,body_5_vel_x,body_5_vel_y,body_5_vel_z,body_6_vel_x,body_6_vel_y,body_6_vel_z,body_7_vel_x,body_7_vel_y,body_7_vel_z,body_8_vel_x,body_8_vel_y,body_8_vel_z,body_9_vel_x,body_9_vel_y,body_9_vel_z,body_10_vel_x,body_10_vel_y,body_10_vel_z,body_11_vel_x,body_11_vel_y,body_11_vel_z,body_12_vel_x,body_12_vel_y,body_12_vel_z,body_13_vel_x,body_13_vel_y,body_13_vel_z
-0.011706,0.014607,-0.001364,-0.009637,0.014626,-0.001313,-0.009179,0.014826,-0.001330,-0.004735,0.016082,-0.001997,-0.011778,0.014622,-0.001338,-0.019174,0.013966,-0.001170,-0.026171,0.014562,-0.000056,-0.012291,0.014561,-0.001431,-0.027493,0.013755,0.000498,-0.027316,0.016649,0.001209,-0.029294,0.022308,0.000936,-0.024665,0.013640,-0.001349,-0.027084,0.012284,-0.001346,-0.025230,0.011592,-0.000867
-0.010867,0.011610,-0.001510,-0.009366,0.011688,-0.001416,-0.008346,0.011629,-0.001472,-0.004700,0.012200,-0.002031,-0.010535,0.011688,-0.001534,-0.017971,0.010976,-0.001361,-0.025144,0.011333,-0.000193,-0.011405,0.011534,-0.001571,-0.026161,0.010713,0.000315,-0.025990,0.013286,0.000946,-0.027508,0.018579,0.000787,-0.022769,0.010580,-0.001566,-0.024993,0.009974,-0.001679,-0.022716,0.010506,-0.001051
-0.008350,0.002621,-0.001947,-0.008553,0.002875,-0.001726,-0.005845,0.002041,-0.001898,-0.004596,0.000554,-0.002134,-0.006807,0.002888,-0.002121,-0.014363,0.002000,-0.001933,-0.022068,0.001638,-0.000607,-0.008746,0.002453,-0.001993,-0.022161,0.001585,-0.000225,-0.022008,0.003201,0.000168,-0.022144,0.007398,0.000350,-0.017081,0.001399,-0.002207,-0.018721,0.003040,-0.002669,-0.015173,0.007250,-0.001592
-0.005303,-0.002438,-0.002567,-0.006262,-0.002041,-0.002235,-0.002156,-0.003066,-0.002473,-0.004029,-0.005850,-0.002193,-0.003021,-0.002020,-0.002865,-0.009745,-0.002520,-0.002713,-0.016717,-0.002865,-0.001475,-0.005645,-0.002669,-0.002607,-0.017855,-0.003040,-0.001251,-0.018059,-0.002793,-0.001195,-0.017973,0.000205,-0.001020,-0.012068,-0.003245,-0.002647,-0.013511,-0.000502,-0.003284,-0.009952,0.005700,-0.002157
-0.003251,-0.001038,-0.003060,-0.003637,-0.000600,-0.002688,0.000876,-0.001137,-0.002910,-0.003283,-0.003807,-0.002175,-0.001070,-0.000581,-0.003395,-0.006425,-0.000323,-0.003308,-0.011767,0.000078,-0.002361,-0.003653,-0.001271,-0.003106,-0.015398,-0.000852,-0.002258,-0.016119,-0.001702,-0.002469,-0.017082,0.000593,-0.002643,-0.010237,-0.001033,-0.002672,-0.011967,0.001118,-0.003221,-0.009664,0.006631,-0.002471
-0.005434,0.002513,-0.002832,-0.006555,0.002822,-0.002583,-0.001625,0.002845,-0.002787,-0.003722,0.000887,-0.002423,-0.002659,0.002845,-0.003057,-0.006823,0.002948,-0.002983,-0.011197,0.002742,-0.002165,-0.005771,0.002312,-0.002870,-0.016300,0.003468,-0.002567,-0.016731,0.001737,-0.002991,-0.018531,0.003422,-0.003418,-0.010864,0.003281,-0.002096,-0.013305,0.006573,-0.002915,-0.012174,0.012974,-0.002531
-0.005323,0.005259,-0.002185,-0.007333,0.005442,-0.002059,-0.002250,0.005908,-0.002240,-0.001531,0.004722,-0.002392,-0.001950,0.005472,-0.002301,-0.005441,0.004932,-0.002201,-0.008930,0.003519,-0.001485,-0.005578,0.005084,-0.002214,-0.015055,0.006902,-0.002398,-0.014685,0.004264,-0.003043,-0.016272,0.004941,-0.003447,-0.008899,0.006695,-0.001165,-0.012027,0.010954,-0.002219,-0.012146,0.018093,-0.002225
0.003612,0.004247,-0.001422,0.001715,0.004475,-0.001252,0.006410,0.005076,-0.001403,0.007104,0.004192,-0.001534,0.006895,0.004507,-0.001578,0.003216,0.003268,-0.001430,0.001110,0.000802,-0.000917,0.003341,0.004045,-0.001454,-0.006154,0.006434,-0.001972,-0.004770,0.002615,-0.002906,-0.004252,0.001401,-0.002831,0.000705,0.006208,-0.000123,-0.002637,0.009351,-0.000988,-0.004243,0.015354,-0.001451
0.007682,0.002760,-0.000810,0.006296,0.003033,-0.000598,0.010818,0.003379,-0.000754,0.012589,0.002840,-0.001084,0.010154,0.003060,-0.001014,0.006863,0.001276,-0.000843,0.007214,-0.001824,-0.000749,0.007481,0.002577,-0.000834,0.000085,0.005159,-0.001656,0.001291,0.001602,-0.002526,0.001366,0.000251,-0.002568,0.004883,0.005001,0.000644,0.000350,0.007183,-0.000153,-0.003364,0.011453,-0.001249
0.004850,0.001542,-0.000654,0.004119,0.001837,-0.000424,0.008771,0.001666,-0.000617,0.012184,0.001347,-0.001265,0.006199,0.001855,-0.000892,0.003678,-0.000048,-0.000734,0.006329,-0.003048,-0.001061,0.004771,0.001412,-0.000664,0.000544,0.003715,-0.001610,0.000466,0.001729,-0.002094,-0.002229,0.002061,-0.002790,0.001546,0.003677,0.000753,-0.004559,0.005533,-0.000127,-0.009950,0.008342,-0.001716
0.004568,0.005397,-0.000235,0.003227,0.005686,-0.000030,0.009959,0.005290,-0.000335,0.015111,0.004400,-0.001345,0.006061,0.005709,-0.000469,0.002501,0.003752,-0.000278,0.004060,0.000372,-0.000399,0.004610,0.005262,-0.000231,0.001746,0.007723,-0.001390,0.001278,0.006201,-0.001763,-0.001123,0.006982,-0.002343,0.003008,0.007679,0.001192,-0.003350,0.008731,0.000433,-0.010223,0.009448,-0.001646
0.003926,0.007820,-0.000037,0.001848,0.008100,0.000147,0.009891,0.007494,-0.000234,0.015524,0.005841,-0.001364,0.005808,0.008131,-0.000263,0.001270,0.006084,-0.000038,0.001235,0.002287,0.000135,0.004049,0.007664,-0.000024,0.001828,0.010343,-0.001368,0.001573,0.008896,-0.001728,0.000185,0.009901,-0.002004,0.004342,0.010262,0.001409,-0.001872,0.010785,0.000759,-0.009933,0.009826,-0.001722
0.000017,0.002301,-0.000546,-0.001791,0.002599,-0.000330,0.004077,0.001510,-0.000643,0.007574,-0.000505,-0.001368,0.001505,0.002627,-0.000793,-0.002074,0.000356,-0.000578,-0.001318,-0.003448,-0.000561,0.000139,0.002154,-0.000533,-0.001073,0.004740,-0.001914,-0.000803,0.003692,-0.002180,-0.002807,0.005708,-0.002550,0.000621,0.004685,0.000853,-0.005969,0.005709,0.000083,-0.014826,0.004540,-0.002626
0.000399,0.000104,-0.001042,-0.000802,0.000403,-0.000808,0.002876,-0.001357,-0.001064,0.004738,-0.003668,-0.001486,0.001305,0.000423,-0.001294,-0.001410,-0.001966,-0.001095,-0.001275,-0.005326,-0.000996,0.000488,-0.000023,-0.001032,0.000670,0.002258,-0.002361,0.000333,0.000856,-0.002711,-0.002077,0.002201,-0.003233,0.001365,0.002234,0.000175,-0.005795,0.003753,-0.000729,-0.015507,0.002255,-0.003701
0.004882,0.002327,-0.001277,0.004319,0.002609,-0.001047,0.006888,0.000329,-0.001285,0.008434,-0.002062,-0.001655,0.005309,0.002621,-0.001515,0.002932,0.000278,-0.001328,0.001344,-0.002409,-0.000952,0.004920,0.002221,-0.001273,0.006186,0.004137,-0.002486,0.004413,0.001807,-0.003055,0.002011,0.001133,-0.003711,0.006200,0.004134,-0.000284,-0.001438,0.005895,-0.001269,-0.011637,0.004115,-0.004401
0.001183,0.006670,-0.001725,0.000332,0.006870,-0.001561,0.001703,0.004480,-0.001759,0.002581,0.001912,-0.002014,0.001854,0.006884,-0.001897,0.001232,0.004933,-0.001778,0.000488,0.002775,-0.001578,0.001239,0.006589,-0.001719,0.003229,0.007808,-0.002595,0.001082,0.006140,-0.003001,-0.000826,0.005478,-0.003534,0.003374,0.007802,-0.001166,-0.003180,0.008510,-0.001864,-0.011250,0.006884,-0.004324
-0.003001,0.009177,-0.001654,-0.004212,0.009265,-0.001585,-0.004272,0.006970,-0.001719,-0.003736,0.004561,-0.001906,-0.002207,0.009280,-0.001736,-0.001153,0.007749,-0.001682,-0.000170,0.005979,-0.001808,-0.002891,0.009137,-0.001641,-0.000151,0.009813,-0.002273,-0.001895,0.009455,-0.002360,-0.002874,0.009361,-0.002614,-0.000190,0.009812,-0.001418,-0.005629,0.008981,-0.001739,-0.011160,0.007401,-0.003404
0.000027,0.005897,-0.000333,-0.000760,0.005874,-0.000353,-0.002630,0.003669,-0.000400,-0.001438,0.002190,-0.000675,-0.000023,0.005878,-0.000326,0.001131,0.004474,-0.000280,0.003040,0.002955,-0.000573,0.000192,0.005922,-0.000314,0.004090,0.006689,-0.001103,0.003247,0.007350,-0.000942,0.003587,0.006910,-0.000860,0.002435,0.006739,0.000015,-0.003394,0.004693,-0.000120,-0.008184,0.002507,-0.001566
0.000617,0.000741,0.000252,0.000042,0.000722,0.000240,-0.002879,-0.001665,0.000225,-0.002135,-0.003092,0.000021,-0.000018,0.000720,0.000248,0.001710,-0.000736,0.000287,0.003530,-0.002195,0.000007,0.000853,0.000784,0.000279,0.005861,0.001340,-0.000488,0.005494,0.002821,-0.000127,0.007283,0.001700,0.000306,0.003087,0.001424,0.000511,-0.002714,-0.001570,0.000553,-0.007439,-0.004552,-0.000885
-0.001526,-0.003713,-0.000190,-0.002206,-0.003615,-0.000101,-0.004892,-0.006364,-0.000156,-0.005478,-0.008644,-0.000166,-0.002195,-0.003615,-0.000303,0.000295,-0.005276,-0.000264,0.001056,-0.006895,-0.000355,-0.001240,-0.003708,-0.000158,0.004275,-0.003562,-0.000737,0.003721,-0.001869,-0.000321,0.006365,-0.003664,0.000300,0.001439,-0.003475,-0.000179,-0.003930,-0.006677,-0.000055,-0.009298,-0.010246,-0.001696
-0.003672,-0.004612,-0.000634,-0.003994,-0.004526,-0.000558,-0.006662,-0.006914,-0.000599,-0.004906,-0.008195,-0.001017,-0.005272,-0.004536,-0.000749,-0.002140,-0.005983,-0.000732,-0.001236,-0.007260,-0.000871,-0.003249,-0.004587,-0.000586,0.002204,-0.004493,-0.001132,0.002894,-0.002157,-0.000567,0.006274,-0.003018,0.000324,-0.001415,-0.004380,-0.000571,-0.005457,-0.007916,-0.000273,-0.008777,-0.011309,-0.001290
-0.005375,-0.002340,-0.000424,-0.005168,-0.002306,-0.000399,-0.007488,-0.004237,-0.000432,-0.003645,-0.004461,-0.001201,-0.008006,-0.002327,-0.000506,-0.004326,-0.003554,-0.000511,-0.002976,-0.004383,-0.000752,-0.004826,-0.002274,-0.000362,0.001052,-0.002198,-0.000940,0.002693,0.000539,-0.000282,0.006152,0.000487,0.000690,-0.003743,-0.002045,-0.000287,-0.006551,-0.005826,0.000159,-0.007792,-0.009097,-0.000221
-0.006191,0.002721,0.001092,-0.005579,0.002752,0.001108,-0.006668,0.000745,0.001015,-0.004920,-0.000164,0.000615,-0.009152,0.002726,0.001012,-0.004997,0.001313,0.001003,-0.003798,0.000647,0.000792,-0.005621,0.002811,0.001157,0.002225,0.002580,0.000574,0.002800,0.004802,0.001113,0.005137,0.003699,0.001704,-0.003814,0.002776,0.001048,-0.006466,-0.000949,0.001499,-0.008265,-0.004964,0.000956
-0.008375,0.003942,0.001322,-0.007663,0.004074,0.001421,-0.007568,0.002318,0.001291,-0.005512,0.001536,0.000841,-0.011448,0.004049,0.001152,-0.007122,0.002314,0.001158,-0.005121,0.001282,0.000832,-0.007772,0.004005,0.001390,0.001250,0.003759,0.000704,0.000943,0.005534,0.001140,0.001372,0.004376,0.001199,-0.005256,0.003973,0.001248,-0.008219,0.000411,0.001645,-0.010941,-0.004042,0.000840
-0.010834,0.000711,0.000151,-0.010379,0.000999,0.000383,-0.009737,-0.000305,0.000259,-0.005124,-0.000211,-0.000635,-0.013747,0.000981,-0.000155,-0.009637,-0.001052,-0.000123,-0.006284,-0.002799,-0.000651,-0.010203,0.000712,0.000222,-0.001386,0.000748,-0.000615,-0.001946,0.002368,-0.000216,-0.003259,0.002177,-0.000574,-0.007348,0.000947,0.000210,-0.010934,-0.002425,0.000525,-0.014483,-0.006790,-0.000509
-0.005172,0.000619,0.000680,-0.004246,0.000853,0.000863,-0.002751,-0.000622,0.000692,0.002043,-0.000716,-0.000233,-0.008294,0.000832,0.000426,-0.004800,-0.001168,0.000473,-0.002661,-0.002745,0.000163,-0.004590,0.000657,0.000746,0.004741,0.000714,-0.000156,0.003671,0.001536,0.000046,0.001336,0.001254,-0.000586,-0.002426,0.000956,0.000804,-0.006772,-0.001495,0.000893,-0.011315,-0.005497,-0.000441
-0.000095,0.001305,0.001642,0.001576,0.001382,0.001690,0.003482,-0.000230,0.001493,0.007153,-0.000627,0.000778,-0.003441,0.001355,0.001529,0.000003,-0.000108,0.001548,0.001270,-0.000875,0.001360,0.000385,0.001420,0.001696,0.010202,0.001545,0.000703,0.008636,0.001736,0.000749,0.005220,0.001381,-0.000171,0.001483,0.001844,0.001880,-0.003369,0.000113,0.001800,-0.008322,-0.003629,0.000330
-0.004311,0.000407,0.001766,-0.002071,0.000334,0.001694,-0.000946,-0.000722,0.001565,0.001374,-0.000591,0.001128,-0.007544,0.000304,0.001786,-0.002617,0.000055,0.001704,0.001033,0.000491,0.001029,-0.003961,0.000580,0.001806,0.005566,0.001133,0.000586,0.003790,0.001666,0.000719,-0.001542,0.002333,-0.000660,-0.003648,0.001457,0.002291,-0.008360,-0.000688,0.002298,-0.012387,-0.004656,0.001089
-0.006375,-0.000580,0.001029,-0.003452,-0.000829,0.000815,-0.003336,-0.001514,0.000746,-0.000863,-0.000693,0.000312,-0.009872,-0.000863,0.001204,-0.004214,-0.000717,0.001084,0.001049,0.000234,0.000098,-0.006123,-0.000331,0.001058,0.003435,0.000690,-0.000442,0.001428,0.000703,-0.000432,-0.005363,0.001169,-0.002221,-0.006766,0.001056,0.001883,-0.012261,-0.000242,0.001677,-0.017243,-0.003797,0.000191
-0.005255,-0.001161,-0.000200,-0.001877,-0.001527,-0.000508,-0.002491,-0.002213,-0.000555,0.001560,-0.000885,-0.001263,-0.009261,-0.001562,0.000073,-0.003992,-0.002040,-0.000002,0.001309,-0.001521,-0.000965,-0.005018,-0.000859,-0.000173,0.004876,0.000433,-0.001869,0.002733,-0.000675,-0.002129,-0.004335,-0.001529,-0.004073,-0.006310,0.000842,0.000859,-0.013118,0.001231,0.000249,-0.020461,-0.001474,-0.001912
-0.003826,-0.000432,0.000575,-0.001114,-0.000806,0.000257,-0.002502,-0.001224,0.000258,0.000673,0.000155,-0.000288,-0.007821,-0.000835,0.000853,-0.003171,-0.000812,0.000765,0.001022,0.000145,-0.000021,-0.003480,-0.000133,0.000614,0.006670,0.000806,-0.000912,0.004208,0.000430,-0.000987,-0.004191,0.000403,-0.003239,-0.004226,0.001213,0.001418,-0.010322,0.003142,0.000587,-0.016641,0.002005,-0.001252
-0.003694,0.001178,0.001237,-0.001815,0.000848,0.000952,-0.003699,0.000723,0.000996,-0.001646,0.002098,0.000654,-0.007576,0.000826,0.001474,-0.003481,0.001668,0.001354,-0.000011,0.003262,0.000666,-0.003216,0.001450,0.001291,0.007197,0.002017,-0.000054,0.004577,0.002415,0.000063,-0.005492,0.003837,-0.002543,-0.002963,0.002405,0.001824,-0.007854,0.005533,0.000869,-0.012476,0.005548,-0.000464
-0.006465,0.003241,-0.000329,-0.004634,0.002952,-0.000581,-0.006413,0.002899,-0.000533,-0.003519,0.004615,-0.001019,-0.010548,0.002933,-0.000129,-0.006652,0.004099,-0.000263,-0.001988,0.005853,-0.001163,-0.005935,0.003494,-0.000270,0.004833,0.004269,-0.001781,0.002558,0.003675,-0.001910,-0.008807,0.005640,-0.004807,-0.004971,0.004653,0.000343,-0.009693,0.008452,-0.000721,-0.014656,0.008074,-0.002172
-0.011064,-0.000061,-0.001056,-0.009729,-0.000294,-0.001264,-0.011071,-0.000059,-0.001214,-0.005558,0.002356,-0.002163,-0.014833,-0.000307,-0.000903,-0.011594,0.001098,-0.001036,-0.006230,0.002748,-0.002047,-0.010499,0.000161,-0.000993,0.000647,0.001425,-0.002835,-0.001888,0.000267,-0.003099,-0.013154,0.001608,-0.005988,-0.008611,0.001796,-0.000160,-0.013904,0.006015,-0.001343,-0.019548,0.005592,-0.003001
-0.015190,-0.007078,-0.000581,-0.014552,-0.007265,-0.000756,-0.015342,-0.006671,-0.000707,-0.006742,-0.003548,-0.002204,-0.018290,-0.007274,-0.000460,-0.015835,-0.005837,-0.000579,-0.010614,-0.004503,-0.001543,-0.014625,-0.006883,-0.000518,-0.003269,-0.005099,-0.002691,-0.006536,-0.006109,-0.002911,-0.016357,-0.006239,-0.005491,-0.012062,-0.004738,0.000565,-0.018377,-0.000558,-0.000683,-0.024703,-0.000651,-0.002530
0.001588,-0.010037,0.000620,0.002081,-0.010212,0.000455,0.000819,-0.009381,0.000544,0.008568,-0.006042,-0.000781,-0.001569,-0.010220,0.000727,0.001475,-0.008122,0.000555,0.007338,-0.005933,-0.000561,0.002199,-0.009844,0.000687,0.015144,-0.008252,-0.001551,0.012794,-0.008638,-0.001626,0.004837,-0.008786,-0.003689,0.006108,-0.007875,0.001602,0.000076,-0.002727,0.000211,-0.008126,-0.003220,-0.002188
0.015334,-0.009964,0.001568,0.015523,-0.010164,0.001378,0.013613,-0.009499,0.001490,0.020123,-0.006417,0.000384,0.011955,-0.010172,0.001693,0.015580,-0.007697,0.001485,0.021876,-0.004959,0.000263,0.016056,-0.009767,0.001648,0.030710,-0.008481,-0.000606,0.029570,-0.008232,-0.000535,0.023440,-0.008242,-0.002086,0.021924,-0.008108,0.002284,0.016234,-0.001935,0.000745,0.005865,-0.002855,-0.002286
0.002114,-0.007884,0.001288,0.001128,-0.008150,0.001024,-0.000760,-0.008332,0.001082,0.007670,-0.005962,-0.000425,-0.001089,-0.008157,0.001471,0.001721,-0.006500,0.001329,0.007246,-0.004995,0.000291,0.003031,-0.007697,0.001389,0.018254,-0.006227,-0.001051,0.017257,-0.005793,-0.000929,0.012455,-0.006809,-0.002192,0.011411,-0.005929,0.001944,0.004873,0.000378,0.000328,-0.007044,-0.000302,-0.003137
-0.008162,-0.003121,0.001501,-0.010161,-0.003361,0.001241,-0.011228,-0.003531,0.001270,-0.001458,-0.001140,-0.000494,-0.011265,-0.003366,0.001661,-0.008912,-0.002346,0.001565,-0.002704,-0.001909,0.000444,-0.007041,-0.002973,0.001624,0.008980,-0.001402,-0.000978,0.007318,-0.001275,-0.000926,0.003017,-0.003080,-0.002108,0.003931,-0.001175,0.002039,-0.004169,0.004553,0.000423,-0.018144,0.003691,-0.003615
-0.010355,0.001944,0.002101,-0.012699,0.001809,0.001922,-0.012557,0.002505,0.001959,-0.002693,0.005635,0.000214,-0.013486,0.001806,0.002168,-0.011003,0.002686,0.002075,-0.002997,0.002752,0.000650,-0.009124,0.002045,0.002235,0.007524,0.003576,-0.000433,0.004721,0.003058,-0.000534,-0.000156,0.001079,-0.001880,0.003224,0.003773,0.002516,-0.006369,0.008503,0.000983,-0.021888,0.007133,-0.003472
-0.010350,-0.000507,0.002627,-0.013161,-0.000546,0.002519,-0.012347,0.000296,0.002540,-0.003768,0.003234,0.001011,-0.013951,-0.000548,0.002601,-0.010438,0.000361,0.002484,-0.001015,0.000528,0.000811,-0.008881,-0.000455,0.002785,0.009108,0.001246,-0.000152,0.004887,0.000093,-0.000396,-0.001772,-0.001907,-0.002200,0.005952,0.001397,0.002975,-0.005161,0.006214,0.001337,-0.021060,0.006635,-0.003166
-0.009667,-0.003585,0.003140,-0.013111,-0.003507,0.003120,-0.011391,-0.002921,0.003084,-0.004125,-0.000752,0.001745,-0.013725,-0.003507,0.003004,-0.009090,-0.002744,0.002872,0.000966,-0.002615,0.001095,-0.007922,-0.003592,0.003326,0.011930,-0.001874,0.000147,0.006053,-0.003057,-0.000090,-0.002445,-0.004751,-0.002340,0.010248,-0.001783,0.003277,-0.001617,0.003164,0.001582,-0.017663,0.005039,-0.002909
-0.009827,-0.000397,0.003702,-0.014114,-0.000154,0.003810,-0.010480,0.000095,0.003663,-0.003211,0.001266,0.002264,-0.013874,-0.000152,0.003421,-0.008836,-0.000051,0.003321,0.000667,-0.000701,0.001668,-0.007857,-0.000483,0.003911,0.014187,0.000736,0.000740,0.006455,0.000719,0.000807,-0.002789,-0.000165,-0.001574,0.014244,0.000753,0.003278,0.003187,0.004830,0.001809,-0.013705,0.005188,-0.002914
-0.009773,0.002109,0.003642,-0.014810,0.002540,0.003900,-0.009507,0.002399,0.003652,-0.001372,0.002841,0.002056,-0.014055,0.002544,0.003193,-0.008289,0.002082,0.003113,0.002602,0.000638,0.001252,-0.007541,0.001952,0.003876,0.017652,0.002533,0.000675,0.007747,0.002726,0.000818,-0.002679,0.001693,-0.001861,0.018378,0.002522,0.002596,0.007927,0.004964,0.001470,-0.009212,0.003565,-0.003314
-0.009530,0.002679,0.002989,-0.014852,0.003228,0.003349,-0.008959,0.002840,0.003059,0.000473,0.003184,0.001230,-0.014178,0.003234,0.002437,-0.007723,0.002587,0.002356,0.005804,0.000732,0.000067,-0.007131,0.002496,0.003239,0.020588,0.002615,-0.000042,0.009278,0.001958,-0.000081,-0.002176,-0.000109,-0.003071,0.020580,0.002637,0.001550,0.010232,0.003498,0.000720,-0.006432,0.000981,-0.003908
-0.010571,0.003547,0.004486,-0.016418,0.004154,0.004887,-0.009007,0.002873,0.004478,0.001438,0.002191,0.002428,-0.015634,0.004161,0.003881,-0.007969,0.003021,0.003807,0.004536,0.000999,0.001706,-0.007914,0.003338,0.004759,0.023037,0.003666,0.000906,0.009042,0.003085,0.000931,-0.004732,0.001498,-0.002614,0.023706,0.003665,0.002856,0.013500,0.003069,0.002294,-0.001985,-0.000450,-0.001975
-0.013443,0.003316,0.006233,-0.020170,0.003977,0.006675,-0.011500,0.001615,0.006149,0.000406,-0.000167,0.003794,-0.018898,0.003985,0.005580,-0.010173,0.002393,0.005516,0.001408,0.000127,0.003582,-0.010463,0.003076,0.006536,0.024071,0.003618,0.002042,0.007093,0.003235,0.002176,-0.008885,0.001998,-0.001895,0.025699,0.003582,0.004339,0.014639,0.001926,0.003914,-0.000060,-0.001883,-0.000100
-0.018689,0.000589,0.006334,-0.026769,0.001356,0.006873,-0.018286,-0.001815,0.006314,-0.003738,-0.003913,0.003482,-0.024443,0.001367,0.005591,-0.015478,-0.000287,0.005531,-0.000965,-0.003191,0.003120,-0.015353,0.000309,0.006668,0.022767,0.000404,0.001883,0.003478,-0.000468,0.001970,-0.013175,-0.003126,-0.002330,0.024502,0.000361,0.003823,0.010557,-0.001687,0.003300,-0.004851,-0.004479,-0.000863
-0.020797,0.001785,0.006163,-0.029878,0.002591,0.006735,-0.020556,-0.001649,0.006076,-0.002989,-0.004436,0.002696,-0.027485,0.002602,0.005390,-0.018102,0.000834,0.005335,-0.002011,-0.002331,0.002674,-0.017023,0.001495,0.006534,0.026172,0.001227,0.001184,0.005188,0.000262,0.001325,-0.011964,-0.004134,-0.003146,0.027737,0.001193,0.002978,0.011709,-0.001292,0.002426,-0.004132,-0.003127,-0.001808
-0.018714,0.006308,0.005804,-0.027940,0.007063,0.006338,-0.017174,0.002030,0.005565,0.002279,-0.001472,0.001850,-0.026502,0.007074,0.005086,-0.016733,0.005198,0.005036,-0.001206,0.002276,0.002481,-0.014636,0.006042,0.006198,0.032573,0.005675,0.000219,0.011359,0.005057,0.000505,-0.005875,-0.000531,-0.003980,0.033782,0.005663,0.002149,0.017514,0.002919,0.001659,0.001732,0.001508,-0.002520
-0.019745,0.008030,0.006851,-0.030251,0.008917,0.007511,-0.018074,0.003629,0.006673,0.002927,-0.000111,0.002696,-0.028741,0.008930,0.006029,-0.017478,0.006469,0.005995,-0.000768,0.003041,0.003292,-0.015071,0.007706,0.007293,0.037789,0.007330,0.000350,0.015096,0.007925,0.001022,-0.002706,0.002192,-0.003576,0.039891,0.007287,0.002462,0.021558,0.003483,0.002084,0.005283,0.003783,-0.002191
-0.024114,0.008297,0.008158,-0.036302,0.009388,0.009013,-0.022871,0.004111,0.008139,-0.000594,0.000351,0.003958,-0.034304,0.009404,0.007177,-0.021563,0.006434,0.007159,-0.003482,0.002458,0.004273,-0.018766,0.007888,0.008651,0.040438,0.007456,0.000612,0.016339,0.009219,0.001664,-0.001896,0.003343,-0.003019,0.043719,0.007371,0.002846,0.023237,0.002808,0.002529,0.005815,0.004733,-0.002005
-0.032048,0.008460,0.008577,-0.045582,0.009707,0.009604,-0.031176,0.004436,0.008704,-0.007838,0.000618,0.004361,-0.043293,0.009727,0.007490,-0.030212,0.006873,0.007472,-0.012139,0.003013,0.004585,-0.026158,0.007991,0.009105,0.039134,0.007314,0.000013,0.015025,0.009285,0.001187,-0.002897,0.002217,-0.003426,0.042922,0.007217,0.002205,0.021944,0.003302,0.001798,0.002624,0.005390,-0.003170
-0.034933,0.008025,0.008450,-0.050288,0.009417,0.009650,-0.034374,0.004368,0.008724,-0.007562,0.001214,0.003838,-0.047599,0.009441,0.007276,-0.032969,0.006246,0.007271,-0.011533,0.001688,0.003882,-0.028279,0.007496,0.009027,0.044476,0.007216,-0.001797,0.018759,0.009647,-0.000388,-0.001867,0.002965,-0.005568,0.049064,0.007103,0.001116,0.026055,0.003324,0.000647,0.002562,0.005798,-0.005328
-0.031325,0.007208,0.007840,-0.048068,0.008661,0.009154,-0.030862,0.003949,0.008224,0.000107,0.001860,0.002717,-0.045071,0.008688,0.006663,-0.028457,0.004873,0.006688,-0.001964,-0.000835,0.002571,-0.024069,0.006651,0.008447,0.053758,0.007225,-0.004126,0.025646,0.010126,-0.002444,0.000639,0.005202,-0.008510,0.059056,0.007102,-0.000099,0.033501,0.002886,-0.000533,0.005627,0.005785,-0.007551
-0.035360,0.006344,0.010269,-0.054463,0.007809,0.011685,-0.034729,0.002700,0.010676,-0.002312,-0.000209,0.004941,-0.049369,0.007843,0.009130,-0.029697,0.004395,0.009125,-0.002103,-0.001105,0.004861,-0.027418,0.005755,0.010905,0.056771,0.007572,-0.003976,0.027448,0.010289,-0.002208,-0.001837,0.007812,-0.009078,0.064043,0.007399,0.001500,0.037697,0.003726,0.001013,0.007223,0.007342,-0.006569
-0.039508,0.005158,0.012848,-0.061171,0.006623,0.014383,-0.038857,0.000922,0.013290,-0.004624,-0.003023,0.007274,-0.053546,0.006668,0.011760,-0.031340,0.003522,0.011740,-0.003618,-0.001812,0.007488,-0.030899,0.004534,0.013505,0.059557,0.007657,-0.003822,0.028918,0.010100,-0.001971,-0.004313,0.009732,-0.009542,0.069285,0.007421,0.003065,0.042180,0.004264,0.002539,0.009485,0.008717,-0.005480
-0.036243,0.003375,0.012688,-0.059891,0.004866,0.014393,-0.036127,-0.001084,0.013279,0.003367,-0.004622,0.006511,-0.050660,0.004924,0.011640,-0.028034,0.000958,0.011695,0.001827,-0.005653,0.007209,-0.027085,0.002715,0.013349,0.068152,0.006883,-0.006169,0.034806,0.009527,-0.004036,-0.001817,0.009900,-0.012170,0.080040,0.006596,0.001713,0.050488,0.002913,0.001283,0.014533,0.008146,-0.007377
-0.038011,0.002267,0.013044,-0.064170,0.003849,0.015018,-0.037724,-0.002124,0.013870,0.006598,-0.005543,0.006440,-0.052078,0.003932,0.011965,-0.027196,-0.000640,0.012075,0.003770,-0.008093,0.007504,-0.028281,0.001507,0.013705,0.073204,0.007084,-0.008610,0.038152,0.009803,-0.006256,-0.001384,0.012123,-0.014758,0.090144,0.006652,0.000216,0.058130,0.002079,-0.000027,0.019011,0.009311,-0.009258
-0.043926,0.002388,0.013739,-0.071866,0.004070,0.016006,-0.042835,-0.001622,0.014856,0.003489,-0.005198,0.007239,-0.057094,0.004186,0.012608,-0.029243,-0.000411,0.012746,0.001252,-0.007781,0.008303,-0.033888,0.001520,0.014375,0.072084,0.008261,-0.010401,0.037188,0.010842,-0.007956,-0.003333,0.015298,-0.016375,0.094478,0.007683,-0.001200,0.061231,0.002322,-0.001213,0.020571,0.011777,-0.010591
-0.045586,0.002639,0.013535,-0.073667,0.004501,0.016137,-0.039762,-0.000307,0.014966,0.005196,-0.004624,0.007682,-0.057265,0.004653,0.012270,-0.023635,0.000450,0.012429,0.001791,-0.005180,0.008732,-0.035610,0.001640,0.014121,0.077326,0.009296,-0.013644,0.042504,0.012126,-0.011002,-0.000758,0.018874,-0.019668,0.105080,0.008613,-0.004417,0.070871,0.003597,-0.004380,0.028389,0.016186,-0.013920
-0.047980,0.003182,0.012491,-0.075478,0.005320,0.015494,-0.035995,0.001665,0.014325,0.007248,-0.003415,0.007423,-0.057192,0.005520,0.010973,-0.016545,0.000938,0.011231,0.000886,-0.003240,0.008712,-0.038389,0.002032,0.013010,0.081369,0.010456,-0.017796,0.046708,0.013488,-0.014972,0.001715,0.021362,-0.023707,0.113604,0.009724,-0.008717,0.079204,0.004591,-0.008523,0.036219,0.019977,-0.017902
-0.056096,0.004178,0.010664,-0.083206,0.006698,0.014168,-0.039014,0.004172,0.013068,0.005191,-0.001093,0.006154,-0.061479,0.006977,0.008732,-0.014136,0.000093,0.009266,-0.005948,-0.004828,0.008176,-0.047167,0.002866,0.011108,0.076645,0.012040,-0.022341,0.042401,0.014777,-0.019480,-0.000544,0.021271,-0.027634,0.111700,0.011344,-0.013404,0.078400,0.004028,-0.012655,0.037819,0.020647,-0.021242
-0.063443,0.003365,0.007274,-0.088941,0.006848,0.011735,-0.036894,0.006211,0.010734,0.003422,-0.000133,0.004494,-0.063613,0.007234,0.004395,-0.000800,-0.001544,0.005327,-0.008214,-0.004607,0.006485,-0.055482,0.001673,0.007634,0.075209,0.011247,-0.029063,0.043223,0.014543,-0.026090,0.000898,0.022808,-0.033781,0.114511,0.010573,-0.021034,0.081770,0.001482,-0.019828,0.044712,0.020394,-0.027399
-0.066346,0.001150,0.004014,-0.089813,0.005681,0.009479,-0.030673,0.006896,0.008658,0.002873,-0.000728,0.003480,-0.062537,0.006177,0.000170,0.016795,-0.002967,0.001591,-0.004759,-0.002332,0.004714,-0.059172,-0.000942,0.004307,0.077535,0.008776,-0.035486,0.048540,0.013085,-0.032362,0.005102,0.025283,-0.039808,0.120427,0.008169,-0.028768,0.087470,-0.001373,-0.027367,0.053160,0.019807,-0.034123
-0.066759,0.000227,0.000841,-0.088197,0.006354,0.007807,-0.015929,0.009886,0.007241,0.009858,-0.000326,0.003175,-0.057261,0.007025,-0.004446,0.047515,-0.005765,-0.001829,-0.000362,-0.002254,0.005261,-0.060418,-0.002430,0.001072,0.086666,0.006984,-0.042991,0.060428,0.012252,-0.039740,0.014229,0.028517,-0.047217,0.131986,0.006522,-0.037890,0.100249,-0.003416,-0.036294,0.071926,0.021543,-0.041540
-0.069584,-0.001648,-0.002382,-0.089582,0.006252,0.006301,0.000267,0.012881,0.006179,0.015575,-0.000965,0.003537,-0.053770,0.007161,-0.009240,0.079669,-0.009870,-0.004850,0.002433,-0.003453,0.006901,-0.063923,-0.004923,-0.002205,0.095384,0.004129,-0.051367,0.071402,0.010373,-0.047961,0.021929,0.030137,-0.055558,0.142750,0.003854,-0.048001,0.111578,-0.006539,-0.046208,0.088329,0.022075,-0.050149
-0.079724,-0.006720,-0.005792,-0.099457,0.002757,0.004555,0.010833,0.013672,0.005301,0.011219,-0.004516,0.004656,-0.058057,0.003983,-0.013989,0.101555,-0.015085,-0.007217,0.001094,-0.004743,0.008647,-0.074387,-0.010552,-0.005653,0.096425,-0.001438,-0.060556,0.073925,0.005839,-0.056932,0.021817,0.027820,-0.064541,0.146234,-0.001504,-0.058867,0.112897,-0.012545,-0.056846,0.089673,0.017944,-0.060571
-0.090769,-0.011069,-0.011107,-0.109561,-0.000002,0.000987,0.031843,0.017706,0.003333,0.008043,-0.006935,0.005973,-0.062885,0.001601,-0.020544,0.127098,-0.019769,-0.010389,0.004408,-0.004984,0.009828,-0.085662,-0.015465,-0.011004,0.100744,-0.006762,-0.073139,0.082138,0.001378,-0.069542,0.027900,0.025651,-0.077029,0.153831,-0.006570,-0.074132,0.119586,-0.015814,-0.072328,0.096536,0.018505,-0.075708
-0.097196,-0.012521,-0.015669,-0.114850,-0.000653,-0.002496,0.052768,0.023487,0.002127,0.007645,-0.005960,0.007817,-0.065877,0.001283,-0.025527,0.143482,-0.020905,-0.011693,0.010819,-0.002585,0.011253,-0.092103,-0.017199,-0.015591,0.105604,-0.008518,-0.084552,0.091381,-0.000414,-0.081270,0.036649,0.024887,-0.088393,0.161189,-0.008013,-0.087960,0.127826,-0.013793,-0.086685,0.104799,0.024646,-0.089693
-0.108201,-0.014053,-0.022370,-0.126156,-0.002364,-0.008755,0.070315,0.027662,-0.000779,0.003077,-0.008069,0.008269,-0.075462,-0.000105,-0.031702,0.147148,-0.021080,-0.013968,0.007756,0.001646,0.011325,-0.102452,-0.018650,-0.022295,0.115357,-0.010649,-0.101560,0.107818,-0.001873,-0.098620,0.054133,0.023147,-0.105235,0.172133,-0.009715,-0.108005,0.140447,-0.011552,-0.107377,0.115578,0.028865,-0.110471
-0.119828,-0.015690,-0.029770,-0.139074,-0.004765,-0.016086,0.081392,0.030448,-0.004084,-0.001959,-0.009632,0.007701,-0.087610,-0.002226,-0.037988,0.144172,-0.020926,-0.016263,0.003524,0.005925,0.010466,-0.112979,-0.019996,-0.029688,0.125197,-0.012345,-0.120588,0.123989,-0.003215,-0.118052,0.072237,0.020336,-0.124136,0.183012,-0.010920,-0.129962,0.153554,-0.008254,-0.130108,0.124710,0.032674,-0.133728
-0.128119,-0.017458,-0.036432,-0.149194,-0.007488,-0.022771,0.082899,0.032071,-0.006402,-0.003796,-0.006967,0.006516,-0.098287,-0.004739,-0.043270,0.140608,-0.021011,-0.017304,0.006383,0.008563,0.009396,-0.119954,-0.021414,-0.036345,0.130271,-0.012716,-0.138129,0.132391,-0.004577,-0.136097,0.082782,0.016403,-0.141752,0.190120,-0.010764,-0.149620,0.163157,-0.002930,-0.150678,0.127914,0.037693,-0.155222
-0.136637,-0.017890,-0.045513,-0.160281,-0.008909,-0.031672,0.083078,0.033404,-0.010578,-0.004412,-0.005204,0.003068,-0.112658,-0.006111,-0.050690,0.134862,-0.021512,-0.019846,0.008127,0.010056,0.006472,-0.126219,-0.021393,-0.045419,0.143867,-0.013301,-0.161394,0.150154,-0.007714,-0.160340,0.105114,0.006762,-0.165590,0.200929,-0.010752,-0.175187,0.180053,0.003734,-0.177506,0.139922,0.043071,-0.182738
-0.141122,-0.016770,-0.052472,-0.166797,-0.008327,-0.038035,0.081645,0.034672,-0.012384,-0.003669,-0.003397,0.001509,-0.123604,-0.005560,-0.056325,0.129538,-0.021182,-0.020523,0.007844,0.012091,0.005803,-0.128633,-0.019923,-0.052402,0.157681,-0.012900,-0.182329,0.166866,-0.010825,-0.182399,0.126661,-0.003829,-0.187351,0.208510,-0.009795,-0.197548,0.194238,0.010056,-0.200909,0.153029,0.048230,-0.206112
-0.149572,-0.019011,-0.060393,-0.177652,-0.010913,-0.044931,0.076498,0.033718,-0.014270,-0.008307,-0.003641,0.000134,-0.140192,-0.008307,-0.062775,0.122886,-0.025972,-0.020751,0.008925,0.005458,0.004919,-0.134449,-0.021908,-0.060387,0.163890,-0.013788,-0.205445,0.176233,-0.016652,-0.207030,0.147634,-0.021330,-0.211202,0.211501,-0.010070,-0.220465,0.206318,0.012697,-0.224470,0.167350,0.049447,-0.229160
-0.157771,-0.019551,-0.068409,-0.187885,-0.011341,-0.051417,0.069800,0.034193,-0.015830,-0.015839,-0.002848,-0.000678,-0.157576,-0.009012,-0.069477,0.116001,-0.029007,-0.020630,0.009968,-0.000095,0.004182,-0.139892,-0.022337,-0.068518,0.168025,-0.012879,-0.229044,0.181997,-0.021113,-0.232127,0.166281,-0.038998,-0.235506,0.211377,-0.008594,-0.242742,0.214455,0.014579,-0.246920,0.181770,0.051399,-0.250365
-0.161501,-0.013328,-0.075659,-0.192521,-0.004292,-0.056536,0.063793,0.039494,-0.016716,-0.023689,0.001696,-0.000609,-0.170910,-0.002364,-0.075816,0.109944,-0.023709,-0.020144,0.009542,0.004888,0.004057,-0.141189,-0.016203,-0.075957,0.175449,-0.007386,-0.251914,0.187697,-0.020545,-0.256104,0.180611,-0.050561,-0.259105,0.209465,-0.002733,-0.263598,0.216683,0.018340,-0.267428,0.194995,0.058652,-0.268642
-0.162933,-0.008788,-0.085167,-0.195695,0.001288,-0.063341,0.061738,0.043804,-0.018856,-0.024411,0.005806,-0.002382,-0.183789,0.002722,-0.084126,0.107397,-0.019934,-0.020468,0.012301,0.006864,0.003115,-0.139473,-0.011764,-0.085737,0.187108,-0.004091,-0.279019,0.197326,-0.022594,-0.284386,0.201022,-0.067876,-0.286798,0.207438,0.000790,-0.285614,0.220372,0.015952,-0.288471,0.221617,0.066663,-0.284856
-0.161350,-0.008199,-0.092180,-0.195776,0.002572,-0.067894,0.064314,0.045213,-0.018271,-0.017960,0.008069,-0.001943,-0.189864,0.003708,-0.089732,0.108845,-0.019357,-0.018180,0.016081,0.005335,0.005478,-0.135604,-0.011225,-0.093085,0.194370,-0.004218,-0.301668,0.203127,-0.026775,-0.307898,0.214234,-0.083592,-0.309720,0.203589,0.000851,-0.302706,0.220876,0.010275,-0.304603,0.245177,0.074055,-0.295656
-0.157208,-0.003488,-0.101770,-0.192071,0.009163,-0.073828,0.074885,0.050268,-0.018096,-0.010083,0.011710,-0.000614,-0.191606,0.010119,-0.098796,0.114487,-0.014754,-0.018631,0.024041,0.005648,0.005105,-0.129734,-0.006972,-0.103083,0.194559,-0.000493,-0.321959,0.207100,-0.026351,-0.329228,0.223367,-0.088702,-0.330166,0.191541,0.004656,-0.314598,0.215670,0.004797,-0.314934,0.268575,0.084709,-0.298606
-0.154661,0.000061,-0.113943,-0.189804,0.014401,-0.082243,0.089390,0.055334,-0.018680,-0.004641,0.014164,0.001368,-0.193293,0.015276,-0.110127,0.122429,-0.012902,-0.020014,0.031890,0.002652,0.004471,-0.125679,-0.003863,-0.115712,0.187809,0.001799,-0.340866,0.211523,-0.028151,-0.349844,0.231825,-0.089845,-0.349646,0.175000,0.007123,-0.325994,0.208082,0.001221,-0.325302,0.282657,0.092408,-0.302546
-0.157863,-0.002837,-0.128703,-0.194197,0.011623,-0.094122,0.103685,0.056658,-0.019867,-0.005468,0.012320,0.004314,-0.199205,0.012488,-0.122391,0.130617,-0.020706,-0.019889,0.035157,-0.009187,0.006736,-0.127258,-0.006754,-0.130990,0.174150,-0.002669,-0.359636,0.218522,-0.039265,-0.371411,0.242876,-0.094046,-0.369869,0.157530,0.003129,-0.341868,0.201269,0.001322,-0.341805,0.278262,0.091059,-0.316887
-0.159916,-0.002849,-0.150933,-0.198045,0.011267,-0.113326,0.122115,0.059829,-0.026242,-0.007531,0.009499,0.003690,-0.204735,0.012090,-0.141354,0.139254,-0.026421,-0.025291,0.033023,-0.016686,0.005281,-0.127304,-0.006611,-0.153832,0.161283,-0.005873,-0.382881,0.229815,-0.045190,-0.396379,0.258885,-0.087281,-0.393314,0.141510,0.000483,-0.365044,0.199349,0.005813,-0.365985,0.273734,0.086452,-0.340965
-0.159793,0.000032,-0.169518,-0.199301,0.013414,-0.129438,0.134798,0.062389,-0.030608,-0.010356,0.006205,0.004450,-0.207247,0.014192,-0.156585,0.142337,-0.028202,-0.028849,0.024755,-0.017629,0.006012,-0.125812,-0.003504,-0.173045,0.152373,-0.006519,-0.403375,0.236254,-0.044618,-0.416661,0.268292,-0.075481,-0.412520,0.132032,0.000398,-0.388116,0.200349,0.013276,-0.389903,0.267875,0.082731,-0.366339
-0.164453,0.004360,-0.195097,-0.208501,0.016281,-0.151589,0.147723,0.069480,-0.036503,-0.010529,0.008754,0.003695,-0.216745,0.017020,-0.176940,0.148620,-0.025666,-0.032840,0.018427,-0.012130,0.006966,-0.127518,0.001318,-0.199524,0.133407,-0.005339,-0.423422,0.236779,-0.042531,-0.436235,0.277256,-0.063301,-0.430336,0.113723,0.002133,-0.411953,0.198639,0.023662,-0.414337,0.262778,0.077364,-0.392552
-0.168829,0.007592,-0.222592,-0.217548,0.018192,-0.174983,0.160863,0.075699,-0.041919,-0.008981,0.010748,0.003518,-0.226267,0.018888,-0.198840,0.155662,-0.023240,-0.036766,0.014532,-0.006683,0.007759,-0.128813,0.004962,-0.228061,0.112968,-0.004381,-0.442851,0.235121,-0.040130,-0.454511,0.287187,-0.052244,-0.446358,0.095553,0.003626,-0.435717,0.197296,0.033201,-0.438163,0.259961,0.071443,-0.417981
-0.167855,0.007184,-0.246927,-0.218347,0.017457,-0.194844,0.174144,0.075467,-0.044737,-0.006662,0.005654,0.006357,-0.228856,0.018108,-0.218723,0.160958,-0.025491,-0.040217,0.013487,-0.007716,0.007965,-0.126094,0.004533,-0.253438,0.099656,-0.005714,-0.461455,0.235080,-0.038627,-0.470795,0.299624,-0.043817,-0.460060,0.086443,0.002789,-0.458637,0.199323,0.038212,-0.460307,0.260984,0.066155,-0.441134
-0.166875,0.008955,-0.281160,-0.219360,0.018541,-0.224212,0.192208,0.080738,-0.052864,-0.002677,0.007012,0.005346,-0.229943,0.019226,-0.247726,0.173452,-0.025107,-0.048731,0.013596,-0.004026,0.005481,-0.123402,0.006438,-0.288799,0.088972,-0.004460,-0.491479,0.238937,-0.033078,-0.497666,0.318602,-0.032543,-0.483668,0.079600,0.004614,-0.492718,0.205393,0.045821,-0.493067,0.268039,0.060901,-0.474912
-0.166377,0.012021,-0.308177,-0.219940,0.020727,-0.246961,0.203889,0.087427,-0.054978,-0.000736,0.012380,0.009626,-0.229159,0.021509,-0.269796,0.183430,-0.023855,-0.050638,0.011380,0.000488,0.010007,-0.122151,0.009740,-0.316858,0.083549,-0.001316,-0.520967,0.241787,-0.027962,-0.523962,0.332012,-0.026350,-0.507258,0.076016,0.008337,-0.523646,0.209892,0.053206,-0.522089,0.275229,0.059592,-0.504006
-0.166684,0.020099,-0.345284,-0.221505,0.026904,-0.280300,0.212388,0.097641,-0.066530,-0.001616,0.022438,0.004974,-0.231475,0.027505,-0.300072,0.191406,-0.017540,-0.058140,0.014241,0.011328,0.006899,-0.121167,0.018401,-0.355184,0.080184,0.007813,-0.564132,0.241205,-0.011991,-0.562763,0.344870,-0.012876,-0.542407,0.073565,0.018004,-0.565903,0.214361,0.062991,-0.561589,0.285501,0.058960,-0.542803
-0.168632,0.026794,-0.383986,-0.224800,0.031636,-0.315139,0.215683,0.105123,-0.079798,-0.004663,0.029070,-0.001906,-0.236300,0.031986,-0.331588,0.193684,-0.012719,-0.066956,0.013127,0.020276,0.002102,-0.121755,0.025704,-0.395201,0.077479,0.015772,-0.612165,0.238903,0.003182,-0.606352,0.355393,-0.002818,-0.582102,0.070596,0.026499,-0.611073,0.216421,0.069680,-0.603624,0.294983,0.057756,-0.583116
-0.173057,0.025715,-0.415785,-0.230559,0.029472,-0.342289,0.211542,0.103673,-0.086474,-0.009349,0.024030,-0.003673,-0.243068,0.029712,-0.357348,0.186390,-0.015862,-0.072552,-0.001114,0.019301,0.002100,-0.125220,0.024944,-0.428343,0.073962,0.015476,-0.656312,0.236497,0.005828,-0.646868,0.361757,-0.006909,-0.619114,0.065447,0.026787,-0.650729,0.213669,0.067858,-0.640151,0.299844,0.054716,-0.616644
-0.178489,0.028038,-0.456324,-0.237990,0.030650,-0.377352,0.206876,0.107002,-0.098809,-0.013960,0.022864,-0.011108,-0.252314,0.030721,-0.390815,0.178480,-0.015788,-0.083217,-0.012159,0.021146,-0.004175,-0.129136,0.027616,-0.470476,0.071446,0.019443,-0.713626,0.232046,0.013969,-0.700571,0.362820,-0.004202,-0.669640,0.060821,0.031414,-0.700059,0.212745,0.067903,-0.685741,0.308640,0.053467,-0.658283
-0.182211,0.032601,-0.485334,-0.243208,0.034349,-0.400871,0.199791,0.111169,-0.101223,-0.019545,0.022595,-0.009123,-0.259569,0.034266,-0.413124,0.168172,-0.014897,-0.084060,-0.019927,0.021984,-0.002798,-0.131705,0.032395,-0.501099,0.068102,0.025676,-0.758218,0.224455,0.022146,-0.742336,0.354866,0.001868,-0.709292,0.056414,0.038263,-0.736833,0.211262,0.070832,-0.718832,0.314653,0.055854,-0.687700
-0.183747,0.031891,-0.514593,-0.248152,0.031987,-0.424692,0.189001,0.107936,-0.105647,-0.018597,0.015726,-0.013433,-0.265563,0.031747,-0.434823,0.153109,-0.015859,-0.088504,-0.028996,0.026138,-0.006710,-0.131684,0.032218,-0.532238,0.069510,0.027157,-0.808508,0.222652,0.024970,-0.790012,0.354148,0.001555,-0.754555,0.057884,0.040597,-0.779046,0.217443,0.068892,-0.756865,0.331869,0.053770,-0.720664
-0.185005,0.029735,-0.538826,-0.252708,0.028146,-0.443627,0.175981,0.102264,-0.106556,-0.017202,0.008113,-0.015946,-0.270615,0.027783,-0.451717,0.135985,-0.017528,-0.090322,-0.035971,0.029767,-0.010129,-0.131678,0.030609,-0.558374,0.069587,0.027131,-0.853532,0.219552,0.024136,-0.833014,0.352059,-0.003363,-0.795192,0.059132,0.041458,-0.817060,0.222790,0.067090,-0.790832,0.346764,0.051621,-0.749786
-0.187893,0.029963,-0.552758,-0.256770,0.027392,-0.452465,0.162011,0.098878,-0.098069,-0.021567,0.005201,-0.008084,-0.275082,0.026976,-0.459549,0.119092,-0.019021,-0.082761,-0.037969,0.028526,-0.006876,-0.134291,0.031090,-0.573991,0.062232,0.028837,-0.882319,0.208057,0.021371,-0.860856,0.340006,-0.011057,-0.821101,0.054166,0.043885,-0.841218,0.218909,0.070413,-0.811738,0.345970,0.053741,-0.767742
-0.181646,0.026633,-0.564640,-0.251187,0.022893,-0.460423,0.156322,0.094081,-0.088979,-0.010315,0.002649,-0.003653,-0.266043,0.022664,-0.467356,0.112944,-0.018317,-0.079008,-0.032040,0.029688,-0.006720,-0.128981,0.028192,-0.587062,0.057662,0.028203,-0.901348,0.199663,0.015850,-0.879133,0.332997,-0.022978,-0.836822,0.054278,0.043789,-0.857799,0.220556,0.072256,-0.825002,0.350855,0.053434,-0.778056
-0.169388,0.021411,-0.568531,-0.238576,0.016663,-0.461452,0.155500,0.088365,-0.074380,0.005502,-0.001805,0.005965,-0.248068,0.016759,-0.469130,0.113701,-0.017650,-0.072058,-0.027595,0.030532,0.000267,-0.118655,0.023397,-0.591666,0.054031,0.025570,-0.903934,0.194002,0.009388,-0.880559,0.329688,-0.034642,-0.835159,0.056175,0.041457,-0.860924,0.223291,0.072726,-0.824946,0.355457,0.052228,-0.775336
-0.163746,0.013999,-0.569915,-0.227172,0.007399,-0.465491,0.149154,0.076398,-0.068031,0.008580,-0.009189,0.009737,-0.234005,0.007421,-0.470130,0.107683,-0.025425,-0.067819,-0.024919,0.022826,0.001787,-0.116945,0.016512,-0.592586,0.032609,0.021703,-0.881071,0.174556,-0.000880,-0.856219,0.317299,-0.053830,-0.805673,0.043452,0.037205,-0.847821,0.211487,0.075354,-0.808973,0.347464,0.061591,-0.754680
-0.157846,0.008571,-0.570554,-0.214105,-0.000127,-0.470997,0.142425,0.066252,-0.066001,0.005814,-0.015592,0.011709,-0.219226,-0.000346,-0.470965,0.102896,-0.032682,-0.063726,-0.021087,0.016043,0.003032,-0.115451,0.011630,-0.592277,0.010128,0.019765,-0.850277,0.154315,-0.008042,-0.823561,0.304648,-0.069953,-0.767163,0.030035,0.034533,-0.831265,0.197385,0.080776,-0.790003,0.336493,0.078299,-0.730483
-0.144811,0.009301,-0.572213,-0.196473,-0.001171,-0.476334,0.140345,0.066274,-0.064116,0.004011,-0.016920,0.016004,-0.199115,-0.001561,-0.472271,0.107318,-0.030207,-0.057183,-0.013206,0.019637,0.009301,-0.105776,0.012868,-0.593209,0.002958,0.022988,-0.829361,0.145923,-0.005230,-0.800493,0.300187,-0.072628,-0.738952,0.029623,0.037056,-0.824163,0.193017,0.089671,-0.781159,0.332012,0.099067,-0.717362
-0.127666,0.010737,-0.573515,-0.173390,-0.001967,-0.483945,0.143035,0.067761,-0.066058,0.011547,-0.013321,0.013746,-0.172963,-0.002596,-0.474416,0.116939,-0.028043,-0.053148,0.001900,0.022689,0.011896,-0.092785,0.014984,-0.593104,-0.002937,0.027060,-0.797959,0.139621,-0.000863,-0.766613,0.301528,-0.078290,-0.697722,0.030588,0.040104,-0.810649,0.190699,0.098197,-0.765654,0.333101,0.125354,-0.694833
-0.114985,0.012160,-0.573809,-0.156580,-0.002204,-0.488590,0.141491,0.069410,-0.063672,0.017560,-0.008458,0.014119,-0.154016,-0.003005,-0.474989,0.119645,-0.027725,-0.047218,0.009713,0.023295,0.016514,-0.083174,0.016942,-0.592389,-0.006969,0.029888,-0.773086,0.135760,0.002791,-0.739003,0.304293,-0.084041,-0.662363,0.030013,0.042234,-0.798908,0.188492,0.102869,-0.751127,0.335708,0.144949,-0.672458
-0.103941,0.009072,-0.571440,-0.138981,-0.005584,-0.492244,0.137324,0.064322,-0.067900,0.014244,-0.004874,0.010425,-0.136077,-0.006541,-0.475875,0.119415,-0.033029,-0.045050,0.011643,0.018774,0.018952,-0.076038,0.013768,-0.588304,-0.013862,0.027851,-0.740191,0.128718,0.001892,-0.703369,0.299921,-0.089986,-0.620265,0.026350,0.039354,-0.780520,0.179419,0.101786,-0.731305,0.329829,0.163163,-0.644111
-0.088491,0.002865,-0.565356,-0.117577,-0.011166,-0.491647,0.135509,0.055923,-0.072620,0.011469,-0.005909,0.007199,-0.114360,-0.012125,-0.474752,0.120575,-0.041113,-0.046339,0.012931,0.010322,0.018978,-0.064321,0.007179,-0.580443,-0.014341,0.022130,-0.705574,0.127423,-0.003384,-0.666339,0.297244,-0.096513,-0.578555,0.027443,0.032900,-0.757013,0.173433,0.095247,-0.707033,0.324517,0.172764,-0.612387
-0.062590,-0.005072,-0.554505,-0.089370,-0.018002,-0.483573,0.141148,0.047871,-0.071802,0.019199,-0.014678,0.008763,-0.084040,-0.018667,-0.469399,0.128052,-0.048893,-0.051183,0.019379,-0.000418,0.015917,-0.040957,-0.001105,-0.568379,0.001146,0.013907,-0.675408,0.141123,-0.012869,-0.634417,0.305420,-0.104030,-0.544097,0.041358,0.024278,-0.729745,0.180735,0.083498,-0.678981,0.329106,0.166466,-0.579733
-0.040928,-0.008044,-0.535493,-0.063715,-0.019539,-0.470242,0.139871,0.042572,-0.078508,0.021088,-0.018121,0.001820,-0.057223,-0.020013,-0.458022,0.130330,-0.052183,-0.057437,0.022029,-0.004636,0.010711,-0.022547,-0.004523,-0.547566,0.011138,0.010614,-0.635106,0.144928,-0.020289,-0.594521,0.296205,-0.105328,-0.506585,0.048071,0.020301,-0.686012,0.176569,0.073482,-0.636466,0.317736,0.158355,-0.535889
-0.034337,-0.004564,-0.517828,-0.053846,-0.014996,-0.457683,0.125915,0.042843,-0.085558,0.010350,-0.015487,-0.005560,-0.047700,-0.015462,-0.445733,0.119733,-0.049105,-0.058256,0.013378,0.000263,0.010178,-0.018372,-0.001365,-0.528534,0.010082,0.013801,-0.605076,0.136104,-0.021770,-0.565781,0.272386,-0.099273,-0.482350,0.043093,0.022956,-0.648238,0.161283,0.070513,-0.600263,0.293612,0.152452,-0.500672
-0.019941,-0.012569,-0.486072,-0.039158,-0.021826,-0.429900,0.114922,0.034310,-0.086427,0.005942,-0.025932,-0.008339,-0.031354,-0.022075,-0.420113,0.114433,-0.051748,-0.057263,0.008495,-0.006033,0.012158,-0.005589,-0.009558,-0.495871,0.019056,0.006636,-0.568083,0.133747,-0.034007,-0.531882,0.249372,-0.099884,-0.458130,0.047885,0.015097,-0.597441,0.150146,0.054577,-0.554102,0.264813,0.130451,-0.462930
-0.002235,-0.021629,-0.452897,-0.021674,-0.029658,-0.399915,0.108943,0.025187,-0.085627,0.005293,-0.037138,-0.008871,-0.013022,-0.029710,-0.392606,0.112526,-0.053823,-0.056999,0.006823,-0.012727,0.013409,0.011002,-0.018833,-0.462090,0.033604,-0.001697,-0.535390,0.135896,-0.047490,-0.503071,0.230451,-0.102013,-0.440335,0.058028,0.006082,-0.548786,0.144090,0.037483,-0.510832,0.239808,0.106815,-0.430161
0.014290,-0.021314,-0.430975,-0.003420,-0.028106,-0.380850,0.110455,0.023668,-0.087995,0.006253,-0.036792,-0.009806,0.002438,-0.028215,-0.374705,0.112317,-0.049067,-0.060128,0.008029,-0.009104,0.010525,0.026620,-0.018928,-0.439678,0.049340,-0.002022,-0.518211,0.140687,-0.052750,-0.489606,0.219125,-0.100516,-0.435465,0.069300,0.005259,-0.517359,0.144264,0.031010,-0.483252,0.227254,0.095886,-0.409718
0.033151,-0.020685,-0.398512,0.016300,-0.025867,-0.350638,0.112220,0.023508,-0.086048,0.010570,-0.031591,-0.009132,0.018867,-0.026010,-0.346570,0.112660,-0.042390,-0.059949,0.011701,-0.004985,0.009435,0.045048,-0.018780,-0.407049,0.068462,-0.000085,-0.498938,0.144273,-0.057446,-0.476538,0.202325,-0.097221,-0.434713,0.083815,0.006613,-0.474360,0.140429,0.020892,-0.447734,0.206133,0.083721,-0.384569
0.044918,-0.020055,-0.371741,0.027434,-0.024082,-0.324128,0.110103,0.024684,-0.079356,0.013269,-0.024954,-0.005244,0.027811,-0.024213,-0.322049,0.109784,-0.037231,-0.055163,0.012709,-0.002176,0.012513,0.057035,-0.018457,-0.380571,0.080970,0.003094,-0.487335,0.144258,-0.059007,-0.469886,0.187605,-0.093118,-0.437394,0.094012,0.009531,-0.441559,0.133989,0.012451,-0.422049,0.185668,0.076716,-0.366704
0.054214,-0.020015,-0.325766,0.039596,-0.021698,-0.281856,0.106134,0.023433,-0.071308,0.016954,-0.019130,-0.002585,0.036062,-0.021823,-0.283110,0.103650,-0.030348,-0.051028,0.011735,-0.002160,0.013627,0.065184,-0.019236,-0.333885,0.087713,0.002806,-0.446529,0.136214,-0.060554,-0.434781,0.167426,-0.091783,-0.409726,0.096214,0.008827,-0.377859,0.121055,0.003728,-0.365245,0.163374,0.075172,-0.313254
0.062619,-0.020006,-0.276337,0.051139,-0.019285,-0.236677,0.102300,0.019927,-0.064088,0.020264,-0.014834,-0.000806,0.043424,-0.019413,-0.241252,0.096655,-0.025454,-0.048203,0.011073,-0.004030,0.012366,0.072393,-0.020107,-0.283689,0.093142,0.002172,-0.400897,0.127049,-0.060377,-0.394698,0.149138,-0.091160,-0.374948,0.097844,0.008062,-0.311154,0.108663,-0.002267,-0.305173,0.143059,0.078675,-0.254822
0.071710,-0.019473,-0.239203,0.060462,-0.017412,-0.201411,0.100772,0.014361,-0.059902,0.022011,-0.012756,0.000413,0.049750,-0.017556,-0.207937,0.091391,-0.026241,-0.047393,0.013169,-0.006808,0.008254,0.081543,-0.020057,-0.246699,0.101434,0.004269,-0.374919,0.123391,-0.056728,-0.373237,0.139909,-0.089050,-0.356539,0.106279,0.010821,-0.269488,0.103827,-0.002454,-0.269938,0.128439,0.087063,-0.222493
0.080444,-0.016122,-0.184162,0.069609,-0.012739,-0.150664,0.096213,0.011869,-0.051788,0.025076,-0.011235,0.003047,0.058295,-0.012758,-0.159543,0.087358,-0.020576,-0.042020,0.018831,-0.006706,0.006811,0.089585,-0.017073,-0.191219,0.106264,0.008997,-0.321778,0.116176,-0.046397,-0.324299,0.129308,-0.081327,-0.309253,0.111410,0.016215,-0.202437,0.095629,0.002639,-0.209476,0.110053,0.099782,-0.165358
0.084454,-0.011627,-0.138736,0.073984,-0.007626,-0.109747,0.090146,0.013509,-0.043528,0.027421,-0.011547,0.006323,0.064716,-0.007442,-0.120200,0.085568,-0.011508,-0.034406,0.024411,-0.004065,0.009337,0.092487,-0.012645,-0.145008,0.104894,0.013854,-0.268378,0.108463,-0.034491,-0.272531,0.122029,-0.071348,-0.256873,0.110810,0.021805,-0.143934,0.088082,0.010845,-0.154495,0.096050,0.110974,-0.112348
0.080399,-0.004877,-0.085131,0.071958,-0.000228,-0.061697,0.077756,0.010981,-0.034845,0.023999,-0.004700,0.007020,0.058515,-0.000301,-0.070633,0.068747,-0.007407,-0.024464,0.020443,-0.004051,0.009825,0.087956,-0.006207,-0.091099,0.100487,0.017418,-0.217212,0.094759,-0.022877,-0.224338,0.104626,-0.058846,-0.211170,0.104196,0.026221,-0.088408,0.070987,0.015826,-0.104022,0.070363,0.114717,-0.066958
0.074116,0.001726,-0.033833,0.067553,0.006734,-0.015504,0.064443,0.006633,-0.025299,0.020201,0.001515,0.007721,0.048666,0.006279,-0.021647,0.049078,-0.004604,-0.012627,0.015896,-0.003188,0.010503,0.081613,0.000113,-0.039819,0.095640,0.019615,-0.169918,0.083263,-0.013501,-0.179018,0.089732,-0.047084,-0.168422,0.096685,0.029257,-0.040621,0.054026,0.020325,-0.060723,0.044797,0.114467,-0.030364
0.071441,0.005775,0.004668,0.064792,0.010533,0.019842,0.055708,0.002817,-0.014462,0.021510,-0.000585,0.010956,0.044138,0.009902,0.015927,0.038852,0.000553,0.000613,0.019850,0.001989,0.013529,0.079086,0.004189,-0.001490,0.093101,0.020564,-0.128060,0.082375,-0.008109,-0.135820,0.090205,-0.039138,-0.124803,0.093442,0.030832,-0.005236,0.046952,0.027197,-0.027188,0.031281,0.113789,-0.003637
0.062251,0.006960,0.049918,0.054525,0.010793,0.061435,0.038109,-0.003681,-0.000239,0.019374,-0.003797,0.013075,0.032568,0.009937,0.060988,0.020121,0.003106,0.015092,0.018549,0.002772,0.015268,0.070332,0.005714,0.043360,0.084518,0.019902,-0.084117,0.071967,-0.003332,-0.091998,0.076248,-0.029355,-0.084265,0.085417,0.030773,0.032943,0.033520,0.032132,0.008498,0.009343,0.109721,0.022757
0.051141,0.004686,0.079292,0.041917,0.007385,0.088503,0.020339,-0.009647,0.010330,0.014808,-0.006582,0.013150,0.019769,0.006381,0.091080,0.002125,0.001746,0.023681,0.012559,-0.001227,0.015014,0.059714,0.003920,0.072285,0.073695,0.017558,-0.060535,0.056419,-0.001835,-0.069991,0.053800,-0.022609,-0.067748,0.076797,0.029313,0.054212,0.020205,0.032873,0.027880,-0.011033,0.104432,0.035077
0.049733,0.007445,0.116645,0.042556,0.009856,0.120774,0.013995,-0.017901,0.015819,0.018217,-0.009878,0.010194,0.014846,0.008450,0.127725,-0.010922,0.006038,0.029026,0.014910,-0.000320,0.008862,0.058255,0.006559,0.109605,0.073316,0.015314,-0.018932,0.057903,0.000140,-0.027076,0.052654,-0.015105,-0.027781,0.073504,0.027152,0.089034,0.014891,0.031747,0.062197,-0.021107,0.092286,0.061617
0.048601,0.013482,0.151366,0.044042,0.015812,0.150440,0.008703,-0.022735,0.020798,0.022286,-0.010094,0.007184,0.010306,0.014032,0.161601,-0.023560,0.012811,0.034362,0.017772,0.003237,0.002731,0.056923,0.012353,0.144410,0.073375,0.015272,0.022228,0.060061,0.003689,0.015412,0.052155,-0.005907,0.011777,0.069390,0.026906,0.122758,0.009286,0.032390,0.095718,-0.031223,0.081027,0.087006
0.038320,0.021040,0.172842,0.033985,0.022863,0.169709,-0.005804,-0.018439,0.029838,0.019810,-0.003622,0.007097,-0.001327,0.021003,0.183392,-0.040254,0.018885,0.042935,0.013412,0.007065,0.002565,0.046685,0.020026,0.165783,0.063730,0.019457,0.044464,0.046408,0.009791,0.036158,0.031520,0.005748,0.027100,0.058255,0.031151,0.140707,-0.004994,0.038371,0.112744,-0.051844,0.078320,0.095942
0.028950,0.027534,0.197181,0.024741,0.028694,0.191531,-0.020424,-0.016382,0.039213,0.017084,0.001072,0.007299,-0.012826,0.026730,0.208303,-0.057574,0.028652,0.050463,0.009149,0.012403,0.000704,0.037500,0.026685,0.189899,0.056537,0.020754,0.068567,0.036599,0.011950,0.059291,0.015123,0.011297,0.045415,0.047728,0.032480,0.160564,-0.015589,0.040925,0.133066,-0.065587,0.070692,0.109948
0.025176,0.029717,0.212215,0.020890,0.030391,0.205017,-0.028659,-0.017672,0.044540,0.014737,0.001489,0.008047,-0.018458,0.028414,0.224001,-0.067725,0.037192,0.053419,0.006346,0.017067,-0.001479,0.033941,0.028982,0.204677,0.054938,0.018207,0.082237,0.034865,0.008907,0.072939,0.010341,0.007965,0.057165,0.043129,0.030291,0.172052,-0.017427,0.038881,0.146265,-0.066041,0.062044,0.121831
0.014555,0.038978,0.226720,0.012447,0.039195,0.216021,-0.040394,-0.014601,0.049400,0.014410,0.007825,0.004646,-0.029713,0.037160,0.238332,-0.084329,0.044025,0.058872,0.004034,0.022052,-0.005351,0.022746,0.038196,0.219601,0.045223,0.021381,0.108293,0.029421,0.013616,0.100989,0.007000,0.013814,0.086383,0.028344,0.032518,0.188513,-0.026669,0.040473,0.165526,-0.073774,0.056149,0.138910
0.001516,0.048362,0.236732,0.001870,0.048133,0.222601,-0.053335,-0.010209,0.053403,0.011292,0.013805,0.002015,-0.042638,0.046100,0.247929,-0.102032,0.049260,0.063319,-0.000519,0.025439,-0.009057,0.008935,0.047507,0.230215,0.032797,0.024791,0.132103,0.021599,0.018354,0.126888,0.002170,0.019402,0.114047,0.010806,0.034551,0.200643,-0.037680,0.041872,0.180746,-0.082824,0.050339,0.152230
-0.009507,0.050917,0.238289,-0.008374,0.050240,0.222824,-0.065170,-0.007528,0.056164,0.000515,0.013250,0.005022,-0.053274,0.048369,0.249451,-0.115603,0.052995,0.063229,-0.010213,0.025630,-0.010796,-0.002471,0.050097,0.232054,0.022931,0.022874,0.139005,0.012576,0.015324,0.134062,-0.007249,0.015220,0.121147,-0.002105,0.031745,0.199104,-0.044885,0.039215,0.181776,-0.087281,0.041913,0.152751
-0.015617,0.047758,0.239629,-0.013331,0.046012,0.221359,-0.071548,-0.009371,0.058402,-0.001873,0.007749,0.005746,-0.057589,0.044253,0.250693,-0.122461,0.048371,0.065123,-0.011762,0.017490,-0.011177,-0.009359,0.047246,0.234048,0.016329,0.016876,0.153009,0.010227,0.009406,0.149859,-0.005279,0.006244,0.140096,-0.011421,0.024570,0.203539,-0.043797,0.029377,0.190649,-0.079414,0.027616,0.164212
-0.013759,0.040465,0.240083,-0.010619,0.037524,0.218964,-0.070339,-0.015073,0.059456,0.004482,-0.000274,0.004514,-0.053498,0.035882,0.251147,-0.120481,0.037490,0.068423,-0.005397,0.005408,-0.009080,-0.008295,0.040361,0.235189,0.016083,0.009623,0.167056,0.015455,0.003420,0.166303,0.006777,-0.003118,0.161319,-0.012495,0.016611,0.211657,-0.035054,0.017300,0.202917,-0.063332,0.014619,0.180941
-0.023034,0.042380,0.230574,-0.018486,0.038134,0.207310,-0.075605,-0.011752,0.059501,0.001412,0.001557,0.004187,-0.060511,0.036634,0.242135,-0.127058,0.039784,0.066629,-0.009127,0.003740,-0.011156,-0.018362,0.042694,0.226381,0.005707,0.010761,0.166845,0.007870,0.002543,0.167087,0.002984,-0.010679,0.165514,-0.023935,0.017142,0.206038,-0.035041,0.011044,0.202103,-0.053875,0.005917,0.184701
-0.033980,0.045450,0.216884,-0.027896,0.040122,0.192042,-0.081053,-0.007183,0.057988,-0.004035,0.005545,0.003640,-0.068968,0.038799,0.228791,-0.133625,0.043447,0.063582,-0.014888,0.004357,-0.013090,-0.030119,0.046091,0.213416,-0.006539,0.013632,0.160217,-0.003359,0.002950,0.160681,-0.005529,-0.017765,0.162048,-0.036326,0.019483,0.194574,-0.037132,0.006759,0.194953,-0.046246,0.000298,0.182775
-0.037137,0.041623,0.204794,-0.029820,0.035757,0.178807,-0.080441,-0.009178,0.054404,-0.004866,0.004021,0.001795,-0.069218,0.034653,0.216234,-0.131534,0.036650,0.063137,-0.014541,-0.001156,-0.010593,-0.034123,0.042402,0.202088,-0.012313,0.011641,0.155027,-0.008961,0.000873,0.155564,-0.007534,-0.025676,0.160291,-0.040210,0.016980,0.185164,-0.034641,0.000624,0.188203,-0.035576,-0.003393,0.182418
-0.040842,0.037430,0.188596,-0.031823,0.030866,0.161136,-0.077989,-0.009861,0.050390,-0.003994,0.002636,-0.000236,-0.068766,0.029979,0.198763,-0.127512,0.032041,0.058616,-0.015471,-0.004642,-0.010415,-0.039008,0.038490,0.186968,-0.019530,0.009847,0.152525,-0.011896,-0.000431,0.154899,-0.002488,-0.032486,0.165767,-0.046495,0.014963,0.180580,-0.028552,-0.006630,0.188739,-0.016556,-0.009245,0.191798
-0.043244,0.034966,0.176389,-0.032966,0.027824,0.147887,-0.075473,-0.009178,0.048250,-0.002245,0.001857,-0.000907,-0.067922,0.027161,0.185188,-0.124635,0.031638,0.052519,-0.018021,-0.003962,-0.011819,-0.042333,0.036304,0.175610,-0.024657,0.009066,0.153987,-0.010778,-0.000412,0.159058,0.006956,-0.034888,0.175836,-0.052078,0.014447,0.183152,-0.021985,-0.011399,0.196411,0.001182,-0.014440,0.206379
-0.043350,0.033506,0.157221,-0.031579,0.025481,0.128146,-0.066199,-0.007632,0.047096,0.005571,0.003388,-0.000169,-0.063946,0.024997,0.165478,-0.115301,0.028176,0.048482,-0.013830,-0.006280,-0.011438,-0.043426,0.035184,0.157357,-0.028247,0.010956,0.146985,-0.011236,0.001737,0.153426,0.012219,-0.036309,0.174808,-0.053633,0.015638,0.171516,-0.016182,-0.011398,0.187964,0.015060,-0.013158,0.203855
-0.043590,0.031255,0.136432,-0.030828,0.022277,0.106833,-0.057939,-0.006340,0.043252,0.009460,0.003971,-0.000246,-0.059419,0.021929,0.144080,-0.104189,0.023566,0.044737,-0.009387,-0.009785,-0.010136,-0.044676,0.033355,0.137503,-0.032531,0.013142,0.137671,-0.014265,0.003285,0.144637,0.012809,-0.038639,0.169439,-0.054750,0.016896,0.156635,-0.013108,-0.009692,0.175010,0.023577,-0.009443,0.195596
-0.046395,0.026421,0.119359,-0.033874,0.016656,0.088873,-0.058462,-0.006443,0.033054,-0.000638,0.000415,-0.003411,-0.056925,0.016381,0.125436,-0.096002,0.019691,0.039491,-0.011249,-0.012543,-0.008903,-0.048468,0.029045,0.121344,-0.039738,0.013283,0.132202,-0.020859,0.001536,0.139336,0.008230,-0.043726,0.166523,-0.059010,0.016643,0.149472,-0.014738,-0.009288,0.169202,0.025179,-0.007268,0.193019
-0.048357,0.019052,0.097616,-0.035957,0.008674,0.066926,-0.055587,-0.008303,0.023398,-0.004780,-0.004989,-0.007610,-0.052734,0.008437,0.101782,-0.084443,0.010942,0.033145,-0.011860,-0.018158,-0.007698,-0.051536,0.022187,0.100611,-0.046257,0.011054,0.120771,-0.027851,-0.003460,0.127546,0.003131,-0.053752,0.157483,-0.062199,0.013963,0.136175,-0.017304,-0.009578,0.156334,0.023918,-0.005478,0.182353
-0.048497,0.012834,0.082074,-0.036033,0.002256,0.051994,-0.050833,-0.011176,0.019201,-0.000872,-0.009691,-0.010481,-0.048984,0.002080,0.084980,-0.075668,0.001479,0.028959,-0.011162,-0.023813,-0.006715,-0.052346,0.016213,0.085665,-0.048867,0.007582,0.109100,-0.031796,-0.009195,0.115192,-0.000095,-0.063645,0.147064,-0.062747,0.010238,0.123393,-0.019605,-0.010396,0.142951,0.020271,-0.004989,0.169116
-0.045794,0.013292,0.062839,-0.034544,0.003336,0.035169,-0.045920,-0.004559,0.011065,-0.007113,-0.007631,-0.011023,-0.042184,0.003168,0.064137,-0.062156,-0.002094,0.024390,-0.009195,-0.021295,-0.004471,-0.050034,0.016741,0.066760,-0.049085,0.011911,0.092519,-0.032732,-0.005721,0.098305,0.002081,-0.065412,0.134327,-0.059863,0.014995,0.109446,-0.017827,-0.001506,0.128527,0.021160,0.006922,0.156014
-0.042934,0.014195,0.046788,-0.033246,0.005109,0.022102,-0.041319,0.002124,0.006105,-0.011772,-0.004060,-0.009890,-0.035550,0.004926,0.046343,-0.049087,-0.002796,0.021179,-0.006295,-0.015975,-0.001787,-0.047426,0.017646,0.050906,-0.049452,0.017514,0.077929,-0.033653,-0.000093,0.083543,0.004613,-0.064121,0.123916,-0.056219,0.021314,0.098936,-0.015058,0.008425,0.117643,0.023119,0.020304,0.146664
-0.042602,0.009314,0.040798,-0.033882,0.000772,0.018445,-0.037456,-0.000530,0.011426,-0.003018,-0.004241,-0.007672,-0.032294,0.000572,0.038692,-0.041615,-0.003666,0.021048,-0.002789,-0.013234,0.000495,-0.047347,0.012805,0.045112,-0.052516,0.017872,0.072212,-0.037571,0.000641,0.077544,0.002482,-0.064806,0.120454,-0.054486,0.022280,0.096454,-0.014380,0.010738,0.114848,0.022677,0.025233,0.144643
-0.039705,0.006945,0.034847,-0.031582,-0.000245,0.015276,-0.033516,0.000795,0.012207,-0.001260,0.002470,-0.006535,-0.028144,-0.000432,0.031292,-0.033769,-0.005396,0.021603,-0.000707,-0.010474,0.004295,-0.044460,0.010034,0.039130,-0.051227,0.017803,0.063463,-0.039466,0.002955,0.067601,0.000585,-0.060823,0.111196,-0.050296,0.022468,0.089322,-0.014564,0.011586,0.105951,0.020254,0.028003,0.135680
-0.035693,0.008271,0.031910,-0.027472,0.002540,0.014201,-0.031452,0.005346,0.008075,-0.007377,0.012673,-0.007015,-0.025182,0.002409,0.027862,-0.029513,-0.007198,0.022605,-0.001095,-0.009165,0.007801,-0.040213,0.010725,0.035942,-0.046258,0.017365,0.056047,-0.038431,0.005716,0.058689,-0.000251,-0.053987,0.101081,-0.045788,0.021823,0.081088,-0.015593,0.010587,0.095455,0.016900,0.027272,0.124415
-0.031300,0.007712,0.035827,-0.022409,0.002586,0.018529,-0.025015,0.005024,0.014788,-0.000328,0.015150,-0.001202,-0.019514,0.002469,0.029640,-0.023761,-0.001855,0.022578,0.005518,-0.000481,0.007597,-0.036266,0.009926,0.040216,-0.043494,0.017051,0.066646,-0.040368,0.007319,0.067344,-0.005229,-0.050883,0.107825,-0.043036,0.020112,0.085758,-0.017819,0.010953,0.097842,0.012206,0.030360,0.126809
-0.025449,0.005807,0.043559,-0.015848,0.000757,0.025587,-0.017796,0.002135,0.022637,0.010545,0.013075,0.004383,-0.012060,0.000641,0.035186,-0.017475,0.003748,0.022942,0.015193,0.006823,0.006430,-0.031007,0.007981,0.048431,-0.039883,0.016151,0.083940,-0.039709,0.007218,0.083390,-0.007189,-0.049479,0.122068,-0.039246,0.017572,0.095881,-0.017895,0.010417,0.106142,0.010266,0.031691,0.135058
-0.017060,0.003096,0.052067,-0.007259,-0.002080,0.032696,-0.013411,-0.001031,0.021912,0.015849,0.009632,0.003188,-0.003751,-0.002184,0.043048,-0.011625,0.002748,0.025115,0.023988,0.003993,0.007026,-0.022815,0.005235,0.057073,-0.032330,0.013936,0.096619,-0.030846,0.004842,0.096648,0.001080,-0.047789,0.134374,-0.031581,0.014428,0.104015,-0.012429,0.006699,0.113382,0.015257,0.025666,0.141341
-0.011696,-0.002333,0.066156,-0.002425,-0.007480,0.045587,-0.014435,-0.007779,0.023599,0.018882,0.003469,0.002489,0.001541,-0.007585,0.055637,-0.011462,0.000503,0.026151,0.027389,0.001143,0.006330,-0.017590,-0.000213,0.071242,-0.027969,0.009117,0.115410,-0.026003,-0.001846,0.115555,0.001429,-0.047064,0.148323,-0.027313,0.008799,0.119281,-0.011818,0.001103,0.127018,0.013102,0.017605,0.152195
-0.012041,-0.007767,0.078781,-0.003737,-0.012752,0.057832,-0.020349,-0.014786,0.026886,0.018164,-0.002378,0.002730,0.001179,-0.012866,0.066687,-0.017123,-0.001927,0.025592,0.023666,-0.000339,0.004800,-0.017952,-0.005639,0.083843,-0.029068,0.004119,0.130883,-0.027700,-0.009485,0.130631,-0.006434,-0.047525,0.157117,-0.028680,0.003518,0.134010,-0.016476,-0.003549,0.140219,0.004700,0.011563,0.162238
-0.011674,-0.010021,0.096135,-0.005208,-0.014867,0.074884,-0.028334,-0.017814,0.032023,0.013367,-0.006796,0.006593,0.001696,-0.015014,0.082206,-0.023188,-0.000509,0.026986,0.020726,-0.000162,0.004738,-0.017510,-0.007792,0.101097,-0.028378,0.002609,0.143360,-0.024615,-0.016287,0.143920,-0.008157,-0.051096,0.166175,-0.027393,0.002462,0.148501,-0.022204,-0.003767,0.151416,-0.009701,0.006714,0.164765
-0.009838,-0.010414,0.112348,-0.005044,-0.015003,0.090698,-0.035712,-0.018823,0.034341,0.007775,-0.008738,0.008303,0.003192,-0.015172,0.096851,-0.028368,0.000749,0.028447,0.018389,-0.001360,0.004889,-0.015540,-0.008164,0.117161,-0.025974,0.003124,0.152538,-0.018383,-0.019587,0.154653,-0.004670,-0.051264,0.174106,-0.024035,0.003829,0.161334,-0.025490,-0.001597,0.161115,-0.021889,0.004536,0.165579
-0.005775,-0.010261,0.121549,-0.001457,-0.014342,0.099237,-0.039866,-0.019768,0.029211,0.004626,-0.007135,0.002147,0.005762,-0.014484,0.105274,-0.031392,-0.002154,0.028101,0.016462,-0.006993,0.004005,-0.011319,-0.008246,0.126194,-0.021970,0.004205,0.158100,-0.010685,-0.016713,0.162029,0.003068,-0.041542,0.179384,-0.019227,0.005819,0.171074,-0.022864,0.000916,0.169810,-0.023706,0.006498,0.170481
-0.004667,-0.009049,0.132950,-0.000516,-0.012451,0.110099,-0.046309,-0.021076,0.026874,0.001122,-0.005381,-0.002263,0.004936,-0.012554,0.115590,-0.039000,-0.002582,0.027285,0.011704,-0.008731,0.001862,-0.010050,-0.007347,0.137425,-0.020108,0.005252,0.164388,-0.004747,-0.015630,0.170222,0.008534,-0.032702,0.184799,-0.017543,0.008030,0.182617,-0.022976,0.003115,0.180540,-0.028179,0.008199,0.177618
-0.007066,-0.007382,0.140849,-0.002682,-0.010286,0.117880,-0.051994,-0.022166,0.028623,-0.001109,-0.004448,-0.002489,0.001116,-0.010351,0.122681,-0.047684,-0.000402,0.026580,0.006251,-0.005714,-0.000190,-0.012374,-0.005917,0.145230,-0.021368,0.005740,0.168224,-0.003589,-0.016884,0.175151,0.008905,-0.029163,0.187720,-0.019905,0.009370,0.190159,-0.025850,0.003894,0.187912,-0.033161,0.008762,0.183391
-0.010162,-0.007527,0.149174,-0.005586,-0.009646,0.126155,-0.059421,-0.023789,0.029865,-0.005821,-0.004183,-0.002710,-0.002630,-0.009696,0.129773,-0.054622,-0.000686,0.029694,0.004029,-0.006021,0.000999,-0.015546,-0.006395,0.153584,-0.024389,0.004880,0.176557,-0.006066,-0.016118,0.183905,0.004762,-0.023324,0.193647,-0.023749,0.008689,0.199490,-0.032627,0.006735,0.195596,-0.044539,0.012806,0.188112
-0.011136,-0.008268,0.156550,-0.006186,-0.009624,0.133415,-0.063986,-0.025645,0.031454,-0.008054,-0.004311,-0.002292,-0.003791,-0.009667,0.135788,-0.058153,-0.001049,0.033277,0.005080,-0.006976,0.002805,-0.016714,-0.007456,0.161086,-0.025820,0.003620,0.186238,-0.007369,-0.014953,0.193848,0.002210,-0.017526,0.201165,-0.025941,0.007375,0.209106,-0.036330,0.009895,0.204136,-0.051146,0.018395,0.195609
-0.007168,-0.008393,0.161602,-0.001442,-0.009316,0.138152,-0.061085,-0.027435,0.034248,-0.002835,-0.004581,-0.000576,0.000135,-0.009343,0.139650,-0.056712,0.000885,0.034024,0.009355,-0.005835,0.002648,-0.013029,-0.007775,0.166333,-0.022297,0.002902,0.194117,-0.002681,-0.015013,0.202370,0.007347,-0.014125,0.208868,-0.023352,0.006818,0.217496,-0.029984,0.011642,0.214060,-0.041821,0.023606,0.209673
-0.006394,-0.009187,0.168302,0.000138,-0.009465,0.144100,-0.063728,-0.029203,0.034767,0.000512,-0.005373,-0.002880,0.001372,-0.009489,0.144147,-0.059552,0.001600,0.033057,0.010186,-0.005471,0.000356,-0.012749,-0.008819,0.173393,-0.021624,0.000284,0.203859,-0.002791,-0.015893,0.211894,0.006450,-0.011157,0.216536,-0.024540,0.003957,0.226142,-0.029022,0.010360,0.223570,-0.039787,0.024695,0.221352
-0.009200,-0.010253,0.173300,-0.002260,-0.009996,0.148338,-0.071124,-0.030068,0.033079,-0.000117,-0.006329,-0.007518,-0.000721,-0.010031,0.147085,-0.065740,0.000739,0.031176,0.006752,-0.006077,-0.002436,-0.016025,-0.010067,0.178723,-0.024169,-0.002946,0.210556,-0.007680,-0.017183,0.217649,-0.000099,-0.010176,0.220324,-0.029013,0.000216,0.230685,-0.034033,0.006649,0.227884,-0.046173,0.021029,0.224791
-0.006203,-0.010834,0.177773,0.001867,-0.010300,0.151217,-0.071152,-0.030927,0.031655,0.000463,-0.008069,-0.008514,0.004376,-0.010357,0.149212,-0.062473,0.001807,0.032086,0.004861,-0.005179,0.001236,-0.013924,-0.010731,0.183853,-0.023570,-0.004152,0.229113,-0.003733,-0.014091,0.237960,0.009642,-0.006286,0.244789,-0.030802,-0.002099,0.244538,-0.030556,0.008308,0.243811,-0.039044,0.024234,0.244332
-0.001045,-0.011853,0.181312,0.008140,-0.011112,0.153268,-0.068803,-0.031347,0.030329,0.000721,-0.008797,-0.008153,0.011443,-0.011186,0.150644,-0.057606,0.001374,0.032131,0.003870,-0.007029,0.004291,-0.009609,-0.011821,0.187993,-0.021143,-0.005313,0.246346,0.001164,-0.010603,0.256550,0.020582,-0.003671,0.268358,-0.030214,-0.004447,0.256921,-0.025808,0.008968,0.257850,-0.030816,0.025981,0.261626
0.002630,-0.014233,0.183506,0.012169,-0.013164,0.155027,-0.069155,-0.030859,0.028995,-0.000943,-0.006595,-0.008608,0.015244,-0.013232,0.151498,-0.059137,-0.003956,0.027743,0.003031,-0.015943,-0.000182,-0.006246,-0.014350,0.190357,-0.018100,-0.008433,0.249095,-0.000753,-0.010742,0.257122,0.017779,-0.006543,0.269410,-0.027456,-0.008306,0.257089,-0.026902,0.002233,0.256516,-0.033790,0.017899,0.258351
0.003703,-0.016049,0.186796,0.014310,-0.014546,0.157305,-0.071716,-0.030741,0.027627,-0.004264,-0.004298,-0.009489,0.017129,-0.014608,0.152690,-0.062286,-0.005690,0.023662,-0.001575,-0.019744,-0.003366,-0.005825,-0.016366,0.194068,-0.018852,-0.010863,0.256984,-0.008216,-0.009912,0.261972,0.008662,-0.009554,0.274358,-0.028607,-0.011727,0.261583,-0.028821,-0.003276,0.260839,-0.034698,0.011289,0.262886
0.001636,-0.016395,0.189536,0.013476,-0.014558,0.159066,-0.075900,-0.030988,0.027405,-0.008173,-0.003082,-0.009636,0.016159,-0.014616,0.153720,-0.066055,-0.002892,0.022383,-0.008159,-0.016381,-0.003099,-0.008578,-0.016863,0.197242,-0.023229,-0.011398,0.265990,-0.017714,-0.008529,0.268619,-0.002454,-0.011191,0.280694,-0.033333,-0.013009,0.268062,-0.030851,-0.004817,0.268573,-0.033343,0.009426,0.272887
0.003298,-0.015755,0.192670,0.016327,-0.014049,0.160839,-0.076027,-0.028830,0.028461,-0.005592,0.002100,-0.009815,0.019376,-0.014111,0.155838,-0.064129,-0.000488,0.024902,-0.002109,-0.015985,-0.002089,-0.007645,-0.016186,0.200823,-0.024628,-0.010515,0.278462,-0.022325,-0.002326,0.279744,-0.005478,-0.006456,0.293699,-0.035662,-0.013085,0.277577,-0.032317,-0.007591,0.278693,-0.030658,0.007256,0.286421
0.006108,-0.015117,0.196201,0.020330,-0.013626,0.162996,-0.074949,-0.027248,0.029949,-0.001357,0.005635,-0.009564,0.023480,-0.013688,0.158607,-0.061779,0.000904,0.027708,0.005593,-0.017082,-0.001256,-0.005508,-0.015485,0.204743,-0.024711,-0.009838,0.290290,-0.026215,0.003370,0.289939,-0.008269,-0.001637,0.305261,-0.036973,-0.013280,0.287113,-0.034756,-0.012234,0.288060,-0.029845,0.001551,0.297784
0.007490,-0.015466,0.200132,0.022950,-0.013896,0.165929,-0.075601,-0.029170,0.031076,-0.000386,0.001914,-0.008395,0.025166,-0.013938,0.161601,-0.064386,0.000722,0.027369,0.003828,-0.018113,-0.001503,-0.004654,-0.015909,0.208936,-0.025125,-0.010991,0.297368,-0.033536,0.003245,0.293793,-0.018649,-0.002984,0.307239,-0.038641,-0.014922,0.293660,-0.039700,-0.019384,0.293539,-0.034085,-0.010916,0.301265
0.012157,-0.014180,0.204365,0.028789,-0.012365,0.169488,-0.072768,-0.030038,0.033128,0.003440,-0.001495,-0.005908,0.030138,-0.012390,0.164849,-0.063407,0.002191,0.027989,0.006947,-0.016076,-0.001262,-0.000483,-0.014736,0.213397,-0.021703,-0.010730,0.302271,-0.036968,0.003122,0.295466,-0.024063,-0.007432,0.308952,-0.036612,-0.014840,0.299409,-0.042602,-0.024928,0.297482,-0.037266,-0.022456,0.302172
0.017777,-0.011901,0.206784,0.034920,-0.009787,0.172037,-0.068648,-0.029323,0.035744,0.007522,-0.002797,-0.002437,0.035926,-0.009804,0.166863,-0.059994,0.004675,0.029868,0.012815,-0.011854,0.000147,0.004889,-0.012554,0.215856,-0.016451,-0.009199,0.302443,-0.035105,0.003100,0.294034,-0.022023,-0.012536,0.309534,-0.032207,-0.013089,0.301344,-0.042321,-0.026088,0.297787,-0.038087,-0.027301,0.299951
0.015940,-0.012365,0.209337,0.033903,-0.010656,0.172955,-0.073864,-0.032455,0.034078,0.002590,-0.007186,-0.003536,0.035905,-0.010686,0.168212,-0.064472,0.006453,0.027744,0.009578,-0.010661,-0.001991,0.002242,-0.012818,0.218827,-0.021209,-0.009336,0.310470,-0.043977,0.003266,0.300224,-0.030980,-0.016746,0.317336,-0.038040,-0.013842,0.308286,-0.054026,-0.030339,0.302391,-0.051672,-0.036138,0.300790
0.012580,-0.012717,0.213385,0.031190,-0.011685,0.174814,-0.082570,-0.035616,0.031475,-0.005081,-0.010008,-0.006088,0.034639,-0.011738,0.170917,-0.072014,0.008204,0.024821,0.002215,-0.009830,-0.004539,-0.002034,-0.012865,0.223349,-0.028467,-0.008793,0.322698,-0.054853,0.004948,0.310915,-0.041474,-0.018751,0.329810,-0.045994,-0.014247,0.317903,-0.066884,-0.033532,0.310093,-0.065921,-0.043276,0.305387
0.013633,-0.010099,0.220292,0.032222,-0.009588,0.180185,-0.088994,-0.034960,0.031326,-0.009275,-0.006590,-0.006920,0.036682,-0.009655,0.176994,-0.077845,0.010637,0.024349,-0.004364,-0.006770,-0.004316,-0.001547,-0.010031,0.230463,-0.030664,-0.005225,0.335480,-0.058958,0.009464,0.322986,-0.043984,-0.017214,0.344442,-0.047922,-0.011450,0.327883,-0.070027,-0.031533,0.319699,-0.068689,-0.043052,0.314436
0.020316,-0.007772,0.226448,0.038599,-0.008316,0.184476,-0.088668,-0.035854,0.031965,-0.004307,-0.004270,-0.007902,0.045558,-0.008420,0.182464,-0.076156,0.013368,0.024385,-0.001077,-0.004746,-0.004457,0.004403,-0.007238,0.236920,-0.027814,-0.001951,0.348765,-0.061151,0.013689,0.334177,-0.047710,-0.016988,0.355957,-0.044556,-0.009518,0.336093,-0.069755,-0.030673,0.326749,-0.069559,-0.042064,0.320549
0.029288,-0.006901,0.228775,0.047158,-0.008506,0.185747,-0.082641,-0.037933,0.033970,0.006587,-0.004523,-0.007319,0.056857,-0.008646,0.184824,-0.068699,0.014963,0.025860,0.009633,-0.004754,-0.003709,0.012796,-0.005887,0.239426,-0.021875,-0.000609,0.355736,-0.060955,0.015708,0.338799,-0.051176,-0.017510,0.358605,-0.037985,-0.009415,0.338160,-0.066668,-0.031247,0.327486,-0.068535,-0.040611,0.320491
0.030757,-0.003467,0.232101,0.050340,-0.005345,0.187483,-0.084611,-0.035019,0.034136,0.005029,0.003093,-0.007090,0.059708,-0.005472,0.186921,-0.073300,0.017332,0.023667,0.004547,-0.004334,-0.005287,0.013284,-0.002479,0.243158,-0.024651,0.000951,0.372779,-0.063785,0.021313,0.356277,-0.052521,-0.015833,0.378933,-0.041729,-0.010406,0.343311,-0.070184,-0.030476,0.332714,-0.068398,-0.035947,0.330206
0.032763,-0.001906,0.234891,0.054785,-0.003809,0.188485,-0.086010,-0.033031,0.033202,0.001913,0.008704,-0.006998,0.063414,-0.003916,0.187972,-0.077293,0.016968,0.020759,-0.001678,-0.005509,-0.006944,0.014056,-0.001051,0.246476,-0.027468,-0.000113,0.391344,-0.064364,0.024602,0.376330,-0.049526,-0.017109,0.403954,-0.046266,-0.013968,0.349718,-0.072544,-0.032743,0.340082,-0.065359,-0.035741,0.342641
0.043344,-0.006650,0.235606,0.067158,-0.008878,0.187551,-0.078218,-0.038054,0.031862,0.008204,0.002104,-0.006836,0.077294,-0.008998,0.187230,-0.067946,0.010209,0.020087,0.005686,-0.010603,-0.006408,0.023297,-0.005645,0.247736,-0.021657,-0.006632,0.402896,-0.057444,0.019725,0.388722,-0.039993,-0.026373,0.420723,-0.042106,-0.021589,0.355520,-0.066042,-0.042415,0.347229,-0.055727,-0.047583,0.350747
0.049952,-0.005944,0.237325,0.075760,-0.008467,0.187678,-0.074063,-0.035715,0.032290,0.011083,0.003819,-0.005157,0.087666,-0.008601,0.187624,-0.059951,0.011125,0.022565,0.013358,-0.007838,-0.003273,0.028464,-0.004827,0.250009,-0.020881,-0.007585,0.416835,-0.057517,0.021641,0.402758,-0.040457,-0.030035,0.437081,-0.041980,-0.024089,0.361361,-0.063969,-0.047219,0.354259,-0.049178,-0.052680,0.360804
0.049282,-0.000141,0.239190,0.076358,-0.002789,0.189117,-0.076644,-0.027383,0.035564,0.008219,0.012525,-0.001138,0.089397,-0.002925,0.189324,-0.058419,0.019077,0.028335,0.016478,0.001245,0.002503,0.026910,0.000986,0.252052,-0.026608,-0.002546,0.425779,-0.065823,0.029712,0.411114,-0.051785,-0.025215,0.444638,-0.046411,-0.020165,0.363757,-0.067980,-0.044399,0.357066,-0.049667,-0.048008,0.367236
0.051179,0.002542,0.241797,0.081059,0.000001,0.190311,-0.076884,-0.023774,0.036655,0.011847,0.018043,-0.000914,0.094917,-0.000125,0.189982,-0.058259,0.021285,0.028255,0.016132,0.003227,0.003082,0.027149,0.003594,0.255220,-0.032447,-0.001288,0.442499,-0.068569,0.033962,0.429667,-0.053121,-0.025090,0.466742,-0.052226,-0.020098,0.372723,-0.068833,-0.047995,0.368643,-0.043090,-0.053486,0.383749
0.053550,0.004049,0.243412,0.086075,0.001636,0.190494,-0.078370,-0.023099,0.035150,0.011597,0.019964,-0.002234,0.100826,0.001522,0.189636,-0.059181,0.021462,0.026035,0.013886,0.003053,0.001750,0.027850,0.005013,0.257345,-0.038288,-0.001117,0.457979,-0.069907,0.037195,0.447571,-0.051667,-0.024528,0.488965,-0.057486,-0.021030,0.380196,-0.069538,-0.052771,0.378583,-0.037223,-0.060212,0.398009
0.054301,0.006323,0.242302,0.087604,0.003846,0.188886,-0.084744,-0.023621,0.030682,-0.003004,0.017795,-0.002930,0.103725,0.003738,0.188303,-0.060809,0.023288,0.025264,0.011400,0.005701,0.001680,0.027690,0.007258,0.256267,-0.043957,0.000664,0.463206,-0.073973,0.042234,0.454018,-0.054584,-0.018367,0.496868,-0.060105,-0.020064,0.378145,-0.072987,-0.053425,0.376513,-0.039697,-0.059209,0.397699
0.057792,0.004381,0.243177,0.092563,0.001853,0.189153,-0.085938,-0.027697,0.030099,-0.004531,0.013460,-0.002682,0.110308,0.001760,0.188304,-0.060336,0.021920,0.024363,0.010261,0.004185,0.001692,0.029909,0.005316,0.257318,-0.048609,-0.001816,0.473218,-0.075941,0.041973,0.465621,-0.054551,-0.018411,0.511054,-0.062106,-0.023188,0.381433,-0.073638,-0.060526,0.380998,-0.035818,-0.063803,0.407389
0.062277,-0.000805,0.245600,0.098631,-0.003349,0.191655,-0.082343,-0.033657,0.035389,0.006950,0.008309,0.000557,0.117422,-0.003413,0.190258,-0.059175,0.017695,0.025786,0.009923,-0.001421,0.003972,0.033299,0.000141,0.259778,-0.051820,-0.007507,0.482131,-0.077019,0.036807,0.475758,-0.053779,-0.023495,0.523721,-0.063171,-0.028787,0.387318,-0.072171,-0.070031,0.388603,-0.028808,-0.071018,0.421133
0.066096,-0.000544,0.246605,0.103472,-0.002633,0.192608,-0.088392,-0.034480,0.032442,0.001796,0.009747,-0.002094,0.122950,-0.002667,0.190529,-0.062555,0.017308,0.023682,0.004068,-0.001590,0.002961,0.036109,0.000225,0.260728,-0.053877,-0.008706,0.485318,-0.077084,0.036468,0.480122,-0.050819,-0.022242,0.531132,-0.063911,-0.029641,0.388862,-0.075925,-0.074650,0.389607,-0.031273,-0.074299,0.424133
0.069895,0.001340,0.246927,0.107729,-0.000144,0.193237,-0.096581,-0.034207,0.028347,-0.006787,0.011379,-0.005347,0.128089,-0.000144,0.190303,-0.066565,0.018627,0.021306,-0.001096,-0.000158,0.001276,0.039071,0.001874,0.260880,-0.056391,-0.007614,0.487311,-0.077891,0.039670,0.483301,-0.048348,-0.016301,0.537107,-0.064137,-0.028145,0.389535,-0.079466,-0.075643,0.389497,-0.034571,-0.072410,0.425923
0.074322,0.001026,0.247298,0.112070,-0.000024,0.194756,-0.099221,-0.036954,0.029997,-0.005365,0.006674,-0.004001,0.134052,0.000020,0.190805,-0.067302,0.019444,0.021957,0.000658,-0.000974,0.001599,0.042913,0.001391,0.260936,-0.061250,-0.006565,0.492479,-0.081511,0.044979,0.489727,-0.049438,-0.007490,0.545273,-0.063814,-0.026791,0.392671,-0.077533,-0.074412,0.393609,-0.030278,-0.064321,0.435975
0.079237,0.000812,0.247440,0.117771,0.000537,0.196248,-0.100283,-0.039661,0.032053,-0.001544,0.005200,-0.002669,0.139578,0.000625,0.191202,-0.067587,0.020598,0.023493,0.002643,0.001038,0.002863,0.047287,0.000883,0.260726,-0.062313,-0.007393,0.492217,-0.081366,0.046544,0.490556,-0.047833,-0.003092,0.547142,-0.063231,-0.026571,0.395105,-0.075105,-0.073857,0.397037,-0.024357,-0.055498,0.447097
0.082182,0.000807,0.247281,0.122117,0.001263,0.197631,-0.100568,-0.041353,0.035968,0.001635,0.006470,0.000915,0.142061,0.001385,0.192068,-0.068522,0.021179,0.027690,0.002657,0.003910,0.007155,0.049906,0.000585,0.260112,-0.061089,-0.009882,0.485519,-0.079847,0.043732,0.484318,-0.046573,-0.004300,0.540911,-0.063379,-0.027523,0.394340,-0.074438,-0.073704,0.396715,-0.021055,-0.049742,0.452630
0.085861,0.002196,0.244413,0.125687,0.003479,0.196365,-0.107952,-0.040749,0.033462,-0.009646,0.005784,0.000506,0.144817,0.003631,0.190078,-0.072262,0.022976,0.026930,0.000433,0.003440,0.006395,0.053486,0.001660,0.256699,-0.059557,-0.008589,0.474790,-0.079537,0.045752,0.473590,-0.047154,0.001351,0.528490,-0.060910,-0.024828,0.390100,-0.072046,-0.069526,0.392472,-0.017817,-0.041105,0.452423
0.089645,0.005135,0.241965,0.128848,0.007294,0.195677,-0.116713,-0.039044,0.031346,-0.018506,0.005865,-0.000616,0.147798,0.007482,0.188381,-0.076684,0.026219,0.026067,-0.001021,0.002991,0.005181,0.057216,0.004295,0.253693,-0.058288,-0.005267,0.465047,-0.080233,0.050610,0.463686,-0.049282,0.010599,0.515737,-0.058629,-0.020225,0.387034,-0.069452,-0.063294,0.389516,-0.014429,-0.030661,0.453596
0.092907,0.009781,0.243070,0.131978,0.012827,0.198806,-0.121066,-0.037352,0.036329,-0.007847,0.009237,0.001008,0.150975,0.013059,0.190133,-0.079610,0.031214,0.029925,0.001349,0.005913,0.008112,0.060282,0.008680,0.254294,-0.057864,-0.001635,0.461356,-0.081698,0.056411,0.459997,-0.052644,0.020306,0.508573,-0.059480,-0.015480,0.389706,-0.068317,-0.056960,0.392959,-0.010790,-0.019544,0.463354
0.096694,0.013968,0.242727,0.136369,0.018123,0.200328,-0.126612,-0.036489,0.038611,0.000425,0.011465,0.000577,0.153691,0.018382,0.190066,-0.087527,0.034521,0.029527,-0.001681,0.006093,0.006982,0.063775,0.012493,0.253476,-0.055869,0.000666,0.455726,-0.079511,0.059937,0.455064,-0.051450,0.028534,0.500511,-0.060362,-0.012046,0.390762,-0.067410,-0.051064,0.394525,-0.007929,-0.009310,0.470713
0.099113,0.015604,0.241109,0.139888,0.020547,0.200284,-0.132260,-0.037168,0.040487,0.000686,0.010279,0.002271,0.154715,0.020817,0.189086,-0.097905,0.034267,0.028352,-0.009967,0.002557,0.005899,0.065865,0.013809,0.251388,-0.055213,0.000254,0.449684,-0.076908,0.059334,0.450197,-0.048251,0.031738,0.494663,-0.061706,-0.011669,0.388348,-0.068274,-0.048227,0.392055,-0.008525,-0.004982,0.471127
0.106120,0.017668,0.237898,0.146509,0.023543,0.199198,-0.135204,-0.037284,0.041697,0.006813,0.008352,0.002753,0.161853,0.023863,0.186547,-0.096839,0.041694,0.028491,-0.003766,0.010211,0.005430,0.072629,0.015580,0.247674,-0.049621,0.001587,0.440592,-0.069345,0.062674,0.442619,-0.037705,0.038515,0.488755,-0.056589,-0.009526,0.383193,-0.061407,-0.038871,0.386441,-0.001797,0.008841,0.469934
0.113713,0.018762,0.233317,0.153593,0.025268,0.196560,-0.137931,-0.038005,0.041802,0.012815,0.006606,0.002412,0.169469,0.025632,0.183108,-0.094062,0.047211,0.028814,0.005510,0.016372,0.004913,0.080054,0.016474,0.242565,-0.043264,0.001720,0.430561,-0.061399,0.065101,0.434022,-0.026056,0.044194,0.482756,-0.050733,-0.008703,0.376158,-0.053717,-0.029690,0.378704,0.005699,0.021923,0.466431
0.117886,0.017487,0.227591,0.158508,0.023878,0.191912,-0.143036,-0.040251,0.040604,0.012603,0.006352,0.001878,0.171901,0.024222,0.179424,-0.099478,0.041426,0.028478,0.006241,0.008257,0.004022,0.084124,0.015173,0.236293,-0.040371,-0.002212,0.421688,-0.057667,0.061872,0.426077,-0.019521,0.044232,0.476603,-0.049901,-0.012214,0.368052,-0.052173,-0.027270,0.369821,0.007387,0.024133,0.459865
0.116132,0.018124,0.217599,0.157663,0.023693,0.182671,-0.150079,-0.041805,0.036874,0.006559,0.004533,-0.000160,0.168017,0.023981,0.172377,-0.108966,0.038612,0.025976,0.000260,0.005103,0.001631,0.082443,0.015998,0.225719,-0.043052,-0.003042,0.407624,-0.058658,0.062439,0.413393,-0.016811,0.049272,0.466000,-0.052823,-0.012635,0.354115,-0.054105,-0.018995,0.354677,0.003023,0.034094,0.445670
0.109327,0.020355,0.208337,0.151504,0.024810,0.174329,-0.157160,-0.042147,0.036545,-0.003699,0.001039,0.002184,0.159850,0.025048,0.166391,-0.119126,0.039989,0.026166,-0.010708,0.007836,0.002912,0.075787,0.018522,0.215869,-0.051584,-0.000523,0.394124,-0.065702,0.066385,0.401234,-0.020881,0.057259,0.455484,-0.058908,-0.009801,0.339997,-0.059470,-0.008769,0.339472,-0.006322,0.046600,0.430292
0.115296,0.021778,0.192201,0.158503,0.025244,0.159301,-0.149110,-0.040718,0.030310,-0.003199,-0.000164,-0.000695,0.163681,0.025405,0.153440,-0.118096,0.040225,0.019010,-0.008406,0.009015,-0.003558,0.082024,0.020248,0.199137,-0.045198,-0.002287,0.374515,-0.057742,0.064863,0.382794,-0.010905,0.055459,0.440559,-0.054745,-0.011189,0.319539,-0.054317,-0.004258,0.318320,-0.004451,0.050650,0.407632
0.123703,0.021783,0.174409,0.167865,0.024406,0.142932,-0.135915,-0.039148,0.023584,0.001281,-0.000723,-0.004058,0.169797,0.024488,0.138796,-0.112888,0.038980,0.010974,-0.003140,0.007826,-0.010616,0.090850,0.020529,0.180736,-0.035815,-0.006094,0.353411,-0.046887,0.060478,0.362659,0.001883,0.048535,0.425476,-0.048394,-0.014603,0.297479,-0.046500,-0.003023,0.296002,0.000951,0.050644,0.384118
0.124208,0.019759,0.160180,0.168802,0.021706,0.130525,-0.127475,-0.039080,0.021536,0.003062,-0.002331,-0.003422,0.168478,0.021730,0.127682,-0.110445,0.035895,0.008266,-0.005150,0.003655,-0.011448,0.091967,0.018719,0.165893,-0.035295,-0.009692,0.335419,-0.045217,0.055777,0.345389,0.006275,0.041111,0.414533,-0.047845,-0.017827,0.278673,-0.043785,-0.002689,0.277439,0.002243,0.050881,0.366291
0.124207,0.018376,0.142421,0.169754,0.019615,0.114479,-0.116889,-0.037419,0.015935,0.000470,-0.002944,-0.005450,0.166817,0.019566,0.113187,-0.103181,0.033005,0.003788,-0.004111,0.000087,-0.013844,0.092589,0.017565,0.147546,-0.035149,-0.012266,0.313471,-0.044694,0.052555,0.323949,0.011592,0.036677,0.401282,-0.048093,-0.019977,0.257098,-0.041444,-0.002705,0.256553,0.004817,0.051789,0.348925
0.123703,0.018326,0.130011,0.170280,0.019169,0.103689,-0.110610,-0.034943,0.013572,-0.006311,-0.002130,-0.004612,0.165686,0.019072,0.103356,-0.095789,0.031822,0.003153,-0.001556,-0.001258,-0.012839,0.092364,0.017652,0.134629,-0.036927,-0.012557,0.297272,-0.047249,0.052451,0.308010,0.013675,0.038257,0.391831,-0.049748,-0.019890,0.242177,-0.041354,-0.002668,0.242387,0.006437,0.052729,0.340071
0.121525,0.019878,0.115383,0.167966,0.020061,0.090890,-0.100128,-0.030497,0.010540,-0.006421,-0.000664,-0.005108,0.162885,0.019939,0.091686,-0.085746,0.033329,0.001266,-0.001729,0.001842,-0.012384,0.090965,0.019519,0.119453,-0.038061,-0.011053,0.276811,-0.051158,0.051214,0.286387,0.013930,0.034907,0.379227,-0.053522,-0.017835,0.226175,-0.042720,-0.000840,0.227433,0.011589,0.059272,0.340406
0.118540,0.019977,0.102268,0.164189,0.019635,0.079789,-0.089322,-0.027260,0.008960,-0.003668,0.000195,-0.004746,0.159203,0.019507,0.081327,-0.076100,0.033487,0.000153,-0.004318,0.004324,-0.011020,0.088962,0.019905,0.105795,-0.040197,-0.010018,0.257592,-0.056867,0.049665,0.265728,0.011239,0.031889,0.366120,-0.058264,-0.016262,0.212690,-0.045142,0.000115,0.215034,0.016509,0.065226,0.345748
0.115612,0.015566,0.094393,0.160328,0.015236,0.074091,-0.082069,-0.028312,0.010906,-0.001860,-0.000751,-0.001469,0.155435,0.015116,0.075398,-0.069828,0.028350,0.001678,-0.008956,0.001226,-0.007455,0.086927,0.015548,0.097431,-0.044982,-0.011708,0.245054,-0.064853,0.048563,0.252646,0.004464,0.034293,0.355114,-0.062844,-0.017608,0.205342,-0.048252,-0.002504,0.208551,0.017372,0.064447,0.351828
0.118450,0.010485,0.086097,0.162067,0.009862,0.067547,-0.069863,-0.030541,0.011267,0.005525,-0.002680,0.000038,0.157272,0.009744,0.069152,-0.059552,0.023029,0.001831,-0.006462,-0.002761,-0.005847,0.090678,0.010623,0.088678,-0.047549,-0.013473,0.235172,-0.070107,0.046151,0.242107,0.001835,0.032066,0.351377,-0.065201,-0.019142,0.200777,-0.047934,-0.006366,0.205530,0.023455,0.064567,0.367242
0.125636,0.007277,0.081527,0.168584,0.006184,0.064098,-0.059337,-0.032720,0.012667,0.014214,-0.004041,0.002089,0.163807,0.006061,0.066313,-0.051033,0.020284,0.002988,0.001337,-0.005174,-0.004373,0.098318,0.007605,0.083722,-0.047970,-0.014407,0.231571,-0.071525,0.043690,0.238230,0.003075,0.027671,0.356540,-0.064980,-0.019991,0.199796,-0.045127,-0.009162,0.206003,0.030153,0.064340,0.384224
0.115262,0.003118,0.075118,0.155003,0.002087,0.059671,-0.065925,-0.035779,0.013360,0.008942,-0.005962,0.003013,0.151674,0.001996,0.061479,-0.056543,0.017333,0.003171,-0.001092,-0.007241,-0.004450,0.089356,0.003471,0.076892,-0.069437,-0.015773,0.228762,-0.096117,0.045441,0.235658,-0.019366,0.035698,0.356416,-0.085589,-0.021512,0.199732,-0.066104,-0.017427,0.207000,0.010351,0.056386,0.397655
0.103832,0.001075,0.068378,0.139217,0.000126,0.054978,-0.074346,-0.036683,0.013563,0.002395,-0.005574,0.003403,0.137195,0.000065,0.056359,-0.064451,0.016286,0.002827,-0.004825,-0.007027,-0.005203,0.079869,0.001428,0.069744,-0.093679,-0.015260,0.227082,-0.123608,0.049768,0.234432,-0.044341,0.047830,0.357374,-0.108177,-0.021275,0.199454,-0.089670,-0.024823,0.207685,-0.014844,0.048292,0.406643
0.107845,0.004217,0.062813,0.139124,0.002851,0.050722,-0.069300,-0.032347,0.013451,0.007264,0.000154,0.003783,0.136676,0.002780,0.052650,-0.063163,0.019299,0.002458,-0.000991,-0.002495,-0.005710,0.085935,0.004686,0.063838,-0.102527,-0.010569,0.226726,-0.133822,0.054995,0.234372,-0.050958,0.056001,0.365807,-0.113967,-0.016865,0.197735,-0.094708,-0.025057,0.207157,-0.024597,0.047508,0.410344
0.110991,0.001346,0.056732,0.136619,-0.000959,0.045558,-0.063639,-0.033318,0.012702,0.013011,0.000730,0.003508,0.134650,-0.001032,0.048827,-0.063862,0.017087,0.001650,0.002187,-0.002353,-0.006843,0.091652,0.002111,0.057458,-0.121299,-0.010960,0.231535,-0.156031,0.056507,0.239211,-0.067310,0.060040,0.384426,-0.128898,-0.017809,0.201099,-0.108636,-0.033106,0.212275,-0.043002,0.040217,0.422271
0.111696,-0.006102,0.053174,0.132978,-0.009410,0.042450,-0.060418,-0.039155,0.013469,0.016554,-0.004158,0.004732,0.132121,-0.009476,0.047183,-0.066586,0.010703,0.002574,0.002759,-0.006463,-0.006129,0.094157,-0.005008,0.053688,-0.142459,-0.016354,0.236742,-0.181284,0.053120,0.244337,-0.087678,0.059473,0.403069,-0.147073,-0.023667,0.205364,-0.126138,-0.044650,0.217942,-0.064250,0.028317,0.435634
0.114966,-0.010326,0.046117,0.136103,-0.015363,0.034611,-0.052089,-0.040870,0.009032,0.016567,-0.004695,0.001654,0.133115,-0.015490,0.042388,-0.067331,0.006968,0.000031,0.003207,-0.006610,-0.008635,0.098040,-0.008734,0.046483,-0.160170,-0.016479,0.233695,-0.204098,0.048398,0.238907,-0.106252,0.046962,0.422492,-0.159336,-0.024209,0.202572,-0.140917,-0.051584,0.215364,-0.086511,0.021785,0.434784
0.118996,-0.013339,0.038460,0.142562,-0.019866,0.026056,-0.041962,-0.040944,0.003498,0.013419,-0.004317,-0.002112,0.136631,-0.020059,0.036543,-0.066641,0.004338,-0.003679,0.000314,-0.005323,-0.011718,0.101686,-0.011355,0.038700,-0.173043,-0.014763,0.224674,-0.223836,0.042024,0.225819,-0.125429,0.031280,0.431369,-0.165766,-0.022818,0.194750,-0.153665,-0.054953,0.205836,-0.108828,0.016696,0.418611
0.121979,-0.017157,0.033104,0.148922,-0.023968,0.020764,-0.033324,-0.041975,0.000838,0.007510,-0.006662,-0.003072,0.141669,-0.024168,0.031745,-0.065062,0.001148,-0.006238,-0.009142,-0.005370,-0.012753,0.103479,-0.015163,0.033206,-0.179824,-0.014696,0.211826,-0.240023,0.033521,0.207907,-0.147269,0.020957,0.418164,-0.166594,-0.022925,0.183802,-0.165219,-0.055820,0.190527,-0.129984,0.009156,0.385881
0.125714,-0.019398,0.026033,0.155268,-0.026177,0.014160,-0.023728,-0.040540,-0.003124,-0.001785,-0.007326,-0.005039,0.148266,-0.026358,0.025084,-0.056929,0.000413,-0.009869,-0.016717,-0.001880,-0.014483,0.106143,-0.017517,0.025971,-0.184432,-0.011707,0.195461,-0.252361,0.021473,0.184901,-0.166344,0.008110,0.396479,-0.163353,-0.020007,0.170613,-0.171075,-0.049997,0.172963,-0.146417,0.007110,0.341737
0.128332,-0.018941,0.020783,0.158453,-0.025398,0.009830,-0.018055,-0.037371,-0.005042,-0.009881,-0.006001,-0.005550,0.153094,-0.025542,0.020190,-0.046619,0.002474,-0.011188,-0.018961,0.003447,-0.014372,0.108347,-0.017238,0.020539,-0.186624,-0.007693,0.180311,-0.256982,0.010657,0.164812,-0.176184,0.001314,0.375582,-0.159470,-0.015793,0.158455,-0.170228,-0.040281,0.158536,-0.153386,0.010359,0.305925
0.126829,-0.019415,0.015662,0.155602,-0.025592,0.005769,-0.010933,-0.033673,-0.006301,-0.017325,-0.005031,-0.005375,0.154561,-0.025666,0.015582,-0.032500,0.001451,-0.011446,-0.016481,0.003178,-0.013232,0.106992,-0.017849,0.015241,-0.191207,-0.004642,0.164870,-0.261402,-0.003077,0.144513,-0.185310,-0.005588,0.351273,-0.159129,-0.012421,0.146980,-0.171341,-0.029260,0.145000,-0.160137,0.017409,0.278412
0.124094,-0.019750,0.010787,0.150772,-0.025641,0.001975,-0.002964,-0.030009,-0.007399,-0.021658,-0.004248,-0.005255,0.154375,-0.025641,0.011239,-0.018947,-0.000378,-0.011620,-0.013110,0.000877,-0.012145,0.104743,-0.018312,0.010203,-0.195786,-0.002290,0.149954,-0.262109,-0.015166,0.126557,-0.188835,-0.008998,0.331387,-0.159978,-0.009626,0.135938,-0.169949,-0.018806,0.133445,-0.161838,0.026267,0.264068
0.123014,-0.018880,0.006274,0.148019,-0.024428,-0.001540,0.005246,-0.026899,-0.008801,-0.020416,-0.003459,-0.005919,0.154243,-0.024377,0.007144,-0.010335,-0.000691,-0.012650,-0.012682,0.000143,-0.012176,0.104262,-0.017588,0.005545,-0.197933,-0.000412,0.136399,-0.255537,-0.021051,0.113446,-0.182011,-0.005266,0.323741,-0.159639,-0.007181,0.125158,-0.161543,-0.010892,0.125046,-0.153630,0.035006,0.267721
0.119901,-0.017065,0.000898,0.142941,-0.021806,-0.005539,0.017496,-0.020886,-0.010690,-0.018971,-0.000810,-0.006667,0.152848,-0.021682,0.001797,0.003707,0.000211,-0.014596,-0.008742,0.001494,-0.012948,0.101925,-0.016092,0.000047,-0.198071,0.002541,0.120453,-0.243377,-0.024043,0.099365,-0.169933,0.001511,0.315002,-0.156134,-0.003532,0.112222,-0.145918,-0.002374,0.116342,-0.137763,0.044228,0.274480
0.116312,-0.015212,-0.002654,0.138102,-0.019091,-0.007806,0.027648,-0.015147,-0.011332,-0.018079,0.002151,-0.006264,0.150871,-0.018901,-0.001846,0.015990,0.001680,-0.015411,-0.003467,0.003927,-0.012970,0.098905,-0.014579,-0.003619,-0.197588,0.004423,0.106722,-0.233062,-0.024313,0.087914,-0.161065,0.009821,0.307515,-0.152530,-0.001013,0.100498,-0.132237,0.002327,0.108549,-0.124422,0.047959,0.278463
0.111996,-0.017812,-0.003590,0.132305,-0.021709,-0.008316,0.038622,-0.014540,-0.010521,-0.012946,0.000510,-0.004696,0.147923,-0.021451,-0.002169,0.026371,-0.002687,-0.013373,-0.001865,0.000239,-0.009905,0.095280,-0.017122,-0.004646,-0.191592,0.000307,0.095174,-0.212084,-0.025832,0.081329,-0.144139,0.013214,0.301886,-0.151044,-0.004321,0.091783,-0.117624,-0.001264,0.105681,-0.104708,0.034891,0.287947
0.107775,-0.018646,-0.003479,0.127473,-0.022813,-0.008095,0.047727,-0.013454,-0.009337,-0.007473,-0.000316,-0.002953,0.143944,-0.022517,-0.001271,0.033427,-0.004889,-0.010615,-0.001034,-0.000692,-0.006432,0.091696,-0.017787,-0.004616,-0.183424,-0.002337,0.084902,-0.188169,-0.022336,0.077200,-0.125634,0.019765,0.296561,-0.149824,-0.006193,0.084389,-0.104127,-0.005021,0.104228,-0.085160,0.018651,0.296001
0.104472,-0.011497,-0.003892,0.125520,-0.015550,-0.008172,0.052276,-0.006230,-0.008919,-0.005544,0.005171,-0.002059,0.138880,-0.015293,-0.001277,0.035769,0.003145,-0.009409,0.001962,0.010144,-0.005394,0.088796,-0.010636,-0.005113,-0.176364,0.003854,0.075138,-0.168967,-0.007691,0.073260,-0.112027,0.037302,0.290145,-0.146976,0.000551,0.076859,-0.093760,-0.000984,0.100930,-0.072368,0.012727,0.295904
0.098286,-0.009073,-0.003408,0.121104,-0.013019,-0.007375,0.053279,-0.003688,-0.007734,-0.005295,0.006927,-0.000586,0.128623,-0.012868,-0.000430,0.032056,0.005646,-0.007472,0.000574,0.014779,-0.003824,0.083374,-0.008154,-0.004673,-0.166428,0.005093,0.065638,-0.145766,0.003167,0.070235,-0.095423,0.048504,0.283687,-0.144169,0.002349,0.069811,-0.085280,-0.002750,0.097595,-0.061278,-0.000407,0.291580
0.092308,-0.012587,-0.002269,0.116449,-0.016489,-0.005983,0.050241,-0.007234,-0.006062,-0.006847,0.003833,0.001140,0.118289,-0.016449,0.001023,0.024073,0.001202,-0.005198,-0.004595,0.010622,-0.001893,0.078143,-0.011591,-0.003567,-0.159385,0.000419,0.058576,-0.130891,0.004032,0.067021,-0.086919,0.049036,0.278499,-0.143586,-0.001965,0.064309,-0.083775,-0.009502,0.093532,-0.059844,-0.015475,0.283349
0.086987,-0.013384,-0.004366,0.113029,-0.017748,-0.008277,0.050191,-0.008102,-0.008082,-0.005504,0.003789,-0.000812,0.107304,-0.017863,-0.000394,0.018565,0.000372,-0.005815,-0.004711,0.011552,-0.003272,0.073829,-0.012092,-0.005652,-0.148326,-0.000902,0.048222,-0.110822,0.009067,0.061195,-0.073229,0.053014,0.271411,-0.141697,-0.002961,0.056124,-0.084371,-0.013652,0.085344,-0.061506,-0.026214,0.268864
0.081086,-0.012631,-0.006825,0.108634,-0.017480,-0.010956,0.049913,-0.007722,-0.010531,-0.003930,0.004543,-0.003268,0.096067,-0.017725,-0.002232,0.013732,0.000506,-0.006851,-0.004260,0.012700,-0.005023,0.068982,-0.011031,-0.008080,-0.137475,-0.000061,0.037831,-0.093663,0.014791,0.054250,-0.062553,0.057180,0.261687,-0.139720,-0.001844,0.048090,-0.086274,-0.015118,0.076492,-0.065780,-0.031837,0.252404
0.073370,-0.011490,-0.006775,0.101052,-0.016363,-0.010727,0.046189,-0.007516,-0.010165,-0.004796,0.003860,-0.003085,0.084979,-0.016652,-0.002055,0.007784,-0.001035,-0.005856,-0.007718,0.009191,-0.004226,0.062154,-0.009782,-0.007999,-0.130996,0.001785,0.030873,-0.087454,0.017797,0.047870,-0.062783,0.058209,0.248731,-0.138822,0.000207,0.043246,-0.088642,-0.013807,0.070672,-0.072024,-0.031441,0.238459
0.064850,-0.010084,-0.007218,0.092637,-0.014750,-0.010815,0.043675,-0.006831,-0.010173,-0.003022,0.003590,-0.003502,0.072943,-0.015073,-0.002629,0.003522,-0.001323,-0.005671,-0.010013,0.008152,-0.004242,0.054658,-0.008326,-0.008383,-0.120350,0.004001,0.022984,-0.077025,0.020108,0.040240,-0.059200,0.055978,0.234141,-0.135132,0.002682,0.037779,-0.089551,-0.012659,0.063625,-0.077151,-0.029993,0.222394
0.059786,-0.009116,-0.007933,0.087603,-0.013458,-0.011083,0.043654,-0.005926,-0.010366,0.000561,0.004059,-0.004040,0.065963,-0.013772,-0.003598,0.003062,-0.000095,-0.006142,-0.010002,0.010319,-0.004805,0.050246,-0.007383,-0.009069,-0.111164,0.005598,0.016575,-0.068016,0.020562,0.033703,-0.056241,0.052296,0.224003,-0.130841,0.004498,0.032894,-0.088990,-0.012027,0.057482,-0.080475,-0.028858,0.211096
0.049674,-0.008829,-0.007730,0.076250,-0.012869,-0.010498,0.037356,-0.005716,-0.009745,-0.005081,0.002863,-0.003420,0.055015,-0.013138,-0.003656,0.001714,-0.001395,-0.005614,-0.010686,0.008125,-0.004287,0.040892,-0.007167,-0.008814,-0.104106,0.006724,0.011079,-0.063406,0.020776,0.027470,-0.057753,0.046946,0.211711,-0.125400,0.005860,0.028540,-0.087927,-0.010471,0.051162,-0.083695,-0.025221,0.197756
0.040350,-0.008662,-0.007155,0.065259,-0.012353,-0.009532,0.031038,-0.005508,-0.008765,-0.010582,0.001769,-0.002479,0.045289,-0.012569,-0.003398,0.001734,-0.002889,-0.004847,-0.010550,0.005608,-0.003454,0.032319,-0.007113,-0.008179,-0.097026,0.007413,0.006792,-0.058623,0.020539,0.022457,-0.058838,0.040846,0.200539,-0.118403,0.006764,0.024757,-0.085456,-0.009324,0.045253,-0.084910,-0.022302,0.185558
0.037651,-0.008054,-0.006753,0.061310,-0.011283,-0.008662,0.030959,-0.004597,-0.007896,-0.006577,0.002573,-0.002099,0.041976,-0.011461,-0.003429,0.005391,-0.002215,-0.004617,-0.008057,0.006852,-0.003092,0.030249,-0.006654,-0.007724,-0.087749,0.007763,0.004101,-0.049071,0.019698,0.019702,-0.054552,0.034945,0.193878,-0.109426,0.007278,0.021657,-0.080659,-0.009861,0.040408,-0.082194,-0.023280,0.177746
0.030592,-0.008075,-0.005985,0.051652,-0.010752,-0.007422,0.026517,-0.004299,-0.006701,-0.006243,0.002246,-0.001558,0.035051,-0.010880,-0.003174,0.006127,-0.002022,-0.004144,-0.008268,0.007469,-0.002503,0.023991,-0.006886,-0.006873,-0.080520,0.007269,0.001865,-0.042783,0.018314,0.017120,-0.053001,0.027880,0.182333,-0.100957,0.006921,0.018653,-0.078339,-0.011685,0.034659,-0.080588,-0.026645,0.163850
0.022702,-0.008715,-0.005235,0.041116,-0.011033,-0.006387,0.019953,-0.004701,-0.005703,-0.009705,0.001088,-0.001002,0.027968,-0.011115,-0.002738,0.003577,-0.002324,-0.003595,-0.011063,0.007304,-0.001909,0.016676,-0.007688,-0.006064,-0.079017,0.006314,0.000546,-0.043049,0.017155,0.015400,-0.056571,0.023561,0.171044,-0.097341,0.006036,0.016561,-0.079817,-0.013693,0.030247,-0.081885,-0.030977,0.150235
0.018372,-0.007701,-0.004420,0.034515,-0.009505,-0.005172,0.015868,-0.004495,-0.004572,-0.008900,0.000344,-0.000615,0.023220,-0.009565,-0.002419,0.004444,-0.002141,-0.003091,-0.010534,0.006661,-0.001317,0.013093,-0.006861,-0.005160,-0.071245,0.006412,-0.000482,-0.037955,0.014994,0.012962,-0.054723,0.016228,0.157668,-0.088716,0.006207,0.014446,-0.077353,-0.015509,0.025404,-0.078564,-0.035056,0.135632
0.014636,-0.006603,-0.003371,0.028671,-0.007814,-0.003664,0.011878,-0.004278,-0.003148,-0.007348,-0.000157,-0.000048,0.018877,-0.007860,-0.001941,0.004727,-0.002093,-0.002437,-0.010204,0.005433,-0.000612,0.010075,-0.005974,-0.004020,-0.064026,0.006372,-0.000809,-0.033218,0.012334,0.011133,-0.052660,0.008970,0.145533,-0.080898,0.006221,0.012867,-0.075531,-0.017438,0.021157,-0.075449,-0.039285,0.121804
0.008527,-0.006994,-0.001918,0.020404,-0.007602,-0.001760,0.005592,-0.004675,-0.001290,-0.008582,-0.000653,0.001024,0.013013,-0.007634,-0.001026,0.000423,-0.002830,-0.001436,-0.013606,0.003459,0.000322,0.004452,-0.006593,-0.002505,-0.064181,0.004964,0.000021,-0.034556,0.009656,0.011289,-0.055480,0.004787,0.138029,-0.079699,0.004818,0.012429,-0.078923,-0.019820,0.018570,-0.077228,-0.044078,0.110572
0.003873,-0.004598,-0.000997,0.013960,-0.004513,-0.000304,0.000449,-0.002283,0.000127,-0.009824,0.001611,0.001821,0.007992,-0.004539,-0.000745,-0.003030,-0.001096,-0.001047,-0.014522,0.003466,0.000430,0.000322,-0.004445,-0.001513,-0.060730,0.004831,0.000999,-0.034521,0.008096,0.010768,-0.055835,0.002531,0.126981,-0.075119,0.004667,0.010634,-0.078232,-0.018160,0.014328,-0.074563,-0.044678,0.096322
0.003001,-0.000615,-0.001067,0.012562,-0.000095,-0.000009,-0.000975,0.001726,0.000422,-0.010439,0.005558,0.001984,0.006324,-0.000123,-0.001235,-0.003903,0.002270,-0.001455,-0.012485,0.005504,-0.000330,-0.000248,-0.000601,-0.001545,-0.055404,0.006103,0.001416,-0.033165,0.008473,0.009639,-0.054401,0.003540,0.117607,-0.069472,0.005921,0.008143,-0.073859,-0.013186,0.010317,-0.069297,-0.040952,0.085922
-0.002954,-0.000286,-0.001189,0.005622,0.000562,0.000105,-0.005581,0.000767,0.000414,-0.011166,0.003235,0.001351,0.000696,0.000538,-0.001649,-0.006351,0.002132,-0.001789,-0.013024,0.004386,-0.000894,-0.005942,-0.000381,-0.001632,-0.054752,0.003507,0.001927,-0.038493,0.005194,0.007953,-0.058581,-0.000006,0.102383,-0.068634,0.003267,0.005472,-0.076317,-0.014204,0.005526,-0.069909,-0.044284,0.076218
-0.008892,-0.000404,-0.001499,-0.001114,0.000635,-0.000087,-0.009710,-0.000751,0.000088,-0.011204,0.000405,0.000369,-0.005156,0.000615,-0.002140,-0.009191,0.001389,-0.002204,-0.013575,0.002685,-0.001600,-0.011606,-0.000563,-0.001904,-0.054749,0.000717,0.002279,-0.044111,0.001513,0.006129,-0.063032,-0.004233,0.088350,-0.068522,0.000404,0.002820,-0.080915,-0.015096,-0.000087,-0.072613,-0.047502,0.066213
-0.009715,0.002240,-0.002134,-0.001897,0.003300,-0.000711,-0.009702,0.001592,-0.000568,-0.009749,0.002849,-0.000509,-0.007498,0.003278,-0.002868,-0.011238,0.002948,-0.002862,-0.011573,0.002985,-0.002788,-0.012090,0.002078,-0.002491,-0.051371,0.001407,0.002244,-0.043623,0.000683,0.004605,-0.062438,-0.005241,0.082562,-0.065049,0.001027,0.000418,-0.082940,-0.009741,-0.006536,-0.073496,-0.043464,0.054927
-0.008213,0.003326,-0.002606,-0.000553,0.004299,-0.001285,-0.005899,0.002839,-0.001193,-0.004560,0.004213,-0.001345,-0.006625,0.004280,-0.003309,-0.008273,0.003993,-0.003294,-0.005444,0.004148,-0.003688,-0.010322,0.003184,-0.002926,-0.044947,0.000714,0.002173,-0.042797,-0.001913,0.001979,-0.060078,-0.007013,0.071536,-0.057740,0.000261,-0.001779,-0.079922,-0.005907,-0.012088,-0.069788,-0.040365,0.046803
-0.005136,0.002310,-0.002679,0.002246,0.003133,-0.001516,-0.000201,0.002369,-0.001468,0.001770,0.003818,-0.001714,-0.002975,0.003119,-0.003239,-0.001779,0.004001,-0.003282,0.001751,0.005595,-0.003845,-0.007185,0.002203,-0.002992,-0.038693,-0.000995,0.002029,-0.042057,-0.004964,-0.000504,-0.057394,-0.008538,0.060666,-0.050256,-0.001480,-0.002756,-0.073406,-0.005444,-0.014045,-0.063605,-0.039918,0.045782
-0.008471,0.001693,-0.000916,-0.001398,0.002404,0.000120,-0.001900,0.000886,0.000080,0.002845,0.001783,-0.000614,-0.006671,0.002395,-0.001407,-0.004796,0.002418,-0.001391,-0.000305,0.003061,-0.002061,-0.010321,0.001625,-0.001200,-0.039016,-0.002077,0.003636,-0.048916,-0.007388,-0.001572,-0.061025,-0.008675,0.047816,-0.050525,-0.002596,-0.001663,-0.076702,-0.002423,-0.015467,-0.065764,-0.038367,0.042466
-0.013241,0.001671,0.000252,-0.006832,0.002258,0.001137,-0.006283,0.000212,0.001047,0.000379,0.000749,0.000048,-0.011738,0.002252,-0.000149,-0.010313,0.001629,-0.000095,-0.004678,0.001238,-0.000889,-0.014870,0.001650,-0.000000,-0.041331,-0.002104,0.004461,-0.057548,-0.009432,-0.003550,-0.066099,-0.007990,0.034232,-0.053029,-0.002644,-0.000833,-0.082485,0.002273,-0.017399,-0.070249,-0.035050,0.037383
-0.014467,0.002446,-0.001606,-0.009404,0.002841,-0.000954,-0.008637,0.002169,-0.000972,-0.003907,0.003356,-0.001638,-0.012200,0.002839,-0.001805,-0.011317,0.004017,-0.001867,-0.004429,0.004811,-0.002877,-0.015977,0.002475,-0.001841,-0.041054,-0.000652,0.001979,-0.062126,-0.011354,-0.008741,-0.067715,-0.007038,0.021187,-0.052247,-0.001195,-0.002592,-0.083427,0.007739,-0.020874,-0.071039,-0.029323,0.031080
-0.013705,0.001272,-0.002416,-0.009823,0.001483,-0.001994,-0.008328,0.001677,-0.001983,-0.004118,0.003254,-0.002541,-0.011096,0.001483,-0.002439,-0.010987,0.003297,-0.002548,-0.003591,0.004339,-0.003622,-0.015036,0.001368,-0.002625,-0.037873,-0.001146,0.000445,-0.065862,-0.016549,-0.014054,-0.067462,-0.007505,0.006762,-0.049561,-0.001678,-0.003279,-0.083209,0.012439,-0.023901,-0.069168,-0.026963,0.025342
-0.011336,-0.001263,-0.001774,-0.007879,-0.001139,-0.001460,-0.005512,-0.001016,-0.001477,-0.000150,0.000493,-0.002205,-0.008979,-0.001138,-0.001732,-0.009490,-0.000170,-0.001796,-0.002586,0.000059,-0.002752,-0.012517,-0.001119,-0.001959,-0.033384,-0.003321,0.000602,-0.066926,-0.022409,-0.016793,-0.065523,-0.009009,-0.001825,-0.046319,-0.003822,-0.002581,-0.081967,0.014132,-0.024919,-0.065658,-0.029421,0.022950
-0.013663,0.003606,-0.002455,-0.011556,0.003836,-0.002120,-0.009837,0.004951,-0.002072,-0.004930,0.007248,-0.002696,-0.011057,0.003836,-0.002497,-0.012133,0.004268,-0.002534,-0.007708,0.004011,-0.003095,-0.014636,0.003666,-0.002608,-0.034057,0.002537,-0.000837,-0.069472,-0.023556,-0.020904,-0.064248,-0.002290,-0.009052,-0.044349,0.001968,-0.003166,-0.086085,0.024715,-0.029365,-0.067357,-0.020718,0.011302
-0.015758,0.008020,-0.003450,-0.015169,0.008451,-0.003017,-0.014274,0.010337,-0.002910,-0.010694,0.012968,-0.003315,-0.012761,0.008450,-0.003653,-0.014124,0.008662,-0.003681,-0.012494,0.008230,-0.003815,-0.016518,0.007942,-0.003569,-0.034506,0.007769,-0.002443,-0.068767,-0.026333,-0.024447,-0.060130,0.003091,-0.013866,-0.041109,0.007099,-0.004240,-0.090841,0.034877,-0.035135,-0.069758,-0.011518,-0.003375
-0.012695,0.004117,-0.003746,-0.013033,0.004751,-0.003193,-0.011791,0.005897,-0.003136,-0.009680,0.007102,-0.003366,-0.009521,0.004750,-0.004123,-0.010667,0.005063,-0.004156,-0.010481,0.004750,-0.004079,-0.013288,0.003928,-0.003838,-0.029349,0.003719,-0.002785,-0.060094,-0.037061,-0.025454,-0.049664,-0.002417,-0.015198,-0.034056,0.002988,-0.005007,-0.091513,0.035339,-0.040086,-0.068375,-0.012523,-0.014845
-0.010734,0.003558,-0.003948,-0.012252,0.004391,-0.003294,-0.010973,0.006050,-0.003213,-0.010915,0.007131,-0.003148,-0.007638,0.004391,-0.004514,-0.008593,0.004782,-0.004552,-0.010910,0.004770,-0.004111,-0.011055,0.003280,-0.003997,-0.023505,0.002475,-0.002805,-0.048472,-0.045410,-0.025518,-0.036121,-0.006184,-0.017272,-0.027974,0.001730,-0.005942,-0.094593,0.037659,-0.045403,-0.067968,-0.012809,-0.030073
-0.010855,0.006623,-0.003956,-0.013215,0.007552,-0.003270,-0.012227,0.010719,-0.003101,-0.013778,0.013040,-0.002768,-0.008054,0.007554,-0.004629,-0.008939,0.007959,-0.004670,-0.013564,0.008281,-0.003895,-0.010936,0.006322,-0.003967,-0.019898,0.004661,-0.002499,-0.039770,-0.047238,-0.024461,-0.026322,-0.006252,-0.019078,-0.025910,0.003968,-0.006570,-0.098644,0.040817,-0.048125,-0.068794,-0.012527,-0.041396
-0.007289,0.004940,-0.004254,-0.009905,0.005948,-0.003528,-0.007898,0.008805,-0.003408,-0.009529,0.010529,-0.003070,-0.004964,0.005952,-0.005032,-0.004790,0.006364,-0.005063,-0.010590,0.006893,-0.004125,-0.007172,0.004569,-0.004233,-0.015534,0.001545,-0.001812,-0.024979,-0.050890,-0.020357,-0.011996,-0.008972,-0.012779,-0.019423,0.000818,-0.007801,-0.095202,0.037639,-0.049676,-0.065895,-0.012219,-0.050948
-0.005208,0.001935,-0.004392,-0.007724,0.002963,-0.003654,-0.005070,0.004864,-0.003607,-0.006565,0.005490,-0.003309,-0.003356,0.002967,-0.005221,-0.001858,0.003435,-0.005242,-0.007627,0.004107,-0.004325,-0.004972,0.001528,-0.004353,-0.013739,-0.003088,-0.000781,-0.013661,-0.052540,-0.015201,-0.001461,-0.011806,-0.007106,-0.015825,-0.003823,-0.008809,-0.090255,0.029955,-0.048413,-0.063289,-0.013895,-0.055840
-0.009783,0.001036,-0.003922,-0.012072,0.001978,-0.003234,-0.010828,0.003449,-0.003172,-0.013286,0.003809,-0.002745,-0.008218,0.001982,-0.004693,-0.005857,0.002611,-0.004716,-0.010312,0.003420,-0.004016,-0.009546,0.000703,-0.003883,-0.017839,-0.005445,0.000559,-0.015428,-0.048347,-0.010995,-0.003068,-0.012246,-0.010812,-0.022431,-0.006050,-0.008768,-0.089751,0.019648,-0.042759,-0.065020,-0.019477,-0.053252
-0.008735,0.000829,-0.002767,-0.010575,0.001717,-0.002097,-0.010098,0.002574,-0.002049,-0.011948,0.002707,-0.001738,-0.007530,0.001720,-0.003510,-0.004672,0.001950,-0.003503,-0.007876,0.002410,-0.002987,-0.008522,0.000552,-0.002732,-0.016483,-0.006872,0.002425,-0.012694,-0.040643,-0.005932,-0.001057,-0.011483,-0.012881,-0.022532,-0.007338,-0.007839,-0.077408,0.007673,-0.033800,-0.055964,-0.025384,-0.045996
-0.002587,0.001416,-0.001506,-0.003980,0.002309,-0.000809,-0.003245,0.002677,-0.000797,-0.003220,0.002739,-0.000791,-0.001636,0.002311,-0.002262,0.001106,0.001782,-0.002211,-0.001536,0.001582,-0.001753,-0.002414,0.001150,-0.001477,-0.010348,-0.006658,0.003882,-0.006835,-0.033311,-0.002447,0.003524,-0.009909,-0.012335,-0.016084,-0.007038,-0.006472,-0.059514,0.000096,-0.025733,-0.040725,-0.028820,-0.037601
-0.004447,0.002889,-0.001975,-0.005513,0.003868,-0.001176,-0.004990,0.004968,-0.001126,-0.006755,0.005359,-0.000846,-0.003026,0.003871,-0.002778,-0.000177,0.003765,-0.002752,-0.003050,0.004058,-0.002286,-0.004446,0.002604,-0.001973,-0.012536,-0.005343,0.003442,-0.009931,-0.022785,-0.000563,-0.001538,-0.006115,-0.011843,-0.017634,-0.005615,-0.006616,-0.044805,-0.009041,-0.016985,-0.030435,-0.032315,-0.023852
-0.005228,0.004055,-0.002833,-0.005970,0.005142,-0.001903,-0.006333,0.006693,-0.001808,-0.010579,0.007078,-0.001155,-0.002985,0.005147,-0.003681,-0.000230,0.005377,-0.003676,-0.003820,0.006003,-0.003124,-0.005493,0.003736,-0.002874,-0.014719,-0.004161,0.002583,-0.012401,-0.013177,0.000825,-0.006478,-0.002811,-0.009188,-0.018822,-0.004352,-0.007089,-0.030775,-0.017561,-0.009287,-0.020995,-0.035273,-0.010102
0.004154,0.003723,-0.002739,0.003853,0.004882,-0.001695,0.001729,0.005099,-0.001618,-0.002715,0.004405,-0.000972,0.007203,0.004888,-0.003596,0.009240,0.004096,-0.003531,0.004756,0.003585,-0.002808,0.003569,0.003366,-0.002830,-0.008571,-0.004352,0.002775,-0.004661,-0.008599,0.002811,-0.001524,-0.002716,-0.002149,-0.011285,-0.004530,-0.006712,-0.014909,-0.023295,-0.004408,-0.008324,-0.037055,-0.001737
0.010445,0.002869,-0.002229,0.010530,0.004181,-0.001004,0.006932,0.003969,-0.000907,0.001709,0.002903,-0.000152,0.014459,0.004189,-0.003159,0.016517,0.002700,-0.003052,0.010838,0.001570,-0.002133,0.009541,0.002427,-0.002370,-0.005136,-0.004970,0.003275,0.000485,-0.003765,0.005319,0.000757,-0.001673,0.006795,-0.005006,-0.005166,-0.005922,0.000738,-0.030040,0.001444,0.003150,-0.038574,0.009190
0.010501,0.001920,-0.001558,0.010723,0.003389,-0.000176,0.006674,0.003866,-0.000032,0.000482,0.003320,0.000897,0.015153,0.003401,-0.002590,0.017963,0.001886,-0.002477,0.011385,0.000966,-0.001436,0.009436,0.001388,-0.001725,-0.006133,-0.005710,0.003826,0.000459,-0.001098,0.007096,-0.000801,-0.000220,0.013155,-0.003123,-0.005942,-0.005118,0.008324,-0.034404,0.005380,0.007640,-0.039044,0.017249
0.010266,0.001313,-0.000944,0.011406,0.002624,0.000347,0.009419,0.003545,0.000463,0.002407,0.002807,0.001522,0.016144,0.002640,-0.001756,0.018963,0.002578,-0.001736,0.012188,0.003213,-0.000739,0.008788,0.000794,-0.001178,-0.008780,-0.005416,0.004024,-0.000709,0.002484,0.008660,-0.004519,0.000325,0.020737,-0.003028,-0.005687,-0.004069,0.012576,-0.036678,0.008789,0.007415,-0.034875,0.024592
0.011611,0.001108,-0.001133,0.013577,0.002150,-0.000031,0.013667,0.003690,0.000066,0.005917,0.002915,0.001250,0.018802,0.002173,-0.001621,0.020935,0.003550,-0.001698,0.013864,0.005592,-0.000726,0.009707,0.000636,-0.001437,-0.010123,-0.004662,0.003416,-0.000560,0.005627,0.009188,-0.006969,0.000705,0.027783,-0.001752,-0.004978,-0.003834,0.016489,-0.036744,0.010435,0.007300,-0.028915,0.028781
0.016406,0.001361,-0.002871,0.018236,0.002236,-0.001906,0.017914,0.004978,-0.001736,0.009440,0.005186,-0.000394,0.024496,0.002268,-0.003146,0.025300,0.003579,-0.003231,0.017029,0.005377,-0.002079,0.014303,0.000902,-0.003208,-0.007205,-0.004023,0.001551,0.003365,0.006976,0.007859,-0.004734,0.001661,0.032541,0.003673,-0.004394,-0.005468,0.023065,-0.034486,0.009088,0.012134,-0.024022,0.027414
0.014773,-0.000816,-0.003631,0.016799,-0.000218,-0.002888,0.016435,0.004155,-0.002631,0.009255,0.006310,-0.001411,0.023463,-0.000180,-0.003614,0.023509,0.001065,-0.003704,0.014993,0.002733,-0.002518,0.012484,-0.001226,-0.004001,-0.011315,-0.005182,0.000318,-0.002000,0.006841,0.006547,-0.010403,0.002633,0.033787,0.002259,-0.005627,-0.005821,0.021358,-0.034036,0.008412,0.008938,-0.021218,0.026909
0.007528,-0.004337,-0.003035,0.009984,-0.003985,-0.002485,0.009969,0.001631,-0.002171,0.005451,0.005722,-0.001289,0.016219,-0.003946,-0.002787,0.016458,-0.002734,-0.002876,0.008775,-0.001020,-0.001817,0.005159,-0.004686,-0.003420,-0.020400,-0.007571,0.000313,-0.013985,0.005276,0.005894,-0.021165,0.003112,0.030875,-0.005284,-0.008065,-0.004725,0.012210,-0.035605,0.008805,-0.000751,-0.021857,0.027558
0.005417,-0.003004,-0.001033,0.007732,-0.002629,-0.000459,0.007050,0.002593,-0.000147,0.003050,0.006485,0.000656,0.014138,-0.002584,-0.000791,0.013491,-0.000509,-0.000938,0.004854,0.001989,0.000252,0.003038,-0.003374,-0.001423,-0.023473,-0.005453,0.001816,-0.019504,0.008078,0.006840,-0.025528,0.009262,0.031652,-0.007526,-0.005958,-0.002295,0.009935,-0.032538,0.011150,-0.003951,-0.017695,0.031705
0.005677,0.000214,0.000367,0.007413,0.000768,0.001083,0.005032,0.005055,0.001394,0.000435,0.008055,0.002267,0.014480,0.000820,0.000470,0.012438,0.003769,0.000259,0.002236,0.007016,0.001675,0.003336,-0.000228,-0.000019,-0.023633,-0.001561,0.002727,-0.021768,0.012681,0.007310,-0.026982,0.016991,0.033001,-0.006885,-0.002062,-0.000473,0.011564,-0.027418,0.013247,-0.003297,-0.011386,0.035571
0.005547,0.002353,-0.000843,0.006401,0.003118,0.000038,0.001269,0.007029,0.000406,-0.004013,0.009886,0.001383,0.014508,0.003183,-0.000909,0.011130,0.006128,-0.001132,-0.000071,0.009319,0.000435,0.003270,0.001817,-0.001221,-0.023980,0.001369,0.000945,-0.023992,0.016513,0.005220,-0.029010,0.022194,0.031795,-0.005778,0.000869,-0.001200,0.014134,-0.022820,0.012890,-0.001411,-0.005583,0.035373
0.006032,0.000494,-0.000951,0.006280,0.001442,0.000073,-0.001173,0.004523,0.000467,-0.006444,0.007036,0.001423,0.014374,0.001512,-0.001205,0.009411,0.004287,-0.001432,-0.002291,0.007319,0.000234,0.003931,-0.000101,-0.001302,-0.021963,0.000158,0.000283,-0.023534,0.014783,0.003947,-0.028409,0.020712,0.030431,-0.004014,-0.000307,-0.000921,0.014966,-0.022260,0.012485,0.000073,-0.005625,0.033599
0.006891,-0.004434,0.000097,0.007111,-0.003424,0.001173,-0.001074,-0.001213,0.001548,-0.005645,0.000922,0.002368,0.014145,-0.003358,-0.000267,0.008141,-0.000838,-0.000484,-0.003313,0.002008,0.001179,0.004991,-0.005021,-0.000222,-0.018591,-0.004599,0.001055,-0.020637,0.008338,0.004115,-0.025534,0.013248,0.029563,-0.002472,-0.005006,0.000215,0.013643,-0.026007,0.012276,0.000362,-0.011453,0.031151
0.008137,-0.005065,-0.001086,0.007839,-0.004102,-0.000101,0.001502,-0.001180,0.000260,-0.001664,0.001491,0.000858,0.015356,-0.004026,-0.001413,0.008874,-0.001220,-0.001651,-0.003191,0.001912,0.000099,0.006383,-0.005643,-0.001382,-0.016291,-0.004826,-0.000433,-0.018224,0.008001,0.002650,-0.022513,0.014106,0.027224,-0.000165,-0.005197,-0.000724,0.016379,-0.023930,0.011059,0.003830,-0.011054,0.030606
0.009440,-0.006042,-0.002271,0.008592,-0.005216,-0.001467,0.005209,-0.001267,-0.001138,0.003764,0.002023,-0.000806,0.016862,-0.005125,-0.002470,0.010087,-0.001696,-0.002747,-0.001505,0.001846,-0.001088,0.007818,-0.006586,-0.002546,-0.014570,-0.005407,-0.001849,-0.015566,0.007609,0.001598,-0.019117,0.015488,0.025444,0.001872,-0.005748,-0.001674,0.019256,-0.022176,0.009986,0.007254,-0.010938,0.030740
0.010473,-0.012002,-0.001225,0.009497,-0.011385,-0.000642,0.008704,-0.007360,-0.000386,0.008911,-0.004193,-0.000323,0.017518,-0.011290,-0.001264,0.010261,-0.007102,-0.001585,0.002163,-0.003370,-0.000469,0.009005,-0.012470,-0.001475,-0.012936,-0.011222,-0.000857,-0.011924,0.001015,0.003010,-0.015103,0.009611,0.026252,0.002604,-0.011527,-0.000568,0.018358,-0.026908,0.010191,0.007439,-0.017620,0.030314
0.009869,-0.012398,-0.000896,0.009044,-0.012014,-0.000541,0.010737,-0.007605,-0.000340,0.012607,-0.004133,-0.000537,0.016348,-0.011921,-0.000766,0.009230,-0.007481,-0.001095,0.005174,-0.004000,-0.000603,0.008546,-0.012785,-0.001122,-0.013130,-0.011429,-0.000602,-0.010789,0.001394,0.003869,-0.012774,0.011764,0.024830,0.002077,-0.011710,-0.000173,0.016525,-0.025825,0.009757,0.006053,-0.017565,0.030263
0.007929,-0.007031,-0.001448,0.007460,-0.006789,-0.001214,0.010288,-0.001886,-0.001021,0.012998,0.002162,-0.001338,0.013937,-0.006702,-0.001221,0.007512,-0.002649,-0.001518,0.006025,0.000258,-0.001415,0.006672,-0.007373,-0.001665,-0.015056,-0.005937,-0.001224,-0.012752,0.008536,0.003740,-0.013360,0.020821,0.021878,0.000554,-0.006209,-0.000692,0.014674,-0.019453,0.008932,0.003737,-0.010775,0.030625
0.004411,-0.010625,-0.001388,0.005121,-0.010452,-0.001169,0.009279,-0.005687,-0.001021,0.012843,-0.001504,-0.001462,0.009368,-0.010391,-0.001148,0.002870,-0.005913,-0.001460,0.007687,-0.003203,-0.002341,0.003156,-0.010917,-0.001605,-0.017352,-0.009312,-0.001379,-0.015551,0.006733,0.003913,-0.015205,0.021004,0.021244,-0.002648,-0.009539,-0.000489,0.012481,-0.022767,0.009630,0.000710,-0.015683,0.037853
0.000579,-0.014892,-0.000872,0.002612,-0.014732,-0.000614,0.008566,-0.010444,-0.000540,0.013101,-0.006513,-0.001141,0.004522,-0.014700,-0.000664,-0.001739,-0.009647,-0.000999,0.009423,-0.006990,-0.002861,-0.000695,-0.015139,-0.001093,-0.019677,-0.013026,-0.001304,-0.018892,0.004246,0.004056,-0.017956,0.020474,0.021897,-0.006721,-0.013194,0.000395,0.009717,-0.026084,0.011066,-0.003172,-0.020828,0.047127
-0.002305,-0.011543,-0.000055,0.000517,-0.011356,0.000243,0.009002,-0.007588,0.000222,0.014726,-0.004243,-0.000601,0.001278,-0.011339,0.000109,-0.003358,-0.006225,-0.000212,0.010497,-0.003706,-0.002456,-0.003578,-0.011759,-0.000276,-0.021691,-0.008555,-0.001239,-0.022488,0.009332,0.003834,-0.021257,0.027393,0.022811,-0.010861,-0.008671,0.001920,0.006158,-0.019726,0.012438,-0.008042,-0.014770,0.053606
-0.007606,-0.009343,0.000993,-0.003968,-0.009124,0.001337,0.006950,-0.005549,0.001232,0.013639,-0.002604,0.000213,-0.004677,-0.009127,0.001087,-0.007605,-0.004251,0.000795,0.006242,-0.001691,-0.001412,-0.008825,-0.009502,0.000780,-0.023030,-0.005613,-0.000832,-0.024577,0.011300,0.003729,-0.023835,0.031084,0.026033,-0.016216,-0.005636,0.003475,0.001500,-0.012558,0.013282,-0.014363,-0.008510,0.061115
-0.012675,-0.009393,0.001748,-0.008601,-0.009152,0.002122,0.003436,-0.005348,0.001989,0.010382,-0.002418,0.000899,-0.010366,-0.009169,0.001782,-0.012358,-0.004715,0.001522,-0.001214,-0.001959,-0.000246,-0.013813,-0.009496,0.001548,-0.023023,-0.005675,-0.000291,-0.024126,0.009160,0.003797,-0.024481,0.029693,0.029968,-0.020109,-0.005607,0.004282,-0.001933,-0.008156,0.013200,-0.019114,-0.005187,0.065887
-0.014147,-0.007886,0.000964,-0.008441,-0.007611,0.001463,0.003605,-0.003956,0.001293,0.005977,-0.002250,0.000877,-0.013219,-0.007667,0.000901,-0.014824,-0.003234,0.000652,-0.006006,0.000232,-0.000751,-0.015337,-0.007940,0.000755,-0.021684,-0.003058,-0.001917,-0.026248,0.010243,0.000622,-0.025402,0.034488,0.025764,-0.021615,-0.002965,0.004030,-0.007455,0.000340,0.009619,-0.024545,0.004855,0.057618
-0.013997,-0.007828,-0.000071,-0.007145,-0.007454,0.000594,0.003828,-0.004585,0.000381,0.001896,-0.004542,0.000584,-0.014469,-0.007541,-0.000297,-0.016307,-0.003209,-0.000531,-0.010103,0.000697,-0.001522,-0.015170,-0.007856,-0.000278,-0.019351,-0.001932,-0.003761,-0.028905,0.009938,-0.003220,-0.025632,0.038335,0.017235,-0.022403,-0.001830,0.003521,-0.013157,0.007866,0.005220,-0.028565,0.013529,0.044591
-0.014204,-0.012230,-0.000069,-0.008370,-0.011634,0.000747,0.000477,-0.010446,0.000486,-0.000397,-0.011719,0.000459,-0.015353,-0.011713,-0.000552,-0.018114,-0.008044,-0.000744,-0.015477,-0.004754,-0.001160,-0.015084,-0.012261,-0.000225,-0.016358,-0.006464,-0.003865,-0.030049,0.003647,-0.005143,-0.024199,0.034132,0.008207,-0.024133,-0.006319,0.003563,-0.017130,0.009361,0.002702,-0.029151,0.012750,0.035104
-0.014342,-0.015164,-0.000068,-0.009187,-0.014420,0.000848,-0.001758,-0.014350,0.000554,-0.001927,-0.016498,0.000374,-0.015942,-0.014495,-0.000723,-0.019319,-0.011268,-0.000886,-0.019062,-0.008389,-0.000920,-0.015028,-0.015198,-0.000189,-0.014363,-0.009486,-0.003933,-0.030809,-0.000544,-0.006423,-0.023207,0.031335,0.002182,-0.025285,-0.009312,0.003591,-0.019773,0.010358,0.001025,-0.029492,0.012252,0.028798
