body_0_w,body_0_x,body_0_y,body_0_z,body_1_w,body_1_x,body_1_y,body_1_z,body_2_w,body_2_x,body_2_y,body_2_z,body_3_w,body_3_x,body_3_y,body_3_z,body_4_w,body_4_x,body_4_y,body_4_z,body_5_w,body_5_x,body_5_y,body_5_z,body_6_w,body_6_x,body_6_y,body_6_z,body_7_w,body_7_x,body_7_y,body_7_z,body_8_w,body_8_x,body_8_y,body_8_z,body_9_w,body_9_x,body_9_y,body_9_z,body_10_w,body_10_x,body_10_y,body_10_z,body_11_w,body_11_x,body_11_y,body_11_z,body_12_w,body_12_x,body_12_y,body_12_z,body_13_w,body_13_x,body_13_y,body_13_z
0.999932,0.003107,-0.011249,-0.000279,0.996659,0.054407,-0.060848,0.002700,0.988924,0.030627,0.094967,0.109872,0.994152,-0.007929,0.007480,0.107434,0.996319,-0.038773,-0.076360,-0.003689,0.993593,-0.023476,0.088184,-0.066675,0.997896,0.002709,-0.011815,-0.063698,0.999365,-0.000211,0.029433,-0.020094,0.991293,0.122917,0.042187,-0.021227,0.775564,0.227906,0.567023,-0.158251,0.740847,0.287156,0.563786,-0.225460,0.995147,-0.097187,-0.012481,-0.008963,0.776281,-0.250238,0.542606,0.200867,0.745717,-0.265017,0.542409,0.281894
0.999930,0.003108,-0.011382,-0.000337,0.996658,0.054423,-0.060860,0.002643,0.988935,0.030649,0.094846,0.109873,0.994162,-0.007806,0.006941,0.107390,0.996333,-0.038921,-0.076108,-0.003747,0.993538,-0.023515,0.088385,-0.067207,0.997864,0.002920,-0.011475,-0.064237,0.999382,-0.000159,0.028903,-0.019981,0.991280,0.123075,0.042149,-0.020977,0.775506,0.227973,0.567146,-0.157999,0.740288,0.287006,0.564321,-0.226148,0.995144,-0.097233,-0.012338,-0.009032,0.776476,-0.249967,0.542545,0.200616,0.745619,-0.264630,0.542712,0.281934
0.999929,0.003118,-0.011493,-0.000305,0.996656,0.054408,-0.060913,0.002676,0.988943,0.030633,0.094774,0.109871,0.994169,-0.007672,0.006560,0.107357,0.996347,-0.039065,-0.075853,-0.003716,0.993487,-0.023563,0.088603,-0.067660,0.997838,0.003078,-0.011188,-0.064694,0.999399,-0.000105,0.028428,-0.019828,0.991273,0.123193,0.042110,-0.020704,0.775497,0.227963,0.567245,-0.157706,0.739820,0.286890,0.564738,-0.226785,0.995149,-0.097203,-0.012212,-0.009042,0.776691,-0.249682,0.542419,0.200479,0.745693,-0.264055,0.542890,0.281936
0.999928,0.003147,-0.011562,-0.000092,0.996651,0.054331,-0.061050,0.002887,0.988944,0.030542,0.094802,0.109862,0.994172,-0.007518,0.006495,0.107344,0.996362,-0.039205,-0.075589,-0.003507,0.993443,-0.023630,0.088853,-0.067956,0.997821,0.003131,-0.011007,-0.064985,0.999414,-0.000045,0.028066,-0.019596,0.991276,0.123230,0.042070,-0.020381,0.775584,0.227800,0.567295,-0.157329,0.739535,0.286844,0.564919,-0.227322,0.995168,-0.097021,-0.012120,-0.008935,0.776947,-0.249368,0.542163,0.200571,0.746110,-0.263104,0.542817,0.281862
0.999927,0.003180,-0.011649,0.000076,0.996645,0.054256,-0.061207,0.003054,0.988946,0.030459,0.094933,0.109752,0.994186,-0.007321,0.006467,0.107229,0.996374,-0.039294,-0.075387,-0.003341,0.993408,-0.023658,0.089040,-0.068206,0.997805,0.003183,-0.010948,-0.065229,0.999428,-0.000031,0.027712,-0.019397,0.991288,0.123185,0.042069,-0.020086,0.775657,0.227577,0.567372,-0.157016,0.739229,0.286983,0.565125,-0.227631,0.995183,-0.096893,-0.012019,-0.008858,0.777093,-0.249185,0.541976,0.200736,0.746462,-0.262312,0.542747,0.281802
0.999926,0.003215,-0.011745,0.000222,0.996638,0.054181,-0.061374,0.003200,0.988949,0.030379,0.095116,0.109592,0.994206,-0.007102,0.006457,0.107064,0.996385,-0.039358,-0.075215,-0.003198,0.993378,-0.023666,0.089197,-0.068434,0.997791,0.003234,-0.010948,-0.065450,0.999441,-0.000040,0.027362,-0.019214,0.991304,0.123099,0.042087,-0.019804,0.775723,0.227324,0.567461,-0.156736,0.738912,0.287214,0.565343,-0.227826,0.995194,-0.096792,-0.011914,-0.008796,0.777184,-0.249068,0.541824,0.200938,0.746781,-0.261600,0.542680,0.281749
0.999925,0.003230,-0.011802,0.000499,0.996627,0.054149,-0.061560,0.003482,0.988953,0.030334,0.095104,0.109579,0.994210,-0.006946,0.006350,0.107043,0.996394,-0.039397,-0.075094,-0.002921,0.993369,-0.023703,0.089332,-0.068378,0.997794,0.003236,-0.011004,-0.065382,0.999452,-0.000088,0.027113,-0.018991,0.991328,0.122965,0.042050,-0.019520,0.775723,0.227109,0.567606,-0.156525,0.738974,0.286962,0.565543,-0.227444,0.995222,-0.096543,-0.011732,-0.008676,0.777277,-0.248812,0.541704,0.201221,0.747048,-0.260978,0.542614,0.281743
0.999924,0.003246,-0.011862,0.000770,0.996617,0.054118,-0.061739,0.003756,0.988958,0.030294,0.095093,0.109549,0.994216,-0.006792,0.006236,0.107003,0.996402,-0.039438,-0.074970,-0.002651,0.993365,-0.023757,0.089437,-0.068278,0.997801,0.003216,-0.011081,-0.065269,0.999463,-0.000150,0.026871,-0.018749,0.991359,0.122788,0.041972,-0.019226,0.775777,0.226857,0.567684,-0.156335,0.739118,0.286688,0.565639,-0.227084,0.995245,-0.096342,-0.011545,-0.008537,0.777298,-0.248657,0.541622,0.201552,0.747242,-0.260446,0.542574,0.281798
0.999923,0.003267,-0.011926,0.001027,0.996608,0.054085,-0.061901,0.004017,0.988967,0.030263,0.095084,0.109484,0.994226,-0.006646,0.006110,0.106928,0.996411,-0.039484,-0.074842,-0.002395,0.993372,-0.023844,0.089482,-0.068090,0.997813,0.003154,-0.011196,-0.065064,0.999474,-0.000241,0.026644,-0.018469,0.991404,0.122526,0.041817,-0.018910,0.775940,0.226531,0.567631,-0.156189,0.739425,0.286370,0.565526,-0.226767,0.995258,-0.096239,-0.011350,-0.008359,0.777177,-0.248702,0.541616,0.201980,0.747290,-0.260092,0.542586,0.281976
0.999922,0.003290,-0.011953,0.001178,0.996601,0.054015,-0.062068,0.004168,0.988997,0.030224,0.095003,0.109294,0.994248,-0.006565,0.005996,0.106734,0.996415,-0.039554,-0.074747,-0.002250,0.993379,-0.023932,0.089421,-0.068041,0.997816,0.003059,-0.011334,-0.065000,0.999480,-0.000330,0.026488,-0.018373,0.991426,0.122381,0.041780,-0.018778,0.775917,0.226377,0.567750,-0.156096,0.739544,0.286123,0.565573,-0.226573,0.995271,-0.096142,-0.011052,-0.008359,0.777008,-0.248626,0.541805,0.202217,0.747300,-0.259858,0.542598,0.282142
0.999922,0.003314,-0.011962,0.001275,0.996594,0.053927,-0.062238,0.004264,0.989038,0.030180,0.094887,0.109043,0.994276,-0.006516,0.005888,0.106480,0.996418,-0.039636,-0.074669,-0.002159,0.993385,-0.024019,0.089308,-0.068063,0.997814,0.002947,-0.011483,-0.065007,0.999483,-0.000418,0.026369,-0.018368,0.991436,0.122296,0.041802,-0.018738,0.775801,0.226308,0.567954,-0.156031,0.739570,0.285911,0.565700,-0.226439,0.995283,-0.096048,-0.010702,-0.008448,0.776815,-0.248489,0.542092,0.202358,0.747291,-0.259686,0.542610,0.282302
0.999922,0.003336,-0.011935,0.001518,0.996578,0.053863,-0.062539,0.004514,0.989064,0.030105,0.094691,0.108995,0.994283,-0.006478,0.005728,0.106430,0.996429,-0.039674,-0.074508,-0.001916,0.993399,-0.024120,0.089321,-0.067818,0.997831,0.002904,-0.011558,-0.064747,0.999486,-0.000521,0.026332,-0.018254,0.991451,0.122190,0.041816,-0.018617,0.775806,0.226102,0.568090,-0.155809,0.739775,0.285386,0.565784,-0.226222,0.995289,-0.096033,-0.010367,-0.008404,0.776550,-0.248452,0.542457,0.202439,0.746941,-0.259903,0.542833,0.282597
0.999922,0.003359,-0.011907,0.001732,0.996565,0.053794,-0.062791,0.004732,0.989086,0.030027,0.094544,0.108944,0.994289,-0.006444,0.005577,0.106378,0.996438,-0.039720,-0.074368,-0.001703,0.993412,-0.024222,0.089314,-0.067599,0.997845,0.002878,-0.011614,-0.064515,0.999489,-0.000623,0.026310,-0.018158,0.991464,0.122099,0.041816,-0.018520,0.775785,0.225920,0.568259,-0.155561,0.740000,0.284823,0.565878,-0.225960,0.995296,-0.095997,-0.010017,-0.008377,0.776277,-0.248380,0.542860,0.202494,0.746605,-0.259983,0.543108,0.282885
0.999922,0.003384,-0.011880,0.001889,0.996559,0.053712,-0.062946,0.004888,0.989099,0.029943,0.094493,0.108889,0.994296,-0.006418,0.005447,0.106319,0.996443,-0.039778,-0.074271,-0.001550,0.993425,-0.024326,0.089268,-0.067430,0.997856,0.002889,-0.011635,-0.064336,0.999489,-0.000723,0.026319,-0.018099,0.991474,0.122035,0.041786,-0.018473,0.775711,0.225785,0.568496,-0.155261,0.740267,0.284185,0.565989,-0.225608,0.995307,-0.095919,-0.009640,-0.008382,0.775986,-0.248241,0.543339,0.202497,0.746294,-0.259789,0.543484,0.283161
0.999922,0.003406,-0.011868,0.001973,0.996558,0.053599,-0.063051,0.004967,0.989121,0.029851,0.094456,0.108752,0.994311,-0.006416,0.005357,0.106183,0.996447,-0.039853,-0.074188,-0.001471,0.993423,-0.024417,0.089295,-0.067384,0.997860,0.002876,-0.011603,-0.064281,0.999488,-0.000805,0.026370,-0.018075,0.991487,0.121905,0.041861,-0.018452,0.775668,0.225586,0.568675,-0.155110,0.740489,0.283601,0.566096,-0.225348,0.995321,-0.095816,-0.009227,-0.008418,0.775708,-0.248026,0.543853,0.202445,0.746101,-0.259323,0.544005,0.283098
0.999922,0.003427,-0.011863,0.002020,0.996559,0.053471,-0.063132,0.005007,0.989146,0.029754,0.094428,0.108575,0.994330,-0.006425,0.005287,0.106008,0.996449,-0.039936,-0.074113,-0.001430,0.993414,-0.024501,0.089358,-0.067399,0.997860,0.002852,-0.011545,-0.064289,0.999487,-0.000880,0.026443,-0.018070,0.991502,0.121742,0.041987,-0.018444,0.775640,0.225355,0.568824,-0.155035,0.740688,0.283044,0.566200,-0.225134,0.995335,-0.095701,-0.008796,-0.008468,0.775438,-0.247772,0.544384,0.202365,0.745967,-0.258719,0.544597,0.282865
0.999922,0.003437,-0.011842,0.002124,0.996562,0.053389,-0.063153,0.005105,0.989146,0.029669,0.094429,0.108595,0.994328,-0.006420,0.005251,0.106031,0.996444,-0.039995,-0.074143,-0.001333,0.993417,-0.024556,0.089329,-0.067379,0.997863,0.002805,-0.011500,-0.064267,0.999484,-0.000906,0.026554,-0.018043,0.991504,0.121689,0.042102,-0.018431,0.775629,0.225210,0.568927,-0.154928,0.740885,0.282608,0.566298,-0.224786,0.995336,-0.095720,-0.008503,-0.008465,0.775251,-0.247699,0.544692,0.202339,0.746149,-0.258035,0.544935,0.282357
0.999922,0.003442,-0.011813,0.002186,0.996567,0.053305,-0.063134,0.005160,0.989151,0.029598,0.094415,0.108578,0.994330,-0.006417,0.005207,0.106015,0.996440,-0.040052,-0.074177,-0.001279,0.993420,-0.024607,0.089281,-0.067382,0.997863,0.002734,-0.011477,-0.064269,0.999481,-0.000938,0.026674,-0.018054,0.991501,0.121679,0.042189,-0.018463,0.775620,0.225152,0.568971,-0.154891,0.741048,0.282314,0.566327,-0.224546,0.995332,-0.095783,-0.008199,-0.008498,0.775083,-0.247630,0.544984,0.202282,0.746334,-0.257334,0.545285,0.281832
0.999923,0.003434,-0.011768,0.002163,0.996578,0.053221,-0.063035,0.005128,0.989167,0.029558,0.094370,0.108486,0.994340,-0.006416,0.005147,0.105923,0.996435,-0.040102,-0.074216,-0.001306,0.993423,-0.024649,0.089192,-0.067434,0.997860,0.002616,-0.011496,-0.064319,0.999475,-0.000980,0.026811,-0.018139,0.991487,0.121759,0.042217,-0.018585,0.775617,0.225267,0.568902,-0.154996,0.741143,0.282301,0.566219,-0.224522,0.995320,-0.095929,-0.007874,-0.008603,0.774951,-0.247571,0.545244,0.202161,0.746526,-0.256600,0.545656,0.281274
0.999923,0.003439,-0.011707,0.002140,0.996588,0.053142,-0.062943,0.005095,0.989169,0.029495,0.094377,0.108480,0.994339,-0.006432,0.005231,0.105928,0.996428,-0.040128,-0.074293,-0.001335,0.993431,-0.024690,0.089152,-0.067358,0.997865,0.002478,-0.011460,-0.064243,0.999469,-0.001000,0.026972,-0.018229,0.991471,0.121858,0.042258,-0.018716,0.775651,0.225402,0.568757,-0.155162,0.741260,0.282350,0.566049,-0.224501,0.995305,-0.096099,-0.007585,-0.008700,0.774761,-0.247606,0.545525,0.202087,0.746593,-0.256265,0.545989,0.280754
0.999924,0.003449,-0.011638,0.002118,0.996598,0.053066,-0.062853,0.005062,0.989164,0.029422,0.094411,0.108516,0.994333,-0.006456,0.005388,0.105981,0.996420,-0.040142,-0.074387,-0.001365,0.993441,-0.024731,0.089135,-0.067217,0.997875,0.002331,-0.011396,-0.064104,0.999463,-0.001010,0.027146,-0.018321,0.991453,0.121966,0.042306,-0.018851,0.775702,0.225547,0.568576,-0.155358,0.741389,0.282430,0.565848,-0.224481,0.995289,-0.096280,-0.007314,-0.008793,0.774542,-0.247688,0.545816,0.202037,0.746598,-0.256130,0.546302,0.280254
0.999926,0.003451,-0.011514,0.001975,0.996607,0.053039,-0.062753,0.004913,0.989175,0.029410,0.094258,0.108555,0.994328,-0.006414,0.005384,0.106027,0.996412,-0.040114,-0.074512,-0.001511,0.993456,-0.024743,0.089086,-0.067052,0.997887,0.002232,-0.011301,-0.063947,0.999457,-0.001029,0.027265,-0.018469,0.991432,0.122134,0.042226,-0.019048,0.775748,0.225764,0.568412,-0.155415,0.741588,0.282831,0.565456,-0.224305,0.995269,-0.096482,-0.007173,-0.008930,0.774490,-0.247740,0.545917,0.201903,0.746623,-0.256208,0.546373,0.279978
0.999928,0.003452,-0.011388,0.001814,0.996614,0.053006,-0.062680,0.004747,0.989184,0.029386,0.094151,0.108569,0.994326,-0.006374,0.005420,0.106049,0.996402,-0.040102,-0.074647,-0.001678,0.993467,-0.024757,0.089039,-0.066946,0.997894,0.002143,-0.011226,-0.063847,0.999450,-0.001042,0.027419,-0.018648,0.991411,0.122285,0.042186,-0.019279,0.775768,0.225990,0.568258,-0.155549,0.741726,0.283229,0.565111,-0.224218,0.995249,-0.096680,-0.007039,-0.009088,0.774427,-0.247784,0.546048,0.201737,0.746610,-0.256349,0.546450,0.279735
0.999929,0.003453,-0.011255,0.001615,0.996618,0.052961,-0.062662,0.004544,0.989191,0.029340,0.094139,0.108531,0.994328,-0.006337,0.005538,0.106023,0.996389,-0.040121,-0.074801,-0.001885,0.993470,-0.024773,0.088999,-0.066959,0.997894,0.002071,-0.011192,-0.063863,0.999439,-0.001044,0.027645,-0.018892,0.991388,0.122405,0.042227,-0.019578,0.775738,0.226235,0.568122,-0.155837,0.741739,0.283623,0.564861,-0.224308,0.995230,-0.096870,-0.006919,-0.009286,0.774342,-0.247813,0.546239,0.201507,0.746520,-0.256616,0.546537,0.279559
0.999931,0.003469,-0.011114,0.001444,0.996620,0.052929,-0.062669,0.004370,0.989208,0.029317,0.094015,0.108486,0.994332,-0.006268,0.005555,0.105985,0.996377,-0.040134,-0.074947,-0.002066,0.993483,-0.024809,0.088902,-0.066884,0.997899,0.001951,-0.011219,-0.063786,0.999428,-0.001060,0.027876,-0.019109,0.991367,0.122511,0.042285,-0.019849,0.775630,0.226471,0.568111,-0.156072,0.741737,0.283958,0.564717,-0.224250,0.995212,-0.097047,-0.006752,-0.009464,0.774214,-0.247834,0.546490,0.201295,0.746472,-0.256739,0.546653,0.279349
0.999933,0.003494,-0.010968,0.001288,0.996621,0.052904,-0.062688,0.004210,0.989231,0.029306,0.093834,0.108437,0.994338,-0.006183,0.005521,0.105939,0.996366,-0.040145,-0.075089,-0.002233,0.993501,-0.024854,0.088777,-0.066764,0.997906,0.001805,-0.011277,-0.063664,0.999418,-0.001083,0.028110,-0.019312,0.991347,0.122610,0.042350,-0.020107,0.775483,0.226701,0.568163,-0.156280,0.741728,0.284265,0.564628,-0.224119,0.995195,-0.097218,-0.006560,-0.009632,0.774063,-0.247850,0.546771,0.201091,0.746445,-0.256790,0.546782,0.279121
0.999934,0.003502,-0.010849,0.001071,0.996621,0.052846,-0.062753,0.003992,0.989259,0.029263,0.093706,0.108306,0.994352,-0.006227,0.005462,0.105812,0.996357,-0.040149,-0.075196,-0.002455,0.993506,-0.024884,0.088763,-0.066687,0.997911,0.001659,-0.011309,-0.063583,0.999405,-0.001107,0.028338,-0.019615,0.991334,0.122614,0.042476,-0.020447,0.775335,0.226803,0.568280,-0.156442,0.741817,0.284133,0.564630,-0.223985,0.995187,-0.097287,-0.006317,-0.009909,0.773917,-0.247731,0.547115,0.200867,0.746590,-0.256566,0.547025,0.278462
0.999936,0.003502,-0.010750,0.000834,0.996621,0.052800,-0.062799,0.003755,0.989284,0.029233,0.093606,0.108170,0.994366,-0.006277,0.005416,0.105679,0.996347,-0.040127,-0.075336,-0.002696,0.993517,-0.024885,0.088696,-0.066617,0.997915,0.001547,-0.011331,-0.063514,0.999393,-0.001143,0.028552,-0.019931,0.991319,0.122632,0.042611,-0.020795,0.775129,0.226946,0.568455,-0.156616,0.741837,0.284040,0.564688,-0.223889,0.995178,-0.097369,-0.006079,-0.010200,0.773804,-0.247590,0.547433,0.200610,0.746718,-0.256354,0.547277,0.277817
0.999937,0.003487,-0.010690,0.000558,0.996623,0.052780,-0.062811,0.003480,0.989304,0.029230,0.093562,0.108020,0.994381,-0.006337,0.005398,0.105530,0.996334,-0.040051,-0.075542,-0.002973,0.993537,-0.024831,0.088525,-0.066560,0.997918,0.001506,-0.011332,-0.063469,0.999381,-0.001204,0.028738,-0.020273,0.991299,0.122681,0.042761,-0.021161,0.774809,0.227171,0.568748,-0.156814,0.741723,0.284021,0.564856,-0.223869,0.995165,-0.097474,-0.005851,-0.010522,0.773758,-0.247408,0.547700,0.200282,0.746814,-0.256165,0.547547,0.277201
0.999937,0.003461,-0.010635,0.000223,0.996625,0.052790,-0.062784,0.003148,0.989322,0.029249,0.093447,0.107953,0.994389,-0.006349,0.005317,0.105460,0.996320,-0.040016,-0.075730,-0.003309,0.993551,-0.024801,0.088350,-0.066595,0.997915,0.001494,-0.011382,-0.063510,0.999367,-0.001282,0.028918,-0.020659,0.991287,0.122651,0.042921,-0.021565,0.774490,0.227364,0.569020,-0.157124,0.741547,0.284031,0.565030,-0.223997,0.995165,-0.097457,-0.005534,-0.010904,0.773620,-0.247139,0.548112,0.200018,0.746876,-0.255840,0.547877,0.276683
0.999938,0.003428,-0.010583,-0.000142,0.996628,0.052814,-0.062737,0.002788,0.989338,0.029278,0.093295,0.107928,0.994393,-0.006338,0.005203,0.105428,0.996305,-0.040001,-0.075911,-0.003674,0.993562,-0.024785,0.088174,-0.066677,0.997909,0.001496,-0.011457,-0.063593,0.999354,-0.001370,0.029096,-0.021066,0.991279,0.122581,0.043086,-0.021987,0.774171,0.227542,0.569281,-0.157489,0.741341,0.284057,0.565208,-0.224200,0.995170,-0.097378,-0.005173,-0.011316,0.773436,-0.246827,0.548598,0.199785,0.746920,-0.255448,0.548236,0.276214
0.999939,0.003401,-0.010478,-0.000420,0.996631,0.052865,-0.062657,0.002514,0.989337,0.029317,0.093230,0.107988,0.994387,-0.006334,0.005191,0.105488,0.996296,-0.039929,-0.076058,-0.003948,0.993574,-0.024728,0.088075,-0.066653,0.997910,0.001496,-0.011454,-0.063580,0.999340,-0.001420,0.029306,-0.021435,0.991254,0.122645,0.043274,-0.022380,0.773709,0.227902,0.569656,-0.157883,0.740908,0.284273,0.565510,-0.224593,0.995186,-0.097185,-0.004922,-0.011661,0.773415,-0.246389,0.548915,0.199534,0.747046,-0.255081,0.548377,0.275932
0.999940,0.003375,-0.010366,-0.000701,0.996634,0.052910,-0.062580,0.002236,0.989340,0.029358,0.093146,0.108020,0.994384,-0.006324,0.005168,0.105517,0.996287,-0.039850,-0.076200,-0.004225,0.993588,-0.024666,0.087950,-0.066633,0.997910,0.001510,-0.011467,-0.063569,0.999325,-0.001475,0.029531,-0.021794,0.991235,0.122669,0.043450,-0.022769,0.773227,0.228222,0.570085,-0.158233,0.740480,0.284443,0.565844,-0.224950,0.995205,-0.096963,-0.004672,-0.011994,0.773411,-0.245898,0.549250,0.199235,0.747179,-0.254656,0.548573,0.275577
0.999941,0.003354,-0.010238,-0.000988,0.996637,0.052945,-0.062510,0.001950,0.989353,0.029405,0.093027,0.107992,0.994388,-0.006302,0.005124,0.105487,0.996279,-0.039759,-0.076334,-0.004507,0.993606,-0.024594,0.087774,-0.066616,0.997910,0.001552,-0.011515,-0.063562,0.999310,-0.001542,0.029781,-0.022136,0.991226,0.122613,0.043601,-0.023149,0.772704,0.228463,0.570625,-0.158495,0.740059,0.284516,0.566244,-0.225234,0.995230,-0.096681,-0.004423,-0.012300,0.773437,-0.245299,0.549624,0.198838,0.747321,-0.254116,0.548879,0.275078
0.999943,0.003338,-0.010110,-0.001189,0.996638,0.052994,-0.062467,0.001753,0.989373,0.029471,0.092769,0.108009,0.994387,-0.006299,0.004989,0.105498,0.996274,-0.039665,-0.076432,-0.004702,0.993628,-0.024532,0.087606,-0.066542,0.997914,0.001594,-0.011586,-0.063495,0.999295,-0.001637,0.030058,-0.022456,0.991214,0.122571,0.043801,-0.023509,0.772249,0.228701,0.571046,-0.158854,0.739671,0.284734,0.566494,-0.225604,0.995254,-0.096406,-0.004098,-0.012591,0.773430,-0.244693,0.550034,0.198480,0.747418,-0.253606,0.549184,0.274676
0.999944,0.003324,-0.009982,-0.001345,0.996637,0.053050,-0.062437,0.001600,0.989397,0.029547,0.092443,0.108048,0.994385,-0.006304,0.004809,0.105529,0.996271,-0.039570,-0.076511,-0.004852,0.993650,-0.024474,0.087442,-0.066438,0.997919,0.001635,-0.011668,-0.063397,0.999279,-0.001745,0.030347,-0.022763,0.991200,0.122537,0.044024,-0.023859,0.771828,0.228937,0.571407,-0.159261,0.739299,0.285025,0.566670,-0.226016,0.995278,-0.096132,-0.003736,-0.012874,0.773406,-0.244083,0.550461,0.198141,0.747492,-0.253112,0.549488,0.274323
0.999945,0.003310,-0.009833,-0.001546,0.996639,0.053099,-0.062366,0.001401,0.989419,0.029628,0.092240,0.108004,0.994391,-0.006281,0.004717,0.105479,0.996264,-0.039477,-0.076642,-0.005049,0.993665,-0.024368,0.087228,-0.066536,0.997911,0.001697,-0.011712,-0.063510,0.999259,-0.001829,0.030734,-0.023097,0.991182,0.122561,0.044137,-0.024280,0.771472,0.229220,0.571689,-0.159564,0.739108,0.285294,0.566665,-0.226311,0.995312,-0.095758,-0.003443,-0.013143,0.773257,-0.243517,0.551024,0.197852,0.747368,-0.252492,0.550036,0.274133
0.999947,0.003292,-0.009654,-0.001705,0.996642,0.053136,-0.062295,0.001243,0.989440,0.029693,0.091995,0.108002,0.994391,-0.006279,0.004639,0.105475,0.996258,-0.039391,-0.076756,-0.005204,0.993683,-0.024284,0.087032,-0.066563,0.997908,0.001744,-0.011744,-0.063549,0.999239,-0.001915,0.031161,-0.023383,0.991163,0.122598,0.044237,-0.024667,0.771141,0.229525,0.571915,-0.159915,0.738954,0.285579,0.566613,-0.226584,0.995346,-0.095384,-0.003116,-0.013360,0.773059,-0.242986,0.551619,0.197621,0.747200,-0.251887,0.550612,0.273991
0.999949,0.003268,-0.009416,-0.001781,0.996645,0.053147,-0.062226,0.001167,0.989460,0.029727,0.091662,0.108085,0.994382,-0.006319,0.004587,0.105565,0.996254,-0.039315,-0.076835,-0.005274,0.993706,-0.024243,0.086868,-0.066445,0.997915,0.001764,-0.011752,-0.063441,0.999218,-0.002007,0.031669,-0.023571,0.991144,0.122659,0.044312,-0.024988,0.770860,0.229873,0.572029,-0.160364,0.738876,0.285894,0.566466,-0.226810,0.995381,-0.095011,-0.002721,-0.013472,0.772763,-0.242521,0.552279,0.197507,0.746944,-0.251312,0.551244,0.273946
0.999951,0.003255,-0.009145,-0.001831,0.996645,0.053161,-0.062216,0.001118,0.989494,0.029782,0.091324,0.108053,0.994385,-0.006322,0.004553,0.105538,0.996250,-0.039256,-0.076919,-0.005322,0.993734,-0.024215,0.086623,-0.066355,0.997920,0.001779,-0.011759,-0.063361,0.999197,-0.002096,0.032234,-0.023722,0.991130,0.122660,0.044470,-0.025272,0.770602,0.230082,0.572188,-0.160734,0.738772,0.286023,0.566434,-0.227067,0.995409,-0.094721,-0.002220,-0.013553,0.772359,-0.242157,0.553015,0.197473,0.746544,-0.250743,0.551980,0.274078
0.999954,0.003247,-0.008857,-0.001868,0.996643,0.053177,-0.062236,0.001083,0.989533,0.029847,0.090985,0.107962,0.994394,-0.006306,0.004527,0.105454,0.996245,-0.039206,-0.077004,-0.005359,0.993765,-0.024193,0.086335,-0.066279,0.997924,0.001790,-0.011765,-0.063296,0.999174,-0.002183,0.032827,-0.023854,0.991118,0.122631,0.044668,-0.025539,0.770356,0.230221,0.572370,-0.161066,0.738655,0.286058,0.566459,-0.227340,0.995433,-0.094473,-0.001667,-0.013617,0.771901,-0.241844,0.553790,0.197477,0.746070,-0.250178,0.552767,0.274299
0.999957,0.003248,-0.008477,-0.001921,0.996641,0.053172,-0.062275,0.001031,0.989570,0.029891,0.090728,0.107821,0.994406,-0.006304,0.004683,0.105332,0.996235,-0.039171,-0.077152,-0.005416,0.993794,-0.024161,0.085993,-0.066295,0.997922,0.001797,-0.011796,-0.063324,0.999148,-0.002284,0.033548,-0.023923,0.991108,0.122553,0.044972,-0.025762,0.770011,0.230304,0.572705,-0.161405,0.738405,0.286215,0.566539,-0.227755,0.995460,-0.094195,-0.001003,-0.013605,0.771414,-0.241561,0.554502,0.197729,0.745709,-0.249711,0.553272,0.274687
0.999960,0.003258,-0.008063,-0.001944,0.996636,0.053167,-0.062355,0.001009,0.989604,0.029917,0.090469,0.107721,0.994413,-0.006290,0.004891,0.105256,0.996224,-0.039143,-0.077309,-0.005447,0.993825,-0.024142,0.085662,-0.066270,0.997922,0.001798,-0.011807,-0.063310,0.999120,-0.002370,0.034350,-0.023955,0.991090,0.122514,0.045343,-0.025962,0.769648,0.230383,0.573075,-0.161711,0.738120,0.286335,0.566659,-0.228231,0.995485,-0.093953,-0.000364,-0.013530,0.770886,-0.241359,0.555227,0.197999,0.745277,-0.249371,0.553825,0.275054
0.999964,0.003284,-0.007580,-0.001909,0.996627,0.053159,-0.062517,0.001046,0.989630,0.029909,0.090205,0.107703,0.994410,-0.006255,0.005202,0.105275,0.996211,-0.039129,-0.077483,-0.005424,0.993858,-0.024152,0.085354,-0.066162,0.997929,0.001789,-0.011776,-0.063213,0.999087,-0.002427,0.035313,-0.023912,0.991058,0.122554,0.045847,-0.026115,0.769249,0.230454,0.573515,-0.161951,0.737763,0.286378,0.566861,-0.228830,0.995503,-0.093784,0.000225,-0.013327,0.770278,-0.241317,0.555979,0.198304,0.744702,-0.249282,0.554476,0.275378
0.999968,0.003322,-0.007047,-0.001879,0.996616,0.053144,-0.062705,0.001077,0.989660,0.029892,0.089887,0.107699,0.994406,-0.006206,0.005471,0.105306,0.996195,-0.039127,-0.077688,-0.005411,0.993900,-0.024174,0.084927,-0.066069,0.997934,0.001796,-0.011778,-0.063132,0.999049,-0.002466,0.036390,-0.023911,0.991028,0.122527,0.046459,-0.026320,0.768828,0.230446,0.573997,-0.162250,0.737416,0.286214,0.567153,-0.229426,0.995510,-0.093734,0.000801,-0.013131,0.769664,-0.241380,0.556701,0.198587,0.744091,-0.249428,0.555106,0.275628
0.999972,0.003366,-0.006488,-0.001852,0.996604,0.053127,-0.062904,0.001106,0.989692,0.029870,0.089541,0.107702,0.994401,-0.006151,0.005718,0.105342,0.996178,-0.039129,-0.077907,-0.005403,0.993947,-0.024200,0.084442,-0.065984,0.997938,0.001811,-0.011797,-0.063058,0.999006,-0.002494,0.037525,-0.023930,0.990998,0.122464,0.047124,-0.026550,0.768397,0.230399,0.574500,-0.162579,0.737075,0.285945,0.567491,-0.230021,0.995511,-0.093743,0.001372,-0.012937,0.769047,-0.241495,0.557407,0.198859,0.743462,-0.249691,0.555725,0.275841
0.999975,0.003413,-0.005837,-0.001810,0.996590,0.053050,-0.063191,0.001149,0.989731,0.029781,0.089163,0.107682,0.994397,-0.006089,0.005980,0.105363,0.996154,-0.039166,-0.078190,-0.005386,0.993980,-0.024239,0.084080,-0.065928,0.997942,0.001748,-0.011748,-0.063013,0.998955,-0.002554,0.038887,-0.023897,0.990954,0.122424,0.048036,-0.026758,0.767870,0.230249,0.575201,-0.162803,0.736517,0.285757,0.568045,-0.230674,0.995505,-0.093842,0.001953,-0.012628,0.768511,-0.241578,0.558068,0.198975,0.743060,-0.249861,0.556284,0.275643
0.999979,0.003466,-0.005132,-0.001738,0.996577,0.052955,-0.063475,0.001219,0.989774,0.029679,0.088729,0.107670,0.994393,-0.006057,0.006210,0.105392,0.996131,-0.039201,-0.078477,-0.005341,0.994021,-0.024285,0.083651,-0.065839,0.997948,0.001670,-0.011680,-0.062938,0.998897,-0.002603,0.040349,-0.023860,0.990906,0.122363,0.049032,-0.026975,0.767345,0.230053,0.575906,-0.163067,0.736000,0.285416,0.568648,-0.231260,0.995497,-0.093955,0.002640,-0.012309,0.767969,-0.241616,0.558750,0.199106,0.742681,-0.249959,0.556838,0.275458
0.999983,0.003529,-0.004320,-0.001607,0.996566,0.052823,-0.063752,0.001344,0.989827,0.029553,0.088181,0.107674,0.994387,-0.006086,0.006373,0.105437,0.996106,-0.039232,-0.078774,-0.005239,0.994077,-0.024346,0.083088,-0.065686,0.997958,0.001565,-0.011571,-0.062804,0.998830,-0.002632,0.042011,-0.023816,0.990854,0.122259,0.050198,-0.027211,0.766822,0.229765,0.576619,-0.163409,0.735563,0.284769,0.569354,-0.231712,0.995485,-0.094094,0.003543,-0.011967,0.767415,-0.241563,0.559478,0.199265,0.742348,-0.249911,0.557381,0.275300
0.999987,0.003587,-0.003416,-0.001525,0.996552,0.052683,-0.064086,0.001421,0.989879,0.029394,0.087554,0.107753,0.994373,-0.006168,0.006455,0.105556,0.996080,-0.039279,-0.079088,-0.005188,0.994125,-0.024404,0.082550,-0.065616,0.997962,0.001410,-0.011469,-0.062753,0.998750,-0.002663,0.043873,-0.023790,0.990793,0.122197,0.051382,-0.027520,0.766222,0.229625,0.577315,-0.163960,0.735022,0.284511,0.569812,-0.232617,0.995470,-0.094259,0.004462,-0.011590,0.766836,-0.241572,0.560183,0.199504,0.742041,-0.249799,0.557900,0.275179
0.999989,0.003643,-0.002465,-0.001468,0.996536,0.052538,-0.064448,0.001475,0.989930,0.029219,0.086889,0.107868,0.994356,-0.006278,0.006497,0.105712,0.996052,-0.039336,-0.079411,-0.005163,0.994169,-0.024460,0.082024,-0.065587,0.997964,0.001230,-0.011370,-0.062742,0.998662,-0.002694,0.045834,-0.023774,0.990726,0.122154,0.052575,-0.027865,0.765585,0.229559,0.578000,-0.164616,0.734430,0.284445,0.570146,-0.233748,0.995453,-0.094436,0.005389,-0.011194,0.766244,-0.241611,0.560875,0.199784,0.741746,-0.249655,0.558408,0.275076
0.999991,0.003721,-0.001290,-0.001380,0.996516,0.052382,-0.064874,0.001558,0.989990,0.029035,0.086160,0.107952,0.994341,-0.006303,0.006585,0.105841,0.996016,-0.039430,-0.079821,-0.005119,0.994219,-0.024548,0.081407,-0.065560,0.997966,0.001031,-0.011345,-0.062729,0.998554,-0.002730,0.048181,-0.023684,0.990633,0.122235,0.053923,-0.028229,0.764895,0.229585,0.578691,-0.165358,0.733775,0.284137,0.570704,-0.234815,0.995422,-0.094755,0.006524,-0.010656,0.765514,-0.241914,0.561484,0.200502,0.741286,-0.249692,0.558816,0.275452
0.999992,0.003808,-0.000033,-0.001281,0.996495,0.052230,-0.065320,0.001651,0.990049,0.028849,0.085407,0.108055,0.994325,-0.006308,0.006692,0.105991,0.995979,-0.039522,-0.080239,-0.005066,0.994270,-0.024633,0.080789,-0.065527,0.997968,0.000864,-0.011277,-0.062713,0.998432,-0.002763,0.050693,-0.023582,0.990536,0.122330,0.055272,-0.028627,0.764189,0.229666,0.579352,-0.166193,0.733104,0.283835,0.571220,-0.236017,0.995392,-0.095054,0.007681,-0.010063,0.764725,-0.242241,0.562143,0.201272,0.740840,-0.249674,0.559246,0.275795
0.999991,0.003910,0.001387,-0.001160,0.996470,0.052084,-0.065808,0.001765,0.990108,0.028659,0.084603,0.108197,0.994303,-0.006272,0.006838,0.106184,0.995941,-0.039608,-0.080672,-0.004996,0.994321,-0.024713,0.080166,-0.065484,0.997971,0.000757,-0.011124,-0.062691,0.998286,-0.002788,0.053537,-0.023455,0.990431,0.122451,0.056625,-0.029094,0.763450,0.229858,0.579956,-0.167212,0.732404,0.283543,0.571652,-0.237490,0.995364,-0.095312,0.008883,-0.009361,0.763815,-0.242617,0.562905,0.202142,0.740423,-0.249548,0.559718,0.276071
0.999987,0.004019,0.002990,-0.001024,0.996442,0.051930,-0.066357,0.001893,0.990191,0.028488,0.083614,0.108256,0.994291,-0.006178,0.006959,0.106295,0.995895,-0.039708,-0.081191,-0.004918,0.994393,-0.024824,0.079319,-0.065381,0.997977,0.000685,-0.011033,-0.062611,0.998117,-0.002862,0.056673,-0.023300,0.990308,0.122601,0.058157,-0.029593,0.762500,0.230071,0.580831,-0.168213,0.731473,0.283351,0.572327,-0.238958,0.995326,-0.095638,0.010253,-0.008576,0.762586,-0.243292,0.563819,0.203419,0.739523,-0.249897,0.560264,0.277057
0.999980,0.004131,0.004684,-0.000881,0.996411,0.051772,-0.066935,0.002029,0.990284,0.028327,0.082531,0.108272,0.994284,-0.006054,0.007067,0.106365,0.995845,-0.039814,-0.081754,-0.004837,0.994475,-0.024950,0.078359,-0.065248,0.997984,0.000631,-0.010973,-0.062501,0.997929,-0.002962,0.059956,-0.023130,0.990176,0.122764,0.059779,-0.030107,0.761445,0.230292,0.581840,-0.169205,0.730426,0.283205,0.573123,-0.240424,0.995283,-0.095997,0.011707,-0.007750,0.761196,-0.244113,0.564806,0.204902,0.738381,-0.250481,0.560844,0.278401
0.999969,0.004244,0.006597,-0.000563,0.996373,0.051546,-0.067661,0.002337,0.990383,0.028090,0.081447,0.108252,0.994277,-0.005949,0.007315,0.106413,0.995785,-0.039861,-0.082471,-0.004588,0.994566,-0.025029,0.077441,-0.064927,0.998004,0.000739,-0.010808,-0.062211,0.997704,-0.003138,0.063673,-0.022845,0.990044,0.122874,0.061453,-0.030625,0.760231,0.230443,0.583127,-0.170022,0.729092,0.283021,0.574321,-0.241827,0.995243,-0.096293,0.013172,-0.006688,0.759684,-0.245044,0.565813,0.206616,0.737109,-0.251145,0.561475,0.279896
0.999954,0.004360,0.008593,-0.000195,0.996333,0.051307,-0.068420,0.002694,0.990490,0.027850,0.080248,0.108233,0.994271,-0.005877,0.007508,0.106462,0.995724,-0.039930,-0.083195,-0.004293,0.994660,-0.025131,0.076472,-0.064592,0.998025,0.000823,-0.010624,-0.061909,0.997456,-0.003340,0.067549,-0.022513,0.989903,0.122986,0.063223,-0.031128,0.758934,0.230577,0.584525,-0.170834,0.727661,0.282818,0.575588,-0.243354,0.995197,-0.096619,0.014723,-0.005547,0.758044,-0.246088,0.566864,0.208509,0.735708,-0.251961,0.562099,0.281591
0.999932,0.004481,0.010754,0.000274,0.996288,0.051045,-0.069247,0.003150,0.990613,0.027603,0.078818,0.108217,0.994265,-0.005875,0.007591,0.106513,0.995659,-0.040043,-0.083934,-0.003906,0.994761,-0.025281,0.075403,-0.064231,0.998047,0.000859,-0.010402,-0.061582,0.997172,-0.003593,0.071744,-0.022086,0.989746,0.123107,0.065187,-0.031601,0.757470,0.230684,0.586145,-0.171632,0.726039,0.282586,0.576997,-0.245129,0.995138,-0.097009,0.016450,-0.004252,0.756150,-0.247362,0.568006,0.210757,0.734049,-0.253084,0.562712,0.283682
0.999904,0.004616,0.013007,0.000899,0.996234,0.050770,-0.070193,0.003760,0.990741,0.027338,0.077303,0.108209,0.994258,-0.005817,0.007670,0.106574,0.995582,-0.040168,-0.084798,-0.003376,0.994863,-0.025428,0.074355,-0.063816,0.998074,0.000891,-0.010120,-0.061205,0.996846,-0.003881,0.076324,-0.021399,0.989593,0.123206,0.067131,-0.031933,0.756004,0.230661,0.587894,-0.172148,0.724426,0.282077,0.578605,-0.246688,0.995065,-0.097495,0.018275,-0.002608,0.754025,-0.249017,0.569058,0.213564,0.732092,-0.254585,0.563166,0.286481
0.999870,0.004759,0.015306,0.001603,0.996174,0.050491,-0.071198,0.004446,0.990869,0.027069,0.075742,0.108205,0.994251,-0.005728,0.007748,0.106639,0.995500,-0.040297,-0.085723,-0.002777,0.994965,-0.025571,0.073315,-0.063375,0.998101,0.000925,-0.009809,-0.060804,0.996485,-0.004189,0.081095,-0.020581,0.989441,0.123291,0.069064,-0.032194,0.754535,0.230570,0.589703,-0.172524,0.722819,0.281425,0.580310,-0.248139,0.994980,-0.098023,0.020149,-0.000788,0.751777,-0.250853,0.570057,0.216655,0.729980,-0.256261,0.563532,0.289640
0.999831,0.004928,0.017530,0.002365,0.996090,0.050262,-0.072466,0.005197,0.990978,0.026773,0.074323,0.108269,0.994238,-0.005564,0.007825,0.106766,0.995389,-0.040429,-0.086956,-0.002143,0.995037,-0.025634,0.072610,-0.063032,0.998123,0.000985,-0.009485,-0.060499,0.996055,-0.004511,0.086446,-0.019513,0.989283,0.123422,0.070980,-0.032377,0.752844,0.230608,0.591740,-0.172884,0.721215,0.280571,0.582267,-0.249186,0.994889,-0.098520,0.022096,0.001431,0.749281,-0.253012,0.570958,0.220386,0.727683,-0.258541,0.563535,0.293363
0.999789,0.005119,0.019653,0.003222,0.995995,0.050056,-0.073838,0.006042,0.991079,0.026476,0.072882,0.108392,0.994219,-0.005379,0.007874,0.106950,0.995262,-0.040613,-0.088332,-0.001433,0.995094,-0.025722,0.072112,-0.062659,0.998147,0.000953,-0.009167,-0.060155,0.995583,-0.004841,0.091944,-0.018381,0.989124,0.123542,0.072878,-0.032541,0.751201,0.230624,0.593709,-0.173259,0.719790,0.279617,0.584138,-0.250001,0.994781,-0.099098,0.024006,0.003765,0.746770,-0.255312,0.571713,0.224267,0.725382,-0.260977,0.563364,0.297210
0.999744,0.005356,0.021574,0.004269,0.995878,0.049893,-0.075418,0.007075,0.991169,0.026173,0.071400,0.108636,0.994187,-0.005159,0.007869,0.107251,0.995102,-0.040902,-0.089995,-0.000574,0.995124,-0.025863,0.072028,-0.062227,0.998175,0.000735,-0.008859,-0.059735,0.995051,-0.005187,0.097739,-0.017124,0.988968,0.123645,0.074740,-0.032669,0.749658,0.230601,0.595548,-0.173662,0.718722,0.278472,0.585846,-0.250354,0.994647,-0.099850,0.025845,0.006328,0.744242,-0.257912,0.572190,0.228440,0.723081,-0.263748,0.562861,0.301293
0.999699,0.005703,0.023255,0.005379,0.995730,0.049769,-0.077313,0.008163,0.991241,0.025836,0.070232,0.108818,0.994165,-0.004870,0.007828,0.107477,0.994870,-0.041248,-0.092370,0.000276,0.995099,-0.025901,0.072582,-0.061964,0.998193,0.000422,-0.008551,-0.059473,0.994442,-0.005499,0.103962,-0.015682,0.988816,0.123833,0.076388,-0.032771,0.748000,0.230724,0.597532,-0.173835,0.717821,0.277343,0.587618,-0.250038,0.994497,-0.100610,0.027749,0.009182,0.741882,-0.260373,0.572458,0.232613,0.721058,-0.266401,0.562107,0.305192
0.999652,0.006104,0.024816,0.006520,0.995564,0.049670,-0.079365,0.009273,0.991305,0.025490,0.069220,0.108966,0.994147,-0.004541,0.007767,0.107662,0.994597,-0.041617,-0.095101,0.001115,0.995046,-0.025880,0.073455,-0.061792,0.998206,0.000070,-0.008244,-0.059296,0.993770,-0.005801,0.110394,-0.014150,0.988665,0.124053,0.077928,-0.032857,0.746285,0.230910,0.599582,-0.173896,0.717006,0.276217,0.589418,-0.249386,0.994332,-0.101366,0.029680,0.012182,0.739600,-0.262749,0.572612,0.236790,0.719171,-0.268973,0.561214,0.309007
0.999606,0.006700,0.026113,0.007849,0.995329,0.049626,-0.082129,0.010557,0.991345,0.025039,0.068598,0.109101,0.994132,-0.004172,0.007626,0.107821,0.994176,-0.042240,-0.099126,0.001987,0.994875,-0.025851,0.075786,-0.061742,0.998214,-0.000609,-0.007981,-0.059195,0.992969,-0.006043,0.117558,-0.012525,0.988511,0.124357,0.079294,-0.033082,0.744307,0.231377,0.601849,-0.173926,0.716121,0.275382,0.591417,-0.248117,0.994152,-0.102115,0.031533,0.015495,0.737750,-0.264896,0.572296,0.240900,0.718197,-0.271338,0.559664,0.312001
0.999555,0.007380,0.027358,0.009329,0.995042,0.049648,-0.085344,0.011981,0.991357,0.024536,0.068315,0.109285,0.994113,-0.003752,0.007520,0.108022,0.993676,-0.042929,-0.103713,0.002924,0.994655,-0.025770,0.078642,-0.061742,0.998219,-0.001305,-0.007714,-0.059132,0.992068,-0.006271,0.125076,-0.010835,0.988352,0.124706,0.080605,-0.033348,0.742214,0.231989,0.604161,-0.174039,0.715139,0.274675,0.593493,-0.246770,0.993951,-0.102863,0.033486,0.018954,0.735917,-0.266950,0.571950,0.245026,0.717388,-0.273642,0.558024,0.314777
0.999498,0.008229,0.028499,0.011109,0.994651,0.049797,-0.089459,0.013691,0.991313,0.023921,0.068712,0.109571,0.994083,-0.003236,0.007485,0.108313,0.993023,-0.043756,-0.109425,0.003998,0.994338,-0.025593,0.082548,-0.061835,0.998220,-0.002042,-0.007441,-0.059139,0.991013,-0.006456,0.133306,-0.009012,0.988184,0.125157,0.081813,-0.033700,0.739892,0.232908,0.606572,-0.174310,0.713962,0.274230,0.595734,-0.245270,0.993718,-0.103628,0.035648,0.022705,0.734134,-0.268848,0.571558,0.249176,0.716911,-0.275865,0.556224,0.317098
0.999434,0.009162,0.029628,0.013071,0.994118,0.050141,-0.094725,0.015590,0.991195,0.023186,0.070079,0.109926,0.994048,-0.002619,0.007522,0.108655,0.992233,-0.044707,-0.115970,0.005115,0.993954,-0.025341,0.086915,-0.062122,0.998209,-0.002691,-0.007177,-0.059329,0.989784,-0.006571,0.142252,-0.007049,0.988030,0.125662,0.082697,-0.034154,0.737410,0.234220,0.608925,-0.174868,0.712422,0.274387,0.597933,-0.244219,0.993485,-0.104124,0.037787,0.026789,0.732391,-0.270584,0.571069,0.253510,0.716730,-0.277952,0.554131,0.319342
0.999361,0.010137,0.030750,0.015123,0.993488,0.050598,-0.100567,0.017568,0.991039,0.022419,0.071929,0.110300,0.994010,-0.001922,0.007593,0.109007,0.991343,-0.045698,-0.122930,0.006221,0.993525,-0.025008,0.091509,-0.062527,0.998191,-0.003260,-0.006921,-0.059639,0.988415,-0.006670,0.151547,-0.005014,0.987888,0.126169,0.083417,-0.034654,0.734850,0.235706,0.611238,-0.175573,0.710708,0.274831,0.600101,-0.243394,0.993243,-0.104466,0.039909,0.031036,0.730666,-0.272213,0.570519,0.257944,0.716705,-0.279935,0.551881,0.321555
0.999270,0.011045,0.032165,0.017383,0.992664,0.051185,-0.107736,0.019775,0.990801,0.021446,0.074802,0.110720,0.993964,-0.001398,0.007959,0.109409,0.990344,-0.046687,-0.130324,0.007449,0.993048,-0.024529,0.096343,-0.063023,0.998168,-0.003472,-0.006502,-0.060056,0.986726,-0.006652,0.162230,-0.002918,0.987754,0.126855,0.083575,-0.035558,0.732046,0.238134,0.613185,-0.177215,0.708467,0.276321,0.601984,-0.243592,0.993000,-0.104485,0.041928,0.035728,0.728849,-0.273770,0.570013,0.262516,0.716697,-0.281868,0.549800,0.323445
0.999165,0.011905,0.033775,0.019645,0.991750,0.051837,-0.115164,0.021968,0.990553,0.020520,0.077744,0.111085,0.993923,-0.000842,0.008382,0.109759,0.989267,-0.047611,-0.137875,0.008621,0.992565,-0.023955,0.101040,-0.063493,0.998146,-0.003525,-0.006107,-0.060461,0.984846,-0.006637,0.173304,-0.000766,0.987632,0.127514,0.083603,-0.036523,0.729224,0.240730,0.614969,-0.179150,0.706134,0.277918,0.603791,-0.244074,0.992749,-0.104305,0.043850,0.040587,0.726830,-0.275403,0.569592,0.267277,0.716390,-0.283902,0.547802,0.325726
0.999039,0.012668,0.035779,0.021908,0.990704,0.052587,-0.123110,0.024168,0.990291,0.019632,0.080831,0.111376,0.993887,-0.000274,0.008923,0.110037,0.988088,-0.048448,-0.145742,0.009738,0.992096,-0.023276,0.105472,-0.063872,0.998128,-0.003332,-0.005752,-0.060797,0.982682,-0.006591,0.185177,0.001499,0.987526,0.128165,0.083374,-0.037623,0.726360,0.243705,0.616447,-0.181666,0.703606,0.279760,0.605467,-0.245118,0.992501,-0.103761,0.045590,0.045782,0.724408,-0.277232,0.569362,0.272401,0.715469,-0.286201,0.545985,0.328775
0.998886,0.013372,0.038408,0.023922,0.989564,0.053362,-0.131277,0.026101,0.990030,0.018735,0.083822,0.111642,0.993853,0.000128,0.009469,0.110299,0.986803,-0.049292,-0.153879,0.010529,0.991624,-0.022555,0.109689,-0.064360,0.998103,-0.003044,-0.005445,-0.061254,0.980194,-0.006480,0.197905,0.003462,0.987438,0.128614,0.082969,-0.039247,0.723618,0.246912,0.617406,-0.184991,0.701094,0.281753,0.606693,-0.246992,0.992283,-0.102885,0.046800,0.050978,0.721874,-0.279245,0.569069,0.277635,0.714028,-0.288865,0.544262,0.332414
0.998713,0.014047,0.041348,0.025810,0.988339,0.054166,-0.139549,0.027884,0.989765,0.017865,0.086764,0.111884,0.993821,0.000476,0.010017,0.110540,0.985431,-0.050117,-0.162143,0.011126,0.991142,-0.021772,0.113799,-0.064917,0.998072,-0.002670,-0.005160,-0.061792,0.977443,-0.006354,0.211039,0.005276,0.987365,0.128910,0.082472,-0.041116,0.720942,0.250193,0.618086,-0.188722,0.698604,0.283788,0.607681,-0.249281,0.992072,-0.101788,0.047743,0.056153,0.719293,-0.281299,0.568717,0.282929,0.712346,-0.291655,0.542553,0.336358
0.998498,0.014692,0.045171,0.027304,0.987005,0.055125,-0.148074,0.029270,0.989476,0.017019,0.089718,0.112239,0.993776,0.000659,0.010553,0.110897,0.983894,-0.050890,-0.170987,0.011222,0.990709,-0.021114,0.117511,-0.065131,0.998062,-0.002278,-0.004995,-0.061984,0.974349,-0.006311,0.224847,0.006973,0.987346,0.128815,0.081752,-0.043260,0.719107,0.253088,0.617750,-0.192916,0.697230,0.285427,0.607543,-0.251582,0.991860,-0.100675,0.047895,0.061514,0.716690,-0.283977,0.567862,0.288523,0.709921,-0.295710,0.540527,0.341172
0.998255,0.015376,0.049362,0.028527,0.985607,0.056118,-0.156554,0.030347,0.989177,0.016185,0.092719,0.112564,0.993733,0.000884,0.011073,0.111224,0.982250,-0.051581,-0.180014,0.010959,0.990278,-0.020425,0.121094,-0.065327,0.998052,-0.001815,-0.004760,-0.062172,0.970996,-0.006307,0.238866,0.008429,0.987334,0.128480,0.081125,-0.045644,0.717559,0.255681,0.617112,-0.197255,0.696447,0.286792,0.606914,-0.253708,0.991633,-0.099611,0.047879,0.066697,0.714408,-0.286542,0.566637,0.294003,0.707699,-0.299893,0.538120,0.345910
0.997967,0.016140,0.054290,0.029209,0.984161,0.057138,-0.164957,0.030834,0.988864,0.015301,0.095813,0.112844,0.993696,0.001122,0.011564,0.111507,0.980458,-0.052165,-0.189420,0.010045,0.989871,-0.019758,0.124421,-0.065458,0.998046,-0.001290,-0.004385,-0.062312,0.967310,-0.006332,0.253345,0.009400,0.987326,0.127754,0.080688,-0.048541,0.716574,0.257739,0.615902,-0.201885,0.696817,0.287660,0.605330,-0.255485,0.991397,-0.098750,0.047534,0.071563,0.712757,-0.288967,0.564733,0.299252,0.705856,-0.304433,0.535024,0.350482
0.997622,0.016979,0.059912,0.029535,0.982626,0.058275,-0.173473,0.030929,0.988554,0.014446,0.098741,0.113152,0.993656,0.001512,0.011947,0.111816,0.978504,-0.052528,-0.199235,0.008672,0.989488,-0.019117,0.127635,-0.065253,0.998060,-0.000712,-0.003856,-0.062130,0.963350,-0.006497,0.267993,0.009757,0.987305,0.126721,0.080418,-0.051991,0.716044,0.259400,0.614176,-0.206833,0.698437,0.287883,0.602841,-0.256696,0.991143,-0.098352,0.046881,0.075929,0.712441,-0.290899,0.561530,0.304120,0.706069,-0.308172,0.530303,0.353942
0.997226,0.017856,0.065879,0.029682,0.981008,0.059461,-0.182037,0.030811,0.988243,0.013593,0.101586,0.113447,0.993618,0.001964,0.012276,0.112114,0.976414,-0.052783,-0.209238,0.007036,0.989108,-0.018521,0.130798,-0.064923,0.998082,-0.000142,-0.003247,-0.061827,0.959137,-0.006728,0.282691,0.009811,0.987279,0.125471,0.080228,-0.055678,0.715758,0.260781,0.612180,-0.211942,0.700701,0.287685,0.599905,-0.257623,0.990882,-0.098127,0.046065,0.080015,0.712803,-0.292505,0.557661,0.308814,0.707334,-0.311407,0.524748,0.356853
0.996765,0.018996,0.072284,0.029571,0.979250,0.060583,-0.191002,0.030284,0.987934,0.012637,0.104720,0.113408,0.993615,0.002549,0.012665,0.112082,0.974132,-0.052868,-0.219654,0.004938,0.988751,-0.018086,0.133844,-0.064261,0.998123,0.000479,-0.002577,-0.061182,0.954901,-0.007214,0.296695,0.009124,0.987264,0.124048,0.079613,-0.059856,0.715560,0.262266,0.609976,-0.217072,0.703753,0.286949,0.596472,-0.258095,0.990604,-0.098805,0.044670,0.083342,0.714703,-0.293923,0.552005,0.313208,0.711394,-0.313509,0.516498,0.358971
0.996241,0.020150,0.078934,0.029443,0.977314,0.061795,-0.200390,0.029709,0.987578,0.011650,0.108200,0.113347,0.993613,0.003176,0.013148,0.112032,0.971646,-0.052983,-0.230411,0.002679,0.988365,-0.017757,0.137004,-0.063632,0.998163,0.000942,-0.001943,-0.060553,0.950550,-0.007720,0.310362,0.008342,0.987318,0.122398,0.078224,-0.064049,0.715382,0.263910,0.607705,-0.221979,0.706832,0.286203,0.593017,-0.258472,0.990358,-0.099351,0.042848,0.086516,0.716562,-0.295466,0.546260,0.317552,0.715467,-0.315346,0.508082,0.361270
0.995629,0.021333,0.086079,0.029286,0.975086,0.063204,-0.210633,0.029080,0.987129,0.010600,0.112370,0.113304,0.993605,0.003894,0.013818,0.111999,0.968849,-0.053151,-0.241880,0.000172,0.987935,-0.017592,0.140384,-0.062985,0.998204,0.001142,-0.001388,-0.059875,0.946191,-0.008272,0.323418,0.007363,0.987503,0.120404,0.075294,-0.068348,0.715217,0.266028,0.605326,-0.226437,0.709933,0.285623,0.589497,-0.258663,0.990171,-0.099739,0.040191,0.089432,0.718339,-0.297416,0.540374,0.321759,0.719553,-0.316880,0.499390,0.363922
0.994926,0.022463,0.093647,0.029130,0.972586,0.064665,-0.221552,0.028440,0.986577,0.009381,0.117265,0.113253,0.993592,0.004402,0.014733,0.111976,0.965801,-0.053411,-0.253713,-0.002484,0.987399,-0.017444,0.144289,-0.062606,0.998230,0.001352,-0.000902,-0.059443,0.941782,-0.008660,0.336051,0.006397,0.987706,0.118707,0.071212,-0.072623,0.714833,0.269093,0.602855,-0.230584,0.712483,0.286308,0.585903,-0.259063,0.990049,-0.099712,0.036699,0.092270,0.719575,-0.299928,0.534955,0.325697,0.722559,-0.319335,0.491275,0.366856
0.994142,0.023567,0.101425,0.028975,0.969878,0.066131,-0.232792,0.027772,0.985961,0.008066,0.122522,0.113153,0.993581,0.004788,0.015772,0.111919,0.962544,-0.053721,-0.265698,-0.005262,0.986793,-0.017329,0.148461,-0.062440,0.998244,0.001532,-0.000444,-0.059209,0.937271,-0.008972,0.348444,0.005447,0.987907,0.117086,0.066550,-0.076823,0.714366,0.272566,0.600318,-0.234536,0.714798,0.287551,0.582254,-0.259537,0.989952,-0.099443,0.032785,0.095036,0.720544,-0.302686,0.529756,0.329479,0.725022,-0.322197,0.483425,0.369910
0.993170,0.024519,0.110352,0.028902,0.966687,0.067870,-0.245292,0.027253,0.985225,0.006662,0.128352,0.113198,0.993551,0.005218,0.016801,0.112009,0.958817,-0.053819,-0.278761,-0.008107,0.986083,-0.017055,0.153252,-0.062161,0.998264,0.001708,0.000179,-0.058881,0.932998,-0.009069,0.359738,0.004634,0.988147,0.115811,0.060248,-0.080771,0.713995,0.277177,0.597198,-0.238199,0.716976,0.290286,0.577987,-0.260020,0.989928,-0.098708,0.027366,0.097722,0.721070,-0.306369,0.524999,0.332525,0.726593,-0.326000,0.476352,0.372659
0.992083,0.025472,0.119552,0.028813,0.963223,0.069632,-0.258147,0.026692,0.984420,0.005170,0.134457,0.113192,0.993526,0.005630,0.017798,0.112062,0.954816,-0.053866,-0.292065,-0.011092,0.985316,-0.016791,0.158200,-0.061995,0.998276,0.001836,0.000817,-0.058660,0.928720,-0.009102,0.370649,0.003965,0.988362,0.114670,0.053443,-0.084472,0.713835,0.281983,0.593818,-0.241464,0.719351,0.293405,0.573329,-0.260273,0.989893,-0.097810,0.021511,0.100407,0.721422,-0.310349,0.520343,0.335376,0.727936,-0.329835,0.469556,0.375280
0.990837,0.026427,0.129303,0.028693,0.959357,0.071475,-0.271743,0.026087,0.983499,0.003525,0.141111,0.113157,0.993502,0.006035,0.018725,0.112100,0.950432,-0.053806,-0.305909,-0.014266,0.984469,-0.016489,0.163453,-0.061904,0.998284,0.001946,0.001472,-0.058515,0.924587,-0.008991,0.380848,0.003570,0.988546,0.113946,0.045642,-0.087807,0.714047,0.287314,0.589958,-0.244001,0.722038,0.297442,0.567913,-0.260123,0.989849,-0.096646,0.014792,0.103146,0.721430,-0.314987,0.515912,0.337871,0.728841,-0.333838,0.463358,0.377680
0.989454,0.027334,0.139319,0.028703,0.955032,0.073517,-0.286096,0.025650,0.982450,0.001883,0.148265,0.113167,0.993477,0.006530,0.019390,0.112181,0.945593,-0.053658,-0.320421,-0.017485,0.983486,-0.016088,0.169306,-0.061899,0.998287,0.001913,0.002025,-0.058449,0.920397,-0.008837,0.390872,0.003288,0.988657,0.113560,0.037210,-0.090974,0.714505,0.293166,0.585510,-0.246405,0.724960,0.301917,0.561794,-0.260127,0.989766,-0.095344,0.007463,0.105909,0.721385,-0.319957,0.511631,0.339802,0.729729,-0.337396,0.457901,0.379454
0.987946,0.028215,0.149459,0.028776,0.950351,0.075627,-0.300789,0.025289,0.981307,0.000221,0.155666,0.113160,0.993455,0.007043,0.019923,0.112256,0.940394,-0.053466,-0.335213,-0.020774,0.982406,-0.015663,0.175460,-0.062029,0.998282,0.001765,0.002531,-0.058512,0.916125,-0.008670,0.400786,0.003065,0.988698,0.113288,0.028453,-0.093984,0.715098,0.299225,0.580747,-0.248660,0.728016,0.306540,0.555295,-0.260141,0.989634,-0.093940,-0.000178,0.108626,0.721341,-0.325057,0.507413,0.341375,0.730641,-0.340705,0.452807,0.380854
0.986255,0.028880,0.160129,0.028748,0.945175,0.077896,-0.316147,0.025049,0.980027,-0.001380,0.163563,0.113105,0.993449,0.007606,0.019900,0.112274,0.934629,-0.053079,-0.350812,-0.024133,0.981258,-0.015029,0.181752,-0.062230,0.998273,0.001615,0.002676,-0.058660,0.911700,-0.008585,0.410757,0.002800,0.988568,0.113814,0.019737,-0.096903,0.716177,0.305601,0.575154,-0.250790,0.731769,0.311831,0.547238,-0.260398,0.989419,-0.092738,-0.008227,0.111279,0.721550,-0.330224,0.503521,0.341737,0.732569,-0.342623,0.448543,0.380476
0.984416,0.029510,0.170969,0.028707,0.939660,0.080186,-0.331649,0.024861,0.978663,-0.003059,0.171519,0.113095,0.993441,0.008083,0.019619,0.112362,0.928510,-0.052630,-0.366525,-0.027551,0.980027,-0.014388,0.188227,-0.062538,0.998258,0.001397,0.002830,-0.058914,0.907098,-0.008579,0.420825,0.002450,0.988345,0.114477,0.010960,-0.099747,0.717342,0.312141,0.569164,-0.253062,0.735718,0.317163,0.538645,-0.260744,0.989135,-0.091613,-0.016359,0.113801,0.721960,-0.335293,0.499571,0.341734,0.735052,-0.344005,0.444227,0.379502
0.982391,0.030073,0.182164,0.028645,0.933703,0.082589,-0.347510,0.024785,0.977189,-0.004861,0.179599,0.113233,0.993423,0.008428,0.018820,0.112628,0.921939,-0.052045,-0.382569,-0.031009,0.978677,-0.013677,0.195064,-0.062890,0.998240,0.001135,0.002992,-0.059221,0.902245,-0.008721,0.431131,0.001927,0.987994,0.115513,0.002078,-0.102569,0.718644,0.319116,0.562412,-0.255752,0.740035,0.322715,0.529039,-0.261384,0.988771,-0.090710,-0.024649,0.116174,0.722711,-0.340248,0.495523,0.341140,0.738574,-0.344384,0.439818,0.377450
0.980149,0.030597,0.193803,0.028502,0.927305,0.085129,-0.363653,0.024789,0.975618,-0.006781,0.187710,0.113527,0.993387,0.008694,0.017811,0.113089,0.914891,-0.051352,-0.398926,-0.034566,0.977284,-0.012966,0.201838,-0.063316,0.998218,0.000849,0.002911,-0.059595,0.897104,-0.009132,0.441723,0.001142,0.987534,0.116772,-0.006511,-0.105347,0.719799,0.326181,0.555593,-0.258481,0.744550,0.328219,0.519090,-0.261656,0.988308,-0.090174,-0.033145,0.118392,0.723697,-0.345318,0.491234,0.340157,0.742927,-0.344279,0.434957,0.374626
0.977722,0.031101,0.205648,0.028317,0.920537,0.087674,-0.379877,0.024866,0.973966,-0.008843,0.195827,0.113859,0.993343,0.008840,0.016696,0.113638,0.907442,-0.050625,-0.415364,-0.038180,0.975841,-0.012296,0.208577,-0.063871,0.998189,0.000489,0.002711,-0.060087,0.891751,-0.009695,0.452423,0.000238,0.987005,0.118078,-0.014965,-0.107953,0.720902,0.333179,0.548737,-0.261112,0.749177,0.333543,0.508945,-0.261644,0.987764,-0.089797,-0.041745,0.120486,0.724818,-0.350397,0.486818,0.338923,0.747714,-0.343882,0.429822,0.371378
0.975003,0.031441,0.218148,0.028145,0.913392,0.090207,-0.396161,0.025171,0.972365,-0.011047,0.203258,0.114324,0.993282,0.008782,0.015235,0.114379,0.899695,-0.049735,-0.431678,-0.041591,0.974412,-0.011282,0.215021,-0.064505,0.998151,0.000313,0.002406,-0.060736,0.885880,-0.010563,0.463793,-0.000887,0.986393,0.119530,-0.023241,-0.110461,0.722102,0.340077,0.541637,-0.263716,0.753941,0.338782,0.498535,-0.261271,0.987088,-0.089824,-0.050688,0.122554,0.726642,-0.355241,0.481945,0.336933,0.753696,-0.343147,0.424081,0.366536
0.972095,0.031751,0.230740,0.027975,0.905927,0.092628,-0.412387,0.025573,0.970759,-0.013328,0.210467,0.114689,0.993220,0.008686,0.014008,0.115071,0.891630,-0.048829,-0.447874,-0.044960,0.973006,-0.010275,0.221130,-0.065233,0.998106,0.000055,0.002017,-0.061487,0.879771,-0.011543,0.475254,-0.002036,0.985767,0.120748,-0.031404,-0.112681,0.723508,0.346451,0.534545,-0.266027,0.758886,0.343440,0.488210,-0.260371,0.986335,-0.089825,-0.059681,0.124555,0.728598,-0.359912,0.477058,0.334699,0.760025,-0.342075,0.418321,0.361046
0.968962,0.032006,0.243546,0.027816,0.898107,0.094941,-0.428612,0.026105,0.969199,-0.015606,0.217248,0.114944,0.993159,0.008670,0.013252,0.115692,0.883239,-0.047856,-0.463975,-0.048233,0.971710,-0.009218,0.226578,-0.066001,0.998056,-0.000264,0.001456,-0.062305,0.873324,-0.012713,0.486963,-0.003251,0.985151,0.121631,-0.039314,-0.114621,0.725289,0.351995,0.527479,-0.267995,0.764173,0.347235,0.478107,-0.258616,0.985492,-0.089821,-0.068767,0.126529,0.730778,-0.364346,0.472158,0.332088,0.767005,-0.340441,0.412611,0.354337
0.965769,0.032194,0.255872,0.027996,0.889958,0.097184,-0.444749,0.026971,0.967753,-0.017871,0.223265,0.115273,0.993080,0.008796,0.012696,0.116416,0.874698,-0.046652,-0.479704,-0.051100,0.970440,-0.008090,0.231863,-0.066490,0.998019,-0.000565,0.001260,-0.062897,0.866898,-0.013944,0.498272,-0.004267,0.984571,0.122188,-0.047166,-0.116043,0.727609,0.356696,0.520285,-0.269550,0.769936,0.349819,0.468191,-0.256170,0.984563,-0.089678,-0.077948,0.128522,0.733183,-0.368448,0.467315,0.329098,0.774655,-0.337852,0.407308,0.346217
0.962476,0.032348,0.267938,0.028343,0.881498,0.099354,-0.460766,0.028027,0.966351,-0.020173,0.228895,0.115608,0.992995,0.008947,0.012241,0.117180,0.865948,-0.045329,-0.495166,-0.053765,0.969164,-0.006936,0.237064,-0.066879,0.997986,-0.000877,0.001247,-0.063417,0.860414,-0.015227,0.509341,-0.005175,0.984002,0.122539,-0.054986,-0.117054,0.730226,0.360869,0.513044,-0.270795,0.775943,0.351649,0.458375,-0.253275,0.983554,-0.089434,-0.087175,0.130477,0.735724,-0.372300,0.462493,0.325889,0.782619,-0.334660,0.402123,0.337353
0.959451,0.032201,0.278558,0.028661,0.872918,0.101122,-0.476370,0.029338,0.965024,-0.022271,0.234216,0.115656,0.992940,0.009046,0.012150,0.117647,0.857186,-0.044228,-0.510031,-0.056077,0.967983,-0.005773,0.241736,-0.067382,0.997943,-0.001492,0.001488,-0.064080,0.854726,-0.016165,0.518801,-0.005287,0.983512,0.122298,-0.063277,-0.117229,0.733736,0.364128,0.505168,-0.271748,0.782966,0.351256,0.448452,-0.249949,0.982476,-0.088614,-0.096563,0.132528,0.738914,-0.375299,0.457150,0.322756,0.791072,-0.329971,0.396801,0.328441
0.956456,0.031933,0.288671,0.028991,0.864128,0.102781,-0.491697,0.030852,0.963651,-0.024419,0.239552,0.115733,0.992879,0.009022,0.012033,0.118174,0.848216,-0.043128,-0.524674,-0.058196,0.966795,-0.004575,0.246333,-0.067864,0.997898,-0.002091,0.001786,-0.064743,0.849195,-0.016932,0.527783,-0.005068,0.983010,0.121975,-0.071564,-0.117014,0.737472,0.367056,0.497129,-0.272523,0.790226,0.350046,0.438532,-0.246374,0.981342,-0.087544,-0.105864,0.134526,0.742270,-0.377897,0.451596,0.319828,0.799597,-0.324650,0.391192,0.319712
0.953657,0.031425,0.297809,0.029353,0.855208,0.104320,-0.506623,0.032717,0.962220,-0.026583,0.244925,0.115920,0.992804,0.008840,0.011864,0.118835,0.839102,-0.042020,-0.539026,-0.059935,0.965630,-0.003295,0.250787,-0.068212,0.997859,-0.002619,0.002199,-0.065310,0.844102,-0.017322,0.535886,-0.004206,0.982506,0.121561,-0.079852,-0.116314,0.741611,0.369514,0.488729,-0.273160,0.797959,0.347480,0.428608,-0.242518,0.980172,-0.086043,-0.114992,0.136516,0.745913,-0.379870,0.445637,0.317365,0.808293,-0.318319,0.385176,0.311408
0.951066,0.030664,0.306022,0.029718,0.846121,0.105678,-0.521241,0.034910,0.960838,-0.028607,0.249968,0.116140,0.992729,0.008672,0.011380,0.119519,0.829850,-0.041070,-0.553077,-0.061387,0.964498,-0.001991,0.255023,-0.068583,0.997817,-0.003296,0.002539,-0.065914,0.839516,-0.017327,0.543051,-0.002814,0.981964,0.121147,-0.088215,-0.115279,0.746246,0.371595,0.479620,-0.273857,0.806176,0.344004,0.417947,-0.238876,0.978942,-0.084392,-0.124122,0.138362,0.749991,-0.381391,0.438817,0.315426,0.817289,-0.311366,0.377899,0.303780
0.948557,0.029775,0.313764,0.030084,0.836829,0.106926,-0.535623,0.037313,0.959461,-0.030605,0.254844,0.116417,0.992646,0.008482,0.010742,0.120273,0.820416,-0.040178,-0.566901,-0.062670,0.963374,-0.000672,0.259146,-0.068942,0.997773,-0.004041,0.002843,-0.066518,0.835159,-0.017122,0.549740,-0.001171,0.981362,0.120742,-0.096609,-0.114089,0.751050,0.373510,0.470131,-0.274573,0.814512,0.340031,0.406878,-0.235372,0.977657,-0.082627,-0.133242,0.140023,0.754308,-0.382578,0.431571,0.313690,0.826371,-0.303924,0.369950,0.296443
0.946451,0.028848,0.320125,0.030307,0.827696,0.107829,-0.549291,0.039656,0.958081,-0.032129,0.259793,0.116427,0.992604,0.008563,0.010113,0.120670,0.810964,-0.039489,-0.580253,-0.063918,0.962218,0.000653,0.263268,-0.069469,0.997717,-0.004809,0.003084,-0.067293,0.831504,-0.016466,0.555274,0.001079,0.980704,0.120386,-0.105051,-0.112655,0.755901,0.375413,0.460247,-0.275411,0.822848,0.335152,0.395990,-0.231920,0.976377,-0.080720,-0.141946,0.141508,0.759013,-0.383147,0.423273,0.312949,0.835799,-0.295633,0.360531,0.289929
0.944437,0.027977,0.326069,0.030590,0.818555,0.108691,-0.562484,0.042009,0.956671,-0.033690,0.264705,0.116521,0.992548,0.008573,0.009575,0.121172,0.801547,-0.038808,-0.593105,-0.065143,0.961034,0.001904,0.267414,-0.069999,0.997660,-0.005620,0.003408,-0.068059,0.828070,-0.015746,0.560394,0.003350,0.979982,0.119972,-0.113444,-0.111232,0.760560,0.377319,0.450428,-0.276215,0.830849,0.330068,0.385281,-0.228699,0.975077,-0.078856,-0.150429,0.142754,0.763692,-0.383539,0.414878,0.312327,0.845020,-0.287047,0.350790,0.283711
0.942660,0.027218,0.331197,0.030998,0.809649,0.109528,-0.574901,0.044284,0.955242,-0.035238,0.269544,0.116694,0.992481,0.008503,0.009209,0.121757,0.792443,-0.038171,-0.605120,-0.066380,0.959809,0.003014,0.271618,-0.070577,0.997599,-0.006518,0.003896,-0.068844,0.825137,-0.014928,0.564707,0.005689,0.979210,0.119424,-0.121755,-0.109823,0.764985,0.379194,0.440781,-0.276987,0.838420,0.324669,0.374993,-0.225880,0.973788,-0.077157,-0.158490,0.143754,0.768277,-0.383810,0.406274,0.312060,0.853972,-0.278248,0.340474,0.278184
0.941136,0.026542,0.335524,0.031346,0.801297,0.110237,-0.586190,0.046387,0.953828,-0.036691,0.274249,0.116846,0.992419,0.008295,0.008709,0.122313,0.783696,-0.037642,-0.616302,-0.067639,0.958574,0.004161,0.275756,-0.071262,0.997527,-0.007456,0.004448,-0.069750,0.822654,-0.014340,0.568310,0.007681,0.978474,0.118440,-0.129521,-0.108561,0.768868,0.380781,0.432159,-0.277645,0.845229,0.319088,0.366067,-0.223083,0.972567,-0.075733,-0.165783,0.144546,0.772498,-0.383986,0.398143,0.311902,0.862260,-0.269521,0.330554,0.273130
0.939734,0.025909,0.339449,0.031665,0.793166,0.110869,-0.596868,0.048417,0.952408,-0.038118,0.278883,0.117002,0.992356,0.008004,0.008146,0.122879,0.775064,-0.037154,-0.627015,-0.068908,0.957323,0.005352,0.279858,-0.071994,0.997448,-0.008393,0.005034,-0.070718,0.820391,-0.013863,0.571555,0.009497,0.977727,0.117244,-0.137011,-0.107385,0.772446,0.382241,0.424034,-0.278234,0.851596,0.313402,0.357800,-0.220325,0.971368,-0.074433,-0.172686,0.145200,0.776522,-0.384082,0.390241,0.311780,0.870119,-0.260749,0.320809,0.268299
0.938452,0.025427,0.342968,0.032158,0.785994,0.111682,-0.605978,0.050311,0.951023,-0.039674,0.283178,0.117437,0.992254,0.007694,0.007532,0.123758,0.767329,-0.036469,-0.636380,-0.069978,0.956068,0.006319,0.283985,-0.072438,0.997392,-0.009343,0.005522,-0.071350,0.818430,-0.013959,0.574338,0.010683,0.977110,0.115517,-0.143555,-0.106321,0.775107,0.383461,0.417708,-0.278722,0.856629,0.308592,0.351559,-0.217632,0.970341,-0.073659,-0.178165,0.145842,0.779229,-0.384911,0.383443,0.312437,0.875939,-0.254163,0.312537,0.265428
0.937211,0.025008,0.346335,0.032577,0.779078,0.112472,-0.614550,0.052115,0.949612,-0.041204,0.287484,0.117868,0.992150,0.007336,0.007063,0.124636,0.759841,-0.035743,-0.645231,-0.071000,0.954805,0.007294,0.288081,-0.072826,0.997337,-0.010294,0.006099,-0.071937,0.816496,-0.014272,0.577059,0.011572,0.976524,0.113560,-0.149696,-0.105341,0.777430,0.384552,0.412013,-0.279227,0.861328,0.303641,0.345959,-0.215009,0.969359,-0.073029,-0.183211,0.146436,0.781566,-0.385885,0.376977,0.313267,0.881130,-0.248015,0.304739,0.263121
0.936069,0.024719,0.349406,0.032851,0.772802,0.113241,-0.622148,0.053718,0.948174,-0.042636,0.291818,0.118282,0.992049,0.006913,0.006880,0.125476,0.752980,-0.034972,-0.653165,-0.071923,0.953550,0.008235,0.292114,-0.073102,0.997287,-0.011286,0.006848,-0.072413,0.814631,-0.015031,0.579663,0.011873,0.976060,0.111128,-0.155039,-0.104500,0.779155,0.385345,0.407605,-0.279795,0.865475,0.298437,0.341677,-0.212474,0.968492,-0.072717,-0.187403,0.147024,0.783181,-0.387225,0.371184,0.314494,0.885219,-0.242909,0.297914,0.261973
0.934880,0.024580,0.352566,0.033043,0.767102,0.114080,-0.628886,0.055150,0.946794,-0.043811,0.295892,0.118781,0.991942,0.006795,0.006845,0.126324,0.746694,-0.034109,-0.660294,-0.072773,0.952347,0.009122,0.295949,-0.073246,0.997245,-0.012179,0.007790,-0.072755,0.812651,-0.016567,0.582402,0.011457,0.975775,0.108170,-0.159457,-0.103615,0.780499,0.385535,0.404429,-0.280394,0.869437,0.292603,0.338882,-0.208858,0.967794,-0.073126,-0.190221,0.147795,0.783966,-0.388988,0.365886,0.316563,0.888503,-0.238825,0.291691,0.261614
0.933662,0.024517,0.355770,0.033193,0.761672,0.114941,-0.635178,0.056504,0.945435,-0.044882,0.299835,0.119320,0.991832,0.006810,0.006885,0.127184,0.740672,-0.033204,-0.666999,-0.073580,0.951164,0.009979,0.299683,-0.073331,0.997205,-0.013028,0.008827,-0.073037,0.810605,-0.018498,0.585204,0.010691,0.975573,0.104953,-0.163406,-0.102667,0.781667,0.385412,0.401882,-0.280972,0.873276,0.286428,0.336846,-0.204652,0.967179,-0.073888,-0.192350,0.148682,0.784308,-0.390957,0.360833,0.319083,0.891352,-0.235231,0.285794,0.261685
0.932674,0.024794,0.358338,0.033136,0.757498,0.115883,-0.639900,0.057419,0.944233,-0.045625,0.303267,0.119883,0.991729,0.006915,0.007109,0.127965,0.735937,-0.032165,-0.672196,-0.074261,0.950084,0.010512,0.303097,-0.073222,0.997186,-0.013646,0.009876,-0.073048,0.808911,-0.021164,0.587481,0.008984,0.975572,0.101567,-0.166080,-0.101789,0.782704,0.384419,0.400404,-0.281553,0.877398,0.278692,0.335720,-0.199491,0.966756,-0.074961,-0.193260,0.149714,0.784655,-0.392269,0.355804,0.322249,0.894196,-0.230565,0.280234,0.262151
0.931673,0.025153,0.360919,0.033014,0.753783,0.116753,-0.644048,0.058149,0.943069,-0.046247,0.306586,0.120364,0.991639,0.007126,0.007393,0.128630,0.731670,-0.031226,-0.676805,-0.074967,0.949050,0.010987,0.306309,-0.073201,0.997158,-0.014256,0.011127,-0.073131,0.807164,-0.024132,0.589792,0.007039,0.975649,0.098142,-0.168265,-0.100814,0.783839,0.382958,0.399215,-0.282076,0.881526,0.270469,0.334841,-0.194011,0.966409,-0.076084,-0.193623,0.150915,0.784864,-0.393351,0.350875,0.325808,0.896963,-0.225687,0.274761,0.262736
0.930653,0.025675,0.363528,0.032761,0.751031,0.117510,-0.647087,0.058492,0.941998,-0.046575,0.309684,0.120689,0.991578,0.007595,0.007795,0.129054,0.728390,-0.030473,-0.680282,-0.075736,0.948123,0.011356,0.309122,-0.073329,0.997115,-0.014829,0.012783,-0.073333,0.805321,-0.027701,0.592173,0.004608,0.975899,0.094633,-0.169484,-0.099702,0.785151,0.380576,0.398586,-0.282540,0.885734,0.261318,0.334451,-0.187967,0.966220,-0.077321,-0.192894,0.152419,0.784849,-0.393973,0.346156,0.330111,0.899662,-0.220418,0.269438,0.263490
0.929772,0.026265,0.365746,0.032629,0.749272,0.118337,-0.648959,0.058655,0.941039,-0.047016,0.312376,0.121064,0.991506,0.007928,0.008197,0.129557,0.726096,-0.029703,-0.682694,-0.076358,0.947325,0.011505,0.311552,-0.073333,0.997089,-0.015267,0.014132,-0.073355,0.803791,-0.031463,0.594076,0.002033,0.976202,0.091534,-0.170151,-0.098484,0.786711,0.377788,0.397895,-0.282917,0.889612,0.252297,0.334114,-0.182496,0.966127,-0.078287,-0.191628,0.154106,0.784869,-0.393964,0.341795,0.334587,0.902291,-0.214543,0.264470,0.264383
0.928959,0.026890,0.367767,0.032556,0.748010,0.119199,-0.650249,0.058724,0.940134,-0.047514,0.314863,0.121458,0.991430,0.008192,0.008598,0.130095,0.724295,-0.028927,-0.684576,-0.076908,0.946590,0.011542,0.313790,-0.073279,0.997070,-0.015641,0.015328,-0.073292,0.802397,-0.035327,0.595744,-0.000602,0.976534,0.088643,-0.170520,-0.097198,0.788385,0.374781,0.397194,-0.283240,0.893265,0.243320,0.333832,-0.177284,0.966081,-0.079111,-0.190070,0.155895,0.784884,-0.393609,0.337631,0.339167,0.904839,-0.208316,0.259740,0.265342
0.928175,0.027497,0.369744,0.032007,0.748072,0.119592,-0.650138,0.058364,0.939501,-0.047507,0.316738,0.121480,0.991419,0.008703,0.009050,0.130117,0.723844,-0.028725,-0.685003,-0.077432,0.946101,0.011396,0.315196,-0.073581,0.997024,-0.016093,0.016708,-0.073524,0.800825,-0.039216,0.597603,-0.003547,0.976951,0.086300,-0.169967,-0.096075,0.789909,0.371580,0.396946,-0.283561,0.896314,0.234771,0.334125,-0.172814,0.966246,-0.079739,-0.187536,0.157607,0.784882,-0.392435,0.334456,0.343649,0.907114,-0.201395,0.256163,0.266391
0.927377,0.028062,0.371751,0.031382,0.748511,0.119865,-0.649622,0.057921,0.938970,-0.047520,0.318338,0.121404,0.991419,0.009198,0.009518,0.130047,0.723776,-0.028636,-0.685028,-0.077880,0.945732,0.011277,0.316239,-0.073876,0.996979,-0.016423,0.017946,-0.073763,0.799232,-0.042971,0.599450,-0.006411,0.977338,0.084141,-0.169444,-0.094970,0.791391,0.368531,0.396646,-0.283826,0.899064,0.226699,0.334413,-0.168700,0.966455,-0.080112,-0.184864,0.159286,0.784836,-0.391020,0.331722,0.347990,0.909176,-0.194468,0.253282,0.267262
0.926555,0.028544,0.373824,0.030606,0.749702,0.119906,-0.648294,0.057310,0.938644,-0.047565,0.319392,0.121136,0.991443,0.009667,0.010016,0.129800,0.724476,-0.028768,-0.684248,-0.078180,0.945604,0.011215,0.316558,-0.074148,0.996942,-0.016503,0.018899,-0.074006,0.797646,-0.046449,0.601265,-0.009136,0.977663,0.082347,-0.169032,-0.093930,0.792815,0.365812,0.396196,-0.283997,0.901358,0.219612,0.334629,-0.165370,0.966751,-0.079995,-0.181962,0.160881,0.784748,-0.389193,0.329829,0.352011,0.910906,-0.187635,0.251665,0.267785
0.925657,0.028830,0.376089,0.029747,0.751388,0.119773,-0.646415,0.056738,0.938568,-0.047540,0.319725,0.120860,0.991470,0.010086,0.010547,0.129515,0.725865,-0.029119,-0.682751,-0.078244,0.945688,0.011091,0.316258,-0.074374,0.996915,-0.016592,0.019501,-0.074193,0.795849,-0.049879,0.603323,-0.011758,0.978025,0.080814,-0.168271,-0.092854,0.793733,0.363536,0.396226,-0.284315,0.902990,0.213394,0.335485,-0.162854,0.967106,-0.079650,-0.178743,0.162519,0.784402,-0.387284,0.328655,0.355964,0.912147,-0.181285,0.251083,0.268477
0.924717,0.029020,0.378449,0.028845,0.753316,0.119555,-0.644255,0.056183,0.938616,-0.047479,0.319697,0.120582,0.991499,0.010481,0.011094,0.129214,0.727597,-0.029577,-0.680892,-0.078191,0.945877,0.010940,0.315650,-0.074577,0.996893,-0.016684,0.019928,-0.074353,0.793928,-0.053290,0.605503,-0.014318,0.978406,0.079418,-0.167318,-0.091751,0.794393,0.361475,0.396512,-0.284700,0.904277,0.207607,0.336672,-0.160732,0.967486,-0.079182,-0.175349,0.164174,0.783922,-0.385309,0.327855,0.359880,0.913129,-0.175159,0.251052,0.269234
0.923828,0.029090,0.380717,0.027369,0.756226,0.118778,-0.641058,0.055313,0.938901,-0.047346,0.319164,0.119824,0.991591,0.010688,0.011822,0.128425,0.730476,-0.030397,-0.677810,-0.077819,0.946369,0.010687,0.314137,-0.074761,0.996880,-0.016552,0.020218,-0.074481,0.792148,-0.056191,0.607504,-0.016830,0.978653,0.078495,-0.166773,-0.090905,0.794572,0.360508,0.396643,-0.285243,0.904966,0.203270,0.338071,-0.159453,0.967933,-0.078570,-0.171956,0.165419,0.783285,-0.383421,0.327959,0.363174,0.913537,-0.169850,0.252349,0.270039
0.922929,0.029103,0.383000,0.025820,0.759279,0.117932,-0.637671,0.054440,0.939295,-0.047199,0.318313,0.119053,0.991685,0.010901,0.012474,0.127618,0.733553,-0.031312,-0.674483,-0.077403,0.946960,0.010400,0.312308,-0.074984,0.996868,-0.016348,0.020395,-0.074641,0.790330,-0.058978,0.609530,-0.019315,0.978912,0.077656,-0.166056,-0.090143,0.794507,0.359711,0.397086,-0.285814,0.905427,0.199269,0.339719,-0.158385,0.968407,-0.077847,-0.168461,0.166576,0.782481,-0.381577,0.328473,0.366371,0.913664,-0.164897,0.254210,0.270933
0.922014,0.029005,0.385314,0.024123,0.762632,0.116945,-0.633913,0.053567,0.939908,-0.047024,0.316825,0.118253,0.991785,0.011125,0.012977,0.126771,0.737039,-0.032423,-0.670679,-0.076893,0.947749,0.010033,0.309844,-0.075281,0.996858,-0.016008,0.020346,-0.074862,0.788467,-0.061531,0.611604,-0.021766,0.979191,0.076977,-0.165029,-0.089578,0.793958,0.359270,0.398116,-0.286460,0.905463,0.195955,0.341830,-0.157767,0.968943,-0.076921,-0.164795,0.167559,0.781351,-0.379865,0.329779,0.369377,0.913265,-0.160694,0.257140,0.272038
0.921057,0.028804,0.387722,0.022279,0.766228,0.115809,-0.629848,0.052676,0.940637,-0.046816,0.315007,0.117391,0.991891,0.011304,0.013667,0.125845,0.740936,-0.033463,-0.666414,-0.076069,0.948685,0.009582,0.306976,-0.075310,0.996868,-0.015425,0.020483,-0.074813,0.786518,-0.063880,0.613773,-0.024307,0.979445,0.076329,-0.164016,-0.089215,0.793089,0.359252,0.399155,-0.287443,0.905217,0.193581,0.343929,-0.157550,0.969464,-0.075973,-0.161371,0.168309,0.780222,-0.378298,0.331344,0.371962,0.912826,-0.156765,0.260277,0.272818
0.920073,0.028552,0.390175,0.020360,0.769929,0.114599,-0.625617,0.051769,0.941421,-0.046591,0.313022,0.116502,0.992000,0.011463,0.014452,0.124882,0.745025,-0.034456,-0.661899,-0.075105,0.949685,0.009113,0.303907,-0.075211,0.996886,-0.014698,0.020719,-0.074647,0.784514,-0.066128,0.615989,-0.026885,0.979688,0.075700,-0.163003,-0.088946,0.792056,0.359443,0.400205,-0.288590,0.904825,0.191677,0.346030,-0.157525,0.969974,-0.075009,-0.158060,0.168940,0.779091,-0.376792,0.333042,0.374338,0.912356,-0.152966,0.263524,0.273428
0.919229,0.028170,0.392293,0.018164,0.773784,0.113058,-0.621206,0.050788,0.942472,-0.046325,0.310305,0.115378,0.992145,0.011554,0.014699,0.123690,0.749309,-0.035801,-0.657079,-0.074173,0.950931,0.008565,0.299950,-0.075416,0.996887,-0.013978,0.020753,-0.074763,0.782852,-0.067678,0.617823,-0.029277,0.979794,0.075388,-0.162454,-0.089040,0.791039,0.360107,0.400873,-0.289623,0.904370,0.190452,0.347739,-0.157863,0.970461,-0.074140,-0.155335,0.169056,0.777868,-0.375835,0.334816,0.376255,0.911338,-0.151094,0.266949,0.274538
0.918405,0.027752,0.394344,0.015942,0.777581,0.111517,-0.616804,0.049842,0.943512,-0.046124,0.307568,0.114281,0.992282,0.011556,0.015077,0.122536,0.753603,-0.037116,-0.652187,-0.073200,0.952192,0.007968,0.295894,-0.075595,0.996890,-0.013175,0.020835,-0.074850,0.781192,-0.069009,0.619660,-0.031602,0.979886,0.075068,-0.161926,-0.089269,0.790002,0.360807,0.401503,-0.290707,0.903838,0.189482,0.349417,-0.158374,0.970929,-0.073277,-0.152836,0.169021,0.776662,-0.375011,0.336610,0.377963,0.910193,-0.149611,0.270410,0.275761
0.917629,0.027261,0.396266,0.013667,0.781293,0.109970,-0.612444,0.048985,0.944540,-0.046042,0.304799,0.113233,0.992407,0.011381,0.015716,0.121453,0.757943,-0.038390,-0.647184,-0.072117,0.953500,0.007237,0.291640,-0.075703,0.996899,-0.012233,0.021009,-0.074845,0.779557,-0.069897,0.621500,-0.033806,0.979943,0.074726,-0.161455,-0.089780,0.788931,0.361583,0.402042,-0.291903,0.903158,0.189026,0.351019,-0.159251,0.971367,-0.072436,-0.150804,0.168691,0.775494,-0.374481,0.338440,0.379252,0.908807,-0.148924,0.273935,0.277221
0.916972,0.026595,0.397901,0.011394,0.784888,0.108430,-0.608158,0.048348,0.945605,-0.046041,0.301814,0.112333,0.992515,0.011134,0.016194,0.120535,0.762192,-0.039798,-0.642216,-0.070986,0.954835,0.006434,0.287205,-0.075911,0.996905,-0.011434,0.020923,-0.074919,0.778244,-0.070535,0.622958,-0.035831,0.979919,0.074527,-0.161392,-0.090319,0.788164,0.362438,0.401943,-0.293048,0.902524,0.188848,0.352074,-0.160720,0.971688,-0.072017,-0.149485,0.168196,0.774469,-0.374484,0.339633,0.380274,0.907316,-0.149397,0.276723,0.279073
0.916371,0.025841,0.399392,0.009123,0.788412,0.106894,-0.603900,0.047809,0.946684,-0.046075,0.298720,0.111508,0.992612,0.010859,0.016592,0.119697,0.766379,-0.041264,-0.637246,-0.069850,0.956168,0.005611,0.282679,-0.076178,0.996907,-0.010692,0.020709,-0.075051,0.777092,-0.071047,0.624223,-0.037766,0.979854,0.074399,-0.161534,-0.090869,0.787551,0.363331,0.401525,-0.294165,0.901911,0.188807,0.352855,-0.162483,0.971950,-0.071811,-0.148523,0.167621,0.773517,-0.374755,0.340507,0.381162,0.905768,-0.150448,0.279143,0.281121
0.915892,0.024901,0.400593,0.006825,0.791456,0.105289,-0.600211,0.047528,0.947745,-0.046146,0.295620,0.110721,0.992707,0.010457,0.016873,0.118908,0.770298,-0.042619,-0.632564,-0.068469,0.957520,0.004607,0.278066,-0.076243,0.996929,-0.010139,0.020314,-0.074943,0.776063,-0.071308,0.625359,-0.039588,0.979771,0.074045,-0.161802,-0.091577,0.787171,0.364020,0.400586,-0.295604,0.901152,0.189186,0.353251,-0.165368,0.972067,-0.072331,-0.148399,0.166826,0.772877,-0.375624,0.340583,0.381538,0.903990,-0.152893,0.281177,0.283487
0.915476,0.023934,0.401635,0.004564,0.794345,0.103699,-0.596679,0.047290,0.948778,-0.046193,0.292568,0.109958,0.992800,0.010075,0.017071,0.118135,0.774014,-0.043973,-0.628061,-0.067144,0.958824,0.003636,0.273521,-0.076356,0.996948,-0.009605,0.019827,-0.074892,0.775102,-0.071512,0.626416,-0.041306,0.979688,0.073682,-0.162072,-0.092273,0.786945,0.364564,0.399437,-0.297087,0.900484,0.189424,0.353452,-0.168284,0.972140,-0.073021,-0.148483,0.166027,0.772431,-0.376507,0.340340,0.381787,0.902306,-0.155390,0.282822,0.285847
0.915192,0.022916,0.402360,0.002375,0.796947,0.102134,-0.593481,0.047161,0.949766,-0.046197,0.289615,0.109238,0.992890,0.009725,0.017104,0.117397,0.777357,-0.045344,-0.623954,-0.065888,0.960059,0.002680,0.269110,-0.076548,0.996964,-0.009151,0.019144,-0.074918,0.774280,-0.071606,0.627319,-0.042813,0.979607,0.073301,-0.162348,-0.092955,0.787022,0.364823,0.397870,-0.298663,0.900003,0.189385,0.353263,-0.171272,0.972123,-0.074050,-0.148987,0.165214,0.772375,-0.377419,0.339459,0.381786,0.900829,-0.157996,0.283690,0.288207
0.915056,0.021848,0.402735,0.000297,0.799215,0.100655,-0.590675,0.047190,0.950709,-0.046232,0.286732,0.108623,0.992968,0.009390,0.017076,0.116771,0.780475,-0.046583,-0.620097,-0.064567,0.961200,0.001775,0.264996,-0.076607,0.996987,-0.008876,0.018447,-0.074824,0.773891,-0.071740,0.627679,-0.044332,0.979450,0.073000,-0.163084,-0.093550,0.787556,0.364946,0.395726,-0.299953,0.899856,0.189190,0.352376,-0.174060,0.971938,-0.075551,-0.150353,0.164388,0.772667,-0.378769,0.337728,0.381391,0.899494,-0.161080,0.283823,0.290532
0.914993,0.020756,0.402933,-0.001725,0.801312,0.099219,-0.588064,0.047289,0.951626,-0.046278,0.283884,0.108059,0.993039,0.009067,0.017017,0.116195,0.783473,-0.047751,-0.616354,-0.063230,0.962285,0.000913,0.261033,-0.076608,0.997012,-0.008676,0.017747,-0.074683,0.773718,-0.071895,0.627765,-0.045855,0.979256,0.072736,-0.164051,-0.094100,0.788315,0.364997,0.393291,-0.301097,0.899874,0.188918,0.351138,-0.176747,0.971662,-0.077290,-0.152150,0.163554,0.773124,-0.380342,0.335573,0.380801,0.898218,-0.164415,0.283598,0.292821
0.915095,0.019562,0.402747,-0.003593,0.802745,0.097771,-0.586321,0.047623,0.952493,-0.046288,0.281174,0.107496,0.993118,0.008808,0.016364,0.115636,0.785877,-0.048956,-0.613322,-0.061946,0.963268,0.000051,0.257357,-0.076698,0.997032,-0.008811,0.016787,-0.074613,0.773788,-0.071878,0.627596,-0.046995,0.979050,0.072455,-0.165125,-0.094577,0.789439,0.364722,0.390481,-0.302141,0.900087,0.188480,0.349443,-0.179469,0.971310,-0.079061,-0.154300,0.162781,0.773987,-0.381727,0.332982,0.379937,0.897216,-0.167576,0.282823,0.294844
0.915277,0.018339,0.402372,-0.005309,0.804058,0.096403,-0.584713,0.048046,0.953265,-0.046328,0.278722,0.107017,0.993185,0.008501,0.015698,0.115170,0.788076,-0.050089,-0.610531,-0.060659,0.964173,-0.000781,0.253932,-0.076737,0.997054,-0.008916,0.015931,-0.074503,0.774026,-0.071884,0.627223,-0.048033,0.978849,0.072090,-0.166227,-0.095004,0.790686,0.364278,0.387564,-0.303168,0.900326,0.187825,0.347694,-0.182328,0.970923,-0.080836,-0.156544,0.162075,0.774928,-0.383079,0.330246,0.379045,0.896276,-0.170522,0.281972,0.296822
0.915623,0.017056,0.401619,-0.006718,0.805134,0.095194,-0.583378,0.048659,0.953856,-0.046430,0.276794,0.106711,0.993231,0.008094,0.015006,0.114898,0.789881,-0.051087,-0.608242,-0.059333,0.964944,-0.001582,0.251007,-0.076659,0.997080,-0.008986,0.015276,-0.074285,0.774601,-0.071940,0.626442,-0.048868,0.978659,0.071560,-0.167383,-0.095336,0.792187,0.363504,0.384437,-0.304159,0.900624,0.186738,0.345843,-0.185466,0.970472,-0.082616,-0.158981,0.161505,0.776040,-0.384360,0.327220,0.378095,0.895477,-0.173017,0.280955,0.298747
0.916078,0.015793,0.400613,-0.007879,0.805890,0.094107,-0.582449,0.049375,0.954406,-0.046585,0.274947,0.106501,0.993267,0.007585,0.014027,0.114747,0.791299,-0.052105,-0.606423,-0.058159,0.965587,-0.002274,0.248504,-0.076702,0.997095,-0.009191,0.014573,-0.074200,0.775274,-0.072026,0.625543,-0.049577,0.978502,0.070827,-0.168435,-0.095640,0.793942,0.362267,0.381168,-0.305171,0.900902,0.185054,0.344030,-0.189139,0.970029,-0.084177,-0.161312,0.161047,0.777157,-0.385444,0.324276,0.377232,0.894701,-0.174825,0.280121,0.300796
0.916584,0.014539,0.399478,-0.008916,0.806487,0.093080,-0.581722,0.050141,0.954934,-0.046765,0.273141,0.106337,0.993297,0.007025,0.012906,0.114654,0.792523,-0.053134,-0.604837,-0.057065,0.966163,-0.002912,0.246212,-0.076810,0.997103,-0.009464,0.013845,-0.074186,0.775996,-0.072128,0.624585,-0.050223,0.978361,0.069993,-0.169436,-0.095930,0.795817,0.360796,0.377823,-0.306189,0.901157,0.183082,0.342226,-0.193076,0.969587,-0.085628,-0.163588,0.160646,0.778270,-0.386431,0.321370,0.376415,0.893932,-0.176295,0.279382,0.302904
0.917131,0.013489,0.398244,-0.009515,0.806857,0.092427,-0.581245,0.050922,0.955188,-0.047072,0.272173,0.106403,0.993292,0.006341,0.012217,0.114813,0.793185,-0.054136,-0.603946,-0.056356,0.966547,-0.003337,0.244591,-0.077149,0.997089,-0.009877,0.013286,-0.074434,0.776850,-0.072524,0.623424,-0.050855,0.978248,0.069089,-0.170410,-0.096008,0.798030,0.358918,0.374075,-0.307237,0.901825,0.179953,0.339942,-0.196894,0.969121,-0.086774,-0.165833,0.160545,0.779435,-0.387171,0.318399,0.375768,0.893288,-0.177001,0.278462,0.305233
0.917696,0.012497,0.396962,-0.009963,0.807097,0.091821,-0.580940,0.051680,0.955477,-0.047334,0.271084,0.106474,0.993287,0.005758,0.011441,0.114965,0.793733,-0.055025,-0.603208,-0.055675,0.966906,-0.003674,0.243074,-0.077421,0.997076,-0.010323,0.012734,-0.074633,0.777734,-0.073059,0.622210,-0.051439,0.978154,0.068162,-0.171351,-0.095958,0.800345,0.356870,0.370259,-0.308221,0.902544,0.176482,0.337651,-0.200648,0.968633,-0.087895,-0.168034,0.160590,0.780570,-0.387881,0.315380,0.375225,0.892693,-0.177456,0.277564,0.307518
0.918300,0.011621,0.395586,-0.010110,0.807078,0.091311,-0.580983,0.052399,0.955836,-0.047507,0.269749,0.106561,0.993283,0.005374,0.010488,0.115111,0.794055,-0.055684,-0.602782,-0.055044,0.967223,-0.003838,0.241768,-0.077552,0.997070,-0.010837,0.012197,-0.074729,0.778679,-0.073874,0.620891,-0.051929,0.978097,0.067188,-0.172229,-0.095655,0.802881,0.354488,0.366315,-0.309085,0.903390,0.172309,0.335361,-0.204277,0.968111,-0.088964,-0.170149,0.160924,0.781660,-0.388529,0.312270,0.374887,0.892208,-0.177396,0.276705,0.309726
0.918858,0.010953,0.394302,-0.010265,0.807157,0.090953,-0.580881,0.052944,0.956109,-0.047395,0.268761,0.106660,0.993280,0.005407,0.009971,0.115179,0.794226,-0.056369,-0.602523,-0.054704,0.967465,-0.003928,0.240686,-0.077884,0.997044,-0.011417,0.011884,-0.075039,0.779472,-0.074636,0.619761,-0.052425,0.978078,0.066420,-0.172758,-0.095432,0.805313,0.352030,0.362737,-0.309785,0.904471,0.167271,0.333351,-0.206955,0.967675,-0.089961,-0.171829,0.161204,0.782762,-0.388843,0.309494,0.374565,0.892021,-0.176515,0.275889,0.311489
0.919393,0.010388,0.393064,-0.010422,0.807284,0.090670,-0.580706,0.053402,0.956339,-0.047139,0.267946,0.106763,0.993278,0.005647,0.009673,0.115209,0.794323,-0.057066,-0.602348,-0.054510,0.967671,-0.003983,0.239716,-0.078317,0.997008,-0.012029,0.011683,-0.075456,0.780190,-0.075370,0.618725,-0.052924,0.978078,0.065753,-0.173113,-0.095251,0.807686,0.349535,0.359335,-0.310397,0.905650,0.161798,0.331464,-0.209168,0.967282,-0.090922,-0.173291,0.161456,0.783866,-0.388989,0.306883,0.374251,0.891980,-0.175223,0.275090,0.313039
0.920048,0.009865,0.391542,-0.010439,0.807267,0.090345,-0.580743,0.053801,0.956652,-0.046866,0.266866,0.106782,0.993287,0.005797,0.009415,0.115147,0.794572,-0.057423,-0.602020,-0.054122,0.967941,-0.003788,0.238608,-0.078367,0.997002,-0.012408,0.011183,-0.075550,0.781178,-0.075803,0.617409,-0.053122,0.978126,0.065173,-0.173040,-0.095284,0.809996,0.346851,0.356085,-0.311134,0.906809,0.155798,0.330365,-0.210437,0.966988,-0.091554,-0.174441,0.161622,0.785022,-0.388709,0.304364,0.374176,0.892343,-0.172758,0.274399,0.313980
0.920714,0.009332,0.389987,-0.010472,0.807365,0.090030,-0.580621,0.054190,0.956968,-0.046595,0.265763,0.106826,0.993292,0.005994,0.009215,0.115106,0.794908,-0.057760,-0.601583,-0.053694,0.968233,-0.003620,0.237420,-0.078378,0.996998,-0.012774,0.010753,-0.075604,0.782199,-0.076160,0.616061,-0.053238,0.978164,0.064594,-0.173019,-0.095326,0.812251,0.344230,0.352907,-0.311787,0.907934,0.149666,0.329416,-0.211523,0.966715,-0.092179,-0.175499,0.161754,0.786194,-0.388351,0.301975,0.374024,0.892804,-0.170097,0.273777,0.314666
0.921403,0.008780,0.388367,-0.010539,0.807691,0.089736,-0.580178,0.054558,0.957289,-0.046328,0.264614,0.106919,0.993291,0.006286,0.009129,0.115109,0.795415,-0.058058,-0.600929,-0.053189,0.968568,-0.003503,0.236076,-0.078307,0.996999,-0.013113,0.010463,-0.075576,0.783289,-0.076365,0.614652,-0.053190,0.978182,0.064016,-0.173099,-0.095382,0.814414,0.341736,0.349888,-0.312290,0.909026,0.143269,0.328791,-0.212230,0.966486,-0.092790,-0.176373,0.161822,0.787406,-0.387836,0.299851,0.373716,0.893470,-0.167048,0.273300,0.314822
0.922090,0.008256,0.386745,-0.010529,0.808283,0.089454,-0.579371,0.054821,0.957680,-0.046030,0.263203,0.107022,0.993290,0.006545,0.009027,0.115109,0.796264,-0.058280,-0.599831,-0.052634,0.968933,-0.003321,0.234629,-0.078147,0.997005,-0.013230,0.010399,-0.075484,0.784465,-0.076550,0.613135,-0.053114,0.978210,0.063260,-0.173165,-0.095483,0.816162,0.339539,0.347553,-0.312729,0.909828,0.137177,0.328802,-0.212800,0.966309,-0.093314,-0.177016,0.161879,0.788411,-0.387354,0.298049,0.373539,0.894114,-0.163870,0.273105,0.314834
0.922774,0.007747,0.385122,-0.010480,0.809009,0.089177,-0.578380,0.055032,0.958106,-0.045718,0.261662,0.107126,0.993290,0.006786,0.008917,0.115107,0.797282,-0.058465,-0.598510,-0.052056,0.969311,-0.003107,0.233131,-0.077948,0.997013,-0.013237,0.010449,-0.075367,0.785680,-0.076724,0.611563,-0.053021,0.978242,0.062414,-0.173223,-0.095605,0.817702,0.337488,0.345562,-0.313134,0.910471,0.131229,0.329121,-0.213308,0.966157,-0.093793,-0.177543,0.161931,0.789311,-0.386889,0.296407,0.373426,0.894741,-0.160624,0.273045,0.314779
0.923436,0.007267,0.383546,-0.010261,0.810127,0.089008,-0.576825,0.055167,0.958527,-0.045504,0.260057,0.107355,0.993274,0.007021,0.008536,0.115261,0.798754,-0.058518,-0.596596,-0.051384,0.969742,-0.002948,0.231455,-0.077586,0.997038,-0.013085,0.010352,-0.075079,0.786663,-0.077087,0.610254,-0.052993,0.978248,0.061114,-0.173689,-0.095538,0.818877,0.335875,0.343766,-0.313772,0.910661,0.126639,0.329410,-0.214820,0.966119,-0.094119,-0.177410,0.162114,0.789625,-0.386581,0.295805,0.373559,0.894862,-0.157988,0.274051,0.314893
0.924082,0.006819,0.382001,-0.010070,0.811448,0.088857,-0.574983,0.055226,0.958959,-0.045235,0.258411,0.107592,0.993257,0.007278,0.008321,0.115401,0.800350,-0.058618,-0.594496,-0.050766,0.970172,-0.002861,0.229744,-0.077297,0.997057,-0.012964,0.010342,-0.074849,0.787618,-0.077550,0.608961,-0.053008,0.978232,0.059879,-0.174304,-0.095365,0.819974,0.334465,0.342076,-0.314261,0.910804,0.122483,0.329738,-0.216120,0.966087,-0.094429,-0.177201,0.162357,0.789804,-0.386358,0.295312,0.373803,0.894821,-0.155718,0.275171,0.315162
0.924698,0.006437,0.380518,-0.009935,0.813174,0.088746,-0.572567,0.055132,0.959412,-0.044853,0.256681,0.107847,0.993241,0.007582,0.008441,0.115517,0.802196,-0.058809,-0.592029,-0.050255,0.970605,-0.002919,0.227961,-0.077141,0.997065,-0.012904,0.010504,-0.074724,0.788519,-0.078213,0.607700,-0.053114,0.978173,0.058774,-0.175217,-0.094980,0.820919,0.333463,0.340601,-0.314460,0.910879,0.119201,0.330166,-0.216980,0.966064,-0.094710,-0.176838,0.162724,0.789711,-0.386305,0.295036,0.374271,0.894467,-0.154187,0.276529,0.315733
0.925297,0.006119,0.379065,-0.009871,0.815086,0.088582,-0.569892,0.054882,0.959923,-0.044421,0.254770,0.108011,0.993236,0.007839,0.008552,0.115530,0.804266,-0.058998,-0.589235,-0.049784,0.971068,-0.002939,0.226025,-0.077018,0.997071,-0.012777,0.010730,-0.074645,0.789337,-0.078991,0.606514,-0.053375,0.978087,0.057550,-0.176334,-0.094550,0.821754,0.332617,0.339420,-0.314454,0.910948,0.115858,0.330748,-0.217615,0.966039,-0.095041,-0.176449,0.163101,0.789405,-0.386481,0.294826,0.374900,0.894031,-0.153122,0.277815,0.316355
0.925887,0.005833,0.377628,-0.009843,0.817085,0.088389,-0.567084,0.054554,0.960461,-0.043965,0.252766,0.108127,0.993238,0.008071,0.008659,0.115491,0.806442,-0.059187,-0.586272,-0.049334,0.971542,-0.002940,0.224012,-0.076918,0.997074,-0.012620,0.010990,-0.074594,0.790112,-0.079826,0.605364,-0.053717,0.977985,0.056267,-0.177552,-0.094099,0.822532,0.331848,0.338385,-0.314347,0.911008,0.112481,0.331400,-0.218144,0.966013,-0.095398,-0.176047,0.163480,0.788992,-0.386770,0.294652,0.375607,0.893556,-0.152288,0.279066,0.317000
0.926493,0.005673,0.376140,-0.009813,0.819313,0.088246,-0.563930,0.054047,0.961029,-0.043445,0.250644,0.108228,0.993244,0.008252,0.008715,0.115423,0.808670,-0.059351,-0.583204,-0.049014,0.972063,-0.002956,0.221753,-0.076883,0.997073,-0.012532,0.011050,-0.074601,0.790946,-0.080637,0.604136,-0.054059,0.977872,0.055240,-0.178732,-0.093649,0.823025,0.331507,0.337669,-0.314185,0.911107,0.109416,0.332219,-0.218044,0.966067,-0.095303,-0.175411,0.163897,0.788385,-0.386893,0.294754,0.376675,0.893049,-0.151266,0.280753,0.317425
0.927117,0.005543,0.374604,-0.009796,0.821567,0.088080,-0.560721,0.053485,0.961612,-0.042907,0.248464,0.108289,0.993255,0.008378,0.008741,0.115316,0.810939,-0.059472,-0.580061,-0.048692,0.972594,-0.002979,0.219432,-0.076821,0.997076,-0.012444,0.011040,-0.074579,0.791821,-0.081444,0.602846,-0.054425,0.977746,0.054239,-0.179949,-0.093213,0.823524,0.331182,0.337027,-0.313911,0.911218,0.106275,0.333101,-0.217787,0.966097,-0.095154,-0.174936,0.164313,0.787832,-0.387022,0.294658,0.377772,0.892681,-0.150096,0.282179,0.317752
0.927775,0.005470,0.372971,-0.009803,0.823885,0.087877,-0.557407,0.052814,0.962230,-0.042332,0.246166,0.108275,0.993277,0.008396,0.008706,0.115128,0.813298,-0.059504,-0.576773,-0.048365,0.973153,-0.003013,0.216987,-0.076692,0.997086,-0.012351,0.010889,-0.074489,0.792785,-0.082240,0.601434,-0.054833,0.977599,0.053289,-0.181240,-0.092800,0.824035,0.330885,0.336536,-0.313409,0.911362,0.102985,0.334117,-0.217209,0.966079,-0.094895,-0.174784,0.164735,0.787387,-0.387168,0.294162,0.378934,0.892591,-0.148630,0.283083,0.317891
0.928495,0.005470,0.371176,-0.009772,0.826379,0.087752,-0.553793,0.052059,0.962910,-0.041772,0.243561,0.108339,0.993291,0.008328,0.008514,0.115025,0.815794,-0.059522,-0.573257,-0.048104,0.973731,-0.003036,0.214408,-0.076603,0.997090,-0.012271,0.010902,-0.074445,0.793757,-0.082890,0.600021,-0.055254,0.977466,0.052490,-0.182316,-0.092549,0.824468,0.330588,0.336304,-0.312831,0.911459,0.099631,0.335282,-0.216570,0.966086,-0.094610,-0.174625,0.165022,0.786797,-0.387446,0.293703,0.380229,0.892541,-0.147095,0.284022,0.317906
0.929244,0.005507,0.369299,-0.009721,0.828952,0.087663,-0.550023,0.051265,0.963615,-0.041222,0.240801,0.108447,0.993301,0.008216,0.008243,0.114968,0.818350,-0.059531,-0.569620,-0.047875,0.974315,-0.003055,0.211762,-0.076537,0.997091,-0.012198,0.010998,-0.074428,0.794734,-0.083464,0.598608,-0.055682,0.977340,0.051764,-0.183284,-0.092380,0.824861,0.330291,0.336202,-0.312217,0.911527,0.096239,0.336514,-0.215903,0.966107,-0.094314,-0.174463,0.165239,0.786136,-0.387787,0.293262,0.381588,0.892511,-0.145524,0.284982,0.317857
0.930141,0.005567,0.367035,-0.009600,0.831629,0.087586,-0.546057,0.050426,0.964273,-0.040714,0.238186,0.108567,0.993310,0.007808,0.007837,0.114944,0.820894,-0.059424,-0.565983,-0.047599,0.974806,-0.003097,0.209558,-0.076349,0.997104,-0.012071,0.011032,-0.074277,0.796246,-0.083762,0.596527,-0.055964,0.977107,0.051476,-0.184653,-0.092282,0.825766,0.329877,0.335432,-0.311090,0.911859,0.093520,0.337002,-0.214936,0.966049,-0.093677,-0.175003,0.165370,0.785771,-0.388098,0.292303,0.382756,0.892764,-0.143747,0.285345,0.317628
0.931051,0.005647,0.364721,-0.009476,0.834342,0.087563,-0.541984,0.049591,0.964911,-0.040158,0.235601,0.108747,0.993313,0.007427,0.007463,0.114968,0.823505,-0.059358,-0.562203,-0.047365,0.975292,-0.003225,0.207332,-0.076216,0.997112,-0.012019,0.011088,-0.074164,0.797745,-0.084003,0.594463,-0.056216,0.976900,0.051287,-0.185811,-0.092247,0.826683,0.329363,0.334668,-0.310021,0.912195,0.090929,0.337338,-0.214092,0.966025,-0.093102,-0.175382,0.165437,0.785390,-0.388359,0.291476,0.383903,0.892973,-0.142071,0.285760,0.317420
0.931994,0.005769,0.362307,-0.009347,0.837143,0.087655,-0.537709,0.048760,0.965518,-0.039496,0.233078,0.109038,0.993306,0.007108,0.007152,0.115075,0.826265,-0.059377,-0.558149,-0.047216,0.975773,-0.003525,0.205061,-0.076184,0.997113,-0.012118,0.011188,-0.074119,0.799223,-0.084130,0.592439,-0.056406,0.976752,0.051296,-0.186544,-0.092337,0.827626,0.328652,0.333920,-0.309063,0.912550,0.088613,0.337384,-0.213476,0.966068,-0.092651,-0.175436,0.165382,0.784978,-0.388515,0.290916,0.385012,0.893102,-0.140594,0.286272,0.317256
0.933018,0.005932,0.359663,-0.009216,0.840007,0.087757,-0.533288,0.047871,0.966127,-0.038774,0.230531,0.109321,0.993299,0.006809,0.006958,0.115160,0.829097,-0.059281,-0.553961,-0.047027,0.976229,-0.003792,0.202928,-0.076042,0.997123,-0.012088,0.011316,-0.073972,0.800852,-0.084136,0.590221,-0.056530,0.976663,0.051429,-0.186840,-0.092599,0.828630,0.327656,0.333167,-0.308242,0.912850,0.086387,0.337555,-0.212835,0.966086,-0.092231,-0.175683,0.165250,0.784789,-0.388580,0.290177,0.385887,0.893282,-0.139179,0.286669,0.317014
0.934077,0.006115,0.356903,-0.009083,0.842889,0.087862,-0.528785,0.046959,0.966731,-0.038023,0.227973,0.109605,0.993293,0.006518,0.006825,0.115240,0.831953,-0.059124,-0.549698,-0.046816,0.976670,-0.004040,0.200865,-0.075843,0.997137,-0.011994,0.011456,-0.073774,0.802554,-0.084081,0.587904,-0.056620,0.976605,0.051624,-0.186918,-0.092945,0.829664,0.326518,0.332411,-0.307484,0.913121,0.084204,0.337786,-0.212180,0.966091,-0.091825,-0.176027,0.165079,0.784713,-0.388599,0.289349,0.386644,0.893486,-0.137792,0.287010,0.316736
0.935221,0.006250,0.353896,-0.008942,0.845772,0.088004,-0.524210,0.046129,0.967373,-0.037114,0.225213,0.109958,0.993281,0.006414,0.006720,0.115352,0.834767,-0.058922,-0.545462,-0.046520,0.977189,-0.004389,0.198431,-0.075545,0.997158,-0.011940,0.011672,-0.073468,0.804545,-0.083886,0.585204,-0.056629,0.976559,0.052323,-0.186746,-0.093381,0.830847,0.325326,0.331444,-0.306596,0.913635,0.082607,0.337440,-0.211144,0.966117,-0.091644,-0.176296,0.164738,0.785036,-0.388259,0.288330,0.387091,0.893863,-0.136030,0.287053,0.316394
0.936386,0.006386,0.350803,-0.008828,0.848673,0.088129,-0.519555,0.045282,0.968011,-0.036249,0.222422,0.110310,0.993268,0.006295,0.006639,0.115476,0.837620,-0.058720,-0.541117,-0.046219,0.977705,-0.004753,0.195981,-0.075243,0.997180,-0.011848,0.011845,-0.073158,0.806572,-0.083661,0.582437,-0.056652,0.976558,0.053044,-0.186284,-0.093915,0.832026,0.323955,0.330615,-0.305745,0.914157,0.080795,0.337193,-0.209978,0.966175,-0.091611,-0.176399,0.164307,0.785410,-0.387850,0.287513,0.387349,0.894287,-0.134180,0.287238,0.315819
0.937601,0.006528,0.347541,-0.008767,0.851630,0.088222,-0.514756,0.044390,0.968651,-0.035471,0.219569,0.110660,0.993253,0.006149,0.006608,0.115620,0.840572,-0.058518,-0.536568,-0.045914,0.978221,-0.005152,0.193500,-0.074937,0.997204,-0.011679,0.011930,-0.072837,0.808682,-0.083380,0.579539,-0.056705,0.976643,0.053806,-0.185243,-0.094651,0.833198,0.322225,0.330070,-0.304969,0.914695,0.078555,0.337147,-0.208553,0.966295,-0.091878,-0.176171,0.163696,0.785887,-0.387307,0.287101,0.387231,0.894807,-0.132156,0.287700,0.314774
0.938828,0.006704,0.344212,-0.008718,0.854593,0.088277,-0.509894,0.043434,0.969277,-0.034788,0.216736,0.110981,0.993238,0.005930,0.006601,0.115758,0.843530,-0.058322,-0.531950,-0.045653,0.978745,-0.005480,0.190921,-0.074681,0.997226,-0.011388,0.011922,-0.072581,0.810740,-0.083148,0.576676,-0.056848,0.976776,0.054424,-0.183934,-0.095470,0.834523,0.320086,0.329360,-0.304365,0.915360,0.076011,0.336925,-0.206928,0.966481,-0.092270,-0.175580,0.163010,0.786386,-0.386603,0.287116,0.386911,0.895398,-0.129975,0.288408,0.313351
0.940054,0.006897,0.340845,-0.008675,0.857545,0.088312,-0.504991,0.042451,0.969891,-0.034151,0.213912,0.111295,0.993222,0.005675,0.006607,0.115902,0.846478,-0.058127,-0.527290,-0.045411,0.979270,-0.005771,0.188292,-0.074450,0.997247,-0.011035,0.011866,-0.072356,0.812766,-0.082940,0.573828,-0.057037,0.976932,0.054971,-0.182489,-0.096327,0.835923,0.317747,0.328568,-0.303830,0.916085,0.073320,0.336615,-0.205190,0.966701,-0.092721,-0.174807,0.162279,0.786900,-0.385815,0.287343,0.386484,0.896022,-0.127710,0.289235,0.311732
0.941396,0.006994,0.337122,-0.008563,0.860613,0.088211,-0.499843,0.041487,0.970503,-0.033563,0.211072,0.111565,0.993211,0.005266,0.006704,0.116015,0.849588,-0.057844,-0.522333,-0.044973,0.979806,-0.006105,0.185637,-0.074033,0.997285,-0.010401,0.011761,-0.071945,0.815035,-0.082633,0.570634,-0.057161,0.977136,0.055589,-0.180674,-0.097324,0.837386,0.315169,0.327645,-0.303483,0.916816,0.070483,0.336161,-0.203658,0.967042,-0.093295,-0.173460,0.161362,0.787491,-0.384687,0.288179,0.385781,0.896702,-0.125194,0.290754,0.309376
0.942753,0.007057,0.333310,-0.008432,0.863749,0.088059,-0.494511,0.040526,0.971120,-0.032927,0.208175,0.111822,0.993202,0.004860,0.006785,0.116108,0.852783,-0.057589,-0.517170,-0.044495,0.980331,-0.006429,0.182998,-0.073631,0.997320,-0.009762,0.011736,-0.071553,0.817366,-0.082281,0.567333,-0.057232,0.977347,0.056230,-0.178776,-0.098333,0.838914,0.312494,0.326607,-0.303148,0.917553,0.067630,0.335591,-0.202239,0.967395,-0.093876,-0.172060,0.160403,0.788128,-0.383493,0.289092,0.384985,0.897373,-0.122684,0.292298,0.306973
0.944153,0.007053,0.329328,-0.008261,0.867048,0.087809,-0.488828,0.039562,0.971761,-0.032192,0.205165,0.112034,0.993199,0.004461,0.006834,0.116140,0.856173,-0.057396,-0.511608,-0.043940,0.980839,-0.006739,0.180393,-0.073261,0.997350,-0.009120,0.011872,-0.071199,0.819836,-0.081840,0.563826,-0.057195,0.977577,0.056916,-0.176716,-0.099378,0.840574,0.309618,0.325337,-0.302867,0.918312,0.064735,0.334789,-0.201070,0.967773,-0.094477,-0.170553,0.159375,0.788848,-0.382175,0.290162,0.384014,0.898032,-0.120197,0.293900,0.304490
0.945595,0.006921,0.325175,-0.007957,0.870333,0.087381,-0.483103,0.038691,0.972450,-0.031413,0.201935,0.112149,0.993210,0.003985,0.006651,0.116076,0.859608,-0.057207,-0.505900,-0.043205,0.981374,-0.007094,0.177640,-0.072796,0.997386,-0.008500,0.011984,-0.070748,0.822380,-0.081220,0.560219,-0.057000,0.977865,0.057620,-0.174216,-0.100544,0.842091,0.306683,0.324159,-0.302902,0.918813,0.062065,0.334287,-0.200454,0.968213,-0.095066,-0.168789,0.158229,0.789594,-0.380651,0.291254,0.383168,0.898553,-0.117744,0.295739,0.302122
0.947048,0.006726,0.320933,-0.007585,0.873592,0.086851,-0.477346,0.037878,0.973155,-0.030628,0.198594,0.112215,0.993227,0.003455,0.006354,0.115967,0.863044,-0.057024,-0.500108,-0.042376,0.981916,-0.007473,0.174812,-0.072290,0.997425,-0.007896,0.012083,-0.070254,0.824952,-0.080512,0.556557,-0.056719,0.978180,0.058339,-0.171489,-0.101745,0.843542,0.303717,0.323035,-0.303054,0.919194,0.059508,0.333934,-0.200075,0.968680,-0.095639,-0.166896,0.157027,0.790353,-0.379019,0.292351,0.382384,0.898997,-0.115302,0.297692,0.299815
0.948601,0.006544,0.316324,-0.007306,0.876941,0.086313,-0.471332,0.037012,0.973856,-0.029579,0.195302,0.112188,0.993258,0.003124,0.006219,0.115718,0.866660,-0.056906,-0.493895,-0.041585,0.982428,-0.007963,0.172079,-0.071841,0.997457,-0.007273,0.012404,-0.069807,0.827859,-0.079164,0.552486,-0.056049,0.978406,0.059553,-0.168966,-0.103080,0.844969,0.301299,0.321102,-0.303546,0.919471,0.058390,0.332954,-0.200760,0.969187,-0.095937,-0.165181,0.155527,0.791813,-0.376644,0.293002,0.381211,0.899521,-0.112856,0.298999,0.297867
0.950198,0.006345,0.311503,-0.006988,0.880282,0.085758,-0.465230,0.036185,0.974533,-0.028563,0.192051,0.112183,0.993285,0.002773,0.006131,0.115501,0.870260,-0.056845,-0.487599,-0.040788,0.982918,-0.008428,0.169397,-0.071458,0.997484,-0.006631,0.012724,-0.069431,0.830870,-0.077687,0.548233,-0.055326,0.978610,0.060843,-0.166481,-0.104423,0.846420,0.298958,0.318910,-0.304127,0.919740,0.057496,0.331724,-0.201823,0.969682,-0.096300,-0.163551,0.153926,0.793353,-0.374279,0.293573,0.379896,0.900010,-0.110459,0.300407,0.295865
0.951904,0.006109,0.306265,-0.006590,0.883645,0.085186,-0.458978,0.035423,0.975175,-0.027593,0.188885,0.112227,0.993304,0.002402,0.006136,0.115346,0.873869,-0.056899,-0.481162,-0.039979,0.983374,-0.008855,0.166817,-0.071204,0.997501,-0.005956,0.013039,-0.069188,0.834106,-0.075947,0.543625,-0.054505,0.978773,0.062280,-0.164085,-0.105832,0.847909,0.296772,0.316188,-0.304962,0.919971,0.057050,0.329997,-0.203715,0.970162,-0.096809,-0.162091,0.152117,0.795059,-0.371937,0.293995,0.378300,0.900440,-0.108163,0.302025,0.293750
0.953658,0.005863,0.300773,-0.006141,0.886967,0.084699,-0.452667,0.034761,0.975789,-0.026581,0.185735,0.112388,0.993309,0.002105,0.006265,0.115301,0.877380,-0.056870,-0.474808,-0.039094,0.983837,-0.009213,0.164188,-0.070867,0.997525,-0.005343,0.013153,-0.068869,0.837463,-0.073969,0.538817,-0.053484,0.978940,0.063934,-0.161517,-0.107240,0.849144,0.294969,0.313273,-0.306281,0.919933,0.057801,0.328322,-0.206367,0.970643,-0.097387,-0.160650,0.150198,0.797068,-0.369326,0.294165,0.376495,0.900946,-0.106037,0.303239,0.291717
0.955418,0.005610,0.295150,-0.005666,0.890247,0.084242,-0.446315,0.034159,0.976385,-0.025559,0.182593,0.112603,0.993306,0.001833,0.006459,0.115313,0.880818,-0.056804,-0.468484,-0.038166,0.984300,-0.009545,0.161532,-0.070497,0.997552,-0.004769,0.013167,-0.068518,0.840860,-0.071879,0.533899,-0.052346,0.979112,0.065703,-0.158847,-0.108588,0.850262,0.293330,0.310287,-0.307790,0.919769,0.059132,0.326669,-0.209323,0.971120,-0.097981,-0.159209,0.148250,0.799213,-0.366580,0.294196,0.374601,0.901479,-0.103998,0.304246,0.289749
0.957332,0.005387,0.288895,-0.005131,0.893574,0.083784,-0.439749,0.033553,0.977021,-0.024446,0.179173,0.112827,0.993305,0.001572,0.006550,0.115325,0.884360,-0.056821,-0.461835,-0.037260,0.984736,-0.009931,0.158950,-0.070218,0.997572,-0.004376,0.013185,-0.068247,0.844643,-0.069454,0.528349,-0.051005,0.979180,0.067758,-0.156664,-0.109869,0.851334,0.292258,0.306463,-0.309670,0.919553,0.061412,0.324404,-0.213102,0.971499,-0.098997,-0.158281,0.146073,0.801665,-0.364069,0.293769,0.372137,0.902399,-0.101577,0.304809,0.287140
0.959240,0.005161,0.282510,-0.004567,0.896932,0.083253,-0.433009,0.032944,0.977613,-0.023363,0.175943,0.113005,0.993307,0.001255,0.006765,0.115303,0.887878,-0.056865,-0.455103,-0.036332,0.985160,-0.010312,0.156389,-0.069974,0.997589,-0.003974,0.013222,-0.068012,0.848448,-0.066924,0.522692,-0.049509,0.979237,0.069930,-0.154532,-0.111012,0.852386,0.291294,0.302574,-0.311504,0.919339,0.063681,0.322060,-0.216880,0.971872,-0.100054,-0.157314,0.143896,0.804132,-0.361536,0.293225,0.369705,0.903328,-0.099025,0.305336,0.284539
0.961173,0.004928,0.275876,-0.003944,0.900390,0.082604,-0.425945,0.032314,0.978136,-0.022321,0.173095,0.113096,0.993315,0.000847,0.007227,0.115210,0.891400,-0.056951,-0.448233,-0.035367,0.985565,-0.010666,0.153873,-0.069788,0.997601,-0.003535,0.013294,-0.067842,0.852337,-0.064171,0.516842,-0.047735,0.979267,0.072320,-0.152531,-0.111986,0.853383,0.290589,0.298511,-0.313346,0.919115,0.065951,0.319569,-0.220803,0.972241,-0.101232,-0.156286,0.141684,0.806653,-0.358960,0.292477,0.367310,0.904299,-0.096221,0.305801,0.281905
0.963140,0.004696,0.268939,-0.003235,0.903792,0.081904,-0.418860,0.031741,0.978710,-0.021268,0.169895,0.113185,0.993323,0.000348,0.007516,0.115119,0.894964,-0.057001,-0.441149,-0.034314,0.985959,-0.011063,0.151423,-0.069525,0.997618,-0.003199,0.013436,-0.067590,0.856370,-0.061333,0.510653,-0.045847,0.979272,0.074724,-0.150714,-0.112818,0.854469,0.289874,0.294200,-0.315122,0.918884,0.068089,0.316996,-0.224788,0.972548,-0.102737,-0.155429,0.139421,0.809384,-0.356428,0.291204,0.364769,0.905490,-0.093668,0.305381,0.279386
0.965097,0.004465,0.261842,-0.002484,0.907139,0.081158,-0.411751,0.031213,0.979302,-0.020235,0.166519,0.113269,0.993331,-0.000221,0.007720,0.115035,0.898519,-0.057045,-0.433944,-0.033206,0.986343,-0.011498,0.149006,-0.069228,0.997635,-0.002934,0.013612,-0.067302,0.860440,-0.058464,0.504281,-0.043875,0.979273,0.077138,-0.148969,-0.113499,0.855609,0.289114,0.289795,-0.316805,0.918655,0.070138,0.314389,-0.228720,0.972817,-0.104386,-0.154640,0.137177,0.812191,-0.353931,0.289650,0.362189,0.906771,-0.091256,0.304514,0.276966
0.967065,0.004311,0.254487,-0.001714,0.910723,0.080365,-0.403968,0.030580,0.979874,-0.019059,0.163252,0.113284,0.993349,-0.000732,0.007962,0.114868,0.902191,-0.057184,-0.426319,-0.032156,0.986689,-0.011915,0.146718,-0.069107,0.997638,-0.002641,0.013982,-0.067198,0.864491,-0.055566,0.497807,-0.041901,0.979253,0.079588,-0.147366,-0.114069,0.856944,0.288202,0.285236,-0.318162,0.918381,0.071328,0.311649,-0.233161,0.973141,-0.106228,-0.153391,0.134847,0.815127,-0.351126,0.288078,0.359569,0.907872,-0.088691,0.304030,0.274716
0.968991,0.004181,0.247058,-0.000891,0.914291,0.079505,-0.396047,0.029964,0.980444,-0.017949,0.159906,0.113299,0.993364,-0.001281,0.008128,0.114718,0.905845,-0.057317,-0.418562,-0.031063,0.987039,-0.012371,0.144375,-0.068967,0.997643,-0.002330,0.014287,-0.067070,0.868569,-0.052685,0.491150,-0.039799,0.979236,0.082169,-0.145795,-0.114407,0.858315,0.287325,0.280656,-0.319330,0.918114,0.072602,0.308807,-0.237556,0.973428,-0.108093,-0.152198,0.132628,0.818079,-0.348338,0.286144,0.357111,0.908938,-0.086340,0.303191,0.272860
0.970889,0.004101,0.239495,0.000036,0.917888,0.078545,-0.387880,0.029356,0.981025,-0.016928,0.156401,0.113324,0.993377,-0.001862,0.008139,0.114598,0.909526,-0.057420,-0.410574,-0.029901,0.987401,-0.012871,0.141926,-0.068772,0.997654,-0.001946,0.014463,-0.066885,0.872761,-0.049816,0.484150,-0.037495,0.979209,0.085002,-0.144324,-0.114431,0.859738,0.286587,0.275979,-0.320241,0.917853,0.074082,0.305751,-0.242021,0.973655,-0.110046,-0.151145,0.130543,0.821118,-0.345561,0.283524,0.354918,0.909977,-0.084397,0.301656,0.271705
0.972736,0.004100,0.231876,0.000860,0.921457,0.077485,-0.379597,0.028633,0.981642,-0.015805,0.152734,0.113145,0.993414,-0.002394,0.008069,0.114267,0.913143,-0.057507,-0.402533,-0.028821,0.987756,-0.013272,0.139441,-0.068692,0.997655,-0.001461,0.014682,-0.066831,0.876835,-0.047117,0.477160,-0.035478,0.979172,0.087799,-0.142888,-0.114437,0.861147,0.285836,0.271352,-0.321078,0.917567,0.075692,0.302719,-0.246380,0.973865,-0.111945,-0.150185,0.128451,0.824346,-0.342592,0.280300,0.352869,0.911037,-0.082224,0.299800,0.270870
0.974528,0.004139,0.224221,0.001632,0.924973,0.076356,-0.371237,0.027877,0.982268,-0.014663,0.148985,0.112867,0.993463,-0.002930,0.007960,0.113843,0.916690,-0.057593,-0.394450,-0.027771,0.988102,-0.013646,0.136937,-0.068675,0.997651,-0.000949,0.014921,-0.066845,0.880817,-0.044511,0.470162,-0.033587,0.979135,0.090577,-0.141459,-0.114369,0.862560,0.285053,0.266764,-0.321825,0.917273,0.077358,0.299698,-0.250612,0.974062,-0.113800,-0.149262,0.126386,0.827640,-0.339544,0.276744,0.350904,0.912098,-0.079961,0.297764,0.270222
0.976245,0.004270,0.216616,0.002365,0.928627,0.075261,-0.362293,0.027047,0.982809,-0.013587,0.145587,0.112719,0.993490,-0.003493,0.008267,0.113564,0.920272,-0.057624,-0.386087,-0.026752,0.988460,-0.014178,0.134342,-0.068547,0.997655,-0.000397,0.015162,-0.066739,0.884652,-0.042194,0.463245,-0.031849,0.979123,0.093385,-0.139897,-0.114129,0.863881,0.284313,0.262570,-0.322386,0.917090,0.078810,0.296793,-0.254262,0.974243,-0.115576,-0.148319,0.124478,0.830947,-0.336409,0.272859,0.349148,0.913115,-0.077697,0.295548,0.269881
0.977902,0.004449,0.208994,0.003102,0.932240,0.074075,-0.353206,0.026203,0.983390,-0.012532,0.141855,0.112533,0.993521,-0.004130,0.008451,0.113258,0.923807,-0.057658,-0.377617,-0.025736,0.988826,-0.014761,0.131624,-0.068420,0.997659,0.000106,0.015407,-0.066632,0.888430,-0.039987,0.456267,-0.030230,0.979117,0.096252,-0.138250,-0.113808,0.865172,0.283588,0.258515,-0.322839,0.916849,0.080460,0.294160,-0.257651,0.974405,-0.117301,-0.147461,0.122597,0.834274,-0.333261,0.268657,0.347488,0.914183,-0.075317,0.293073,0.269637
0.979500,0.004723,0.201351,0.003844,0.935853,0.072748,-0.343872,0.025288,0.984060,-0.011469,0.137454,0.112257,0.993562,-0.004867,0.008386,0.112870,0.927322,-0.057679,-0.368965,-0.024746,0.989214,-0.015402,0.128664,-0.068287,0.997662,0.000553,0.015663,-0.066524,0.892159,-0.037976,0.449194,-0.028890,0.979109,0.099249,-0.136458,-0.113462,0.866379,0.282953,0.254709,-0.323186,0.916482,0.082539,0.292069,-0.260659,0.974543,-0.118950,-0.146796,0.120693,0.837698,-0.330047,0.263869,0.345982,0.915375,-0.072647,0.290106,0.269535
0.981049,0.005076,0.193642,0.004457,0.939480,0.071342,-0.334215,0.024249,0.984745,-0.010437,0.132798,0.111947,0.993605,-0.005626,0.008352,0.112459,0.930899,-0.057768,-0.359890,-0.023863,0.989599,-0.016172,0.125597,-0.068239,0.997658,0.000887,0.016023,-0.066496,0.895814,-0.036056,0.442093,-0.027770,0.979067,0.102244,-0.134819,-0.113123,0.867579,0.282413,0.251019,-0.323325,0.916074,0.084934,0.290084,-0.263527,0.974690,-0.120430,-0.146212,0.118739,0.841153,-0.326738,0.258847,0.344531,0.916544,-0.070083,0.287035,0.269530
0.982542,0.005470,0.185895,0.005004,0.943059,0.069878,-0.324375,0.023184,0.985423,-0.009446,0.128015,0.111646,0.993645,-0.006418,0.008337,0.112068,0.934456,-0.057893,-0.350587,-0.023016,0.989978,-0.017027,0.122476,-0.068217,0.997651,0.001148,0.016433,-0.066495,0.899402,-0.034185,0.434962,-0.026750,0.979009,0.105235,-0.133251,-0.112743,0.868783,0.281910,0.247390,-0.323327,0.915652,0.087486,0.288149,-0.266268,0.974838,-0.121807,-0.145664,0.116770,0.844599,-0.323388,0.253680,0.343101,0.917696,-0.067589,0.283887,0.269580
0.983974,0.005969,0.178121,0.005644,0.946638,0.068322,-0.314194,0.022134,0.986116,-0.008569,0.122777,0.111482,0.993665,-0.007289,0.008351,0.111836,0.937956,-0.057660,-0.341218,-0.022021,0.990405,-0.017725,0.119082,-0.067848,0.997668,0.001687,0.016668,-0.066170,0.902867,-0.032469,0.427910,-0.025869,0.978909,0.108438,-0.131811,-0.112265,0.870165,0.281424,0.243531,-0.322965,0.915043,0.090869,0.285911,-0.269618,0.975006,-0.122540,-0.145372,0.114949,0.848144,-0.319670,0.248087,0.341928,0.918904,-0.064903,0.280496,0.269675
0.985345,0.006459,0.170340,0.006198,0.950155,0.066732,-0.303821,0.021099,0.986789,-0.007681,0.117439,0.111343,0.993682,-0.008171,0.008250,0.111633,0.941390,-0.057525,-0.331710,-0.021068,0.990827,-0.018486,0.115550,-0.067594,0.997678,0.002166,0.016830,-0.065958,0.906269,-0.030742,0.420838,-0.025058,0.978794,0.111660,-0.130387,-0.111773,0.871617,0.280891,0.239656,-0.322412,0.914462,0.094383,0.283576,-0.272830,0.975195,-0.123035,-0.145130,0.113110,0.851721,-0.315797,0.242425,0.340696,0.920065,-0.062141,0.277154,0.269823
0.986652,0.006932,0.162561,0.006578,0.953649,0.065120,-0.293107,0.020011,0.987457,-0.006709,0.111898,0.111191,0.993702,-0.009025,0.007912,0.111411,0.944787,-0.057571,-0.321954,-0.020235,0.991247,-0.019347,0.111744,-0.067592,0.997675,0.002552,0.016847,-0.065991,0.909602,-0.028987,0.413749,-0.024406,0.978648,0.114930,-0.129004,-0.111343,0.873198,0.280292,0.235738,-0.321543,0.913926,0.098161,0.281050,-0.275888,0.975427,-0.123085,-0.144994,0.111213,0.855412,-0.311596,0.236677,0.339356,0.921147,-0.059193,0.273951,0.270065
0.987887,0.007283,0.154856,0.006824,0.956991,0.063428,-0.282463,0.018964,0.988073,-0.005845,0.106528,0.111037,0.993719,-0.009959,0.007606,0.111203,0.948067,-0.057625,-0.312205,-0.019386,0.991642,-0.020149,0.107988,-0.067672,0.997667,0.002964,0.016783,-0.066112,0.912826,-0.027236,0.406750,-0.023685,0.978477,0.118289,-0.127739,-0.110786,0.874877,0.279735,0.231769,-0.320347,0.913416,0.101802,0.278520,-0.278809,0.975683,-0.122647,-0.144970,0.109470,0.858914,-0.307327,0.230968,0.338335,0.922039,-0.056443,0.270782,0.270804
0.989055,0.007574,0.147183,0.007002,0.960197,0.061684,-0.271836,0.017963,0.988648,-0.005046,0.101243,0.110906,0.993730,-0.010941,0.007317,0.111030,0.951240,-0.057680,-0.302444,-0.018527,0.992016,-0.020938,0.104256,-0.067794,0.997656,0.003373,0.016677,-0.066277,0.915968,-0.025492,0.399785,-0.022919,0.978293,0.121683,-0.126527,-0.110120,0.876608,0.279198,0.227763,-0.318954,0.912923,0.105388,0.275986,-0.281597,0.975950,-0.121951,-0.145001,0.107818,0.862294,-0.303025,0.225259,0.337466,0.922833,-0.053808,0.267608,0.271791
0.990148,0.007767,0.139635,0.006975,0.963211,0.060054,-0.261399,0.016965,0.989135,-0.004283,0.096423,0.110893,0.993729,-0.011725,0.006989,0.110977,0.954314,-0.057749,-0.292633,-0.017746,0.992374,-0.021690,0.100451,-0.068062,0.997644,0.003839,0.016124,-0.066573,0.919022,-0.023598,0.392863,-0.022391,0.978054,0.125109,-0.125427,-0.109668,0.878347,0.278704,0.223404,-0.317682,0.912509,0.108294,0.273168,-0.284569,0.976257,-0.120871,-0.145194,0.105974,0.865552,-0.298700,0.219718,0.336635,0.923447,-0.051633,0.264896,0.272782
0.991169,0.007924,0.132186,0.006889,0.966047,0.058472,-0.251154,0.016009,0.989574,-0.003544,0.091765,0.110950,0.993721,-0.012434,0.006582,0.110996,0.957245,-0.057788,-0.282937,-0.016989,0.992709,-0.022479,0.096758,-0.068272,0.997639,0.004261,0.015396,-0.066799,0.921999,-0.021684,0.385966,-0.021869,0.977804,0.128493,-0.124372,-0.109181,0.880158,0.278125,0.218799,-0.316380,0.912185,0.111077,0.270128,-0.287421,0.976560,-0.119663,-0.145486,0.104145,0.868731,-0.294395,0.214123,0.335841,0.924031,-0.049724,0.262155,0.273804
0.992109,0.008010,0.124945,0.006685,0.968649,0.057008,-0.241332,0.015083,0.989952,-0.002831,0.087432,0.111097,0.993706,-0.012983,0.006017,0.111104,0.959996,-0.057769,-0.273505,-0.016294,0.993015,-0.023298,0.093292,-0.068372,0.997647,0.004635,0.014318,-0.066886,0.924880,-0.019719,0.379145,-0.021387,0.977537,0.131803,-0.123415,-0.108711,0.882105,0.277378,0.213712,-0.315087,0.912033,0.113587,0.266647,-0.290161,0.976853,-0.118234,-0.145975,0.102323,0.871807,-0.290130,0.208472,0.335137,0.924563,-0.048319,0.259399,0.274884
0.992984,0.008057,0.117804,0.006364,0.971060,0.055666,-0.231827,0.014152,0.990254,-0.002137,0.083688,0.111308,0.993685,-0.013285,0.005597,0.111279,0.962521,-0.057701,-0.264531,-0.015708,0.993295,-0.024135,0.090052,-0.068364,0.997663,0.005023,0.013188,-0.066858,0.927690,-0.017796,0.372336,-0.020980,0.977273,0.135082,-0.122381,-0.108226,0.884316,0.276313,0.208346,-0.313415,0.912258,0.115416,0.262701,-0.292324,0.977121,-0.116829,-0.146591,0.100486,0.874933,-0.285816,0.202411,0.334412,0.925112,-0.047437,0.256219,0.276169
0.993802,0.008084,0.110710,0.005985,0.973332,0.054386,-0.222470,0.013224,0.990512,-0.001435,0.080240,0.111560,0.993660,-0.013449,0.005250,0.111495,0.964899,-0.057599,-0.255777,-0.015184,0.993557,-0.024972,0.086926,-0.068303,0.997681,0.005426,0.012033,-0.066772,0.930439,-0.015902,0.365522,-0.020599,0.977010,0.138340,-0.121306,-0.107694,0.886647,0.275106,0.202816,-0.311512,0.912678,0.116938,0.258502,-0.294144,0.977372,-0.115422,-0.147271,0.098654,0.878049,-0.281477,0.196122,0.333671,0.925675,-0.046842,0.252800,0.277532
0.994535,0.008032,0.103938,0.005616,0.975327,0.053266,-0.213883,0.012426,0.990700,-0.000842,0.077231,0.112020,0.993612,-0.013597,0.004873,0.111926,0.967013,-0.057366,-0.247750,-0.014652,0.993779,-0.025729,0.084373,-0.067986,0.997709,0.005882,0.011265,-0.066445,0.933095,-0.014182,0.358760,-0.020577,0.976805,0.141226,-0.119920,-0.107356,0.889393,0.273048,0.196644,-0.309443,0.913573,0.117179,0.253980,-0.295209,0.977604,-0.114008,-0.148134,0.096690,0.881707,-0.276461,0.188343,0.332701,0.926712,-0.046561,0.247769,0.278653
0.995209,0.007982,0.097302,0.005255,0.977184,0.052200,-0.205551,0.011664,0.990868,-0.000225,0.074343,0.112488,0.993562,-0.013683,0.004526,0.112366,0.968998,-0.057125,-0.239958,-0.014154,0.993977,-0.026454,0.082055,-0.067657,0.997734,0.006302,0.010754,-0.066117,0.935705,-0.012581,0.351955,-0.020610,0.976616,0.144097,-0.118411,-0.106943,0.892180,0.270904,0.190425,-0.307188,0.914614,0.117234,0.249540,-0.295747,0.977817,-0.112626,-0.149040,0.094748,0.885410,-0.271316,0.180105,0.331660,0.927905,-0.046258,0.242258,0.279577
0.995812,0.007937,0.090946,0.004911,0.978850,0.051241,-0.197753,0.010964,0.991010,0.000407,0.071695,0.112952,0.993514,-0.013678,0.004238,0.112801,0.970797,-0.056882,-0.232659,-0.013704,0.994134,-0.027131,0.080205,-0.067297,0.997754,0.006634,0.010753,-0.065784,0.938275,-0.011206,0.345083,-0.020780,0.976455,0.146941,-0.116659,-0.106463,0.895073,0.268553,0.184154,-0.304648,0.915935,0.116846,0.245309,-0.295354,0.977997,-0.111344,-0.150025,0.092822,0.889281,-0.265916,0.171001,0.330496,0.929398,-0.045860,0.235846,0.280166
0.996362,0.007847,0.084731,0.004580,0.980409,0.050312,-0.190161,0.010317,0.991144,0.001071,0.069115,0.113386,0.993467,-0.013785,0.004113,0.113213,0.972514,-0.056563,-0.225480,-0.013228,0.994296,-0.027796,0.078387,-0.066773,0.997783,0.006795,0.010903,-0.065294,0.940924,-0.009968,0.337818,-0.020998,0.976326,0.149628,-0.114864,-0.105857,0.898167,0.265835,0.177204,-0.302037,0.917318,0.116410,0.240704,-0.295020,0.978131,-0.110211,-0.151184,0.090861,0.893331,-0.260254,0.160683,0.329254,0.931066,-0.045618,0.228386,0.280846
0.996868,0.007734,0.078586,0.004256,0.981885,0.049398,-0.182667,0.009698,0.991269,0.001761,0.066570,0.113807,0.993419,-0.013938,0.004070,0.113615,0.974166,-0.056201,-0.218355,-0.012748,0.994458,-0.028441,0.076586,-0.066168,0.997817,0.006882,0.011128,-0.064732,0.943581,-0.008799,0.330344,-0.021236,0.976211,0.152227,-0.113047,-0.105159,0.901324,0.262972,0.169876,-0.299338,0.918740,0.116002,0.235878,-0.294655,0.978240,-0.109134,-0.152433,0.088883,0.897382,-0.254472,0.149709,0.327926,0.932821,-0.045498,0.220342,0.281469
0.997293,0.007659,0.073014,0.004068,0.983231,0.048411,-0.175584,0.009189,0.991427,0.002467,0.063887,0.113953,0.993398,-0.014297,0.004087,0.113750,0.975677,-0.055768,-0.211647,-0.012205,0.994643,-0.029024,0.074587,-0.065423,0.997864,0.006708,0.011105,-0.064018,0.946426,-0.007793,0.322109,-0.021504,0.976105,0.155124,-0.110912,-0.104187,0.904544,0.260186,0.162666,-0.296044,0.919996,0.117635,0.231282,-0.293731,0.978315,-0.108697,-0.153515,0.086710,0.901288,-0.248911,0.137968,0.326631,0.934550,-0.045217,0.211748,0.282372
0.997666,0.007565,0.067751,0.003880,0.984501,0.047426,-0.168621,0.008699,0.991588,0.003202,0.061208,0.114004,0.993388,-0.014673,0.004063,0.113790,0.977130,-0.055334,-0.204984,-0.011673,0.994824,-0.029570,0.072540,-0.064722,0.997911,0.006444,0.010970,-0.063345,0.949311,-0.006790,0.313516,-0.021700,0.976009,0.157997,-0.108751,-0.103039,0.907815,0.257339,0.155133,-0.292543,0.921275,0.119920,0.226351,-0.292637,0.978362,-0.108429,-0.154637,0.084490,0.904920,-0.243594,0.125999,0.325432,0.936160,-0.045062,0.202992,0.283494
0.997972,0.007431,0.063109,0.003693,0.985677,0.046445,-0.161911,0.008238,0.991763,0.003979,0.058536,0.113858,0.993400,-0.015097,0.003953,0.113632,0.978514,-0.054906,-0.198421,-0.011151,0.995003,-0.030060,0.070397,-0.064110,0.997955,0.005980,0.010614,-0.062748,0.952332,-0.005792,0.304231,-0.021762,0.975941,0.160834,-0.106539,-0.101594,0.911245,0.254287,0.147023,-0.288712,0.922579,0.123409,0.220806,-0.291311,0.978357,-0.108535,-0.155832,0.082179,0.908168,-0.238738,0.113673,0.324519,0.937529,-0.045082,0.194025,0.285241
0.998225,0.007198,0.059009,0.003615,0.986751,0.045514,-0.155523,0.007937,0.991940,0.004795,0.055858,0.113631,0.993422,-0.015554,0.003680,0.113389,0.979856,-0.054438,-0.191858,-0.010497,0.995185,-0.030453,0.068135,-0.063540,0.998001,0.005527,0.009886,-0.062176,0.955612,-0.004816,0.293788,-0.021704,0.975917,0.163720,-0.104084,-0.099745,0.914910,0.250896,0.138050,-0.284489,0.923965,0.127633,0.214346,-0.289920,0.978303,-0.109065,-0.157101,0.079669,0.911130,-0.234240,0.100780,0.323754,0.938756,-0.044379,0.184772,0.287449
0.998446,0.006916,0.055181,0.003592,0.987756,0.044605,-0.149294,0.007715,0.992114,0.005622,0.053175,0.113357,0.993449,-0.016033,0.003327,0.113099,0.981153,-0.053948,-0.185290,-0.009787,0.995365,-0.030795,0.065814,-0.063002,0.998046,0.005078,0.008974,-0.061628,0.958945,-0.003850,0.282742,-0.021593,0.975914,0.166591,-0.101508,-0.097647,0.918623,0.247397,0.128577,-0.279992,0.925401,0.132311,0.207392,-0.288299,0.978223,-0.109777,-0.158407,0.077041,0.913852,-0.229916,0.087568,0.323025,0.939875,-0.043349,0.175334,0.289851
0.998654,0.006420,0.051361,0.003385,0.988682,0.043905,-0.143265,0.007429,0.992258,0.006563,0.051062,0.113018,0.993484,-0.016565,0.002719,0.112726,0.982424,-0.053399,-0.178627,-0.009162,0.995526,-0.030976,0.063516,-0.062724,0.998077,0.004932,0.007614,-0.061319,0.962371,-0.003033,0.270893,-0.021204,0.976087,0.168762,-0.098683,-0.095058,0.922660,0.242717,0.117157,-0.275792,0.927018,0.135854,0.197888,-0.288134,0.978125,-0.111012,-0.159408,0.074413,0.916073,-0.226084,0.074367,0.322747,0.940607,-0.040506,0.166790,0.292916
0.998855,0.005911,0.047362,0.003156,0.989560,0.043284,-0.137283,0.007133,0.992375,0.007509,0.049273,0.112728,0.993515,-0.017004,0.002162,0.112401,0.983660,-0.052846,-0.171891,-0.008574,0.995660,-0.031109,0.061471,-0.062572,0.998099,0.004831,0.006174,-0.061123,0.965659,-0.002297,0.258978,-0.020699,0.976356,0.170534,-0.095586,-0.092253,0.926558,0.237766,0.105637,-0.271659,0.928633,0.139218,0.188219,-0.287807,0.978083,-0.112231,-0.159994,0.071838,0.918023,-0.222297,0.061809,0.322487,0.941146,-0.037498,0.159208,0.295787
0.999056,0.005373,0.043005,0.002887,0.990380,0.042822,-0.131402,0.006821,0.992443,0.008476,0.048130,0.112553,0.993536,-0.017246,0.001706,0.112186,0.984870,-0.052294,-0.165018,-0.008033,0.995748,-0.031155,0.059928,-0.062646,0.998108,0.004812,0.004577,-0.061131,0.968815,-0.001724,0.246974,-0.019955,0.976815,0.171576,-0.091947,-0.089101,0.930346,0.232140,0.094056,-0.267808,0.930253,0.142013,0.178295,-0.287529,0.978154,-0.113477,-0.159753,0.069401,0.919651,-0.218605,0.050604,0.322326,0.941404,-0.034083,0.153629,0.298319
0.999242,0.004871,0.038522,0.002701,0.991145,0.042482,-0.125629,0.006586,0.992463,0.009432,0.047599,0.112530,0.993545,-0.017187,0.001388,0.112121,0.985994,-0.051688,-0.158395,-0.007463,0.995802,-0.031097,0.058942,-0.062740,0.998111,0.004858,0.003149,-0.061156,0.971793,-0.001337,0.235069,-0.018972,0.977469,0.171517,-0.088292,-0.085679,0.934048,0.225857,0.082807,-0.263979,0.931882,0.144091,0.168863,-0.286914,0.978272,-0.114386,-0.159285,0.067285,0.920963,-0.215121,0.040796,0.322313,0.941224,-0.032898,0.149902,0.300907
0.999410,0.004386,0.033975,0.002557,0.991867,0.042201,-0.119909,0.006384,0.992459,0.010386,0.047374,0.112573,0.993549,-0.016974,0.001139,0.112120,0.987054,-0.051054,-0.151892,-0.006892,0.995840,-0.030989,0.058236,-0.062860,0.998111,0.004932,0.001806,-0.061207,0.974609,-0.001040,0.223199,-0.017867,0.978219,0.170846,-0.084641,-0.082070,0.937640,0.219270,0.071664,-0.260030,0.933542,0.145853,0.159637,-0.285907,0.978416,-0.115102,-0.158704,0.065314,0.922097,-0.211723,0.031673,0.322347,0.940850,-0.032830,0.147078,0.303465
0.999552,0.003931,0.029554,0.002734,0.992475,0.042148,-0.114782,0.006519,0.992378,0.011291,0.047814,0.113017,0.993515,-0.016332,0.001067,0.112517,0.987963,-0.050451,-0.146103,-0.006100,0.995866,-0.030913,0.058035,-0.062668,0.998130,0.004771,0.000529,-0.060932,0.977247,-0.000964,0.211450,-0.016605,0.979155,0.168897,-0.081242,-0.078287,0.941176,0.212049,0.061239,-0.255875,0.935364,0.146417,0.151357,-0.284162,0.978608,-0.115251,-0.158077,0.063676,0.923090,-0.208137,0.023229,0.322560,0.940185,-0.035820,0.144684,0.306325
0.999671,0.003494,0.025222,0.002996,0.993027,0.042120,-0.109896,0.006732,0.992288,0.012166,0.048416,0.113453,0.993482,-0.015646,0.000982,0.112902,0.988810,-0.049854,-0.140503,-0.005265,0.995887,-0.030854,0.058015,-0.062378,0.998154,0.004585,-0.000675,-0.060556,0.979732,-0.000940,0.199726,-0.015297,0.980090,0.166651,-0.078204,-0.074401,0.944609,0.204864,0.050688,-0.251346,0.937333,0.146499,0.142903,-0.282001,0.978762,-0.115224,-0.157756,0.062143,0.924028,-0.204458,0.014352,0.322744,0.939546,-0.039177,0.141663,0.309272
0.999767,0.003094,0.021068,0.003430,0.993501,0.042143,-0.105492,0.007115,0.992182,0.012973,0.049339,0.113896,0.993450,-0.014884,0.000868,0.113287,0.989570,-0.049271,-0.135293,-0.004319,0.995900,-0.030820,0.058358,-0.061861,0.998190,0.004355,-0.001735,-0.059950,0.982054,-0.001024,0.188086,-0.013902,0.981026,0.163932,-0.075867,-0.070416,0.947963,0.197697,0.040004,-0.246338,0.939529,0.145538,0.134174,-0.279467,0.978834,-0.114901,-0.158047,0.060856,0.924900,-0.200633,0.004644,0.322931,0.938918,-0.043266,0.137448,0.312521
0.999842,0.002783,0.017083,0.004040,0.993882,0.042259,-0.101749,0.007677,0.992056,0.013711,0.050685,0.114311,0.993421,-0.014119,0.000760,0.113640,0.990219,-0.048711,-0.130704,-0.003282,0.995903,-0.030754,0.059007,-0.061236,0.998232,0.004127,-0.002575,-0.059245,0.984168,-0.001178,0.176800,-0.012378,0.981889,0.161163,-0.074268,-0.066363,0.951110,0.190963,0.029216,-0.240976,0.941970,0.144291,0.124836,-0.276205,0.978769,-0.114542,-0.159081,0.059869,0.925647,-0.196981,-0.005820,0.323022,0.938365,-0.047241,0.131961,0.315952
0.999899,0.002516,0.013183,0.004738,0.994214,0.042416,-0.098336,0.008327,0.991920,0.014408,0.052245,0.114710,0.993394,-0.013361,0.000657,0.113970,0.990804,-0.048168,-0.126425,-0.002202,0.995899,-0.030678,0.059809,-0.060562,0.998275,0.003894,-0.003305,-0.058494,0.986119,-0.001358,0.165681,-0.010788,0.982710,0.158328,-0.073054,-0.062260,0.954063,0.184478,0.018332,-0.235364,0.944495,0.142938,0.115168,-0.272460,0.978637,-0.114148,-0.160489,0.059026,0.926262,-0.193406,-0.016675,0.323040,0.937847,-0.051177,0.125817,0.319365
0.999937,0.002204,0.009506,0.005635,0.994453,0.042636,-0.095708,0.009210,0.991788,0.015040,0.053997,0.114951,0.993381,-0.012868,0.000575,0.114142,0.991295,-0.047723,-0.122701,-0.000969,0.995868,-0.030600,0.061013,-0.059900,0.998317,0.003603,-0.003515,-0.057780,0.987857,-0.001570,0.155061,-0.009616,0.983286,0.156114,-0.073037,-0.058667,0.956515,0.179271,0.007409,-0.229969,0.946898,0.142258,0.104987,-0.268562,0.978311,-0.113882,-0.162998,0.058060,0.927041,-0.190242,-0.028195,0.321880,0.937968,-0.054699,0.118457,0.321235
0.999960,0.001897,0.005889,0.006440,0.994673,0.042853,-0.093219,0.010003,0.991658,0.015634,0.055810,0.115133,0.993372,-0.012501,0.000548,0.114257,0.991751,-0.047273,-0.119140,0.000158,0.995830,-0.030475,0.062199,-0.059371,0.998350,0.003348,-0.003686,-0.057205,0.989442,-0.001794,0.144665,-0.008544,0.983749,0.154259,-0.073451,-0.055202,0.958653,0.174708,-0.003574,-0.224607,0.949121,0.142257,0.094819,-0.264465,0.977920,-0.113706,-0.165790,0.057077,0.927741,-0.187292,-0.039796,0.320365,0.938200,-0.058388,0.110840,0.322623
0.999971,0.001599,0.002392,0.007061,0.994861,0.043080,-0.091010,0.010621,0.991530,0.016170,0.057742,0.115210,0.993372,-0.012367,0.000627,0.114272,0.992156,-0.046796,-0.115907,0.001081,0.995781,-0.030238,0.063350,-0.059096,0.998368,0.003177,-0.003778,-0.056900,0.990850,-0.002063,0.134735,-0.007674,0.983993,0.153203,-0.074693,-0.052028,0.960341,0.171365,-0.014595,-0.219467,0.951054,0.143533,0.084721,-0.260224,0.977398,-0.113752,-0.169144,0.056073,0.928415,-0.184784,-0.051528,0.318190,0.938649,-0.062386,0.102761,0.323243
0.999972,0.001301,-0.000882,0.007348,0.995040,0.043375,-0.088853,0.010910,0.991394,0.016720,0.059603,0.115350,0.993364,-0.012278,0.000753,0.114351,0.992536,-0.046346,-0.112789,0.001658,0.995726,-0.029996,0.064360,-0.059062,0.998371,0.003095,-0.003750,-0.056848,0.992087,-0.002347,0.125328,-0.007101,0.984082,0.152678,-0.076455,-0.049253,0.961647,0.168833,-0.025676,-0.214643,0.952613,0.146163,0.074742,-0.256084,0.976840,-0.113937,-0.172587,0.054919,0.929035,-0.182552,-0.062965,0.315600,0.939196,-0.067046,0.095069,0.323075
0.999963,0.001005,-0.004043,0.007468,0.995212,0.043707,-0.086722,0.011033,0.991254,0.017281,0.061427,0.115517,0.993353,-0.012208,0.000902,0.114458,0.992899,-0.045908,-0.109728,0.002058,0.995667,-0.029752,0.065300,-0.059151,0.998367,0.003057,-0.003663,-0.056929,0.993202,-0.002639,0.116178,-0.006673,0.984092,0.152404,-0.078473,-0.046676,0.962685,0.166724,-0.036798,-0.209968,0.953936,0.149481,0.064834,-0.251909,0.976257,-0.114181,-0.176074,0.053688,0.929556,-0.180466,-0.074269,0.312796,0.939787,-0.072041,0.087570,0.322400
0.999951,0.000632,-0.006862,0.007078,0.995367,0.044113,-0.084759,0.010669,0.991126,0.017870,0.063193,0.115569,0.993357,-0.011993,0.001011,0.114444,0.993223,-0.045350,-0.106993,0.001958,0.995623,-0.029393,0.065949,-0.059350,0.998355,0.003049,-0.003656,-0.057130,0.994159,-0.002991,0.107679,-0.006718,0.983912,0.152776,-0.081110,-0.044692,0.963340,0.165500,-0.048118,-0.205598,0.954966,0.153495,0.055210,-0.247852,0.975708,-0.114595,-0.179283,0.052143,0.929992,-0.178600,-0.085012,0.309823,0.940302,-0.077406,0.080632,0.321464
0.999933,0.000259,-0.009546,0.006582,0.995513,0.044530,-0.082872,0.010196,0.990994,0.018437,0.064901,0.115670,0.993356,-0.011726,0.001060,0.114475,0.993526,-0.044825,-0.104374,0.001733,0.995580,-0.029073,0.066543,-0.059561,0.998343,0.003048,-0.003694,-0.057340,0.995011,-0.003382,0.099471,-0.006896,0.983708,0.153206,-0.083715,-0.042882,0.963791,0.164424,-0.059263,-0.201393,0.955820,0.157582,0.045908,-0.243863,0.975168,-0.115012,-0.182386,0.050543,0.930269,-0.176851,-0.095441,0.306944,0.940706,-0.082824,0.073859,0.320558
0.999911,-0.000117,-0.011965,0.005875,0.995643,0.044964,-0.081136,0.009515,0.990854,0.018959,0.066493,0.115875,0.993346,-0.011359,0.000990,0.114605,0.993795,-0.044371,-0.101989,0.001271,0.995541,-0.028830,0.067025,-0.059781,0.998331,0.003059,-0.003821,-0.057552,0.995738,-0.003847,0.091858,-0.007340,0.983459,0.153788,-0.086258,-0.041430,0.964004,0.163608,-0.070034,-0.197544,0.956426,0.161789,0.037236,-0.240181,0.974656,-0.115463,-0.185278,0.048840,0.930382,-0.175320,-0.105213,0.304272,0.940899,-0.088335,0.067420,0.319939
0.999887,-0.000458,-0.014188,0.005046,0.995754,0.045378,-0.079612,0.008708,0.990731,0.019439,0.067936,0.116013,0.993344,-0.010912,0.000838,0.114667,0.994029,-0.043908,-0.099891,0.000662,0.995502,-0.028553,0.067488,-0.060041,0.998315,0.003076,-0.003952,-0.057807,0.996351,-0.004373,0.084856,-0.008010,0.983196,0.154349,-0.088751,-0.040325,0.964013,0.162862,-0.080509,-0.194098,0.956889,0.165723,0.028530,-0.236824,0.974179,-0.115976,-0.187910,0.047054,0.930337,-0.173895,-0.114611,0.301824,0.940998,-0.093755,0.061301,0.319336
0.999858,-0.000781,-0.016313,0.004156,0.995855,0.045784,-0.078196,0.007838,0.990615,0.019902,0.069302,0.116116,0.993346,-0.010421,0.000642,0.114691,0.994244,-0.043436,-0.097938,-0.000025,0.995463,-0.028254,0.067941,-0.060323,0.998298,0.003100,-0.004084,-0.058086,0.996890,-0.004933,0.078158,-0.008793,0.982923,0.154891,-0.091216,-0.039390,0.963862,0.162160,-0.090839,-0.190848,0.957241,0.169523,0.019813,-0.233580,0.973716,-0.116513,-0.190414,0.045225,0.930166,-0.172534,-0.123826,0.299484,0.941044,-0.099137,0.055350,0.318660
0.999828,-0.001072,-0.018194,0.003325,0.995937,0.046152,-0.077003,0.007022,0.990499,0.020286,0.070710,0.116189,0.993352,-0.009856,0.000593,0.114696,0.994403,-0.043082,-0.096468,-0.000699,0.995425,-0.028030,0.068367,-0.060577,0.998284,0.003061,-0.004390,-0.058321,0.997313,-0.005546,0.072420,-0.009570,0.982662,0.155426,-0.093404,-0.038655,0.963524,0.161498,-0.100628,-0.188184,0.957369,0.172987,0.011287,-0.231068,0.973309,-0.117023,-0.192547,0.043604,0.929857,-0.171232,-0.132347,0.297540,0.941051,-0.103775,0.049669,0.318098
0.999796,-0.001339,-0.019980,0.002503,0.996011,0.046510,-0.075895,0.006212,0.990391,0.020660,0.072028,0.116240,0.993359,-0.009293,0.000529,0.114680,0.994544,-0.042736,-0.095148,-0.001380,0.995384,-0.027794,0.068815,-0.060845,0.998268,0.003021,-0.004637,-0.058574,0.997682,-0.006157,0.066982,-0.010343,0.982395,0.155938,-0.095599,-0.037992,0.963044,0.160873,-0.110285,-0.185750,0.957328,0.176538,0.002776,-0.228800,0.972922,-0.117563,-0.194513,0.042022,0.929477,-0.169935,-0.140723,0.295622,0.941083,-0.108210,0.044048,0.317354
0.999765,-0.001557,-0.021576,0.001700,0.996071,0.046844,-0.074957,0.005418,0.990298,0.021005,0.073169,0.116250,0.993370,-0.008741,0.000438,0.114626,0.994654,-0.042415,-0.094130,-0.002069,0.995339,-0.027542,0.069310,-0.061134,0.998251,0.002976,-0.004767,-0.058856,0.997983,-0.006759,0.062143,-0.011108,0.982121,0.156421,-0.097811,-0.037481,0.962396,0.160299,-0.119672,-0.183783,0.957023,0.180252,-0.005720,-0.227119,0.972585,-0.118172,-0.196143,0.040519,0.929046,-0.168630,-0.148801,0.293763,0.941175,-0.112230,0.038534,0.316400
0.999733,-0.001738,-0.022998,0.001095,0.996117,0.047148,-0.074198,0.004821,0.990213,0.021306,0.074169,0.116290,0.993375,-0.008266,0.000450,0.114617,0.994743,-0.042123,-0.093301,-0.002580,0.995294,-0.027284,0.069816,-0.061408,0.998234,0.002886,-0.004870,-0.059126,0.998230,-0.007341,0.057837,-0.011753,0.981849,0.156916,-0.099906,-0.036984,0.961656,0.159844,-0.128384,-0.182166,0.956525,0.183687,-0.013658,-0.226126,0.972313,-0.118863,-0.197348,0.039156,0.928666,-0.167404,-0.156133,0.291852,0.941294,-0.115589,0.033783,0.315378
0.999702,-0.001900,-0.024332,0.000589,0.996155,0.047437,-0.073528,0.004322,0.990130,0.021585,0.075098,0.116346,0.993377,-0.007828,0.000515,0.114628,0.994822,-0.041846,-0.092567,-0.003003,0.995249,-0.027023,0.070327,-0.061675,0.998219,0.002776,-0.004960,-0.059390,0.998444,-0.007913,0.053797,-0.012337,0.981579,0.157416,-0.101941,-0.036491,0.960839,0.159454,-0.136757,-0.180724,0.955903,0.186994,-0.021308,-0.225450,0.972072,-0.119592,-0.198342,0.037861,0.928288,-0.166230,-0.163096,0.289911,0.941426,-0.118622,0.029416,0.314294
0.999675,-0.002003,-0.025414,0.000117,0.996191,0.047640,-0.072937,0.003847,0.990069,0.021794,0.075773,0.116394,0.993376,-0.007639,0.000613,0.114649,0.994873,-0.041646,-0.092100,-0.003420,0.995203,-0.026817,0.070845,-0.061916,0.998205,0.002748,-0.004919,-0.059632,0.998608,-0.008433,0.050441,-0.012894,0.981354,0.157720,-0.103734,-0.036158,0.959987,0.158957,-0.144261,-0.179851,0.955147,0.189592,-0.028439,-0.225701,0.971919,-0.120473,-0.198792,0.036616,0.928014,-0.165180,-0.169182,0.287895,0.941626,-0.120819,0.025690,0.313183
0.999649,-0.002076,-0.026421,-0.000284,0.996223,0.047816,-0.072392,0.003438,0.990018,0.021988,0.076335,0.116425,0.993377,-0.007507,0.000724,0.114657,0.994919,-0.041468,-0.091666,-0.003776,0.995159,-0.026634,0.071341,-0.062129,0.998192,0.002735,-0.004859,-0.059847,0.998753,-0.008930,0.047251,-0.013409,0.981137,0.157984,-0.105486,-0.035832,0.959098,0.158465,-0.151493,-0.179079,0.954337,0.192077,-0.035318,-0.226055,0.971797,-0.121382,-0.199057,0.035397,0.927762,-0.164193,-0.174898,0.285849,0.941840,-0.123004,0.022171,0.311955
0.999626,-0.002089,-0.027280,-0.000544,0.996251,0.047936,-0.071941,0.003164,0.989989,0.022150,0.076672,0.116419,0.993378,-0.007491,0.000864,0.114640,0.994957,-0.041339,-0.091295,-0.004008,0.995120,-0.026499,0.071792,-0.062285,0.998183,0.002751,-0.004761,-0.060005,0.998874,-0.009376,0.044395,-0.013841,0.980937,0.158171,-0.107158,-0.035527,0.958204,0.157973,-0.158185,-0.178511,0.953478,0.194314,-0.041711,-0.226675,0.971739,-0.122352,-0.198949,0.034235,0.927612,-0.163309,-0.179865,0.283750,0.942087,-0.125154,0.019066,0.310555
0.999604,-0.002058,-0.028047,-0.000826,0.996280,0.048022,-0.071491,0.002860,0.989973,0.022301,0.076973,0.116325,0.993390,-0.007519,0.001048,0.114540,0.994991,-0.041242,-0.090961,-0.004272,0.995091,-0.026410,0.072114,-0.062416,0.998175,0.002751,-0.004726,-0.060135,0.998975,-0.009682,0.041865,-0.014264,0.980777,0.158286,-0.108515,-0.035310,0.957365,0.157421,-0.164286,-0.177989,0.952701,0.196012,-0.047435,-0.227357,0.971732,-0.123049,-0.198739,0.033141,0.927572,-0.162325,-0.184266,0.281614,0.942434,-0.126560,0.016521,0.309075
0.999583,-0.002005,-0.028769,-0.001119,0.996310,0.048090,-0.071042,0.002542,0.989964,0.022445,0.077255,0.116187,0.993405,-0.007570,0.001254,0.114400,0.995022,-0.041162,-0.090646,-0.004554,0.995067,-0.026344,0.072372,-0.062534,0.998168,0.002744,-0.004722,-0.060250,0.999062,-0.009919,0.039500,-0.014681,0.980637,0.158365,-0.109714,-0.035139,0.956540,0.156840,-0.170089,-0.177489,0.951952,0.197448,-0.052822,-0.228061,0.971750,-0.123608,-0.198477,0.032080,0.927576,-0.161300,-0.188386,0.279456,0.942831,-0.127597,0.014255,0.307548
0.999565,-0.001926,-0.029417,-0.001295,0.996334,0.048041,-0.070751,0.002337,0.989977,0.022476,0.077322,0.116027,0.993424,-0.007629,0.001228,0.114235,0.995036,-0.041081,-0.090520,-0.004730,0.995057,-0.026297,0.072569,-0.062476,0.998172,0.002667,-0.004712,-0.060190,0.999132,-0.009996,0.037503,-0.015099,0.980560,0.158402,-0.110371,-0.035060,0.955844,0.156251,-0.174744,-0.177234,0.951258,0.198660,-0.057015,-0.228892,0.971850,-0.124079,-0.197868,0.031002,0.927754,-0.160185,-0.191956,0.277066,0.943458,-0.127594,0.012090,0.305715
0.999547,-0.001845,-0.030014,-0.001515,0.996357,0.047980,-0.070478,0.002088,0.989998,0.022502,0.077359,0.115816,0.993448,-0.007662,0.001188,0.114019,0.995048,-0.041030,-0.090401,-0.004953,0.995050,-0.026275,0.072675,-0.062472,0.998173,0.002568,-0.004751,-0.060182,0.999195,-0.010019,0.035617,-0.015508,0.980504,0.158380,-0.110914,-0.035011,0.955165,0.155603,-0.179210,-0.177005,0.950578,0.199635,-0.061118,-0.229807,0.972016,-0.124355,-0.197038,0.029938,0.928010,-0.158880,-0.195260,0.274642,0.944153,-0.127030,0.010173,0.303867
0.999531,-0.001761,-0.030507,-0.001823,0.996378,0.047893,-0.070240,0.001752,0.990036,0.022518,0.077336,0.115504,0.993485,-0.007642,0.001122,0.113701,0.995055,-0.041039,-0.090297,-0.005270,0.995048,-0.026302,0.072600,-0.062578,0.998167,0.002424,-0.004890,-0.060279,0.999248,-0.009935,0.033952,-0.015902,0.980490,0.158240,-0.111228,-0.035026,0.954546,0.154836,-0.183303,-0.176825,0.949946,0.200125,-0.065048,-0.230914,0.972319,-0.124243,-0.195767,0.028904,0.928447,-0.157174,-0.198027,0.272152,0.944988,-0.125331,0.008755,0.302014
0.999516,-0.001692,-0.030982,-0.002080,0.996390,0.047818,-0.070132,0.001476,0.990080,0.022531,0.077286,0.115159,0.993526,-0.007575,0.001039,0.113351,0.995053,-0.041017,-0.090313,-0.005535,0.995048,-0.026270,0.072495,-0.062727,0.998157,0.002372,-0.005023,-0.060426,0.999292,-0.009809,0.032495,-0.016253,0.980545,0.157973,-0.111124,-0.035042,0.954061,0.153940,-0.186732,-0.176641,0.949444,0.200332,-0.068410,-0.231828,0.972652,-0.123981,-0.194410,0.027958,0.928907,-0.155329,-0.200711,0.269665,0.945905,-0.123297,0.006920,0.300023
0.999501,-0.001631,-0.031448,-0.002312,0.996397,0.047748,-0.070090,0.001230,0.990126,0.022544,0.077223,0.114799,0.993568,-0.007485,0.000949,0.112985,0.995046,-0.040980,-0.090388,-0.005775,0.995047,-0.026208,0.072376,-0.062899,0.998146,0.002365,-0.005153,-0.060597,0.999331,-0.009661,0.031142,-0.016584,0.980633,0.157641,-0.110809,-0.035058,0.953639,0.152980,-0.189827,-0.176450,0.949004,0.200402,-0.071488,-0.232639,0.973000,-0.123642,-0.193009,0.027056,0.929369,-0.153427,-0.203354,0.267170,0.946855,-0.121105,0.004875,0.297953
0.999489,-0.001578,-0.031831,-0.002562,0.996402,0.047607,-0.070112,0.000965,0.990192,0.022498,0.076998,0.114386,0.993616,-0.007437,0.000795,0.112571,0.995038,-0.041006,-0.090449,-0.006037,0.995051,-0.026230,0.072201,-0.063025,0.998138,0.002399,-0.005243,-0.060721,0.999363,-0.009494,0.029935,-0.016953,0.980802,0.157180,-0.109951,-0.035118,0.953432,0.151913,-0.191910,-0.176237,0.948628,0.200334,-0.073375,-0.233641,0.973460,-0.122892,-0.191282,0.026174,0.930026,-0.151149,-0.205498,0.264531,0.947921,-0.117866,0.002971,0.295880
0.999477,-0.001536,-0.032196,-0.002748,0.996406,0.047481,-0.070143,0.000767,0.990256,0.022470,0.076816,0.113963,0.993665,-0.007354,0.000630,0.112143,0.995033,-0.040994,-0.090496,-0.006229,0.995061,-0.026222,0.072003,-0.063099,0.998133,0.002459,-0.005377,-0.060793,0.999392,-0.009344,0.028777,-0.017317,0.981012,0.156575,-0.108910,-0.035179,0.953321,0.150721,-0.193645,-0.175966,0.948319,0.200070,-0.074996,-0.234604,0.973945,-0.121999,-0.189486,0.025330,0.930703,-0.148779,-0.207479,0.261933,0.948967,-0.114551,0.001058,0.293833
0.999466,-0.001514,-0.032525,-0.002804,0.996407,0.047388,-0.070192,0.000704,0.990314,0.022477,0.076719,0.113519,0.993717,-0.007204,0.000443,0.111688,0.995035,-0.040904,-0.090514,-0.006282,0.995082,-0.026155,0.071761,-0.063071,0.998133,0.002571,-0.005601,-0.060763,0.999417,-0.009227,0.027716,-0.017670,0.981307,0.155686,-0.107503,-0.035242,0.953408,0.149275,-0.194683,-0.175583,0.948150,0.199402,-0.076086,-0.235502,0.974486,-0.120824,-0.187552,0.024562,0.931440,-0.146200,-0.209134,0.259436,0.949992,-0.111067,-0.000866,0.291854
0.999456,-0.001502,-0.032808,-0.002842,0.996406,0.047291,-0.070279,0.000662,0.990375,0.022476,0.076575,0.113086,0.993768,-0.007098,0.000183,0.111241,0.995037,-0.040870,-0.090505,-0.006318,0.995096,-0.026127,0.071540,-0.063109,0.998130,0.002611,-0.005864,-0.060793,0.999437,-0.009131,0.026739,-0.018098,0.981692,0.154482,-0.105663,-0.035384,0.953680,0.147492,-0.195242,-0.174987,0.948130,0.198300,-0.076430,-0.236402,0.975090,-0.119333,-0.185455,0.023784,0.932332,-0.143324,-0.210575,0.256657,0.951124,-0.106980,-0.002497,0.289675
0.999448,-0.001494,-0.033069,-0.002870,0.996403,0.047192,-0.070385,0.000631,0.990437,0.022471,0.076407,0.112658,0.993818,-0.007014,-0.000114,0.110798,0.995039,-0.040864,-0.090480,-0.006346,0.995107,-0.026118,0.071328,-0.063180,0.998124,0.002614,-0.006147,-0.060853,0.999454,-0.009046,0.025805,-0.018564,0.982118,0.153120,-0.103606,-0.035560,0.954045,0.145546,-0.195560,-0.174275,0.948183,0.196983,-0.076400,-0.237295,0.975721,-0.117680,-0.183278,0.022995,0.933293,-0.140311,-0.211908,0.253718,0.952298,-0.102599,-0.003983,0.287376
0.999442,-0.001467,-0.033256,-0.002769,0.996401,0.047170,-0.070430,0.000730,0.990479,0.022532,0.076287,0.112356,0.993855,-0.006898,-0.000447,0.110472,0.995044,-0.040881,-0.090429,-0.006250,0.995109,-0.026130,0.071274,-0.063204,0.998122,0.002617,-0.006465,-0.060857,0.999469,-0.009025,0.025066,-0.018778,0.982650,0.151038,-0.101577,-0.035606,0.954700,0.143037,-0.195479,-0.172847,0.948697,0.193898,-0.076192,-0.237850,0.976508,-0.115651,-0.180427,0.022454,0.934510,-0.136881,-0.212295,0.250771,0.953796,-0.096475,-0.004653,0.284508
0.999437,-0.001432,-0.033418,-0.002636,0.996398,0.047142,-0.070481,0.000859,0.990512,0.022571,0.076200,0.112117,0.993884,-0.006815,-0.000741,0.110212,0.995048,-0.040895,-0.090382,-0.006123,0.995111,-0.026139,0.071254,-0.063200,0.998121,0.002631,-0.006793,-0.060832,0.999482,-0.009002,0.024407,-0.018925,0.983199,0.148700,-0.099689,-0.035640,0.955413,0.140346,-0.195371,-0.171231,0.949357,0.190358,-0.075823,-0.238193,0.977356,-0.113442,-0.177269,0.021956,0.935821,-0.133242,-0.212362,0.247765,0.955348,-0.089609,-0.004976,0.281524
0.999434,-0.001377,-0.033527,-0.002440,0.996395,0.047105,-0.070544,0.001049,0.990527,0.022565,0.076177,0.112000,0.993899,-0.006800,-0.000954,0.110082,0.995053,-0.040900,-0.090343,-0.005935,0.995111,-0.026143,0.071302,-0.063142,0.998124,0.002668,-0.007139,-0.060749,0.999495,-0.008972,0.023905,-0.018937,0.983786,0.145855,-0.098081,-0.035660,0.956241,0.137280,-0.195212,-0.169259,0.950312,0.185896,-0.075125,-0.238130,0.978336,-0.110878,-0.173497,0.021555,0.937334,-0.129169,-0.211792,0.244671,0.957030,-0.081247,-0.004604,0.278337
0.999433,-0.001313,-0.033564,-0.002213,0.996391,0.047111,-0.070599,0.001271,0.990543,0.022616,0.076214,0.111823,0.993920,-0.006718,-0.001047,0.109894,0.995057,-0.040919,-0.090304,-0.005720,0.995101,-0.026141,0.071455,-0.063125,0.998124,0.002618,-0.007520,-0.060703,0.999503,-0.008903,0.023545,-0.018983,0.984358,0.142748,-0.096846,-0.035815,0.957131,0.134101,-0.194876,-0.167155,0.951507,0.180473,-0.074109,-0.237850,0.979384,-0.108210,-0.169272,0.021057,0.939033,-0.125002,-0.210534,0.241386,0.958819,-0.071899,-0.003381,0.274746
0.999434,-0.001244,-0.033564,-0.001972,0.996386,0.047139,-0.070650,0.001510,0.990559,0.022694,0.076281,0.111616,0.993945,-0.006603,-0.001081,0.109677,0.995060,-0.040945,-0.090267,-0.005490,0.995086,-0.026137,0.071660,-0.063128,0.998123,0.002524,-0.007917,-0.060674,0.999509,-0.008815,0.023258,-0.019045,0.984917,0.139510,-0.095798,-0.036033,0.958044,0.130863,-0.194440,-0.164982,0.952797,0.174561,-0.072936,-0.237460,0.980452,-0.105486,-0.164823,0.020498,0.940810,-0.120801,-0.208923,0.237979,0.960604,-0.062068,-0.001717,0.270895
0.999436,-0.001167,-0.033509,-0.001766,0.996377,0.047146,-0.070767,0.001713,0.990567,0.022713,0.076331,0.111512,0.993959,-0.006479,-0.001245,0.109558,0.995059,-0.040930,-0.090301,-0.005297,0.995078,-0.026120,0.071894,-0.063000,0.998130,0.002453,-0.008258,-0.060519,0.999520,-0.008626,0.023008,-0.018859,0.985349,0.136421,-0.095764,-0.036142,0.958824,0.127988,-0.194410,-0.162726,0.953827,0.169660,-0.072181,-0.237108,0.981488,-0.102893,-0.160283,0.020079,0.942457,-0.116813,-0.206916,0.235193,0.961987,-0.052778,0.000383,0.267948
0.999438,-0.001095,-0.033454,-0.001582,0.996370,0.047150,-0.070852,0.001893,0.990572,0.022728,0.076400,0.111417,0.993971,-0.006396,-0.001375,0.109451,0.995056,-0.040905,-0.090355,-0.005125,0.995073,-0.026098,0.072096,-0.062858,0.998137,0.002390,-0.008555,-0.060354,0.999531,-0.008400,0.022729,-0.018743,0.985724,0.133608,-0.095810,-0.036299,0.959560,0.125418,-0.194162,-0.160674,0.954705,0.165507,-0.071206,-0.236801,0.982415,-0.100629,-0.156048,0.019560,0.943956,-0.113295,-0.204947,0.232611,0.963115,-0.044602,0.002367,0.265356
0.999441,-0.001030,-0.033400,-0.001442,0.996368,0.047148,-0.070872,0.002027,0.990572,0.022739,0.076509,0.111343,0.993980,-0.006395,-0.001440,0.109368,0.995050,-0.040859,-0.090448,-0.004994,0.995074,-0.026065,0.072236,-0.062689,0.998147,0.002343,-0.008762,-0.060171,0.999540,-0.008100,0.022391,-0.018767,0.985998,0.131353,-0.096015,-0.036553,0.960221,0.123462,-0.193496,-0.159036,0.955321,0.162862,-0.069778,-0.236579,0.983160,-0.099030,-0.152425,0.018871,0.945188,-0.110685,-0.203078,0.230495,0.963850,-0.038634,0.004086,0.263597
0.999442,-0.000965,-0.033357,-0.001340,0.996367,0.047137,-0.070901,0.002122,0.990576,0.022740,0.076532,0.111289,0.993985,-0.006497,-0.001486,0.109311,0.995042,-0.040858,-0.090537,-0.004906,0.995072,-0.026063,0.072345,-0.062599,0.998151,0.002370,-0.008959,-0.060064,0.999550,-0.007781,0.022041,-0.018820,0.986194,0.129667,-0.096202,-0.036777,0.960758,0.122045,-0.192706,-0.157842,0.955545,0.161647,-0.068363,-0.236920,0.983683,-0.098106,-0.149702,0.018212,0.946134,-0.109025,-0.201574,0.228718,0.964365,-0.034626,0.005437,0.262244
0.999444,-0.000899,-0.033321,-0.001258,0.996365,0.047121,-0.070933,0.002198,0.990582,0.022736,0.076513,0.111246,0.993989,-0.006649,-0.001524,0.109267,0.995034,-0.040879,-0.090624,-0.004840,0.995068,-0.026077,0.072439,-0.062548,0.998154,0.002432,-0.009152,-0.059996,0.999559,-0.007451,0.021684,-0.018888,0.986352,0.128265,-0.096380,-0.036987,0.961232,0.120898,-0.191854,-0.156871,0.955575,0.161144,-0.066951,-0.237544,0.984096,-0.097520,-0.147430,0.017571,0.946936,-0.107841,-0.200254,0.227115,0.964772,-0.031599,0.006600,0.261098
0.999443,-0.000820,-0.033357,-0.001147,0.996362,0.047169,-0.070946,0.002304,0.990571,0.022774,0.076643,0.111252,0.993986,-0.006966,-0.001453,0.109273,0.995027,-0.040860,-0.090719,-0.004743,0.995064,-0.026047,0.072563,-0.062484,0.998156,0.002515,-0.009319,-0.059921,0.999567,-0.007123,0.021301,-0.018994,0.986417,0.127662,-0.096466,-0.037133,0.961511,0.120465,-0.191095,-0.156423,0.955195,0.162264,-0.065717,-0.238650,0.984187,-0.097944,-0.146603,0.017026,0.947261,-0.107985,-0.199933,0.225972,0.964930,-0.031193,0.006702,0.260560
0.999440,-0.000739,-0.033442,-0.001029,0.996362,0.047196,-0.070919,0.002413,0.990556,0.022793,0.076778,0.111289,0.993980,-0.007291,-0.001357,0.109313,0.995020,-0.040856,-0.090798,-0.004641,0.995059,-0.026041,0.072704,-0.062394,0.998161,0.002581,-0.009454,-0.059817,0.999577,-0.006796,0.020851,-0.019079,0.986452,0.127245,-0.096618,-0.037230,0.961702,0.120191,-0.190562,-0.156107,0.954692,0.163618,-0.064698,-0.240014,0.984205,-0.098604,-0.146098,0.016512,0.947465,-0.108427,-0.199874,0.224951,0.965041,-0.031149,0.006700,0.260157
0.999434,-0.000649,-0.033625,-0.000897,0.996370,0.047182,-0.070813,0.002529,0.990534,0.022772,0.076923,0.111385,0.993966,-0.007633,-0.001212,0.109418,0.995015,-0.040883,-0.090848,-0.004527,0.995055,-0.026081,0.072880,-0.062247,0.998170,0.002615,-0.009524,-0.059657,0.999591,-0.006474,0.020266,-0.019122,0.986430,0.127202,-0.096901,-0.037229,0.961721,0.120237,-0.190481,-0.156055,0.953942,0.165449,-0.064116,-0.241889,0.984078,-0.099737,-0.146237,0.016059,0.947433,-0.109460,-0.200342,0.224172,0.965056,-0.031826,0.006490,0.260021
0.999426,-0.000545,-0.033856,-0.000742,0.996378,0.047198,-0.070687,0.002666,0.990506,0.022779,0.077109,0.111502,0.993951,-0.007853,-0.001066,0.109541,0.995006,-0.040922,-0.090929,-0.004397,0.995045,-0.026117,0.073094,-0.062139,0.998177,0.002628,-0.009565,-0.059536,0.999606,-0.006160,0.019697,-0.019045,0.986372,0.127405,-0.097272,-0.037102,0.961636,0.120497,-0.190766,-0.156028,0.953096,0.167424,-0.063916,-0.243908,0.983849,-0.101198,-0.146804,0.015761,0.947208,-0.110862,-0.201270,0.223603,0.965057,-0.032584,0.005998,0.259937
0.999418,-0.000433,-0.034112,-0.000577,0.996385,0.047230,-0.070551,0.002815,0.990475,0.022799,0.077315,0.111630,0.993935,-0.008013,-0.000920,0.109673,0.994996,-0.040969,-0.091025,-0.004258,0.995032,-0.026152,0.073327,-0.062049,0.998183,0.002631,-0.009591,-0.059435,0.999621,-0.005851,0.019135,-0.018907,0.986296,0.127731,-0.097687,-0.036911,0.961500,0.120862,-0.191232,-0.156012,0.952199,0.169472,-0.063899,-0.245995,0.983567,-0.102822,-0.147585,0.015537,0.946883,-0.112448,-0.202427,0.223138,0.965049,-0.033382,0.005363,0.259880
0.999403,-0.000352,-0.034532,-0.000376,0.996383,0.047232,-0.070569,0.003008,0.990458,0.022790,0.077560,0.111616,0.993936,-0.008030,-0.000756,0.109663,0.994991,-0.040953,-0.091101,-0.004071,0.995017,-0.026097,0.073554,-0.062047,0.998183,0.002670,-0.009571,-0.059431,0.999639,-0.005598,0.018499,-0.018648,0.986178,0.128302,-0.098254,-0.036566,0.961195,0.121418,-0.192275,-0.156179,0.951352,0.171149,-0.064488,-0.247950,0.983218,-0.104661,-0.148628,0.015438,0.946328,-0.114229,-0.204047,0.223113,0.964918,-0.033301,0.004739,0.260386
0.999388,-0.000281,-0.034982,-0.000141,0.996381,0.047258,-0.070579,0.003237,0.990437,0.022805,0.077821,0.111619,0.993936,-0.008003,-0.000613,0.109667,0.994988,-0.040944,-0.091147,-0.003849,0.995000,-0.026049,0.073806,-0.062037,0.998184,0.002711,-0.009512,-0.059421,0.999658,-0.005351,0.017851,-0.018328,0.986055,0.128892,-0.098869,-0.036163,0.960850,0.121976,-0.193530,-0.156320,0.950521,0.172660,-0.065361,-0.249853,0.982862,-0.106455,-0.149710,0.015403,0.945746,-0.115971,-0.205709,0.223157,0.964773,-0.032906,0.004294,0.260983
0.999370,-0.000227,-0.035493,0.000161,0.996377,0.047333,-0.070574,0.003537,0.990408,0.022866,0.078110,0.111656,0.993934,-0.007890,-0.000508,0.109698,0.994990,-0.040945,-0.091132,-0.003557,0.994980,-0.026014,0.074106,-0.062011,0.998187,0.002754,-0.009378,-0.059398,0.999679,-0.005118,0.017175,-0.017887,0.985920,0.129520,-0.099577,-0.035643,0.960424,0.122539,-0.195209,-0.156406,0.949727,0.173839,-0.066813,-0.251663,0.982496,-0.108162,-0.150870,0.015502,0.945115,-0.117633,-0.207457,0.223341,0.964597,-0.031883,0.004207,0.261760
0.999351,-0.000198,-0.036029,0.000440,0.996369,0.047442,-0.070588,0.003821,0.990398,0.022989,0.078283,0.111607,0.993943,-0.007705,-0.000564,0.109629,0.994991,-0.040963,-0.091126,-0.003285,0.994959,-0.025979,0.074367,-0.062058,0.998185,0.002802,-0.009235,-0.059448,0.999701,-0.004937,0.016457,-0.017378,0.985806,0.130170,-0.100081,-0.035005,0.960060,0.123118,-0.196691,-0.156330,0.949143,0.174573,-0.068180,-0.252990,0.982152,-0.109813,-0.151900,0.015650,0.944484,-0.119187,-0.209181,0.223582,0.964378,-0.030566,0.004072,0.262724
0.999331,-0.000181,-0.036576,0.000708,0.996361,0.047567,-0.070611,0.004096,0.990395,0.023142,0.078398,0.111513,0.993957,-0.007484,-0.000701,0.109511,0.994991,-0.040989,-0.091123,-0.003024,0.994937,-0.025945,0.074608,-0.062140,0.998181,0.002853,-0.009087,-0.059535,0.999723,-0.004783,0.015718,-0.016834,0.985702,0.130831,-0.100484,-0.034307,0.959726,0.123706,-0.198072,-0.156172,0.948661,0.175085,-0.069505,-0.254079,0.981817,-0.111435,-0.152867,0.015823,0.943849,-0.120687,-0.210892,0.223851,0.964134,-0.029107,0.003917,0.263787
0.999310,-0.000148,-0.037116,0.001003,0.996357,0.047666,-0.070578,0.004393,0.990379,0.023254,0.078540,0.111534,0.993959,-0.007276,-0.000828,0.109509,0.995000,-0.040939,-0.091058,-0.002728,0.994915,-0.025860,0.074943,-0.062115,0.998182,0.002995,-0.009039,-0.059510,0.999745,-0.004666,0.014964,-0.016279,0.985615,0.131495,-0.100720,-0.033564,0.959446,0.124276,-0.199440,-0.155702,0.948381,0.175490,-0.071011,-0.254428,0.981474,-0.112998,-0.153891,0.016029,0.943164,-0.122123,-0.212735,0.224212,0.963817,-0.027768,0.003332,0.265095
0.999290,-0.000104,-0.037646,0.001324,0.996357,0.047772,-0.070484,0.004712,0.990354,0.023368,0.078695,0.111623,0.993953,-0.007108,-0.000950,0.109575,0.995011,-0.040899,-0.090963,-0.002407,0.994891,-0.025778,0.075299,-0.062114,0.998183,0.003129,-0.008961,-0.059509,0.999765,-0.004573,0.014222,-0.015695,0.985533,0.132181,-0.100891,-0.032782,0.959167,0.124855,-0.200816,-0.155185,0.948109,0.176107,-0.072610,-0.254564,0.981125,-0.114517,-0.154967,0.016285,0.942459,-0.123535,-0.214577,0.224650,0.963467,-0.026724,0.002623,0.266477
0.999270,-0.000040,-0.038157,0.001696,0.996365,0.047891,-0.070265,0.005074,0.990312,0.023490,0.078877,0.111847,0.993931,-0.007019,-0.001060,0.109777,0.995027,-0.040879,-0.090808,-0.002038,0.994860,-0.025705,0.075694,-0.062160,0.998181,0.003246,-0.008824,-0.059556,0.999785,-0.004525,0.013504,-0.015054,0.985459,0.132907,-0.100931,-0.031919,0.958895,0.125450,-0.202209,-0.154574,0.947856,0.177147,-0.074395,-0.254271,0.980763,-0.115949,-0.156149,0.016645,0.941716,-0.124901,-0.216418,0.225241,0.963061,-0.026266,0.001658,0.267995
0.999252,0.000031,-0.038607,0.002007,0.996377,0.047972,-0.070014,0.005372,0.990277,0.023590,0.079027,0.112025,0.993913,-0.006974,-0.001113,0.109939,0.995046,-0.040877,-0.090608,-0.001730,0.994825,-0.025643,0.076081,-0.062271,0.998174,0.003322,-0.008776,-0.059664,0.999802,-0.004495,0.012863,-0.014494,0.985401,0.133526,-0.100925,-0.031155,0.958651,0.125942,-0.203446,-0.154067,0.947578,0.178495,-0.076387,-0.253772,0.980445,-0.117284,-0.157117,0.016932,0.941049,-0.126140,-0.218050,0.225766,0.962757,-0.026403,0.000725,0.269075
0.999236,0.000105,-0.039027,0.002289,0.996392,0.048034,-0.069746,0.005637,0.990247,0.023679,0.079161,0.112181,0.993898,-0.006952,-0.001136,0.110082,0.995066,-0.040884,-0.090386,-0.001452,0.994788,-0.025587,0.076464,-0.062416,0.998166,0.003378,-0.008773,-0.059802,0.999817,-0.004472,0.012262,-0.013974,0.985349,0.134091,-0.100896,-0.030441,0.958420,0.126382,-0.204604,-0.153611,0.947284,0.179997,-0.078481,-0.253170,0.980147,-0.118571,-0.157978,0.017181,0.940417,-0.127315,-0.219577,0.226258,0.962504,-0.026839,-0.000192,0.269936
0.999220,0.000169,-0.039409,0.002664,0.996393,0.048148,-0.069619,0.006007,0.990220,0.023804,0.079209,0.112358,0.993880,-0.006876,-0.001122,0.110249,0.995088,-0.040886,-0.090151,-0.001078,0.994747,-0.025513,0.076889,-0.062575,0.998157,0.003403,-0.008678,-0.059959,0.999832,-0.004478,0.011691,-0.013416,0.985290,0.134692,-0.100901,-0.029693,0.958221,0.126892,-0.205685,-0.152987,0.947112,0.181611,-0.080550,-0.252007,0.979847,-0.119656,-0.158982,0.017538,0.939804,-0.128335,-0.221189,0.226658,0.962346,-0.027418,-0.001395,0.270439
0.999204,0.000222,-0.039769,0.003041,0.996390,0.048258,-0.069549,0.006383,0.990198,0.023920,0.079222,0.112516,0.993864,-0.006796,-0.001121,0.110398,0.995111,-0.040870,-0.089906,-0.000698,0.994713,-0.025430,0.077238,-0.062719,0.998149,0.003455,-0.008611,-0.060103,0.999845,-0.004487,0.011119,-0.012873,0.985224,0.135268,-0.100978,-0.028969,0.958033,0.127404,-0.206729,-0.152330,0.946935,0.183125,-0.082610,-0.250910,0.979560,-0.120692,-0.159924,0.017877,0.939223,-0.129291,-0.222760,0.226985,0.962205,-0.027922,-0.002520,0.270880
0.999191,0.000254,-0.040081,0.003423,0.996379,0.048360,-0.069595,0.006770,0.990186,0.024022,0.079164,0.112638,0.993851,-0.006705,-0.001141,0.110512,0.995137,-0.040818,-0.089640,-0.000306,0.994693,-0.025327,0.077436,-0.062832,0.998142,0.003561,-0.008598,-0.060219,0.999858,-0.004504,0.010546,-0.012359,0.985148,0.135798,-0.101201,-0.028296,0.957869,0.127921,-0.207699,-0.151604,0.946755,0.184437,-0.084652,-0.249943,0.979306,-0.121626,-0.160738,0.018184,0.938709,-0.130120,-0.224250,0.227170,0.962102,-0.028273,-0.003492,0.271198
0.999178,0.000273,-0.040374,0.003759,0.996365,0.048474,-0.069691,0.007118,0.990184,0.024139,0.079068,0.112703,0.993846,-0.006571,-0.001155,0.110571,0.995160,-0.040772,-0.089406,0.000041,0.994682,-0.025241,0.077516,-0.062936,0.998135,0.003687,-0.008566,-0.060330,0.999870,-0.004525,0.009982,-0.011826,0.985057,0.136438,-0.101424,-0.027593,0.957750,0.128588,-0.208471,-0.150731,0.946654,0.185582,-0.086412,-0.248874,0.979061,-0.122501,-0.161522,0.018517,0.938190,-0.130871,-0.225770,0.227376,0.961917,-0.028418,-0.004639,0.271821
0.999165,0.000284,-0.040657,0.004074,0.996348,0.048594,-0.069812,0.007445,0.990186,0.024264,0.078952,0.112740,0.993844,-0.006414,-0.001165,0.110601,0.995182,-0.040730,-0.089188,0.000365,0.994676,-0.025164,0.077537,-0.063036,0.998128,0.003824,-0.008522,-0.060438,0.999882,-0.004549,0.009422,-0.011281,0.984957,0.137133,-0.101647,-0.026874,0.957652,0.129330,-0.209144,-0.149783,0.946590,0.186645,-0.088030,-0.247754,0.978821,-0.123345,-0.162293,0.018863,0.937667,-0.131581,-0.227307,0.227593,0.961689,-0.028462,-0.005876,0.272599
0.999152,0.000294,-0.040948,0.004228,0.996330,0.048671,-0.069996,0.007613,0.990212,0.024369,0.078807,0.112590,0.993862,-0.006278,-0.001232,0.110443,0.995207,-0.040625,-0.088956,0.000537,0.994700,-0.025064,0.077198,-0.063118,0.998121,0.004116,-0.008574,-0.060535,0.999891,-0.004590,0.008915,-0.010823,0.984848,0.137929,-0.101797,-0.026227,0.957597,0.130180,-0.209708,-0.148602,0.946599,0.186994,-0.089960,-0.246759,0.978559,-0.124195,-0.163189,0.019169,0.937075,-0.132210,-0.229440,0.227527,0.961496,-0.028398,-0.007926,0.273231
0.999140,0.000304,-0.041240,0.004352,0.996310,0.048725,-0.070236,0.007751,0.990247,0.024454,0.078636,0.112376,0.993887,-0.006180,-0.001267,0.110225,0.995229,-0.040501,-0.088763,0.000679,0.994731,-0.024960,0.076803,-0.063149,0.998116,0.004413,-0.008684,-0.060578,0.999900,-0.004665,0.008405,-0.010420,0.984741,0.138741,-0.101880,-0.025615,0.957556,0.131034,-0.210266,-0.147323,0.946634,0.187032,-0.092022,-0.245836,0.978301,-0.124968,-0.164112,0.019448,0.936460,-0.132746,-0.231720,0.227434,0.961250,-0.028209,-0.010216,0.274042
0.999127,0.000318,-0.041532,0.004414,0.996284,0.048733,-0.070589,0.007829,0.990303,0.024500,0.078416,0.112034,0.993924,-0.006160,-0.001240,0.109889,0.995246,-0.040338,-0.088644,0.000758,0.994778,-0.024847,0.076297,-0.063078,0.998116,0.004721,-0.008907,-0.060517,0.999906,-0.004804,0.007886,-0.010129,0.984642,0.139582,-0.101827,-0.025074,0.957545,0.131896,-0.210810,-0.145847,0.946723,0.186446,-0.094352,-0.245054,0.978052,-0.125591,-0.165086,0.019676,0.935807,-0.133099,-0.234292,0.227284,0.960897,-0.027771,-0.012986,0.275205
0.999116,0.000334,-0.041799,0.004414,0.996253,0.048795,-0.070981,0.007851,0.990343,0.024556,0.078171,0.111837,0.993944,-0.006135,-0.001064,0.109709,0.995259,-0.040185,-0.088569,0.000773,0.994813,-0.024734,0.075916,-0.063023,0.998115,0.005018,-0.009189,-0.060464,0.999909,-0.004951,0.007521,-0.010030,0.984556,0.140284,-0.101768,-0.024769,0.957508,0.132571,-0.211627,-0.144282,0.946896,0.185238,-0.096916,-0.244300,0.977842,-0.125862,-0.166103,0.019839,0.935148,-0.133078,-0.237170,0.227023,0.960499,-0.026827,-0.015905,0.276531
0.999106,0.000352,-0.042054,0.004383,0.996219,0.048884,-0.071392,0.007844,0.990376,0.024616,0.077914,0.111713,0.993956,-0.006107,-0.000812,0.109607,0.995270,-0.040037,-0.088516,0.000755,0.994843,-0.024621,0.075597,-0.062976,0.998114,0.005309,-0.009500,-0.060415,0.999911,-0.005102,0.007235,-0.010026,0.984477,0.140915,-0.101705,-0.024581,0.957457,0.133156,-0.212582,-0.142673,0.947104,0.183722,-0.099601,-0.243558,0.977650,-0.125957,-0.167143,0.019969,0.934481,-0.132869,-0.240200,0.226706,0.960070,-0.025635,-0.018899,0.277941
0.999094,0.000375,-0.042346,0.004111,0.996185,0.049089,-0.071750,0.007603,0.990341,0.024660,0.077958,0.111974,0.993925,-0.006007,-0.000420,0.109891,0.995281,-0.039846,-0.088476,0.000501,0.994865,-0.024473,0.075384,-0.062950,0.998109,0.005861,-0.009961,-0.060375,0.999910,-0.005346,0.007002,-0.010134,0.984459,0.141412,-0.101216,-0.024458,0.957508,0.133551,-0.213349,-0.140803,0.947387,0.182652,-0.101425,-0.242508,0.977601,-0.125557,-0.167716,0.020055,0.933953,-0.132180,-0.242491,0.226844,0.959537,-0.024913,-0.021208,0.279674
0.999085,0.000410,-0.042593,0.003845,0.996155,0.049293,-0.072055,0.007363,0.990295,0.024684,0.077976,0.112371,0.993879,-0.005885,0.000010,0.110315,0.995294,-0.039648,-0.088418,0.000251,0.994885,-0.024338,0.075251,-0.062842,0.998108,0.006437,-0.010409,-0.060250,0.999908,-0.005592,0.006790,-0.010360,0.984465,0.141846,-0.100552,-0.024440,0.957617,0.133874,-0.213886,-0.138928,0.947750,0.181837,-0.102847,-0.241097,0.977598,-0.124915,-0.168214,0.020068,0.933530,-0.131322,-0.244454,0.226978,0.959027,-0.024312,-0.023299,0.281306
0.999079,0.000468,-0.042752,0.003587,0.996132,0.049496,-0.072254,0.007125,0.990222,0.024667,0.077942,0.113039,0.993802,-0.005719,0.000515,0.111021,0.995311,-0.039438,-0.088323,0.000009,0.994903,-0.024227,0.075279,-0.062570,0.998117,0.007059,-0.010828,-0.059956,0.999902,-0.005841,0.006617,-0.010825,0.984519,0.142153,-0.099540,-0.024632,0.957848,0.134048,-0.213958,-0.137044,0.948283,0.181524,-0.103455,-0.238969,0.977683,-0.123790,-0.168564,0.019934,0.933323,-0.130124,-0.245763,0.227103,0.958574,-0.023943,-0.024952,0.282735
