body_0_x,body_0_y,body_0_z,body_1_x,body_1_y,body_1_z,body_2_x,body_2_y,body_2_z,body_3_x,body_3_y,body_3_z,body_4_x,body_4_y,body_4_z,body_5_x,body_5_y,body_5_z,body_6_x,body_6_y,body_6_z,body_7_x,body_7_y,body_7_z,body_8_x,body_8_y,body_8_z,body_9_x,body_9_y,body_9_z,body_10_x,body_10_y,body_10_z,body_11_x,body_11_y,body_11_z,body_12_x,body_12_y,body_12_z,body_13_x,body_13_y,body_13_z
0.046256,-0.010303,0.783686,0.047009,0.106974,0.651317,0.031931,0.126267,0.346063,-0.027008,0.139423,0.034523,0.047844,-0.125925,0.649833,0.041350,-0.142344,0.344181,-0.011877,-0.153788,0.031639,0.041306,-0.010417,0.827586,0.064885,0.129700,1.071696,0.064382,0.173376,0.892693,0.113141,0.183258,0.715213,0.055259,-0.151233,1.072095,0.072190,-0.183839,0.891617,0.126964,-0.183684,0.715691
0.046022,-0.010011,0.783659,0.046816,0.107267,0.651290,0.031748,0.126563,0.346037,-0.027102,0.139745,0.034483,0.047608,-0.125633,0.649806,0.040966,-0.142065,0.344157,-0.012400,-0.153497,0.031638,0.041061,-0.010126,0.827557,0.064336,0.129975,1.071706,0.063835,0.173709,0.892717,0.112555,0.183704,0.715232,0.054766,-0.150961,1.072068,0.071648,-0.183593,0.891590,0.126460,-0.183452,0.715674
0.045821,-0.009838,0.783626,0.046634,0.107442,0.651260,0.031598,0.126732,0.346005,-0.027196,0.139911,0.034441,0.047422,-0.125458,0.649771,0.040631,-0.141905,0.344126,-0.012883,-0.153335,0.031631,0.040850,-0.009955,0.827523,0.063839,0.130129,1.071709,0.063342,0.173908,0.892731,0.112041,0.184001,0.715244,0.054348,-0.150810,1.072033,0.071190,-0.183440,0.891550,0.126056,-0.183263,0.715649
0.045688,-0.009906,0.783581,0.046474,0.107382,0.651221,0.031514,0.126645,0.345961,-0.027286,0.139767,0.034397,0.047336,-0.125517,0.649721,0.040392,-0.141985,0.344080,-0.013283,-0.153431,0.031613,0.040711,-0.010027,0.827478,0.063449,0.130039,1.071697,0.062955,0.173837,0.892724,0.111670,0.184000,0.715246,0.054083,-0.150905,1.071980,0.070899,-0.183472,0.891483,0.125853,-0.183162,0.715610
0.045609,-0.009936,0.783523,0.046384,0.107360,0.651171,0.031511,0.126609,0.345906,-0.027357,0.139677,0.034354,0.047301,-0.125539,0.649657,0.040241,-0.142006,0.344018,-0.013551,-0.153449,0.031572,0.040624,-0.010062,0.827419,0.063125,0.130007,1.071659,0.062620,0.173796,0.892683,0.111322,0.184009,0.715204,0.053866,-0.150940,1.071927,0.070650,-0.183460,0.891419,0.125658,-0.183035,0.715563
0.045557,-0.009947,0.783459,0.046328,0.107358,0.651114,0.031549,0.126600,0.345844,-0.027417,0.139614,0.034310,0.047293,-0.125541,0.649585,0.040135,-0.141998,0.343948,-0.013754,-0.153428,0.031519,0.040565,-0.010078,0.827353,0.062833,0.130005,1.071607,0.062310,0.173769,0.892625,0.110986,0.184024,0.715140,0.053673,-0.150946,1.071873,0.070421,-0.183427,0.891355,0.125466,-0.182897,0.715511
0.045391,-0.009835,0.783410,0.046121,0.107473,0.651067,0.031446,0.126723,0.345794,-0.027506,0.139712,0.034257,0.047195,-0.125425,0.649534,0.039968,-0.141888,0.343899,-0.013999,-0.153340,0.031485,0.040394,-0.009970,0.827304,0.062473,0.130146,1.071556,0.061950,0.173866,0.892564,0.110581,0.184146,0.715067,0.053431,-0.150809,1.071843,0.070117,-0.183197,0.891302,0.125171,-0.182516,0.715462
0.045345,-0.009737,0.783371,0.046035,0.107576,0.651032,0.031459,0.126836,0.345755,-0.027479,0.139803,0.034215,0.047215,-0.125322,0.649493,0.039917,-0.141801,0.343860,-0.014111,-0.153287,0.031460,0.040341,-0.009875,0.827265,0.062231,0.130281,1.071511,0.061723,0.173940,0.892504,0.110335,0.184221,0.715002,0.053317,-0.150678,1.071827,0.069939,-0.182989,0.891266,0.124980,-0.182173,0.715422
0.045536,-0.009665,0.783353,0.046190,0.107652,0.651017,0.031703,0.126926,0.345738,-0.027221,0.139880,0.034195,0.047471,-0.125244,0.649471,0.040097,-0.141758,0.343841,-0.013955,-0.153308,0.031449,0.040527,-0.009808,0.827246,0.062227,0.130403,1.071477,0.061760,0.173970,0.892447,0.110411,0.184202,0.714954,0.053459,-0.150560,1.071838,0.070012,-0.182823,0.891263,0.125001,-0.181902,0.715404
0.045652,-0.009626,0.783339,0.046287,0.107697,0.651008,0.031892,0.126971,0.345725,-0.026975,0.139917,0.034171,0.047621,-0.125199,0.649453,0.040192,-0.141750,0.343826,-0.013822,-0.153360,0.031430,0.040641,-0.009772,0.827232,0.062234,0.130487,1.071444,0.061774,0.174004,0.892403,0.110390,0.184231,0.714899,0.053513,-0.150478,1.071852,0.069953,-0.182701,0.891260,0.124846,-0.181715,0.715372
0.045730,-0.009604,0.783327,0.046355,0.107726,0.651000,0.032054,0.126993,0.345713,-0.026734,0.139934,0.034145,0.047719,-0.125170,0.649436,0.040244,-0.141760,0.343812,-0.013702,-0.153430,0.031406,0.040718,-0.009751,0.827219,0.062248,0.130552,1.071413,0.061778,0.174039,0.892364,0.110321,0.184285,0.714842,0.053521,-0.150413,1.071868,0.069830,-0.182602,0.891257,0.124603,-0.181569,0.715335
0.045835,-0.009411,0.783329,0.046416,0.107924,0.651006,0.032290,0.127183,0.345711,-0.026371,0.140093,0.034118,0.047864,-0.124971,0.649434,0.040292,-0.141600,0.343815,-0.013660,-0.153346,0.031414,0.040825,-0.009561,0.827222,0.062304,0.130796,1.071389,0.061826,0.174252,0.892332,0.110345,0.184511,0.714806,0.053633,-0.150171,1.071900,0.069819,-0.182352,0.891277,0.124437,-0.181337,0.715307
0.045887,-0.009291,0.783325,0.046429,0.108050,0.651006,0.032449,0.127293,0.345704,-0.026113,0.140168,0.034090,0.047951,-0.124845,0.649425,0.040295,-0.141516,0.343811,-0.013652,-0.153338,0.031412,0.040880,-0.009445,0.827218,0.062322,0.130965,1.071358,0.061841,0.174395,0.892295,0.110329,0.184681,0.714762,0.053695,-0.150003,1.071925,0.069755,-0.182170,0.891288,0.124206,-0.181176,0.715266
0.045835,-0.009318,0.783307,0.046344,0.108028,0.650993,0.032453,0.127243,0.345686,-0.026068,0.140073,0.034063,0.047924,-0.124866,0.649402,0.040209,-0.141585,0.343792,-0.013713,-0.153484,0.031391,0.040831,-0.009475,0.827201,0.062261,0.130986,1.071312,0.061793,0.174400,0.892245,0.110233,0.184739,0.714704,0.053658,-0.149983,1.071934,0.069581,-0.182124,0.891280,0.123844,-0.181155,0.715202
0.045903,-0.009287,0.783284,0.046397,0.108066,0.650974,0.032564,0.127238,0.345661,-0.025924,0.140021,0.034031,0.048003,-0.124828,0.649373,0.040239,-0.141595,0.343767,-0.013703,-0.153551,0.031372,0.040899,-0.009446,0.827177,0.062348,0.131056,1.071263,0.061854,0.174430,0.892186,0.110246,0.184769,0.714633,0.053749,-0.149913,1.071932,0.069523,-0.182020,0.891259,0.123585,-0.181085,0.715118
0.046031,-0.009225,0.783256,0.046517,0.108133,0.650951,0.032729,0.127256,0.345634,-0.025730,0.139990,0.033997,0.048136,-0.124761,0.649342,0.040326,-0.141574,0.343739,-0.013659,-0.153580,0.031353,0.041027,-0.009386,0.827150,0.062509,0.131151,1.071213,0.061970,0.174472,0.892123,0.110313,0.184784,0.714555,0.053906,-0.149818,1.071923,0.069523,-0.181888,0.891230,0.123378,-0.180991,0.715026
0.045950,-0.009020,0.783215,0.046410,0.108341,0.650911,0.032632,0.127418,0.345591,-0.025820,0.140097,0.033950,0.048078,-0.124553,0.649298,0.040288,-0.141397,0.343696,-0.013684,-0.153440,0.031309,0.040949,-0.009182,0.827108,0.062478,0.131368,1.071160,0.061898,0.174675,0.892066,0.110213,0.184988,0.714491,0.053884,-0.149601,1.071885,0.069396,-0.181680,0.891184,0.123135,-0.180810,0.714945
0.045910,-0.008858,0.783190,0.046349,0.108503,0.650888,0.032558,0.127535,0.345565,-0.025880,0.140173,0.033920,0.048048,-0.124390,0.649272,0.040280,-0.141264,0.343671,-0.013666,-0.153341,0.031281,0.040912,-0.009021,0.827084,0.062503,0.131544,1.071122,0.061894,0.174850,0.892028,0.110198,0.185159,0.714451,0.053898,-0.149426,1.071866,0.069298,-0.181529,0.891160,0.122932,-0.180695,0.714889
0.045951,-0.008784,0.783201,0.046380,0.108576,0.650897,0.032527,0.127564,0.345575,-0.025878,0.140185,0.033923,0.048077,-0.124318,0.649284,0.040333,-0.141218,0.343684,-0.013562,-0.153322,0.031286,0.040957,-0.008945,0.827096,0.062641,0.131636,1.071116,0.062028,0.174969,0.892028,0.110356,0.185264,0.714457,0.053982,-0.149332,1.071886,0.069260,-0.181492,0.891179,0.122808,-0.180710,0.714883
0.045935,-0.008829,0.783200,0.046350,0.108532,0.650898,0.032443,0.127468,0.345574,-0.025965,0.140049,0.033921,0.048047,-0.124361,0.649282,0.040348,-0.141294,0.343683,-0.013524,-0.153428,0.031281,0.040946,-0.008990,0.827096,0.062737,0.131597,1.071102,0.062114,0.174963,0.892023,0.110490,0.185227,0.714463,0.054022,-0.149369,1.071887,0.069189,-0.181592,0.891182,0.122634,-0.180877,0.714854
0.045890,-0.008933,0.783194,0.046291,0.108431,0.650893,0.032331,0.127310,0.345569,-0.026097,0.139839,0.033917,0.047989,-0.124462,0.649272,0.040345,-0.141430,0.343674,-0.013520,-0.153598,0.031272,0.040907,-0.009094,0.827089,0.062812,0.131493,1.071086,0.062176,0.174894,0.892016,0.110611,0.185118,0.714469,0.054039,-0.149471,1.071878,0.069103,-0.181759,0.891177,0.122436,-0.181120,0.714815
0.045788,-0.009013,0.783175,0.046191,0.108351,0.650875,0.032176,0.127192,0.345550,-0.026161,0.139721,0.033881,0.047836,-0.124542,0.649252,0.040263,-0.141533,0.343654,-0.013574,-0.153719,0.031246,0.040816,-0.009173,0.827072,0.062825,0.131417,1.071057,0.062230,0.174877,0.892001,0.110741,0.185106,0.714476,0.053965,-0.149544,1.071864,0.068971,-0.181908,0.891171,0.122283,-0.181329,0.714802
0.045675,-0.009026,0.783177,0.046085,0.108339,0.650877,0.032032,0.127140,0.345551,-0.026243,0.139661,0.033869,0.047669,-0.124555,0.649252,0.040172,-0.141572,0.343653,-0.013639,-0.153773,0.031242,0.040714,-0.009185,0.827075,0.062854,0.131405,1.071048,0.062284,0.174916,0.892004,0.110857,0.185137,0.714496,0.053890,-0.149553,1.071867,0.068841,-0.181992,0.891183,0.122124,-0.181483,0.714806
0.045541,-0.008904,0.783219,0.045967,0.108461,0.650920,0.031910,0.127222,0.345591,-0.026358,0.139715,0.033905,0.047470,-0.124433,0.649293,0.040063,-0.141481,0.343694,-0.013726,-0.153693,0.031278,0.040591,-0.009061,0.827118,0.062914,0.131521,1.071080,0.062342,0.175069,0.892045,0.110946,0.185254,0.714544,0.053812,-0.149433,1.071906,0.068713,-0.181946,0.891231,0.121953,-0.181528,0.714841
0.045340,-0.008869,0.783229,0.045778,0.108502,0.650934,0.031729,0.127233,0.345603,-0.026463,0.139722,0.033902,0.047211,-0.124393,0.649298,0.039887,-0.141479,0.343700,-0.013844,-0.153722,0.031275,0.040403,-0.009024,0.827131,0.062904,0.131556,1.071077,0.062322,0.175137,0.892050,0.110912,0.185312,0.714544,0.053679,-0.149394,1.071917,0.068512,-0.181976,0.891249,0.121687,-0.181645,0.714839
0.045107,-0.008876,0.783225,0.045552,0.108501,0.650935,0.031520,0.127209,0.345601,-0.026563,0.139706,0.033880,0.046920,-0.124394,0.649286,0.039677,-0.141523,0.343689,-0.013977,-0.153805,0.031252,0.040183,-0.009032,0.827127,0.062859,0.131551,1.071055,0.062264,0.175164,0.892036,0.110816,0.185341,0.714521,0.053519,-0.149395,1.071914,0.068275,-0.182043,0.891252,0.121373,-0.181799,0.714820
0.045133,-0.008844,0.783257,0.045608,0.108536,0.650969,0.031619,0.127208,0.345631,-0.026382,0.139693,0.033893,0.046879,-0.124360,0.649315,0.039695,-0.141526,0.343719,-0.013950,-0.153832,0.031281,0.040220,-0.008998,0.827160,0.063094,0.131584,1.071070,0.062469,0.175199,0.892052,0.110965,0.185362,0.714521,0.053582,-0.149356,1.071949,0.068241,-0.182036,0.891285,0.121234,-0.181865,0.714822
0.045103,-0.008824,0.783290,0.045615,0.108556,0.651002,0.031659,0.127200,0.345661,-0.026277,0.139681,0.033911,0.046783,-0.124340,0.649348,0.039678,-0.141527,0.343751,-0.013926,-0.153840,0.031306,0.040198,-0.008975,0.827195,0.063267,0.131612,1.071084,0.062609,0.175233,0.892066,0.111025,0.185396,0.714514,0.053578,-0.149321,1.071989,0.068140,-0.182039,0.891324,0.121041,-0.181944,0.714833
0.044961,-0.008827,0.783327,0.045525,0.108549,0.651036,0.031581,0.127179,0.345693,-0.026327,0.139670,0.033938,0.046577,-0.124348,0.649387,0.039590,-0.141524,0.343787,-0.013909,-0.153812,0.031322,0.040061,-0.008975,0.827233,0.063316,0.131630,1.071094,0.062620,0.175265,0.892080,0.110904,0.185456,0.714495,0.053436,-0.149297,1.072041,0.067907,-0.182063,0.891377,0.120739,-0.182051,0.714865
0.044848,-0.008847,0.783332,0.045477,0.108523,0.651035,0.031526,0.127140,0.345691,-0.026312,0.139653,0.033923,0.046388,-0.124374,0.649396,0.039509,-0.141556,0.343794,-0.013884,-0.153831,0.031310,0.039953,-0.008989,0.827237,0.063404,0.131640,1.071066,0.062666,0.175261,0.892049,0.110810,0.185443,0.714425,0.053307,-0.149279,1.072065,0.067650,-0.182048,0.891391,0.120351,-0.182096,0.714841
0.044751,-0.008874,0.783319,0.045450,0.108488,0.651016,0.031482,0.127091,0.345671,-0.026264,0.139634,0.033888,0.046207,-0.124410,0.649390,0.039431,-0.141605,0.343787,-0.013856,-0.153873,0.031284,0.039860,-0.009009,0.827226,0.063512,0.131647,1.071019,0.062730,0.175238,0.891995,0.110730,0.185395,0.714332,0.053184,-0.149264,1.072075,0.067382,-0.182014,0.891387,0.119920,-0.182110,0.714789
0.044695,-0.008864,0.783355,0.045433,0.108491,0.651045,0.031426,0.127091,0.345701,-0.026285,0.139660,0.033912,0.046075,-0.124408,0.649430,0.039382,-0.141588,0.343825,-0.013843,-0.153825,0.031309,0.039814,-0.008994,0.827262,0.063671,0.131672,1.071029,0.062835,0.175278,0.892010,0.110642,0.185459,0.714296,0.053138,-0.149230,1.072121,0.067237,-0.181923,0.891415,0.119685,-0.182016,0.714791
0.044603,-0.008827,0.783369,0.045378,0.108522,0.651054,0.031334,0.127120,0.345711,-0.026330,0.139718,0.033914,0.045904,-0.124377,0.649449,0.039291,-0.141539,0.343841,-0.013857,-0.153742,0.031310,0.039732,-0.008951,0.827277,0.063799,0.131728,1.071017,0.062913,0.175335,0.891998,0.110510,0.185548,0.714230,0.053066,-0.149167,1.072148,0.067068,-0.181793,0.891422,0.119421,-0.181888,0.714770
0.044437,-0.008734,0.783341,0.045247,0.108609,0.651022,0.031169,0.127207,0.345680,-0.026425,0.139844,0.033871,0.045653,-0.124291,0.649425,0.039116,-0.141424,0.343814,-0.013923,-0.153591,0.031263,0.039577,-0.008854,0.827251,0.063865,0.131843,1.070958,0.062937,0.175425,0.891933,0.110290,0.185685,0.714104,0.052939,-0.149044,1.072135,0.066849,-0.181585,0.891386,0.119099,-0.181693,0.714704
0.044161,-0.008829,0.783327,0.044988,0.108510,0.651004,0.030891,0.127117,0.345662,-0.026552,0.139813,0.033827,0.045310,-0.124390,0.649413,0.038828,-0.141495,0.343800,-0.014106,-0.153632,0.031229,0.039312,-0.008945,0.827238,0.063825,0.131785,1.070903,0.062837,0.175346,0.891874,0.109984,0.185612,0.713990,0.052721,-0.149096,1.072142,0.066512,-0.181552,0.891368,0.118639,-0.181665,0.714650
0.043829,-0.009018,0.783318,0.044665,0.108319,0.650992,0.030556,0.126940,0.345652,-0.026695,0.139702,0.033783,0.044922,-0.124582,0.649406,0.038483,-0.141658,0.343791,-0.014348,-0.153771,0.031201,0.038992,-0.009129,0.827231,0.063734,0.131639,1.070851,0.062675,0.175181,0.891817,0.109636,0.185435,0.713884,0.052457,-0.149234,1.072158,0.066114,-0.181607,0.891359,0.118111,-0.181719,0.714603
0.044224,-0.009231,0.783351,0.045072,0.108102,0.651022,0.030924,0.126742,0.345684,-0.026210,0.139571,0.033796,0.045248,-0.124798,0.649442,0.038887,-0.141819,0.343822,-0.013813,-0.153870,0.031206,0.039400,-0.009339,0.827265,0.064431,0.131454,1.070841,0.063349,0.175000,0.891809,0.110178,0.185261,0.713843,0.052965,-0.149410,1.072206,0.066515,-0.181661,0.891376,0.118314,-0.181793,0.714563
0.044443,-0.009416,0.783381,0.045286,0.107912,0.651047,0.031100,0.126560,0.345711,-0.025890,0.139446,0.033798,0.045400,-0.124988,0.649474,0.039106,-0.141965,0.343850,-0.013472,-0.153969,0.031212,0.039634,-0.009520,0.827296,0.064962,0.131300,1.070826,0.063858,0.174852,0.891795,0.110573,0.185106,0.713800,0.053334,-0.149558,1.072249,0.066764,-0.181684,0.891388,0.118345,-0.181833,0.714511
0.044309,-0.009546,0.783403,0.045117,0.107776,0.651063,0.030893,0.126409,0.345728,-0.025903,0.139332,0.033779,0.045204,-0.125125,0.649500,0.038955,-0.142079,0.343875,-0.013523,-0.154070,0.031218,0.039521,-0.009646,0.827321,0.065161,0.131205,1.070799,0.064039,0.174768,0.891772,0.110676,0.184988,0.713755,0.053422,-0.149648,1.072283,0.066710,-0.181646,0.891389,0.118032,-0.181805,0.714437
0.044116,-0.009541,0.783441,0.044880,0.107778,0.651097,0.030651,0.126419,0.345762,-0.025949,0.139400,0.033778,0.044949,-0.125123,0.649540,0.038749,-0.142059,0.343913,-0.013581,-0.154046,0.031229,0.039352,-0.009639,0.827361,0.065321,0.131244,1.070787,0.064151,0.174801,0.891758,0.110694,0.184982,0.713716,0.053491,-0.149605,1.072331,0.066597,-0.181502,0.891405,0.117620,-0.181686,0.714367
0.043894,-0.009468,0.783487,0.044609,0.107848,0.651140,0.030391,0.126509,0.345806,-0.026011,0.139558,0.033788,0.044665,-0.125052,0.649587,0.038515,-0.141972,0.343958,-0.013643,-0.153959,0.031244,0.039156,-0.009565,0.827410,0.065462,0.131348,1.070782,0.064228,0.174891,0.891750,0.110670,0.185032,0.713680,0.053551,-0.149497,1.072384,0.066455,-0.181306,0.891429,0.117157,-0.181520,0.714298
0.043702,-0.009561,0.783546,0.044353,0.107756,0.651197,0.030157,0.126431,0.345864,-0.026099,0.139529,0.033819,0.044391,-0.125145,0.649644,0.038332,-0.142045,0.344012,-0.013621,-0.154024,0.031262,0.038997,-0.009657,0.827473,0.065686,0.131294,1.070781,0.064346,0.174804,0.891743,0.110623,0.184906,0.713628,0.053729,-0.149549,1.072450,0.066390,-0.181254,0.891459,0.116777,-0.181420,0.714240
0.043508,-0.009612,0.783613,0.044084,0.107708,0.651264,0.029935,0.126392,0.345929,-0.026176,0.139528,0.033857,0.044116,-0.125193,0.649707,0.038152,-0.142082,0.344073,-0.013604,-0.154064,0.031288,0.038839,-0.009708,0.827543,0.065939,0.131273,1.070788,0.064470,0.174768,0.891747,0.110572,0.184842,0.713586,0.053961,-0.149568,1.072515,0.066390,-0.181179,0.891492,0.116450,-0.181318,0.714182
0.043309,-0.009577,0.783694,0.043789,0.107750,0.651350,0.029738,0.126434,0.346010,-0.026228,0.139580,0.033910,0.043836,-0.125151,0.649781,0.037978,-0.142047,0.344145,-0.013595,-0.154052,0.031329,0.038683,-0.009677,0.827629,0.066253,0.131323,1.070811,0.064605,0.174833,0.891775,0.110512,0.184899,0.713565,0.054299,-0.149519,1.072581,0.066518,-0.181060,0.891531,0.116229,-0.181213,0.714124
0.043117,-0.009527,0.783758,0.043492,0.107809,0.651420,0.029555,0.126488,0.346075,-0.026230,0.139641,0.033940,0.043553,-0.125091,0.649835,0.037820,-0.141998,0.344197,-0.013500,-0.154038,0.031338,0.038538,-0.009630,0.827698,0.066645,0.131375,1.070815,0.064780,0.174878,0.891779,0.110465,0.184909,0.713512,0.054696,-0.149467,1.072619,0.066707,-0.180981,0.891551,0.116082,-0.181176,0.714050
0.042928,-0.009470,0.783814,0.043195,0.107879,0.651484,0.029380,0.126548,0.346133,-0.026209,0.139707,0.033959,0.043269,-0.125022,0.649879,0.037670,-0.141943,0.344239,-0.013362,-0.154023,0.031331,0.038398,-0.009577,0.827759,0.067077,0.131428,1.070809,0.064976,0.174912,0.891772,0.110425,0.184895,0.713442,0.055122,-0.149414,1.072643,0.066927,-0.180920,0.891560,0.115972,-0.181174,0.713967
0.042694,-0.009385,0.783938,0.042835,0.107976,0.651616,0.029195,0.126603,0.346254,-0.026173,0.139729,0.034037,0.042928,-0.124925,0.649990,0.037501,-0.141878,0.344350,-0.013318,-0.153999,0.031406,0.038221,-0.009497,0.827889,0.067567,0.131521,1.070851,0.065142,0.175001,0.891817,0.110276,0.184969,0.713407,0.055644,-0.149321,1.072733,0.067247,-0.180858,0.891643,0.116003,-0.181194,0.713971
0.042390,-0.009337,0.784063,0.042388,0.108038,0.651751,0.028920,0.126613,0.346379,-0.026192,0.139701,0.034111,0.042513,-0.124862,0.650102,0.037263,-0.141848,0.344460,-0.013306,-0.154018,0.031475,0.037979,-0.009454,0.828020,0.068040,0.131572,1.070891,0.065260,0.175041,0.891859,0.110069,0.184975,0.713366,0.056150,-0.149270,1.072816,0.067513,-0.180843,0.891717,0.115969,-0.181249,0.713963
0.041946,-0.009362,0.784191,0.041765,0.108030,0.651891,0.028463,0.126531,0.346507,-0.026322,0.139572,0.034176,0.041950,-0.124870,0.650214,0.036882,-0.141889,0.344571,-0.013357,-0.154126,0.031531,0.037607,-0.009484,0.828155,0.068478,0.131538,1.070927,0.065281,0.174982,0.891895,0.109749,0.184844,0.713314,0.056624,-0.149306,1.072886,0.067669,-0.180925,0.891775,0.115809,-0.181373,0.713936
0.041558,-0.009266,0.784309,0.041193,0.108141,0.652020,0.028097,0.126547,0.346622,-0.026312,0.139523,0.034218,0.041414,-0.124758,0.650318,0.036539,-0.141814,0.344673,-0.013386,-0.154111,0.031581,0.037298,-0.009394,0.828282,0.069086,0.131621,1.070938,0.065467,0.175051,0.891912,0.109591,0.184810,0.713241,0.057260,-0.149223,1.072935,0.067981,-0.180895,0.891814,0.115804,-0.181374,0.713891
0.041198,-0.009110,0.784423,0.040647,0.108312,0.652144,0.027776,0.126612,0.346730,-0.026231,0.139514,0.034250,0.040890,-0.124587,0.650417,0.036213,-0.141681,0.344772,-0.013405,-0.154035,0.031630,0.037021,-0.009243,0.828403,0.069780,0.131765,1.070935,0.065735,0.175185,0.891916,0.109514,0.184823,0.713155,0.057975,-0.149080,1.072972,0.068370,-0.180809,0.891841,0.115878,-0.181313,0.713835
0.040768,-0.008945,0.784584,0.039983,0.108498,0.652321,0.027374,0.126692,0.346889,-0.026195,0.139519,0.034326,0.040264,-0.124401,0.650559,0.035839,-0.141555,0.344913,-0.013417,-0.153990,0.031713,0.036695,-0.009086,0.828573,0.070598,0.131915,1.070952,0.066071,0.175368,0.891953,0.109482,0.184897,0.713098,0.058855,-0.148931,1.073034,0.068843,-0.180756,0.891897,0.116015,-0.181223,0.713803
0.040233,-0.008778,0.784749,0.039195,0.108688,0.652505,0.026862,0.126776,0.347055,-0.026255,0.139528,0.034408,0.039518,-0.124211,0.650704,0.035351,-0.141424,0.345059,-0.013545,-0.153937,0.031801,0.036271,-0.008927,0.828749,0.071398,0.132063,1.070960,0.066389,0.175553,0.891982,0.109438,0.184957,0.713034,0.059724,-0.148785,1.073086,0.069300,-0.180696,0.891942,0.116110,-0.181123,0.713755
0.039487,-0.008606,0.784927,0.038159,0.108886,0.652705,0.026127,0.126869,0.347237,-0.026508,0.139544,0.034501,0.038532,-0.124012,0.650858,0.034631,-0.141281,0.345212,-0.013903,-0.153869,0.031897,0.035649,-0.008766,0.828937,0.072163,0.132207,1.070953,0.066672,0.175740,0.892000,0.109367,0.184986,0.712961,0.060572,-0.148643,1.073122,0.069721,-0.180624,0.891969,0.116120,-0.181007,0.713677
0.038836,-0.008457,0.785087,0.037183,0.109065,0.652891,0.025487,0.126951,0.347404,-0.026558,0.139576,0.034562,0.037614,-0.123833,0.650996,0.034032,-0.141174,0.345349,-0.014006,-0.153869,0.031956,0.035140,-0.008627,0.829110,0.073177,0.132351,1.070888,0.067139,0.175939,0.891967,0.109363,0.185075,0.712811,0.061687,-0.148501,1.073131,0.070342,-0.180563,0.891968,0.116213,-0.180891,0.713542
0.038234,-0.008318,0.785240,0.036237,0.109233,0.653071,0.024893,0.127027,0.347566,-0.026504,0.139618,0.034609,0.036729,-0.123664,0.651125,0.033493,-0.141086,0.345480,-0.013981,-0.153903,0.031999,0.034686,-0.008500,0.829275,0.074314,0.132496,1.070788,0.067698,0.176145,0.891902,0.109392,0.185194,0.712620,0.062934,-0.148358,1.073118,0.071061,-0.180508,0.891948,0.116346,-0.180776,0.713375
0.037422,-0.008203,0.785498,0.035005,0.109377,0.653358,0.024097,0.127059,0.347831,-0.026650,0.139568,0.034759,0.035639,-0.123519,0.651361,0.032844,-0.140998,0.345714,-0.014090,-0.153913,0.032151,0.034043,-0.008397,0.829547,0.075448,0.132654,1.070729,0.068237,0.176351,0.891878,0.109290,0.185388,0.712448,0.064248,-0.148205,1.073191,0.071850,-0.180414,0.892009,0.116502,-0.180598,0.713279
0.036653,-0.008112,0.785754,0.033790,0.109498,0.653646,0.023339,0.127064,0.348097,-0.026689,0.139497,0.034900,0.034588,-0.123398,0.651595,0.032239,-0.140945,0.345949,-0.014126,-0.153975,0.032299,0.033450,-0.008319,0.829816,0.076696,0.132802,1.070635,0.068854,0.176549,0.891823,0.109220,0.185583,0.712239,0.065706,-0.148062,1.073241,0.072748,-0.180338,0.892049,0.116725,-0.180427,0.713155
0.035972,-0.008068,0.786006,0.032609,0.109572,0.653934,0.022652,0.127016,0.348362,-0.026515,0.139383,0.035020,0.033613,-0.123322,0.651826,0.031722,-0.140960,0.346182,-0.014017,-0.154140,0.032439,0.032959,-0.008289,0.830081,0.078174,0.132930,1.070482,0.069629,0.176732,0.891717,0.109217,0.185784,0.711962,0.067450,-0.147941,1.073259,0.073869,-0.180298,0.892060,0.117083,-0.180272,0.712984
0.035133,-0.008021,0.786276,0.031223,0.109652,0.654247,0.021830,0.126979,0.348652,-0.026425,0.139275,0.035158,0.032504,-0.123240,0.652074,0.031151,-0.140970,0.346432,-0.013975,-0.154299,0.032599,0.032319,-0.008258,0.830364,0.079624,0.133086,1.070290,0.070381,0.176941,0.891573,0.109164,0.186068,0.711648,0.069311,-0.147795,1.073249,0.075074,-0.180255,0.892048,0.117485,-0.180054,0.712785
0.034215,-0.007972,0.786555,0.029735,0.109734,0.654574,0.020939,0.126951,0.348957,-0.026376,0.139175,0.035309,0.031329,-0.123155,0.652331,0.030553,-0.140976,0.346692,-0.013967,-0.154451,0.032771,0.031604,-0.008228,0.830656,0.081057,0.133260,1.070066,0.071117,0.177165,0.891399,0.109084,0.186396,0.711307,0.071229,-0.147633,1.073211,0.076318,-0.180205,0.892011,0.117906,-0.179801,0.712560
0.033309,-0.007915,0.786817,0.028276,0.109832,0.654892,0.020239,0.126967,0.349251,-0.026217,0.139090,0.035465,0.030214,-0.123054,0.652565,0.030206,-0.140952,0.346929,-0.013904,-0.154506,0.032948,0.030895,-0.008193,0.830929,0.082717,0.133458,1.069745,0.072081,0.177426,0.891133,0.109134,0.186823,0.710861,0.073515,-0.147451,1.073073,0.077909,-0.180111,0.891873,0.118621,-0.179407,0.712228
0.032296,-0.007845,0.787055,0.026715,0.109947,0.655194,0.019499,0.127017,0.349530,-0.026086,0.139038,0.035606,0.029041,-0.122934,0.652770,0.029891,-0.140939,0.347141,-0.013931,-0.154580,0.033120,0.030068,-0.008146,0.831176,0.084312,0.133678,1.069354,0.072985,0.177705,0.890800,0.109152,0.187250,0.710358,0.075773,-0.147245,1.072862,0.079487,-0.180021,0.891670,0.119355,-0.179002,0.711844
0.031065,-0.007748,0.787244,0.024948,0.110100,0.655459,0.018679,0.127134,0.349773,-0.026010,0.139047,0.035711,0.027755,-0.122775,0.652914,0.029640,-0.140949,0.347300,-0.014141,-0.154699,0.033275,0.029008,-0.008078,0.831373,0.085783,0.133939,1.068851,0.073777,0.178017,0.890354,0.109112,0.187674,0.709756,0.077983,-0.146997,1.072537,0.081045,-0.179950,0.891367,0.120134,-0.178581,0.711379
0.029758,-0.007710,0.787346,0.023158,0.110221,0.655663,0.018023,0.127266,0.349959,-0.025949,0.139033,0.035786,0.026497,-0.122645,0.652945,0.029859,-0.141001,0.347354,-0.014260,-0.154765,0.033379,0.027849,-0.008080,0.831481,0.087320,0.134128,1.068192,0.074714,0.178287,0.889756,0.109188,0.188162,0.709007,0.080354,-0.146822,1.072021,0.082757,-0.179962,0.890877,0.121143,-0.178186,0.710748
0.028412,-0.007702,0.787404,0.021356,0.110327,0.655838,0.017452,0.127410,0.350120,-0.025895,0.139017,0.035851,0.025253,-0.122528,0.652921,0.030312,-0.141067,0.347364,-0.014332,-0.154792,0.033464,0.026641,-0.008116,0.831545,0.088884,0.134290,1.067431,0.075718,0.178541,0.889059,0.109316,0.188685,0.708164,0.082800,-0.146670,1.071386,0.084543,-0.180004,0.890272,0.122260,-0.177789,0.710014
0.027088,-0.007701,0.787380,0.019630,0.110475,0.655976,0.017386,0.127661,0.350249,-0.025555,0.139020,0.035913,0.024206,-0.122364,0.652768,0.031760,-0.141231,0.347281,-0.014274,-0.154855,0.033589,0.025432,-0.008177,0.831524,0.090787,0.134408,1.066472,0.077131,0.178777,0.888167,0.109757,0.189303,0.707118,0.085633,-0.146561,1.070505,0.086767,-0.180099,0.889426,0.124020,-0.177324,0.709087
0.025628,-0.007768,0.787309,0.017772,0.110577,0.656090,0.017462,0.127925,0.350367,-0.025272,0.138979,0.035992,0.023102,-0.122242,0.652551,0.033499,-0.141462,0.347170,-0.014235,-0.154931,0.033740,0.024084,-0.008313,0.831457,0.092700,0.134455,1.065377,0.078574,0.178955,0.887141,0.110193,0.189891,0.705941,0.088510,-0.146516,1.069466,0.089006,-0.180266,0.888424,0.125793,-0.176906,0.708008
0.023899,-0.007970,0.787148,0.015652,0.110586,0.656158,0.017820,0.128208,0.350461,-0.025106,0.138839,0.036099,0.021884,-0.122204,0.652208,0.035822,-0.141835,0.346993,-0.014231,-0.155045,0.033935,0.022457,-0.008599,0.831298,0.094644,0.134350,1.064050,0.080088,0.179010,0.885889,0.110630,0.190416,0.704537,0.091483,-0.146621,1.068151,0.091283,-0.180600,0.887152,0.127607,-0.176607,0.706664
0.021998,-0.008211,0.786865,0.013390,0.110577,0.656130,0.018736,0.128633,0.350500,-0.024950,0.138702,0.036231,0.020587,-0.122178,0.651729,0.038583,-0.142253,0.346754,-0.014058,-0.155130,0.034133,0.020658,-0.008931,0.831017,0.096730,0.134185,1.062451,0.081860,0.179011,0.884359,0.111309,0.190917,0.702860,0.094663,-0.146779,1.066501,0.093790,-0.180899,0.885530,0.129655,-0.176166,0.704979
0.020011,-0.008471,0.786521,0.011058,0.110559,0.656058,0.019930,0.129148,0.350546,-0.024800,0.138601,0.036412,0.019249,-0.122153,0.651187,0.041561,-0.142671,0.346525,-0.013798,-0.155148,0.034385,0.018773,-0.009287,0.830674,0.098868,0.134009,1.060668,0.083744,0.178994,0.882639,0.112096,0.191411,0.701001,0.097930,-0.146941,1.064632,0.096396,-0.181152,0.883684,0.131799,-0.175621,0.703076
0.017669,-0.008773,0.785970,0.008344,0.110482,0.655780,0.021549,0.129739,0.350469,-0.024827,0.138379,0.036562,0.017569,-0.122182,0.650461,0.044469,-0.143096,0.346195,-0.013748,-0.155064,0.034586,0.016560,-0.009677,0.830125,0.101344,0.133759,1.058389,0.086173,0.178936,0.880414,0.113475,0.191843,0.698651,0.101548,-0.147168,1.062180,0.099408,-0.181361,0.881235,0.134278,-0.175011,0.700560
0.015218,-0.009099,0.785330,0.005495,0.110369,0.655415,0.023186,0.130365,0.350382,-0.024878,0.138216,0.036720,0.015745,-0.122242,0.649667,0.047328,-0.143508,0.345874,-0.013657,-0.154911,0.034804,0.014254,-0.010087,0.829487,0.103876,0.133515,1.055844,0.088703,0.178865,0.877916,0.114985,0.192225,0.696036,0.105251,-0.147378,1.059434,0.102538,-0.181482,0.878480,0.136788,-0.174314,0.697727
0.012545,-0.009471,0.784513,0.002376,0.110183,0.654869,0.024865,0.131022,0.350213,-0.024979,0.138100,0.036822,0.013637,-0.122371,0.648731,0.050093,-0.143937,0.345503,-0.013493,-0.154721,0.034962,0.011761,-0.010534,0.828671,0.106555,0.133250,1.052864,0.091468,0.178753,0.874971,0.116786,0.192499,0.692981,0.109153,-0.147598,1.056196,0.105934,-0.181478,0.875208,0.139394,-0.173503,0.694352
0.009752,-0.009814,0.783510,-0.000917,0.110012,0.654148,0.026509,0.131702,0.349959,-0.025055,0.138008,0.036843,0.011238,-0.122487,0.647640,0.052722,-0.144368,0.345080,-0.013332,-0.154509,0.035063,0.009205,-0.010942,0.827670,0.109631,0.132983,1.049388,0.094709,0.178557,0.871503,0.119190,0.192495,0.689412,0.113288,-0.147808,1.052426,0.109741,-0.181333,0.871380,0.142384,-0.172591,0.690418
0.006900,-0.010142,0.782414,-0.004296,0.109850,0.653347,0.028130,0.132409,0.349718,-0.025126,0.137964,0.036883,0.008693,-0.122594,0.646478,0.055275,-0.144784,0.344682,-0.013179,-0.154238,0.035194,0.006616,-0.011331,0.826575,0.112862,0.132734,1.045570,0.098143,0.178320,0.867675,0.121852,0.192346,0.685487,0.117493,-0.147990,1.048294,0.113704,-0.181076,0.867172,0.145516,-0.171574,0.686107
0.003769,-0.010575,0.781094,-0.008023,0.109576,0.652350,0.029569,0.133050,0.349388,-0.025387,0.137862,0.036848,0.005631,-0.122819,0.645129,0.057638,-0.145407,0.344250,-0.012975,-0.154290,0.035260,0.003827,-0.011819,0.825255,0.116186,0.132432,1.041171,0.101759,0.177891,0.863222,0.125095,0.191642,0.680964,0.121748,-0.148211,1.043608,0.117993,-0.180825,0.862401,0.149078,-0.170613,0.681251
0.000589,-0.010924,0.779678,-0.011811,0.109396,0.651291,0.030922,0.133777,0.349084,-0.025759,0.137850,0.036856,0.002390,-0.122954,0.643698,0.059915,-0.145944,0.343857,-0.012780,-0.154242,0.035361,0.001020,-0.012224,0.823834,0.119583,0.132219,1.036409,0.105423,0.177475,0.858390,0.128504,0.190786,0.676067,0.125949,-0.148334,1.038584,0.122282,-0.180492,0.857295,0.152786,-0.169518,0.676092
-0.002691,-0.011108,0.778068,-0.015724,0.109404,0.650089,0.032121,0.134630,0.348720,-0.026335,0.137930,0.036824,-0.001206,-0.122913,0.642096,0.062036,-0.146356,0.343445,-0.012593,-0.154095,0.035422,-0.001821,-0.012467,0.822216,0.123204,0.132136,1.031094,0.109266,0.177069,0.852978,0.132320,0.189620,0.670600,0.130126,-0.148320,1.033064,0.126661,-0.180091,0.851704,0.156878,-0.168267,0.670505
-0.005928,-0.011276,0.776271,-0.019639,0.109448,0.648757,0.033392,0.135529,0.348330,-0.026736,0.138083,0.036760,-0.004962,-0.122845,0.640333,0.064211,-0.146741,0.343038,-0.012288,-0.153967,0.035486,-0.004558,-0.012695,0.820405,0.127067,0.132055,1.025248,0.113316,0.176571,0.847014,0.136545,0.188071,0.664595,0.134246,-0.148302,1.027159,0.131097,-0.179854,0.845756,0.161651,-0.166852,0.664698
-0.009145,-0.011436,0.774381,-0.023555,0.109507,0.647373,0.034693,0.136439,0.347989,-0.027053,0.138253,0.036746,-0.008800,-0.122765,0.638507,0.066389,-0.147130,0.342718,-0.011950,-0.153881,0.035641,-0.007245,-0.012916,0.818493,0.130979,0.131968,1.019027,0.117392,0.175998,0.840662,0.140889,0.186276,0.658211,0.138270,-0.148286,1.020956,0.135496,-0.179680,0.839520,0.166685,-0.165305,0.658679
-0.012217,-0.011415,0.772200,-0.027322,0.109814,0.645804,0.036387,0.137540,0.347606,-0.027139,0.138551,0.036736,-0.012626,-0.122441,0.636382,0.068790,-0.147332,0.342293,-0.011326,-0.153741,0.035690,-0.009748,-0.012974,0.816282,0.134850,0.132036,1.012370,0.121600,0.175517,0.833845,0.145479,0.184523,0.651388,0.141908,-0.148116,1.014576,0.139723,-0.179662,0.833159,0.172394,-0.163463,0.652754
-0.015331,-0.011433,0.769823,-0.031147,0.110083,0.644084,0.038269,0.138652,0.347242,-0.027239,0.138819,0.036801,-0.016532,-0.122154,0.634102,0.071287,-0.147646,0.341917,-0.010674,-0.153775,0.035820,-0.012272,-0.013070,0.813865,0.138491,0.132040,1.005393,0.125852,0.174872,0.826668,0.150162,0.182682,0.644225,0.145270,-0.148001,1.007916,0.143819,-0.179632,0.826508,0.177992,-0.161608,0.646577
-0.018531,-0.011529,0.767052,-0.035090,0.110279,0.642039,0.040535,0.139806,0.346812,-0.027358,0.139044,0.036908,-0.020594,-0.121941,0.631486,0.074015,-0.148160,0.341498,-0.009920,-0.154109,0.035960,-0.014838,-0.013244,0.811042,0.141816,0.131929,0.997984,0.130341,0.173947,0.818989,0.155194,0.180761,0.636593,0.148209,-0.147991,1.000901,0.147774,-0.179610,0.819487,0.183525,-0.159821,0.640078
-0.021728,-0.011547,0.763786,-0.039068,0.110534,0.639551,0.043154,0.141045,0.346192,-0.027540,0.139199,0.036948,-0.024721,-0.121670,0.628448,0.076857,-0.148703,0.340905,-0.009353,-0.154443,0.036031,-0.017364,-0.013335,0.807711,0.144943,0.131805,0.990077,0.135045,0.173064,0.810813,0.160517,0.179191,0.628492,0.150930,-0.147982,0.993314,0.151793,-0.179399,0.811868,0.188941,-0.158150,0.632939
-0.024923,-0.011527,0.760271,-0.043062,0.110816,0.636862,0.045927,0.142302,0.345587,-0.027772,0.139292,0.037086,-0.028884,-0.121373,0.625223,0.079708,-0.149288,0.340344,-0.008930,-0.154814,0.036200,-0.019871,-0.013384,0.804120,0.147910,0.131668,0.981849,0.139791,0.172162,0.802322,0.165926,0.177742,0.620092,0.153490,-0.147975,0.985376,0.155788,-0.179079,0.803891,0.194240,-0.156512,0.625425
-0.028306,-0.011373,0.755982,-0.047409,0.111185,0.633487,0.049062,0.143824,0.344732,-0.027961,0.139549,0.037096,-0.033391,-0.120990,0.621370,0.082802,-0.149729,0.339592,-0.008616,-0.154928,0.036310,-0.022465,-0.013282,0.799730,0.150279,0.131591,0.973141,0.144516,0.171363,0.793363,0.171608,0.176659,0.611279,0.155479,-0.147897,0.976836,0.159738,-0.178453,0.795295,0.199452,-0.155056,0.617237
-0.031676,-0.011224,0.751368,-0.051764,0.111543,0.629862,0.052361,0.145330,0.343911,-0.028131,0.139722,0.037227,-0.037935,-0.120618,0.617269,0.085935,-0.150218,0.338873,-0.008349,-0.155081,0.036510,-0.025023,-0.013186,0.794998,0.152429,0.131493,0.964135,0.149196,0.170557,0.784142,0.177413,0.175652,0.602238,0.157312,-0.147830,0.967947,0.163680,-0.177751,0.786364,0.204638,-0.153654,0.608706
-0.035020,-0.011086,0.746105,-0.056142,0.111883,0.625693,0.056028,0.146843,0.342942,-0.028228,0.139775,0.037350,-0.042545,-0.120265,0.612621,0.089240,-0.150749,0.337983,-0.008077,-0.155237,0.036628,-0.027509,-0.013101,0.789593,0.154265,0.131363,0.954682,0.153919,0.169818,0.774531,0.183593,0.174906,0.592877,0.158937,-0.147785,0.958491,0.167711,-0.176924,0.776883,0.209891,-0.152410,0.599591
-0.038351,-0.010866,0.740121,-0.060538,0.112285,0.620894,0.060049,0.148559,0.341796,-0.028238,0.140002,0.037441,-0.047132,-0.119849,0.607360,0.092873,-0.151222,0.336924,-0.007805,-0.155242,0.036730,-0.029959,-0.012928,0.783446,0.155988,0.131315,0.944476,0.158753,0.169234,0.764235,0.190158,0.174350,0.582891,0.160496,-0.147645,0.948239,0.171896,-0.175918,0.766641,0.215360,-0.151218,0.589709
-0.041675,-0.010605,0.733778,-0.064940,0.112712,0.615815,0.064184,0.150340,0.340743,-0.028257,0.140271,0.037736,-0.051712,-0.119405,0.601829,0.096577,-0.151703,0.335958,-0.007622,-0.155217,0.037029,-0.032395,-0.012711,0.776918,0.157607,0.131310,0.933844,0.163591,0.168699,0.753573,0.196873,0.173852,0.572586,0.161978,-0.147452,0.937545,0.176107,-0.174796,0.755999,0.220901,-0.150026,0.579431
-0.045018,-0.010062,0.726310,-0.069399,0.113361,0.609682,0.068545,0.152465,0.339135,-0.028303,0.140900,0.037640,-0.056391,-0.118749,0.595357,0.100529,-0.151923,0.334598,-0.007235,-0.154789,0.037006,-0.034806,-0.012192,0.769239,0.159195,0.131627,0.921911,0.168401,0.168754,0.741724,0.203952,0.173835,0.561195,0.163439,-0.146925,0.925603,0.180470,-0.173398,0.744178,0.226780,-0.148859,0.567997
-0.048421,-0.009533,0.718418,-0.073932,0.113978,0.603209,0.072811,0.154545,0.337551,-0.028444,0.141433,0.037659,-0.061164,-0.118126,0.588566,0.104324,-0.152212,0.333279,-0.007097,-0.154406,0.037113,-0.037265,-0.011683,0.761110,0.160706,0.131941,0.909357,0.173147,0.168826,0.729319,0.211089,0.173739,0.549302,0.164802,-0.146392,0.913102,0.184764,-0.172009,0.731854,0.232700,-0.147716,0.556106
-0.051941,-0.009033,0.709678,-0.078621,0.114540,0.595990,0.077007,0.156612,0.335676,-0.028677,0.141861,0.037493,-0.066114,-0.117560,0.581063,0.107985,-0.152558,0.331696,-0.007280,-0.154017,0.037090,-0.039815,-0.011194,0.752105,0.162154,0.132246,0.895658,0.177861,0.168987,0.715850,0.218423,0.173559,0.536431,0.166057,-0.145854,0.899573,0.189017,-0.170684,0.718572,0.238773,-0.146671,0.543331
-0.055560,-0.008411,0.700165,-0.083452,0.115204,0.588115,0.081086,0.158825,0.333599,-0.029002,0.142348,0.037215,-0.071256,-0.116897,0.572933,0.111464,-0.152844,0.329951,-0.007583,-0.153560,0.036946,-0.042430,-0.010578,0.742291,0.163564,0.132719,0.880812,0.182429,0.169385,0.701296,0.225602,0.173571,0.522517,0.167234,-0.145135,0.885099,0.193274,-0.169293,0.704424,0.245046,-0.145577,0.529775
-0.059229,-0.007729,0.690265,-0.088349,0.115914,0.579955,0.084998,0.161058,0.331627,-0.029459,0.142765,0.037128,-0.076497,-0.116190,0.564538,0.114712,-0.153154,0.328334,-0.008077,-0.153138,0.036978,-0.045083,-0.009898,0.732061,0.164878,0.133273,0.865329,0.186839,0.169873,0.686156,0.232617,0.173634,0.508059,0.168313,-0.144323,0.870100,0.197467,-0.167850,0.689819,0.251359,-0.144437,0.515823
-0.062910,-0.007136,0.679581,-0.093378,0.116483,0.571127,0.088646,0.163143,0.329373,-0.029746,0.142977,0.036678,-0.081879,-0.115627,0.555540,0.117588,-0.153478,0.326410,-0.008743,-0.152515,0.036677,-0.047698,-0.009290,0.721002,0.166345,0.133805,0.848472,0.191335,0.170384,0.669696,0.239768,0.173634,0.492334,0.169550,-0.143511,0.853938,0.201971,-0.166537,0.674150,0.258320,-0.143426,0.500949
-0.066629,-0.006540,0.668712,-0.098458,0.117040,0.562210,0.092038,0.165149,0.327365,-0.030147,0.143089,0.036490,-0.087321,-0.115078,0.546469,0.120151,-0.153855,0.324721,-0.009516,-0.151947,0.036573,-0.050350,-0.008674,0.709726,0.167661,0.134358,0.831188,0.195622,0.170838,0.652836,0.246700,0.173499,0.476251,0.170679,-0.142665,0.837418,0.206379,-0.165167,0.658185,0.265230,-0.142372,0.485832
-0.070426,-0.005937,0.657471,-0.103649,0.117579,0.553029,0.095127,0.167098,0.325450,-0.030609,0.143185,0.036354,-0.092882,-0.114548,0.537158,0.122352,-0.154239,0.323100,-0.010262,-0.151374,0.036402,-0.053069,-0.008046,0.698042,0.168834,0.134958,0.813179,0.199657,0.171239,0.635261,0.253368,0.173191,0.459490,0.171716,-0.141756,0.820289,0.210728,-0.163720,0.641680,0.272159,-0.141277,0.470239
-0.073895,-0.005474,0.646126,-0.108505,0.117955,0.543793,0.098290,0.168912,0.323806,-0.030559,0.143195,0.036344,-0.097963,-0.114172,0.527775,0.124669,-0.154588,0.321560,-0.010797,-0.150759,0.036304,-0.055509,-0.007546,0.686243,0.169968,0.135487,0.795134,0.203608,0.171472,0.617670,0.260019,0.172580,0.442778,0.172850,-0.140913,0.803106,0.215201,-0.162277,0.625185,0.279264,-0.140234,0.454710
-0.077201,-0.005081,0.634730,-0.113192,0.118246,0.534571,0.101347,0.170632,0.322475,-0.030389,0.143113,0.036593,-0.102805,-0.113877,0.518393,0.126900,-0.154945,0.320218,-0.011365,-0.150152,0.036413,-0.057815,-0.007110,0.674376,0.170995,0.135981,0.777022,0.207417,0.171614,0.600039,0.266555,0.171806,0.426084,0.173963,-0.140098,0.785852,0.219659,-0.160811,0.608682,0.286377,-0.139188,0.439225
-0.080445,-0.004914,0.623330,-0.117592,0.118251,0.525174,0.104257,0.171968,0.321084,-0.030216,0.142828,0.036733,-0.107323,-0.113875,0.508970,0.128976,-0.155605,0.318848,-0.011794,-0.149846,0.036375,-0.060187,-0.006886,0.662540,0.171272,0.136355,0.759891,0.210590,0.171437,0.583422,0.272711,0.170427,0.410551,0.174588,-0.139425,0.769193,0.223661,-0.159262,0.592826,0.293163,-0.137771,0.424522
-0.083515,-0.004738,0.611908,-0.121756,0.118241,0.515731,0.107044,0.173282,0.319835,-0.030156,0.142489,0.037061,-0.111574,-0.113891,0.499554,0.131016,-0.156252,0.317669,-0.012209,-0.149511,0.036534,-0.062433,-0.006645,0.650684,0.171400,0.136772,0.743010,0.213590,0.171293,0.567097,0.278741,0.169008,0.395398,0.175165,-0.138716,0.752601,0.227555,-0.157580,0.577082,0.299837,-0.136056,0.410006
-0.086237,-0.004542,0.600441,-0.125451,0.118205,0.506120,0.109870,0.174619,0.318520,-0.030056,0.142151,0.037374,-0.115288,-0.113937,0.490079,0.133269,-0.156813,0.316560,-0.012322,-0.149061,0.036747,-0.064418,-0.006371,0.638812,0.171391,0.137274,0.726717,0.216427,0.171228,0.551402,0.284719,0.167522,0.380993,0.175773,-0.137943,0.736226,0.231381,-0.155676,0.561580,0.306443,-0.133808,0.395828
-0.088622,-0.004309,0.588967,-0.128691,0.118162,0.496373,0.112765,0.175993,0.317193,-0.029694,0.141956,0.037611,-0.118492,-0.113995,0.480578,0.135693,-0.157374,0.315543,-0.012133,-0.148603,0.037010,-0.066145,-0.006045,0.626960,0.171283,0.137854,0.711092,0.219175,0.171258,0.536432,0.290802,0.165876,0.367489,0.176388,-0.137112,0.720175,0.235183,-0.153652,0.546456,0.313161,-0.131041,0.382213
-0.090837,-0.004056,0.577489,-0.131714,0.118116,0.486577,0.115530,0.177396,0.315973,-0.029353,0.141813,0.037938,-0.121449,-0.114058,0.471080,0.138055,-0.157922,0.314672,-0.011934,-0.148129,0.037408,-0.067745,-0.005693,0.615116,0.171112,0.138470,0.695794,0.221858,0.171340,0.521842,0.296891,0.164160,0.354499,0.176973,-0.136253,0.704270,0.238921,-0.151561,0.531535,0.319872,-0.128010,0.368930
-0.092779,-0.003946,0.566109,-0.134251,0.117938,0.476683,0.118258,0.178566,0.314477,-0.029124,0.141762,0.038028,-0.123936,-0.114257,0.461543,0.140470,-0.158695,0.313741,-0.011667,-0.147852,0.037768,-0.069186,-0.005495,0.603428,0.170728,0.138968,0.681484,0.224324,0.171334,0.508297,0.302799,0.162276,0.342678,0.177442,-0.135538,0.688955,0.242359,-0.149581,0.517204,0.326354,-0.124515,0.356448
-0.094376,-0.003941,0.554875,-0.136417,0.117670,0.466911,0.120950,0.179632,0.313068,-0.028895,0.141576,0.038226,-0.126023,-0.114543,0.452090,0.142878,-0.159566,0.312818,-0.011417,-0.147716,0.038167,-0.070318,-0.005406,0.591898,0.170538,0.139355,0.667571,0.226955,0.171204,0.495188,0.308780,0.160300,0.331357,0.178071,-0.134937,0.673990,0.245858,-0.147751,0.503253,0.332852,-0.121100,0.344434
-0.095283,-0.004149,0.543929,-0.137825,0.117218,0.457340,0.123904,0.180481,0.311605,-0.028356,0.141174,0.038379,-0.127297,-0.115003,0.442767,0.145592,-0.160651,0.311693,-0.010892,-0.147869,0.038405,-0.070825,-0.005539,0.580693,0.170774,0.139524,0.654468,0.229969,0.170819,0.482921,0.315016,0.158115,0.320914,0.179097,-0.134567,0.659765,0.249589,-0.146241,0.490045,0.339519,-0.117856,0.333259
-0.096014,-0.004263,0.533455,-0.138966,0.116888,0.448101,0.126545,0.181335,0.309928,-0.028051,0.140851,0.038299,-0.128312,-0.115343,0.433769,0.148091,-0.161654,0.310521,-0.010535,-0.147902,0.038595,-0.071220,-0.005587,0.569996,0.170984,0.139780,0.642166,0.232752,0.170393,0.471407,0.320629,0.156086,0.311093,0.179994,-0.134125,0.646549,0.252921,-0.144812,0.477795,0.345562,-0.114765,0.322999
-0.096656,-0.004331,0.523216,-0.139979,0.116619,0.439033,0.128941,0.182194,0.308182,-0.027942,0.140555,0.038156,-0.129205,-0.115622,0.424938,0.150381,-0.162615,0.309363,-0.010357,-0.147858,0.038812,-0.071560,-0.005593,0.559552,0.171177,0.140077,0.630265,0.235413,0.169948,0.460289,0.325911,0.154144,0.301620,0.180820,-0.133649,0.633835,0.256040,-0.143421,0.466034,0.351263,-0.111758,0.313232
-0.096811,-0.004766,0.514012,-0.140532,0.116015,0.430905,0.131142,0.182708,0.306471,-0.027813,0.139814,0.037966,-0.129566,-0.116226,0.416964,0.152668,-0.163724,0.308230,-0.010196,-0.148143,0.039082,-0.071443,-0.005970,0.550161,0.171746,0.140045,0.619443,0.238102,0.169032,0.450132,0.330603,0.152091,0.292768,0.181909,-0.133522,0.622651,0.258927,-0.142629,0.455631,0.356154,-0.109547,0.304481
-0.096746,-0.005196,0.505100,-0.140846,0.115432,0.423037,0.133298,0.183202,0.304757,-0.027731,0.139069,0.037801,-0.129726,-0.116810,0.409233,0.154882,-0.164768,0.307083,-0.010084,-0.148367,0.039348,-0.071119,-0.006347,0.541068,0.172522,0.140009,0.608850,0.240849,0.168049,0.440167,0.335129,0.150064,0.284007,0.183141,-0.133405,0.611884,0.261804,-0.141921,0.445601,0.360855,-0.107486,0.296026
-0.096240,-0.005618,0.496773,-0.140669,0.114891,0.415671,0.135560,0.183654,0.302951,-0.027563,0.138343,0.037573,-0.129469,-0.117355,0.401976,0.157161,-0.165686,0.305825,-0.009875,-0.148507,0.039503,-0.070379,-0.006727,0.532574,0.173720,0.139964,0.598715,0.243729,0.166922,0.430548,0.339368,0.148070,0.275349,0.184681,-0.133311,0.601957,0.264698,-0.141388,0.436301,0.365244,-0.105712,0.288093
-0.095420,-0.006024,0.489160,-0.140194,0.114398,0.409011,0.137787,0.184142,0.301315,-0.027308,0.137806,0.037436,-0.128971,-0.117851,0.395371,0.159389,-0.166463,0.304685,-0.009616,-0.148567,0.039726,-0.069318,-0.007098,0.524786,0.175260,0.140005,0.588892,0.246619,0.165751,0.421105,0.343222,0.146175,0.266618,0.186494,-0.133141,0.592909,0.267421,-0.141086,0.427691,0.369101,-0.104137,0.280643
-0.094443,-0.006421,0.481903,-0.139572,0.113928,0.402706,0.139965,0.184642,0.299776,-0.027032,0.137344,0.037364,-0.128356,-0.118323,0.389094,0.161552,-0.167176,0.303618,-0.009366,-0.148594,0.040003,-0.068097,-0.007465,0.517351,0.176958,0.140088,0.579221,0.249499,0.164562,0.411753,0.346873,0.144346,0.257854,0.188442,-0.132930,0.584295,0.270057,-0.140890,0.419419,0.372671,-0.102643,0.273425
-0.093251,-0.006824,0.476129,-0.138610,0.113530,0.397737,0.142032,0.185079,0.298463,-0.026630,0.137041,0.037333,-0.127529,-0.118724,0.384046,0.163535,-0.167677,0.302644,-0.009146,-0.148653,0.040271,-0.066710,-0.007867,0.511431,0.178769,0.140117,0.571031,0.252068,0.163329,0.403714,0.349919,0.142504,0.250229,0.190343,-0.132788,0.577795,0.272263,-0.140936,0.413082,0.375636,-0.101130,0.268113
-0.091938,-0.007221,0.470850,-0.137526,0.113156,0.393239,0.144057,0.185439,0.297213,-0.026222,0.136751,0.037331,-0.126619,-0.119100,0.379444,0.165418,-0.168194,0.301690,-0.008923,-0.148755,0.040498,-0.065201,-0.008269,0.506003,0.180684,0.140175,0.563185,0.254581,0.162147,0.395965,0.352838,0.140699,0.242856,0.192355,-0.132607,0.571849,0.274404,-0.140981,0.407212,0.378393,-0.099496,0.263232
-0.090383,-0.007603,0.466561,-0.136192,0.112833,0.389680,0.146063,0.185654,0.296067,-0.025749,0.136530,0.037349,-0.125539,-0.119426,0.375729,0.167190,-0.168727,0.300748,-0.008620,-0.148926,0.040601,-0.063448,-0.008670,0.501563,0.182826,0.140288,0.556034,0.257004,0.161060,0.388784,0.355516,0.138942,0.235968,0.194594,-0.132355,0.567016,0.276416,-0.141035,0.402284,0.380773,-0.097647,0.259213
-0.088720,-0.007866,0.463483,-0.134742,0.112647,0.387212,0.147905,0.185914,0.295141,-0.025219,0.136302,0.037453,-0.124287,-0.119610,0.373062,0.168913,-0.169017,0.300009,-0.008170,-0.149024,0.040770,-0.061618,-0.008952,0.498355,0.184935,0.140535,0.550314,0.259228,0.160291,0.382993,0.358010,0.137446,0.230486,0.196812,-0.131959,0.563751,0.278229,-0.140875,0.398833,0.382796,-0.095505,0.256617
-0.087005,-0.008068,0.461012,-0.133232,0.112528,0.385290,0.149669,0.186194,0.294326,-0.024652,0.136068,0.037602,-0.122950,-0.119724,0.370921,0.170613,-0.169187,0.299372,-0.007643,-0.149088,0.040975,-0.059749,-0.009176,0.495762,0.187022,0.140842,0.545299,0.261342,0.159680,0.377883,0.360397,0.136088,0.225693,0.199026,-0.131483,0.561258,0.279939,-0.140601,0.396104,0.384615,-0.093208,0.254719
-0.085504,-0.008061,0.460078,-0.131863,0.112638,0.384745,0.151015,0.186353,0.293748,-0.024259,0.136114,0.037734,-0.121947,-0.119622,0.370237,0.171663,-0.169313,0.299031,-0.007352,-0.149186,0.041163,-0.058100,-0.009200,0.494711,0.188954,0.141231,0.541626,0.263019,0.159376,0.374019,0.362196,0.135092,0.222039,0.200980,-0.130910,0.560215,0.281068,-0.140242,0.394672,0.385610,-0.090916,0.253939
-0.084040,-0.007999,0.459658,-0.130530,0.112797,0.384670,0.152247,0.186460,0.293314,-0.023844,0.136129,0.037911,-0.121004,-0.119472,0.370055,0.172576,-0.169371,0.298867,-0.007007,-0.149216,0.041395,-0.056484,-0.009171,0.494170,0.190847,0.141627,0.538502,0.264673,0.159140,0.370722,0.363986,0.134204,0.218956,0.202893,-0.130312,0.559633,0.282101,-0.139788,0.393675,0.386407,-0.088630,0.253505
-0.082647,-0.007830,0.460265,-0.129272,0.113059,0.385538,0.153244,0.186466,0.293169,-0.023398,0.136090,0.038172,-0.120181,-0.119226,0.370874,0.173217,-0.169291,0.299055,-0.006558,-0.149106,0.041705,-0.054936,-0.009033,0.494651,0.192678,0.142054,0.536503,0.266314,0.159052,0.368586,0.365804,0.133527,0.217047,0.204717,-0.129677,0.560005,0.282946,-0.139154,0.393584,0.386861,-0.086365,0.253793
-0.081550,-0.007721,0.461655,-0.128349,0.113229,0.387128,0.153771,0.186312,0.293304,-0.023069,0.135977,0.038434,-0.119701,-0.119075,0.372494,0.173381,-0.169247,0.299471,-0.006265,-0.149105,0.042005,-0.053671,-0.008942,0.495904,0.194228,0.142423,0.535138,0.267551,0.159007,0.367042,0.367036,0.133030,0.215585,0.206310,-0.129081,0.560951,0.283441,-0.138502,0.394015,0.386781,-0.084241,0.254415
-0.080601,-0.007642,0.463437,-0.127595,0.113354,0.389078,0.154057,0.186080,0.293582,-0.022806,0.135827,0.038698,-0.119391,-0.118971,0.374517,0.173302,-0.169221,0.300003,-0.006056,-0.149155,0.042305,-0.052548,-0.008876,0.497542,0.195626,0.142756,0.534082,0.268570,0.158978,0.365787,0.367956,0.132622,0.214337,0.207789,-0.128504,0.562174,0.283755,-0.137840,0.394700,0.386420,-0.082188,0.255197
-0.079561,-0.007423,0.466321,-0.126647,0.113623,0.391959,0.154331,0.185596,0.293937,-0.022341,0.135582,0.038842,-0.119107,-0.118737,0.377603,0.172944,-0.169006,0.300632,-0.005669,-0.149118,0.042360,-0.051341,-0.008680,0.500288,0.197161,0.143036,0.534380,0.269867,0.159012,0.365959,0.369142,0.132426,0.214474,0.209250,-0.127995,0.564512,0.284037,-0.137233,0.396503,0.385937,-0.080549,0.256880
-0.078657,-0.007103,0.469491,-0.125833,0.113987,0.395096,0.154405,0.185170,0.294414,-0.021915,0.135423,0.038986,-0.118978,-0.118409,0.380981,0.172359,-0.168709,0.301377,-0.005345,-0.149026,0.042414,-0.050271,-0.008382,0.503319,0.198561,0.143367,0.534971,0.270973,0.159126,0.366403,0.370042,0.132386,0.214808,0.210565,-0.127428,0.567084,0.284126,-0.136544,0.398528,0.385171,-0.078946,0.258677
-0.078028,-0.006581,0.473234,-0.125288,0.114538,0.398747,0.154099,0.184859,0.295131,-0.021548,0.135437,0.039126,-0.119160,-0.117897,0.384939,0.171334,-0.168250,0.302349,-0.005133,-0.148835,0.042462,-0.049474,-0.007879,0.506920,0.199710,0.143814,0.536159,0.271724,0.159404,0.367406,0.370403,0.132656,0.215558,0.211581,-0.126749,0.570141,0.283837,-0.135698,0.401013,0.383863,-0.077417,0.260717
-0.077499,-0.006002,0.477379,-0.124844,0.115135,0.402757,0.153588,0.184515,0.295983,-0.021231,0.135466,0.039278,-0.119491,-0.117340,0.389313,0.170056,-0.167563,0.303396,-0.004979,-0.148530,0.042443,-0.048771,-0.007315,0.510915,0.200822,0.144197,0.537714,0.272437,0.159604,0.368775,0.370647,0.132838,0.216624,0.212474,-0.126129,0.573507,0.283502,-0.134907,0.403851,0.382548,-0.076119,0.263075
-0.077021,-0.005393,0.481723,-0.124452,0.115754,0.406948,0.152952,0.184152,0.296912,-0.020959,0.135497,0.039448,-0.119898,-0.116760,0.393899,0.168625,-0.166763,0.304486,-0.004879,-0.148152,0.042403,-0.048116,-0.006720,0.515107,0.201907,0.144542,0.539448,0.273118,0.159760,0.370323,0.370817,0.132975,0.217845,0.213306,-0.125538,0.577023,0.283140,-0.134143,0.406864,0.381221,-0.074935,0.265591
-0.076917,-0.004443,0.486447,-0.124346,0.116702,0.411398,0.151973,0.183931,0.297959,-0.020655,0.135779,0.039464,-0.120680,-0.115854,0.398847,0.166683,-0.165802,0.305751,-0.004818,-0.147648,0.042228,-0.047861,-0.005787,0.519699,0.202631,0.145052,0.542045,0.273614,0.160148,0.372814,0.370927,0.133391,0.220080,0.213608,-0.124828,0.581047,0.282436,-0.133288,0.410472,0.379597,-0.073873,0.268631
-0.076960,-0.003458,0.491192,-0.124377,0.117679,0.415852,0.150819,0.183744,0.299048,-0.020507,0.136049,0.039528,-0.121604,-0.114916,0.403816,0.164544,-0.164792,0.307019,-0.004900,-0.147135,0.042041,-0.047759,-0.004819,0.524315,0.203219,0.145534,0.544732,0.273982,0.160494,0.375399,0.370904,0.133751,0.222406,0.213738,-0.124156,0.585048,0.281633,-0.132468,0.414093,0.377908,-0.072921,0.271680
-0.077297,-0.002406,0.495979,-0.124681,0.118712,0.420311,0.149366,0.183630,0.300205,-0.020634,0.136309,0.039664,-0.122811,-0.113919,0.408825,0.162059,-0.163682,0.308280,-0.005226,-0.146622,0.041797,-0.047960,-0.003783,0.528981,0.203549,0.145967,0.547606,0.274117,0.160761,0.378177,0.370637,0.133999,0.224926,0.213523,-0.123558,0.589011,0.280640,-0.131719,0.417743,0.376106,-0.072196,0.274741
-0.077585,-0.001548,0.500778,-0.124911,0.119519,0.424706,0.147957,0.183369,0.301384,-0.020582,0.136359,0.039758,-0.123907,-0.113146,0.413844,0.159645,-0.162857,0.309624,-0.005370,-0.146435,0.041594,-0.048133,-0.002930,0.533677,0.203872,0.146209,0.550853,0.274391,0.160871,0.381393,0.370692,0.134000,0.228010,0.213281,-0.123173,0.593190,0.279881,-0.131293,0.421719,0.374732,-0.071817,0.278248
-0.077848,-0.000787,0.505582,-0.125105,0.120213,0.429070,0.146552,0.183027,0.302584,-0.020455,0.136298,0.039845,-0.124951,-0.112484,0.418871,0.157240,-0.162182,0.311017,-0.005442,-0.146406,0.041433,-0.048292,-0.002168,0.538389,0.204192,0.146352,0.554288,0.274735,0.160898,0.384829,0.370908,0.133875,0.231378,0.213024,-0.122894,0.597478,0.279238,-0.131027,0.425860,0.373572,-0.071612,0.281979
-0.078506,0.000147,0.510000,-0.125650,0.121045,0.432998,0.144933,0.182899,0.303764,-0.020526,0.136421,0.039925,-0.126328,-0.111681,0.423529,0.154563,-0.161266,0.312289,-0.005735,-0.146286,0.041148,-0.048867,-0.001222,0.542732,0.204101,0.146639,0.557527,0.274706,0.160972,0.388077,0.370812,0.133573,0.234631,0.212324,-0.122487,0.601432,0.278479,-0.130851,0.429803,0.372577,-0.071580,0.285636
-0.079207,0.001031,0.514258,-0.126221,0.121818,0.436751,0.143310,0.182740,0.304903,-0.020616,0.136520,0.039991,-0.127709,-0.110932,0.428022,0.151895,-0.160444,0.313560,-0.006038,-0.146232,0.040910,-0.049496,-0.000325,0.546925,0.203930,0.146898,0.560696,0.274601,0.161016,0.391256,0.370687,0.133164,0.237860,0.211571,-0.122115,0.605261,0.277753,-0.130757,0.433658,0.371722,-0.071600,0.289290
-0.079992,0.001812,0.518192,-0.126843,0.122475,0.440151,0.141715,0.182531,0.305941,-0.020720,0.136582,0.039997,-0.129097,-0.110295,0.432179,0.149301,-0.159800,0.314814,-0.006317,-0.146332,0.040724,-0.050232,0.000474,0.550816,0.203608,0.147105,0.563728,0.274348,0.161007,0.394299,0.370510,0.132546,0.241043,0.210715,-0.121808,0.608838,0.277094,-0.130826,0.437332,0.371154,-0.071716,0.292933
-0.080841,0.002528,0.521801,-0.127494,0.123052,0.443197,0.140191,0.182345,0.306919,-0.020776,0.136625,0.039981,-0.130460,-0.109733,0.435973,0.146794,-0.159163,0.315905,-0.006657,-0.146418,0.040493,-0.051057,0.001215,0.554404,0.203149,0.147292,0.566797,0.274125,0.160999,0.397452,0.370587,0.131865,0.244491,0.209711,-0.121516,0.612484,0.276611,-0.131022,0.441207,0.371060,-0.071969,0.296962
-0.081721,0.003211,0.525248,-0.128161,0.123588,0.446066,0.138696,0.182164,0.307871,-0.020810,0.136656,0.039961,-0.131813,-0.109208,0.439586,0.144316,-0.158534,0.316915,-0.007038,-0.146490,0.040251,-0.051926,0.001926,0.557840,0.202622,0.147468,0.569887,0.273917,0.160991,0.400662,0.370789,0.131151,0.248076,0.208632,-0.121230,0.616164,0.276214,-0.131282,0.445188,0.371201,-0.072293,0.301188
-0.082574,0.003868,0.528090,-0.128757,0.124072,0.448323,0.137543,0.182040,0.308803,-0.020553,0.136761,0.039974,-0.133018,-0.108733,0.442592,0.142182,-0.158036,0.317844,-0.007210,-0.146669,0.040036,-0.052794,0.002622,0.560698,0.202019,0.147730,0.572677,0.273675,0.161069,0.403589,0.371076,0.130412,0.251483,0.207566,-0.120891,0.619344,0.275964,-0.131478,0.448726,0.371663,-0.072496,0.305116
-0.083465,0.004461,0.530705,-0.129395,0.124479,0.450340,0.136379,0.181911,0.309601,-0.020432,0.136815,0.039951,-0.134190,-0.108331,0.445349,0.140148,-0.157592,0.318705,-0.007413,-0.146882,0.039846,-0.053713,0.003261,0.563340,0.201321,0.147993,0.575394,0.273346,0.161122,0.406447,0.371301,0.129605,0.254854,0.206442,-0.120554,0.622430,0.275690,-0.131670,0.452188,0.372144,-0.072671,0.309012
-0.084430,0.004925,0.532865,-0.130112,0.124738,0.451877,0.135204,0.181782,0.310125,-0.020579,0.136777,0.039838,-0.135295,-0.108078,0.447609,0.138342,-0.157248,0.319423,-0.007660,-0.147170,0.039680,-0.054733,0.003784,0.565552,0.200430,0.148261,0.577965,0.272841,0.161130,0.409163,0.371405,0.128663,0.258144,0.205205,-0.120225,0.625323,0.275374,-0.131850,0.455494,0.372670,-0.072786,0.312837
-0.085399,0.005223,0.534610,-0.130833,0.124826,0.453017,0.134155,0.181579,0.310537,-0.020623,0.136616,0.039647,-0.136300,-0.107994,0.449421,0.136771,-0.157154,0.320030,-0.007887,-0.147608,0.039538,-0.055774,0.004148,0.567365,0.199470,0.148435,0.580225,0.272232,0.160984,0.411549,0.371426,0.127455,0.261153,0.203954,-0.119996,0.627877,0.274998,-0.132053,0.458442,0.373101,-0.072890,0.316306
-0.086370,0.005438,0.536148,-0.131554,0.124828,0.453957,0.133171,0.181335,0.310893,-0.020614,0.136390,0.039419,-0.137254,-0.107994,0.451008,0.135315,-0.157189,0.320582,-0.008106,-0.148123,0.039411,-0.056826,0.004432,0.568978,0.198475,0.148564,0.582329,0.271569,0.160762,0.413770,0.371402,0.126117,0.264027,0.202695,-0.119815,0.630259,0.274590,-0.132265,0.461212,0.373481,-0.072986,0.319601
-0.087231,0.005755,0.537123,-0.132215,0.124960,0.454423,0.132318,0.181396,0.310979,-0.020907,0.136310,0.039206,-0.137987,-0.107867,0.451986,0.134284,-0.157238,0.321006,-0.008255,-0.148460,0.039359,-0.057775,0.004818,0.570035,0.197507,0.148912,0.583926,0.270923,0.160755,0.415481,0.371509,0.124839,0.266526,0.201560,-0.119396,0.632254,0.274285,-0.132113,0.463583,0.373947,-0.072613,0.322547
-0.088088,0.006006,0.538019,-0.132884,0.125032,0.454841,0.131518,0.181420,0.311137,-0.021085,0.136227,0.039023,-0.138676,-0.107797,0.452862,0.133352,-0.157301,0.321429,-0.008358,-0.148762,0.039340,-0.058723,0.005138,0.571015,0.196497,0.149265,0.585446,0.270223,0.160758,0.417112,0.371586,0.123553,0.268983,0.200447,-0.118963,0.634217,0.273988,-0.131928,0.465918,0.374405,-0.072174,0.325468
-0.088935,0.006127,0.538755,-0.133570,0.124990,0.455161,0.130820,0.181375,0.311436,-0.021028,0.136141,0.038899,-0.139279,-0.107844,0.453534,0.132620,-0.157384,0.321848,-0.008367,-0.148989,0.039379,-0.059669,0.005330,0.571840,0.195406,0.149627,0.586814,0.269420,0.160781,0.418583,0.371609,0.122246,0.271344,0.199380,-0.118505,0.636113,0.273710,-0.131683,0.468177,0.374854,-0.071604,0.328332
-0.089676,0.006284,0.539413,-0.134147,0.125023,0.455452,0.130177,0.181452,0.311625,-0.021135,0.136326,0.038762,-0.139802,-0.107815,0.454114,0.132001,-0.157516,0.322293,-0.008386,-0.149181,0.039511,-0.060502,0.005540,0.572580,0.194448,0.149977,0.587985,0.268644,0.160877,0.419816,0.371609,0.121120,0.273431,0.198435,-0.118064,0.637789,0.273405,-0.131465,0.470156,0.375215,-0.071054,0.330895
-0.090363,0.006458,0.540032,-0.134669,0.125092,0.455729,0.129562,0.181589,0.311759,-0.021323,0.136648,0.038618,-0.140286,-0.107748,0.454648,0.131439,-0.157672,0.322752,-0.008411,-0.149356,0.039691,-0.061278,0.005759,0.573277,0.193556,0.150321,0.589056,0.267883,0.161009,0.420930,0.371599,0.120087,0.275387,0.197549,-0.117632,0.639356,0.273086,-0.131260,0.471995,0.375530,-0.070513,0.333309
-0.090928,0.006592,0.540846,-0.135043,0.125126,0.456193,0.129177,0.181653,0.312217,-0.021148,0.136932,0.038714,-0.140583,-0.107716,0.455299,0.131051,-0.157591,0.323196,-0.008166,-0.149200,0.039815,-0.061953,0.005937,0.574189,0.192708,0.150659,0.590650,0.267030,0.161169,0.422510,0.371400,0.119084,0.277744,0.196713,-0.117260,0.641220,0.272692,-0.131027,0.474069,0.375704,-0.069839,0.335968
-0.091381,0.006690,0.541774,-0.135303,0.125122,0.456753,0.128850,0.181674,0.312665,-0.020901,0.137171,0.038794,-0.140768,-0.107722,0.456056,0.130740,-0.157523,0.323670,-0.007803,-0.149083,0.039948,-0.062518,0.006078,0.575215,0.191961,0.150967,0.592414,0.266294,0.161298,0.424266,0.371311,0.118108,0.280270,0.195979,-0.116929,0.643191,0.272370,-0.130843,0.476241,0.375941,-0.069245,0.338711
-0.091610,0.006716,0.542929,-0.135333,0.125043,0.457501,0.128640,0.181612,0.313093,-0.020514,0.137318,0.038841,-0.140733,-0.107803,0.457021,0.130586,-0.157481,0.324201,-0.007206,-0.149040,0.040096,-0.062865,0.006146,0.576471,0.191415,0.151216,0.594515,0.265796,0.161363,0.426376,0.371443,0.117173,0.283119,0.195450,-0.116682,0.645380,0.272195,-0.130759,0.478605,0.376314,-0.068813,0.341621
-0.091849,0.006597,0.544420,-0.135400,0.124823,0.458576,0.128273,0.181363,0.313609,-0.020146,0.137309,0.038893,-0.140707,-0.108025,0.458281,0.130282,-0.157502,0.324716,-0.006707,-0.149037,0.040201,-0.063222,0.006070,0.578064,0.190842,0.151332,0.597030,0.265254,0.161224,0.428888,0.371368,0.116225,0.286203,0.194886,-0.116577,0.647963,0.271897,-0.130799,0.481321,0.376465,-0.068541,0.344799
-0.092092,0.006406,0.546080,-0.135483,0.124533,0.459815,0.127826,0.181020,0.314169,-0.019788,0.137222,0.038950,-0.140686,-0.108318,0.459689,0.129901,-0.157558,0.325225,-0.006259,-0.149054,0.040288,-0.063583,0.005921,0.579825,0.190252,0.151381,0.599750,0.264688,0.160984,0.431601,0.371186,0.115272,0.289404,0.194303,-0.116542,0.650741,0.271536,-0.130901,0.484214,0.376502,-0.068350,0.348111
-0.092316,0.006196,0.548266,-0.135608,0.124228,0.461572,0.127140,0.180651,0.314890,-0.019611,0.137038,0.039157,-0.140639,-0.108626,0.461570,0.129354,-0.157523,0.325795,-0.005878,-0.149044,0.040391,-0.063922,0.005758,0.582108,0.189707,0.151436,0.602764,0.264270,0.160573,0.434645,0.371042,0.114181,0.292850,0.193791,-0.116478,0.653903,0.271009,-0.130950,0.487378,0.376077,-0.068273,0.351390
-0.092485,0.005989,0.550574,-0.135685,0.123933,0.463443,0.126398,0.180267,0.315542,-0.019477,0.136873,0.039282,-0.140558,-0.108925,0.463563,0.128766,-0.157528,0.326362,-0.005524,-0.149108,0.040484,-0.064205,0.005594,0.584512,0.189213,0.151506,0.605852,0.263953,0.160200,0.437787,0.370999,0.113221,0.296368,0.193341,-0.116389,0.657194,0.270516,-0.130965,0.490658,0.375626,-0.068169,0.354734
-0.092547,0.005786,0.553128,-0.135666,0.123655,0.465541,0.125545,0.179860,0.316058,-0.019426,0.136752,0.039243,-0.140408,-0.109205,0.465780,0.128099,-0.157609,0.326919,-0.005220,-0.149323,0.040551,-0.064375,0.005428,0.587156,0.188828,0.151605,0.609088,0.263842,0.159904,0.441126,0.371165,0.112520,0.300025,0.193022,-0.116246,0.660746,0.270095,-0.130913,0.494170,0.375129,-0.068013,0.358209
-0.092672,0.005627,0.555892,-0.135705,0.123435,0.467846,0.124545,0.179424,0.316617,-0.019432,0.136658,0.039192,-0.140360,-0.109427,0.468187,0.127206,-0.157631,0.327454,-0.005056,-0.149458,0.040558,-0.064607,0.005300,0.590009,0.188409,0.151716,0.612428,0.263763,0.159575,0.444596,0.371341,0.111913,0.303760,0.192640,-0.116067,0.664499,0.269597,-0.130840,0.497880,0.374499,-0.067841,0.361839
-0.092829,0.005490,0.558762,-0.135774,0.123243,0.470256,0.123465,0.178973,0.317203,-0.019471,0.136574,0.039143,-0.140364,-0.109619,0.470688,0.126191,-0.157625,0.327982,-0.004970,-0.149552,0.040543,-0.064870,0.005191,0.592965,0.187973,0.151834,0.615817,0.263699,0.159229,0.448132,0.371521,0.111353,0.307534,0.192225,-0.115871,0.668352,0.269061,-0.130757,0.501687,0.373802,-0.067662,0.365545
-0.093078,0.005326,0.561859,-0.135929,0.123049,0.472893,0.122169,0.178473,0.317812,-0.019664,0.136490,0.039084,-0.140466,-0.109815,0.473377,0.125021,-0.157659,0.328642,-0.004895,-0.149698,0.040598,-0.065229,0.005044,0.596152,0.187433,0.151912,0.619490,0.263520,0.158930,0.451952,0.371531,0.110980,0.311506,0.191690,-0.115720,0.672478,0.268292,-0.130571,0.505704,0.372718,-0.067329,0.369363
-0.093275,0.005160,0.565024,-0.136021,0.122858,0.475593,0.120906,0.177947,0.318461,-0.019793,0.136402,0.039052,-0.140515,-0.110006,0.476119,0.123865,-0.157667,0.329314,-0.004767,-0.149831,0.040656,-0.065538,0.004893,0.599409,0.186940,0.151979,0.623267,0.263404,0.158631,0.455886,0.371609,0.110652,0.315581,0.191188,-0.115576,0.676716,0.267607,-0.130362,0.509852,0.371756,-0.066927,0.373369
-0.093365,0.004990,0.568323,-0.135986,0.122676,0.478419,0.119725,0.177375,0.319182,-0.019778,0.136307,0.039061,-0.140460,-0.110188,0.478963,0.122753,-0.157623,0.330002,-0.004520,-0.149932,0.040704,-0.065750,0.004733,0.602805,0.186542,0.152028,0.627254,0.263413,0.158330,0.460047,0.371825,0.110415,0.319861,0.190756,-0.115447,0.681178,0.267093,-0.130105,0.514266,0.371045,-0.066384,0.377750
-0.093530,0.004792,0.571756,-0.136015,0.122480,0.481357,0.118357,0.176779,0.319852,-0.019772,0.136187,0.038936,-0.140461,-0.110385,0.481885,0.121483,-0.157603,0.330636,-0.004359,-0.150050,0.040670,-0.066048,0.004540,0.606344,0.186075,0.151990,0.631421,0.263292,0.157995,0.464362,0.371867,0.110206,0.324242,0.190206,-0.115418,0.685762,0.266447,-0.129947,0.518795,0.370165,-0.065939,0.382223
-0.093733,0.004580,0.575255,-0.136077,0.122276,0.484352,0.116880,0.176172,0.320505,-0.019783,0.136054,0.038760,-0.140489,-0.110590,0.484847,0.120123,-0.157594,0.331250,-0.004250,-0.150175,0.040607,-0.066391,0.004331,0.609954,0.185575,0.151910,0.635677,0.263106,0.157642,0.468753,0.371821,0.110008,0.328674,0.189595,-0.115438,0.690406,0.265732,-0.129839,0.523381,0.369198,-0.065543,0.386742
-0.093779,0.004359,0.578867,-0.135941,0.122068,0.487405,0.115510,0.175542,0.321118,-0.019754,0.135864,0.038596,-0.140286,-0.110800,0.487854,0.118984,-0.157531,0.331919,-0.004165,-0.150257,0.040719,-0.066605,0.004111,0.613698,0.185133,0.151824,0.640586,0.263143,0.157431,0.473880,0.372253,0.109954,0.334034,0.188974,-0.115502,0.695543,0.265224,-0.129615,0.528548,0.368603,-0.064969,0.391996
-0.093775,0.004106,0.582507,-0.135751,0.121832,0.490483,0.114128,0.174919,0.321718,-0.019754,0.135702,0.038434,-0.140031,-0.111037,0.490873,0.117819,-0.157539,0.332535,-0.004095,-0.150456,0.040778,-0.066775,0.003858,0.617474,0.184729,0.151697,0.645531,0.263152,0.157218,0.479015,0.372644,0.109861,0.339408,0.188387,-0.115616,0.700682,0.264699,-0.129480,0.533695,0.367965,-0.064504,0.397207
-0.093673,0.003790,0.586207,-0.135454,0.121541,0.493607,0.112744,0.174308,0.322278,-0.019792,0.135600,0.038251,-0.139676,-0.111329,0.493913,0.116619,-0.157689,0.333029,-0.004043,-0.150895,0.040712,-0.066855,0.003537,0.621313,0.184409,0.151487,0.650550,0.263113,0.157002,0.484165,0.372964,0.109693,0.344810,0.187876,-0.115834,0.705827,0.264148,-0.129526,0.538808,0.367252,-0.064253,0.402330
-0.093627,0.003464,0.589979,-0.135179,0.121250,0.496775,0.111260,0.173689,0.322823,-0.019924,0.135530,0.038054,-0.139346,-0.111621,0.496980,0.115327,-0.157766,0.333481,-0.004158,-0.151246,0.040644,-0.067008,0.003203,0.625237,0.183975,0.151263,0.655810,0.262824,0.156822,0.489494,0.372991,0.109479,0.350382,0.187242,-0.116085,0.711146,0.263546,-0.129612,0.544129,0.366577,-0.064052,0.407722
-0.093608,0.003134,0.593788,-0.134915,0.120959,0.499969,0.109708,0.173068,0.323374,-0.020119,0.135477,0.037866,-0.139029,-0.111914,0.500062,0.113977,-0.157805,0.333924,-0.004370,-0.151550,0.040588,-0.067198,0.002863,0.629202,0.183480,0.151031,0.661189,0.262404,0.156660,0.494910,0.372866,0.109245,0.356038,0.186542,-0.116354,0.716549,0.262914,-0.129718,0.549551,0.365918,-0.063876,0.413246
-0.093495,0.002834,0.597686,-0.134526,0.120688,0.503209,0.108218,0.172536,0.323962,-0.020148,0.135614,0.037662,-0.138571,-0.112186,0.503214,0.112762,-0.157786,0.334477,-0.004243,-0.151885,0.040560,-0.067314,0.002556,0.633270,0.182990,0.150842,0.666948,0.261931,0.156729,0.500684,0.372772,0.109221,0.362130,0.185816,-0.116609,0.722249,0.262254,-0.129915,0.555277,0.365351,-0.063762,0.419179
-0.093364,0.002529,0.601636,-0.134102,0.120414,0.506489,0.106710,0.171978,0.324572,-0.020173,0.135702,0.037483,-0.138090,-0.112461,0.506407,0.111505,-0.157768,0.335033,-0.004146,-0.152233,0.040538,-0.067419,0.002243,0.637392,0.182491,0.150638,0.672801,0.261356,0.156795,0.506507,0.372535,0.109179,0.368248,0.185063,-0.116885,0.728034,0.261524,-0.130208,0.561074,0.364724,-0.063814,0.425157
-0.093195,0.002215,0.605691,-0.133608,0.120132,0.509846,0.105194,0.171369,0.325205,-0.020163,0.135691,0.037326,-0.137565,-0.112743,0.509678,0.110187,-0.157757,0.335572,-0.004090,-0.152610,0.040500,-0.067500,0.001919,0.641627,0.181985,0.150403,0.678843,0.260589,0.156859,0.512435,0.372026,0.109102,0.374420,0.184270,-0.117206,0.733995,0.260666,-0.130690,0.567018,0.363988,-0.064199,0.431229
-0.092877,0.001962,0.609811,-0.132950,0.119919,0.513269,0.103800,0.170777,0.325897,-0.020035,0.135643,0.037247,-0.136885,-0.112957,0.513001,0.108969,-0.157681,0.336152,-0.003868,-0.152876,0.040487,-0.067438,0.001654,0.645928,0.181623,0.150208,0.684892,0.259877,0.156920,0.518326,0.371573,0.108882,0.380606,0.183599,-0.117479,0.740010,0.259820,-0.131205,0.572973,0.363233,-0.064713,0.437244
-0.092484,0.001739,0.613963,-0.132211,0.119741,0.516727,0.102448,0.170196,0.326634,-0.019863,0.135579,0.037228,-0.136127,-0.113136,0.516352,0.107787,-0.157570,0.336767,-0.003577,-0.153084,0.040506,-0.067305,0.001417,0.650261,0.181327,0.150035,0.690941,0.259185,0.156983,0.524197,0.371145,0.108600,0.386801,0.182982,-0.117729,0.746049,0.258973,-0.131734,0.578930,0.362464,-0.065291,0.443228
-0.092240,0.001467,0.618184,-0.131594,0.119493,0.520187,0.100845,0.169479,0.327260,-0.019932,0.135355,0.037106,-0.135449,-0.113384,0.519729,0.106390,-0.157423,0.337262,-0.003485,-0.153303,0.040408,-0.067348,0.001141,0.654681,0.180775,0.149835,0.697310,0.258118,0.157051,0.530335,0.370334,0.108212,0.393300,0.182077,-0.118033,0.752342,0.257659,-0.132418,0.585068,0.361166,-0.066158,0.449276
-0.091981,0.001230,0.622498,-0.130963,0.119273,0.523720,0.099146,0.168771,0.327893,-0.020066,0.135178,0.036985,-0.134742,-0.113605,0.523189,0.104906,-0.157242,0.337760,-0.003488,-0.153477,0.040324,-0.067386,0.000903,0.659195,0.180188,0.149683,0.703849,0.256991,0.157180,0.536633,0.369486,0.107850,0.399994,0.181142,-0.118299,0.758765,0.256298,-0.133075,0.591333,0.359827,-0.067022,0.455443
-0.091694,0.001063,0.626996,-0.130305,0.119109,0.527394,0.097285,0.168080,0.328513,-0.020303,0.135092,0.036829,-0.133981,-0.113770,0.526809,0.103276,-0.156997,0.338236,-0.003660,-0.153573,0.040235,-0.067410,0.000740,0.663900,0.179548,0.149626,0.710730,0.255759,0.157429,0.543254,0.368574,0.107524,0.407078,0.180161,-0.118491,0.765457,0.254858,-0.133680,0.597856,0.358419,-0.067880,0.461853
-0.091168,0.000920,0.631556,-0.129419,0.118941,0.531099,0.095599,0.167337,0.329172,-0.020238,0.135008,0.036669,-0.132920,-0.113942,0.530487,0.101860,-0.156707,0.338735,-0.003532,-0.153667,0.040146,-0.067210,0.000613,0.668672,0.179076,0.149605,0.717799,0.254545,0.157728,0.550000,0.367577,0.107171,0.414232,0.179360,-0.118680,0.772209,0.253507,-0.134302,0.604403,0.357045,-0.068704,0.468265
-0.090523,0.000787,0.636147,-0.128419,0.118769,0.534824,0.093980,0.166563,0.329872,-0.020039,0.134911,0.036536,-0.131707,-0.114116,0.534202,0.100528,-0.156399,0.339270,-0.003274,-0.153764,0.040087,-0.066898,0.000504,0.673477,0.178673,0.149602,0.724959,0.253321,0.158058,0.556806,0.366527,0.106823,0.421422,0.178641,-0.118867,0.778983,0.252191,-0.134929,0.610956,0.355678,-0.069505,0.474673
-0.089938,0.000781,0.640840,-0.127406,0.118727,0.538598,0.092215,0.165936,0.330538,-0.020037,0.135131,0.036385,-0.130531,-0.114161,0.537964,0.098928,-0.156014,0.339682,-0.003350,-0.153840,0.039935,-0.066678,0.000514,0.678398,0.178090,0.149643,0.732710,0.251993,0.158581,0.564251,0.365477,0.106537,0.429389,0.177691,-0.119096,0.785941,0.250700,-0.135521,0.617712,0.354309,-0.070142,0.481473
-0.089212,0.000711,0.645543,-0.126228,0.118617,0.542363,0.090539,0.165242,0.331200,-0.019963,0.135259,0.036256,-0.129170,-0.114273,0.541721,0.097437,-0.155720,0.340101,-0.003341,-0.153984,0.039809,-0.066336,0.000462,0.683336,0.177574,0.149597,0.740613,0.250747,0.159042,0.571860,0.364546,0.106139,0.437580,0.176790,-0.119426,0.792972,0.249289,-0.136239,0.624559,0.353063,-0.070934,0.488378
-0.088204,0.000515,0.650264,-0.124720,0.118372,0.546100,0.089086,0.164414,0.331812,-0.019709,0.135216,0.036112,-0.127439,-0.114521,0.545454,0.096210,-0.155605,0.340485,-0.003122,-0.154264,0.039678,-0.065747,0.000288,0.688308,0.177223,0.149378,0.748826,0.249696,0.159370,0.579800,0.363877,0.105482,0.446218,0.176006,-0.119960,0.800162,0.248058,-0.137218,0.631601,0.352080,-0.072046,0.495503
-0.087214,0.000473,0.655036,-0.123197,0.118278,0.549871,0.087577,0.163813,0.332492,-0.019519,0.135412,0.036050,-0.125664,-0.114617,0.549226,0.095039,-0.155275,0.341003,-0.002807,-0.154298,0.039678,-0.065198,0.000269,0.693336,0.176739,0.149294,0.757286,0.248446,0.159907,0.587970,0.362928,0.104938,0.455063,0.175111,-0.120390,0.807427,0.246730,-0.138128,0.638730,0.351096,-0.073041,0.502811
-0.086233,0.000509,0.659832,-0.121665,0.118260,0.553665,0.086020,0.163319,0.333235,-0.019380,0.135716,0.036066,-0.123864,-0.114638,0.553026,0.093874,-0.154842,0.341619,-0.002463,-0.154215,0.039778,-0.064670,0.000328,0.698390,0.176159,0.149276,0.765857,0.247063,0.160558,0.596245,0.361805,0.104474,0.464004,0.174150,-0.120766,0.814712,0.245339,-0.138994,0.645884,0.350093,-0.073966,0.510192
-0.085167,0.000575,0.664707,-0.119955,0.118278,0.557483,0.084501,0.162862,0.333958,-0.019045,0.136133,0.036013,-0.121867,-0.114622,0.556825,0.092708,-0.154424,0.342133,-0.002162,-0.154168,0.039801,-0.064112,0.000413,0.703545,0.175441,0.149242,0.774986,0.245703,0.161266,0.605157,0.360803,0.103934,0.473733,0.173022,-0.121193,0.822336,0.243977,-0.140048,0.653475,0.349372,-0.075181,0.518161
-0.084091,0.000671,0.669568,-0.118222,0.118326,0.561285,0.082885,0.162395,0.334641,-0.018916,0.136515,0.035977,-0.119831,-0.114577,0.560612,0.091506,-0.153984,0.342660,-0.001908,-0.154093,0.039848,-0.063556,0.000528,0.708684,0.174628,0.149231,0.784177,0.244266,0.162046,0.614148,0.359739,0.103493,0.483562,0.171851,-0.121607,0.829920,0.242558,-0.141105,0.661027,0.348604,-0.076374,0.526113
-0.082995,0.000828,0.674400,-0.116451,0.118432,0.565038,0.081112,0.161917,0.335185,-0.019166,0.136845,0.035896,-0.117718,-0.114473,0.564357,0.090276,-0.153492,0.343144,-0.001706,-0.153940,0.039869,-0.063004,0.000703,0.713796,0.173683,0.149269,0.793514,0.242744,0.162955,0.623317,0.358620,0.103199,0.493608,0.170618,-0.121996,0.837461,0.241058,-0.142185,0.668536,0.347785,-0.077549,0.534068
-0.081779,0.000846,0.679295,-0.114520,0.118400,0.568851,0.079448,0.161287,0.335845,-0.019097,0.137053,0.035869,-0.115418,-0.114506,0.568144,0.089093,-0.153107,0.343635,-0.001497,-0.153925,0.039916,-0.062360,0.000741,0.718976,0.172683,0.149158,0.803105,0.241229,0.163725,0.632772,0.357557,0.102756,0.504004,0.169366,-0.122535,0.845177,0.239612,-0.143526,0.676267,0.347172,-0.078927,0.542408
-0.080504,0.000796,0.684224,-0.112505,0.118298,0.572705,0.077818,0.160571,0.336601,-0.018888,0.137178,0.035919,-0.113021,-0.114609,0.571967,0.087909,-0.152784,0.344175,-0.001309,-0.153997,0.040027,-0.061672,0.000709,0.724187,0.171610,0.148968,0.812800,0.239664,0.164427,0.642348,0.356468,0.102260,0.514556,0.168091,-0.123148,0.852954,0.238171,-0.144986,0.684080,0.346632,-0.080390,0.550914
-0.079136,0.000825,0.689160,-0.110381,0.118294,0.576555,0.075912,0.159908,0.337142,-0.019026,0.137443,0.035786,-0.110500,-0.114613,0.575765,0.086591,-0.152415,0.344582,-0.001334,-0.153989,0.040035,-0.060916,0.000750,0.729405,0.170528,0.148810,0.822518,0.238145,0.165183,0.651977,0.355524,0.101867,0.525250,0.166810,-0.123721,0.860732,0.236575,-0.146512,0.691851,0.345921,-0.081898,0.559374
-0.077708,0.000849,0.694101,-0.108196,0.118292,0.580434,0.073955,0.159203,0.337735,-0.019159,0.137633,0.035705,-0.107898,-0.114615,0.579579,0.085246,-0.152039,0.345028,-0.001353,-0.154004,0.040078,-0.060109,0.000784,0.734622,0.169355,0.148664,0.832292,0.236548,0.166014,0.661680,0.354535,0.101608,0.536041,0.165526,-0.124273,0.868535,0.234992,-0.148012,0.699660,0.345249,-0.083286,0.567951
-0.076163,0.000866,0.699052,-0.105898,0.118293,0.584345,0.071943,0.158430,0.338342,-0.019240,0.137710,0.035626,-0.105138,-0.114612,0.583397,0.083899,-0.151637,0.345460,-0.001308,-0.154028,0.040098,-0.059199,0.000805,0.739843,0.168078,0.148548,0.842217,0.234885,0.166983,0.671566,0.353546,0.101567,0.547061,0.164257,-0.124792,0.876439,0.233474,-0.149488,0.707595,0.344710,-0.084471,0.576813
-0.074539,0.000882,0.703998,-0.103485,0.118314,0.588284,0.069943,0.157616,0.339017,-0.019221,0.137841,0.035598,-0.102315,-0.114590,0.587227,0.082543,-0.151215,0.345967,-0.001247,-0.153962,0.040193,-0.058218,0.000819,0.745051,0.166862,0.148368,0.851981,0.233293,0.167876,0.681302,0.352621,0.101484,0.557926,0.162996,-0.125336,0.884340,0.231988,-0.150966,0.715541,0.344275,-0.085506,0.585835
-0.072875,0.000898,0.708943,-0.101013,0.118344,0.592251,0.067920,0.156776,0.339781,-0.019175,0.137969,0.035662,-0.099456,-0.114557,0.591080,0.081158,-0.150790,0.346568,-0.001202,-0.153871,0.040385,-0.057203,0.000829,0.750247,0.165635,0.148152,0.861638,0.231691,0.168732,0.690939,0.351683,0.101395,0.568697,0.161722,-0.125893,0.892212,0.230496,-0.152436,0.723464,0.343867,-0.086461,0.594918
-0.071104,0.000970,0.713775,-0.098458,0.118453,0.596139,0.065625,0.155986,0.340355,-0.019607,0.138072,0.035618,-0.096522,-0.114445,0.594831,0.079652,-0.150296,0.347045,-0.001230,-0.153824,0.040449,-0.056078,0.000886,0.755319,0.164480,0.148025,0.870972,0.230112,0.169706,0.700246,0.350735,0.101538,0.579066,0.160560,-0.126329,0.899944,0.229106,-0.153747,0.731240,0.343562,-0.087151,0.603932
-0.069290,0.001103,0.718621,-0.095859,0.118636,0.600078,0.063252,0.155214,0.341035,-0.019915,0.138204,0.035638,-0.093544,-0.114258,0.598615,0.078090,-0.149741,0.347610,-0.001243,-0.153752,0.040592,-0.054914,0.001001,0.760395,0.163303,0.147942,0.880240,0.228482,0.170756,0.709487,0.349712,0.101819,0.589327,0.159377,-0.126702,0.907694,0.227718,-0.154968,0.739045,0.343290,-0.087687,0.613062
-0.067388,0.001361,0.723497,-0.093179,0.118966,0.604091,0.060783,0.154492,0.341808,-0.019921,0.138442,0.035658,-0.090483,-0.113922,0.602436,0.076468,-0.149048,0.348242,-0.001176,-0.153588,0.040773,-0.053667,0.001233,0.765491,0.162165,0.147959,0.889427,0.226844,0.171963,0.718646,0.348629,0.102350,0.599409,0.158181,-0.126949,0.915532,0.226374,-0.156025,0.746959,0.343131,-0.087932,0.622466
-0.065422,0.001662,0.728330,-0.090405,0.119361,0.608091,0.058187,0.153754,0.342579,-0.019898,0.138662,0.035661,-0.087396,-0.113522,0.606218,0.074589,-0.148360,0.348791,-0.001310,-0.153508,0.040871,-0.052363,0.001500,0.770534,0.161068,0.147968,0.898469,0.225301,0.173154,0.727689,0.347654,0.102960,0.609347,0.156963,-0.127184,0.923324,0.225022,-0.157011,0.754826,0.342973,-0.088060,0.631890
-0.063423,0.001985,0.733142,-0.087583,0.119788,0.612102,0.055492,0.153006,0.343428,-0.019893,0.138853,0.035749,-0.084294,-0.113090,0.609999,0.072552,-0.147677,0.349376,-0.001574,-0.153486,0.041009,-0.051032,0.001785,0.775546,0.159957,0.147969,0.907414,0.223768,0.174336,0.736653,0.346699,0.103620,0.619195,0.155713,-0.127415,0.931066,0.223643,-0.157955,0.762641,0.342790,-0.088132,0.641311
-0.061177,0.002369,0.737846,-0.084544,0.120302,0.616059,0.052779,0.152263,0.344247,-0.019626,0.138996,0.035771,-0.080922,-0.112568,0.613680,0.070716,-0.146692,0.349931,-0.001461,-0.153100,0.041088,-0.049458,0.002123,0.780441,0.159083,0.148032,0.916093,0.222527,0.175661,0.745394,0.346146,0.104501,0.628897,0.154699,-0.127565,0.938652,0.222565,-0.158565,0.770283,0.342901,-0.087706,0.650688
-0.058875,0.002736,0.742475,-0.081440,0.120799,0.619965,0.049975,0.151485,0.345100,-0.019381,0.139117,0.035846,-0.077515,-0.112064,0.617324,0.068789,-0.145788,0.350528,-0.001354,-0.152831,0.041206,-0.047830,0.002444,0.785249,0.158226,0.148038,0.924636,0.221312,0.176940,0.754014,0.345657,0.105387,0.638506,0.153683,-0.127763,0.946112,0.221494,-0.159142,0.777789,0.343018,-0.087255,0.659968
-0.056462,0.003068,0.746950,-0.078204,0.121257,0.623735,0.047058,0.150653,0.345871,-0.019121,0.139250,0.035846,-0.074046,-0.111599,0.620857,0.066737,-0.145035,0.351070,-0.001211,-0.152769,0.041249,-0.046093,0.002730,0.789893,0.157469,0.147943,0.932960,0.220221,0.178136,0.762437,0.345365,0.106270,0.647961,0.152703,-0.128054,0.953374,0.220478,-0.159656,0.785076,0.343197,-0.086741,0.669082
-0.054230,0.003460,0.751178,-0.075133,0.121746,0.627271,0.043972,0.149813,0.346575,-0.019118,0.139298,0.035839,-0.070795,-0.111105,0.624219,0.064431,-0.144244,0.351567,-0.001344,-0.152627,0.041271,-0.044532,0.003084,0.794278,0.156504,0.147916,0.940941,0.218965,0.179437,0.770550,0.344985,0.107358,0.657146,0.151570,-0.128269,0.960277,0.219330,-0.159902,0.791976,0.343139,-0.085891,0.677795
-0.052088,0.003882,0.755283,-0.072144,0.122250,0.630708,0.040771,0.148967,0.347333,-0.019269,0.139292,0.035933,-0.067652,-0.110597,0.627513,0.061972,-0.143436,0.352117,-0.001639,-0.152456,0.041366,-0.043061,0.003471,0.798528,0.155405,0.147922,0.948725,0.217593,0.180791,0.778486,0.344530,0.108561,0.666181,0.150347,-0.128446,0.966974,0.218100,-0.160007,0.798655,0.342944,-0.084877,0.686294
-0.049618,0.004332,0.758867,-0.068793,0.122756,0.633643,0.038007,0.148184,0.347787,-0.019246,0.139292,0.035812,-0.064248,-0.110089,0.630356,0.059707,-0.142635,0.352328,-0.001680,-0.152266,0.041129,-0.041252,0.003894,0.802243,0.154696,0.147825,0.955922,0.216656,0.182032,0.785862,0.344548,0.109577,0.674768,0.149381,-0.128716,0.973058,0.217157,-0.160072,0.804709,0.342961,-0.083865,0.694100
-0.047140,0.004754,0.762260,-0.065429,0.123226,0.636426,0.035335,0.147401,0.348276,-0.019218,0.139263,0.035771,-0.060860,-0.109617,0.633064,0.057456,-0.141877,0.352556,-0.001765,-0.152143,0.040941,-0.039427,0.004292,0.805757,0.153973,0.147679,0.962862,0.215717,0.183210,0.792993,0.344605,0.110502,0.683200,0.148411,-0.129030,0.978873,0.216240,-0.160128,0.810495,0.342982,-0.082851,0.701659
-0.044649,0.005122,0.765274,-0.062041,0.123624,0.638864,0.032908,0.146621,0.348649,-0.019124,0.139198,0.035675,-0.057508,-0.109220,0.635464,0.055289,-0.141199,0.352658,-0.001886,-0.152120,0.040671,-0.037573,0.004643,0.808879,0.153284,0.147437,0.969339,0.214847,0.184263,0.799677,0.344799,0.111221,0.691349,0.147467,-0.129429,0.984205,0.215406,-0.160180,0.815806,0.343050,-0.081830,0.708752
-0.042172,0.005489,0.767957,-0.058639,0.124011,0.641005,0.030659,0.145904,0.348914,-0.019199,0.139145,0.035553,-0.054187,-0.108835,0.637592,0.053329,-0.140556,0.352707,-0.001929,-0.152139,0.040387,-0.035724,0.004995,0.811659,0.152567,0.147188,0.975400,0.213929,0.185312,0.805951,0.345069,0.111969,0.699251,0.146487,-0.129829,0.989157,0.214582,-0.160236,0.820757,0.343174,-0.080780,0.715616
-0.039701,0.005855,0.770474,-0.055230,0.124391,0.643012,0.028484,0.145224,0.349192,-0.019376,0.139113,0.035490,-0.050881,-0.108457,0.639598,0.051457,-0.139926,0.352784,-0.001948,-0.152170,0.040157,-0.033878,0.005349,0.814264,0.151807,0.146935,0.981230,0.212957,0.186361,0.811998,0.345346,0.112751,0.707023,0.145477,-0.130225,0.993892,0.213751,-0.160287,0.825502,0.343308,-0.079721,0.722355
-0.037311,0.006284,0.772572,-0.051920,0.124813,0.644640,0.026654,0.144684,0.349335,-0.019456,0.139119,0.035349,-0.047672,-0.108037,0.641259,0.049899,-0.139223,0.352758,-0.001998,-0.152066,0.039892,-0.032085,0.005776,0.816437,0.151044,0.146746,0.986473,0.211883,0.187361,0.817406,0.345626,0.113365,0.714420,0.144346,-0.130542,0.998204,0.212873,-0.160270,0.829855,0.343638,-0.078409,0.729232
-0.034960,0.006654,0.774565,-0.048662,0.125176,0.646204,0.024911,0.144133,0.349550,-0.019523,0.139121,0.035300,-0.044513,-0.107676,0.642851,0.048413,-0.138587,0.352791,-0.002121,-0.151997,0.039716,-0.030320,0.006145,0.818496,0.150199,0.146534,0.991533,0.210682,0.188348,0.822627,0.345796,0.114027,0.721667,0.143146,-0.130876,1.002400,0.211946,-0.160282,0.834103,0.343968,-0.077111,0.736184
-0.032687,0.006907,0.776348,-0.045507,0.125423,0.647604,0.023371,0.143552,0.349772,-0.019531,0.139089,0.035290,-0.041455,-0.107433,0.644275,0.047106,-0.138089,0.352825,-0.002357,-0.152017,0.039594,-0.028608,0.006398,0.820334,0.149245,0.146277,0.996275,0.209289,0.189303,0.827512,0.345805,0.114737,0.728625,0.141833,-0.131247,1.006418,0.210943,-0.160370,0.838197,0.344333,-0.075831,0.743305
-0.030222,0.007074,0.778009,-0.042179,0.125571,0.648905,0.022117,0.142912,0.350001,-0.019302,0.139014,0.035302,-0.038222,-0.107287,0.645617,0.046031,-0.137666,0.352864,-0.002379,-0.152108,0.039483,-0.026693,0.006570,0.822043,0.148297,0.145995,1.000940,0.207878,0.190194,0.832311,0.345869,0.115310,0.735722,0.140538,-0.131641,1.010431,0.210028,-0.160537,0.842324,0.344906,-0.074529,0.750874
-0.027661,0.007198,0.779609,-0.038764,0.125670,0.650168,0.020998,0.142243,0.350278,-0.018962,0.138927,0.035374,-0.034902,-0.107190,0.646928,0.045065,-0.137278,0.352945,-0.002303,-0.152224,0.039419,-0.024676,0.006702,0.823683,0.147326,0.145701,1.005538,0.206428,0.191051,0.837041,0.345928,0.115844,0.742886,0.139233,-0.132046,1.014410,0.209138,-0.160736,0.846437,0.345539,-0.073257,0.758674
-0.025611,0.007198,0.781013,-0.035979,0.125654,0.651292,0.019480,0.141480,0.350535,-0.018944,0.138775,0.035422,-0.032155,-0.107207,0.648076,0.043770,-0.136972,0.352991,-0.002423,-0.152397,0.039305,-0.023119,0.006709,0.825118,0.145520,0.145364,1.010091,0.204033,0.192011,0.841737,0.345095,0.116737,0.749979,0.137115,-0.132502,1.018420,0.207384,-0.161234,0.850604,0.345320,-0.072273,0.766780
-0.023508,0.007241,0.782344,-0.033195,0.125675,0.652367,0.018024,0.140776,0.350821,-0.018866,0.138704,0.035510,-0.029415,-0.107188,0.649182,0.042487,-0.136626,0.353058,-0.002496,-0.152505,0.039211,-0.021481,0.006759,0.826473,0.143579,0.145091,1.014621,0.201484,0.193042,0.846418,0.344154,0.117757,0.757181,0.134906,-0.132897,1.022388,0.205551,-0.161729,0.854744,0.344945,-0.071326,0.774940
-0.021297,0.007367,0.783526,-0.030414,0.125768,0.653321,0.016708,0.140186,0.351073,-0.018654,0.138782,0.035574,-0.026688,-0.107096,0.650182,0.041243,-0.136200,0.353089,-0.002463,-0.152497,0.039076,-0.019681,0.006896,0.827672,0.141419,0.144942,1.019160,0.198681,0.194211,0.851112,0.343056,0.118978,0.764611,0.132556,-0.133176,1.026330,0.203596,-0.162236,0.858891,0.344337,-0.070373,0.783194
-0.019068,0.007295,0.784613,-0.027730,0.125637,0.654189,0.015479,0.139443,0.351329,-0.018346,0.138733,0.035650,-0.024029,-0.107229,0.651135,0.039932,-0.135943,0.353124,-0.002409,-0.152599,0.038937,-0.017815,0.006843,0.828771,0.138727,0.144652,1.023882,0.195242,0.195302,0.855987,0.341462,0.120159,0.772558,0.129750,-0.133610,1.030432,0.201206,-0.163054,0.863235,0.343225,-0.069717,0.791831
-0.016830,0.007123,0.785653,-0.025095,0.125392,0.655019,0.014291,0.138620,0.351612,-0.017991,0.138615,0.035763,-0.021403,-0.107475,0.652070,0.038580,-0.135772,0.353192,-0.002352,-0.152756,0.038831,-0.015915,0.006696,0.829820,0.135720,0.144288,1.028629,0.191429,0.196336,0.860886,0.339549,0.121356,0.780734,0.126673,-0.134123,1.034544,0.198550,-0.164022,0.867608,0.341767,-0.069240,0.800619
-0.014470,0.006882,0.786458,-0.022286,0.125022,0.655574,0.013395,0.137808,0.351690,-0.017683,0.138546,0.035716,-0.018704,-0.107848,0.652831,0.037239,-0.135664,0.353125,-0.002280,-0.152863,0.038592,-0.013893,0.006494,0.830631,0.132320,0.143993,1.033230,0.187079,0.197238,0.865543,0.337212,0.122037,0.789458,0.123377,-0.134578,1.038534,0.195569,-0.165117,0.871850,0.339765,-0.068845,0.809222
-0.012070,0.006589,0.787191,-0.019393,0.124597,0.656061,0.012612,0.136982,0.351752,-0.017455,0.138443,0.035679,-0.015938,-0.108277,0.653531,0.035914,-0.135599,0.353045,-0.002340,-0.152968,0.038362,-0.011847,0.006242,0.831368,0.128799,0.143697,1.037616,0.182476,0.198017,0.869919,0.334532,0.122608,0.797989,0.120042,-0.135036,1.042334,0.192404,-0.166220,0.875842,0.337413,-0.068572,0.817364
-0.009590,0.006195,0.787782,-0.016330,0.124063,0.656404,0.012062,0.136129,0.351724,-0.017383,0.138279,0.035593,-0.013037,-0.108815,0.654100,0.034636,-0.135618,0.352875,-0.002646,-0.153078,0.038082,-0.009754,0.005888,0.831959,0.125127,0.143405,1.041703,0.177478,0.198579,0.873859,0.331321,0.122875,0.806185,0.116713,-0.135495,1.045887,0.188960,-0.167350,0.879471,0.334565,-0.068479,0.824657
-0.007041,0.005813,0.788233,-0.013182,0.123550,0.656628,0.011663,0.135361,0.351627,-0.017526,0.138149,0.035477,-0.010007,-0.109331,0.654535,0.033637,-0.135582,0.352650,-0.003008,-0.153044,0.037783,-0.007602,0.005541,0.832406,0.121421,0.143229,1.045435,0.172381,0.198876,0.877315,0.327878,0.122932,0.813848,0.113508,-0.135836,1.049159,0.185561,-0.168220,0.882760,0.331557,-0.068288,0.831033
-0.004457,0.005438,0.788613,-0.009991,0.123047,0.656798,0.011340,0.134634,0.351522,-0.017778,0.138039,0.035371,-0.006913,-0.109837,0.654908,0.032772,-0.135519,0.352428,-0.003405,-0.152940,0.037507,-0.005420,0.005198,0.832780,0.117662,0.143098,1.048916,0.167198,0.199005,0.880452,0.324273,0.122928,0.821208,0.110334,-0.136127,1.052225,0.182151,-0.168961,0.885812,0.328430,-0.068065,0.836894
-0.001968,0.005037,0.788859,-0.006958,0.122527,0.656859,0.011226,0.134014,0.351375,-0.018219,0.137948,0.035262,-0.003825,-0.110358,0.655158,0.032337,-0.135524,0.352192,-0.003668,-0.152917,0.037254,-0.003322,0.004827,0.833016,0.113773,0.143043,1.052030,0.161925,0.198753,0.883095,0.320466,0.122709,0.827899,0.107143,-0.136333,1.055038,0.178707,-0.169390,0.888560,0.325151,-0.067592,0.842170
0.000507,0.004648,0.789045,-0.003961,0.122022,0.656877,0.011221,0.133434,0.351226,-0.018644,0.137869,0.035161,-0.000738,-0.110862,0.655358,0.032014,-0.135534,0.351963,-0.003929,-0.152905,0.037021,-0.001230,0.004466,0.833188,0.109831,0.143006,1.054914,0.156714,0.198398,0.885514,0.316720,0.122568,0.834463,0.103935,-0.136512,1.057662,0.175353,-0.169713,0.891150,0.321956,-0.067014,0.847457
0.002952,0.004282,0.789110,-0.001037,0.121549,0.656797,0.011436,0.132938,0.351023,-0.019036,0.137810,0.035025,0.002345,-0.111333,0.655444,0.031924,-0.135552,0.351686,-0.004175,-0.152911,0.036767,0.000849,0.004124,0.833238,0.105856,0.143027,1.057485,0.151704,0.197911,0.887633,0.313185,0.122498,0.840849,0.100758,-0.136620,1.060044,0.172245,-0.169826,0.893562,0.319006,-0.066191,0.852879
0.005303,0.003965,0.789081,0.001757,0.121150,0.656655,0.011921,0.132599,0.350798,-0.019403,0.137837,0.034894,0.005375,-0.111730,0.655430,0.032162,-0.135526,0.351379,-0.004279,-0.152845,0.036503,0.002847,0.003822,0.833190,0.101908,0.143108,1.059732,0.146979,0.197437,0.889489,0.309923,0.122628,0.847063,0.097690,-0.136653,1.062151,0.169516,-0.169808,0.895804,0.316446,-0.065245,0.858436
0.007605,0.003673,0.789004,0.004487,0.120786,0.656485,0.012542,0.132332,0.350570,-0.019759,0.137896,0.034775,0.008380,-0.112089,0.655370,0.032563,-0.135485,0.351070,-0.004314,-0.152754,0.036248,0.004805,0.003540,0.833093,0.097952,0.143203,1.061754,0.142381,0.196938,0.891150,0.306743,0.122891,0.853149,0.094656,-0.136661,1.064064,0.166956,-0.169733,0.897904,0.314029,-0.064273,0.864017
0.009782,0.003253,0.788937,0.007049,0.120281,0.656322,0.013466,0.132017,0.350378,-0.019921,0.137857,0.034707,0.011292,-0.112588,0.655343,0.033217,-0.135633,0.350844,-0.004353,-0.152836,0.036107,0.006658,0.003137,0.833004,0.094244,0.143120,1.063539,0.138496,0.196403,0.892742,0.304157,0.123157,0.859139,0.091648,-0.136826,1.065822,0.164812,-0.169859,0.900031,0.312258,-0.063849,0.869954
0.011916,0.002927,0.788865,0.009586,0.119873,0.656161,0.014451,0.131794,0.350196,-0.020058,0.137883,0.034657,0.014137,-0.112990,0.655319,0.033900,-0.135680,0.350645,-0.004355,-0.152781,0.035991,0.008473,0.002829,0.832908,0.090615,0.143110,1.065150,0.134854,0.196045,0.894238,0.301718,0.123681,0.865012,0.088663,-0.136908,1.067440,0.162791,-0.169934,0.902073,0.310623,-0.063527,0.875857
0.013961,0.002793,0.788781,0.012070,0.119659,0.655996,0.015557,0.131768,0.350021,-0.020143,0.138064,0.034624,0.016848,-0.113200,0.655292,0.034648,-0.135508,0.350468,-0.004275,-0.152430,0.035891,0.010210,0.002712,0.832800,0.087190,0.143274,1.066545,0.131737,0.196096,0.895672,0.299676,0.124649,0.870745,0.085769,-0.136804,1.068897,0.161061,-0.169898,0.904068,0.309363,-0.063340,0.881790
0.015847,0.002564,0.788728,0.014430,0.119353,0.655866,0.016582,0.131646,0.349887,-0.020269,0.138160,0.034633,0.019282,-0.113505,0.655302,0.035182,-0.135454,0.350346,-0.004332,-0.152190,0.035838,0.011807,0.002503,0.832721,0.083958,0.143314,1.067776,0.129024,0.196172,0.897047,0.297901,0.125622,0.876359,0.082897,-0.136814,1.070232,0.159380,-0.170044,0.905977,0.308172,-0.063543,0.887521
0.017654,0.002289,0.788691,0.016728,0.119000,0.655756,0.017567,0.131478,0.349778,-0.020417,0.138217,0.034670,0.021579,-0.113857,0.655333,0.035610,-0.135460,0.350260,-0.004459,-0.152005,0.035815,0.013335,0.002248,0.832657,0.080814,0.143291,1.068888,0.126501,0.196257,0.898353,0.296199,0.126611,0.881885,0.080026,-0.136882,1.071469,0.157710,-0.170278,0.907809,0.306969,-0.063959,0.893124
0.019327,0.002029,0.788554,0.018951,0.118643,0.655535,0.018590,0.131322,0.349563,-0.020490,0.138312,0.034601,0.023575,-0.114219,0.655286,0.035925,-0.135440,0.350114,-0.004520,-0.151728,0.035707,0.014761,0.002019,0.832495,0.078025,0.143278,1.069705,0.124591,0.196534,0.899495,0.294971,0.127742,0.887216,0.077229,-0.136933,1.072477,0.156005,-0.170590,0.909391,0.305711,-0.064592,0.898275
0.020897,0.001784,0.788418,0.021073,0.118300,0.655318,0.019563,0.131170,0.349357,-0.020574,0.138399,0.034539,0.025422,-0.114566,0.655243,0.036160,-0.135439,0.349986,-0.004629,-0.151497,0.035614,0.016095,0.001807,0.832334,0.075315,0.143289,1.070401,0.122755,0.196849,0.900523,0.293697,0.128898,0.892352,0.074437,-0.136956,1.073393,0.154259,-0.170883,0.910869,0.304338,-0.065233,0.903220
0.022262,0.001569,0.788283,0.022993,0.117988,0.655106,0.020437,0.131022,0.349157,-0.020681,0.138466,0.034477,0.026974,-0.114885,0.655204,0.036236,-0.135481,0.349880,-0.004829,-0.151361,0.035538,0.017247,0.001628,0.832175,0.072785,0.143349,1.070940,0.121093,0.197246,0.901410,0.292460,0.130070,0.897165,0.071676,-0.136925,1.074207,0.152459,-0.171142,0.912218,0.302830,-0.065850,0.907813
0.023491,0.001381,0.788129,0.024779,0.117710,0.654885,0.021310,0.130896,0.348950,-0.020695,0.138543,0.034399,0.028340,-0.115169,0.655138,0.036301,-0.135492,0.349759,-0.005030,-0.151171,0.035445,0.018281,0.001474,0.831999,0.070501,0.143449,1.071320,0.119674,0.197653,0.902133,0.291329,0.131137,0.901718,0.069032,-0.136849,1.074904,0.150677,-0.171389,0.913414,0.301252,-0.066432,0.912116
0.024653,0.001205,0.787966,0.026497,0.117450,0.654662,0.022183,0.130785,0.348742,-0.020659,0.138629,0.034316,0.029612,-0.115436,0.655060,0.036359,-0.135485,0.349634,-0.005229,-0.150948,0.035345,0.019257,0.001332,0.831813,0.068339,0.143573,1.071603,0.118372,0.198069,0.902758,0.290210,0.132162,0.906125,0.066442,-0.136745,1.075523,0.148900,-0.171623,0.914517,0.299611,-0.067004,0.916257
0.025478,0.001027,0.787820,0.027829,0.117196,0.654466,0.022804,0.130668,0.348560,-0.020898,0.138657,0.034262,0.030540,-0.115695,0.654992,0.036369,-0.135548,0.349535,-0.005457,-0.150846,0.035273,0.019917,0.001187,0.831646,0.066337,0.143717,1.071763,0.117137,0.198484,0.903232,0.289019,0.133015,0.910186,0.064016,-0.136614,1.076046,0.147160,-0.171808,0.915461,0.297904,-0.067441,0.920026
0.026267,0.000858,0.787679,0.029108,0.116956,0.654281,0.023425,0.130564,0.348392,-0.021082,0.138699,0.034216,0.031424,-0.115939,0.654924,0.036428,-0.135600,0.349440,-0.005651,-0.150724,0.035207,0.020549,0.001048,0.831486,0.064458,0.143870,1.071874,0.116027,0.198890,0.903656,0.287857,0.133796,0.914147,0.061706,-0.136474,1.076513,0.145481,-0.171996,0.916327,0.296215,-0.067896,0.923680
0.026984,0.000705,0.787550,0.030281,0.116744,0.654119,0.024043,0.130484,0.348244,-0.021161,0.138760,0.034178,0.032219,-0.116153,0.654855,0.036585,-0.135637,0.349350,-0.005779,-0.150572,0.035149,0.021127,0.000921,0.831337,0.062827,0.144028,1.071927,0.115175,0.199272,0.904020,0.286837,0.134413,0.917941,0.059638,-0.136323,1.076912,0.143934,-0.172203,0.917077,0.294616,-0.068373,0.927136
0.027491,0.000535,0.787440,0.031174,0.116526,0.653984,0.024486,0.130392,0.348124,-0.021332,0.138789,0.034154,0.032826,-0.116374,0.654797,0.036673,-0.135681,0.349274,-0.005982,-0.150425,0.035107,0.021509,0.000773,0.831211,0.061237,0.144160,1.071949,0.114316,0.199623,0.904341,0.285737,0.134911,0.921440,0.057668,-0.136197,1.077259,0.142348,-0.172464,0.917713,0.292992,-0.068962,0.930234
0.027892,0.000357,0.787340,0.031926,0.116303,0.653864,0.024841,0.130296,0.348016,-0.021549,0.138804,0.034138,0.033338,-0.116598,0.654745,0.036728,-0.135730,0.349206,-0.006222,-0.150280,0.035073,0.021794,0.000613,0.831095,0.059667,0.144281,1.071949,0.113453,0.199958,0.904636,0.284574,0.135355,0.924783,0.055745,-0.136082,1.077574,0.140741,-0.172750,0.918287,0.291341,-0.069612,0.933146
0.028226,0.000227,0.787263,0.032555,0.116145,0.653777,0.025120,0.130213,0.347941,-0.021688,0.138803,0.034130,0.033755,-0.116757,0.654700,0.036851,-0.135767,0.349151,-0.006403,-0.150158,0.035055,0.022033,0.000498,0.831004,0.058387,0.144417,1.071930,0.112798,0.200222,0.904859,0.283548,0.135560,0.927747,0.054119,-0.135949,1.077837,0.139254,-0.173084,0.918730,0.289849,-0.070364,0.935659
0.028478,0.000093,0.787205,0.033073,0.115991,0.653717,0.025316,0.130125,0.347890,-0.021843,0.138797,0.034136,0.034093,-0.116912,0.654668,0.036917,-0.135813,0.349109,-0.006630,-0.150062,0.035049,0.022197,0.000374,0.830934,0.057106,0.144535,1.071917,0.112124,0.200452,0.905081,0.282468,0.135714,0.930604,0.052509,-0.135833,1.078089,0.137720,-0.173448,0.919133,0.288323,-0.071183,0.938018
0.028567,-0.000053,0.787186,0.033371,0.115841,0.653707,0.025344,0.130026,0.347889,-0.022031,0.138777,0.034171,0.034275,-0.117062,0.654659,0.036868,-0.135880,0.349093,-0.006948,-0.150020,0.035067,0.022211,0.000234,0.830904,0.055820,0.144615,1.071931,0.111415,0.200609,0.905311,0.281329,0.135752,0.933268,0.050931,-0.135756,1.078334,0.136097,-0.173877,0.919472,0.286760,-0.072127,0.940082
0.028633,-0.000091,0.787166,0.033631,0.115810,0.653705,0.025334,0.130033,0.347895,-0.022236,0.138862,0.034209,0.034413,-0.117094,0.654638,0.036796,-0.135857,0.349067,-0.007211,-0.149924,0.035066,0.022210,0.000197,0.830873,0.054676,0.144729,1.071957,0.110743,0.200775,0.905512,0.280234,0.135815,0.935684,0.049504,-0.135646,1.078514,0.134591,-0.174174,0.919706,0.285340,-0.072970,0.941871
0.028687,-0.000077,0.787144,0.033873,0.115838,0.653707,0.025305,0.130095,0.347906,-0.022449,0.138999,0.034250,0.034528,-0.117067,0.654610,0.036712,-0.135789,0.349035,-0.007447,-0.149800,0.035054,0.022201,0.000210,0.830842,0.053604,0.144859,1.071987,0.110089,0.200948,0.905696,0.279153,0.135893,0.937972,0.048152,-0.135519,1.078660,0.133142,-0.174404,0.919885,0.283988,-0.073765,0.943519
0.028514,-0.000103,0.787118,0.033856,0.115832,0.653709,0.025111,0.130064,0.347912,-0.022683,0.138991,0.034263,0.034441,-0.117072,0.654572,0.036542,-0.135772,0.348995,-0.007732,-0.149748,0.035030,0.021972,0.000181,0.830808,0.052486,0.144869,1.072034,0.109203,0.200983,0.905830,0.277891,0.135815,0.939779,0.046759,-0.135516,1.078733,0.131538,-0.174742,0.919927,0.282544,-0.074741,0.944919
0.028331,-0.000093,0.787084,0.033829,0.115863,0.653703,0.024917,0.130065,0.347910,-0.022897,0.139016,0.034265,0.034322,-0.117042,0.654524,0.036344,-0.135734,0.348947,-0.007990,-0.149692,0.034990,0.021737,0.000188,0.830766,0.051414,0.144888,1.072078,0.108324,0.201008,0.905941,0.276631,0.135724,0.941506,0.045411,-0.135503,1.078773,0.129906,-0.175008,0.919882,0.281084,-0.075665,0.946167
0.028126,-0.000013,0.787033,0.033780,0.115964,0.653681,0.024723,0.130128,0.347889,-0.023073,0.139105,0.034243,0.034141,-0.116941,0.654457,0.036092,-0.135654,0.348881,-0.008195,-0.149629,0.034919,0.021488,0.000265,0.830708,0.050431,0.144925,1.072124,0.107458,0.201011,0.906014,0.275394,0.135605,0.943081,0.044157,-0.135475,1.078750,0.128220,-0.175132,0.919666,0.279604,-0.076480,0.947116
0.028003,0.000040,0.786980,0.033807,0.116035,0.653652,0.024681,0.130178,0.347862,-0.023079,0.139184,0.034211,0.034057,-0.116871,0.654392,0.036013,-0.135574,0.348815,-0.008208,-0.149527,0.034843,0.021324,0.000315,0.830649,0.049616,0.144917,1.072165,0.106612,0.200932,0.906021,0.274228,0.135444,0.944367,0.043102,-0.135493,1.078701,0.126709,-0.175244,0.919398,0.278292,-0.077280,0.948039
0.027920,0.000079,0.786925,0.033870,0.116090,0.653620,0.024715,0.130222,0.347831,-0.023002,0.139258,0.034174,0.034022,-0.116816,0.654328,0.036021,-0.135494,0.348749,-0.008125,-0.149405,0.034765,0.021201,0.000353,0.830589,0.048884,0.144885,1.072205,0.105776,0.200812,0.905994,0.273098,0.135264,0.945508,0.042147,-0.135534,1.078640,0.125284,-0.175350,0.919104,0.277060,-0.078077,0.948948
0.027664,0.000107,0.786943,0.033751,0.116131,0.653657,0.024605,0.130214,0.347865,-0.022966,0.139255,0.034186,0.033790,-0.116775,0.654336,0.035822,-0.135477,0.348759,-0.008220,-0.149404,0.034760,0.020911,0.000380,0.830601,0.048055,0.144834,1.072311,0.104656,0.200636,0.905958,0.271787,0.135097,0.946280,0.041081,-0.135597,1.078635,0.123641,-0.175341,0.918779,0.275661,-0.078815,0.949738
0.027391,0.000146,0.786935,0.033597,0.116180,0.653665,0.024463,0.130231,0.347873,-0.022987,0.139288,0.034176,0.033552,-0.116726,0.654322,0.035609,-0.135429,0.348746,-0.008312,-0.149355,0.034729,0.020606,0.000419,0.830589,0.047230,0.144801,1.072383,0.103474,0.200435,0.905852,0.270454,0.134944,0.946877,0.040025,-0.135640,1.078606,0.121985,-0.175259,0.918408,0.274250,-0.079479,0.950443
0.027085,0.000205,0.786879,0.033374,0.116245,0.653618,0.024259,0.130300,0.347826,-0.023122,0.139390,0.034121,0.033302,-0.116662,0.654263,0.035369,-0.135317,0.348685,-0.008397,-0.149212,0.034645,0.020272,0.000479,0.830527,0.046413,0.144808,1.072390,0.102171,0.200182,0.905608,0.269079,0.134815,0.947128,0.038991,-0.135644,1.078531,0.120304,-0.175032,0.917944,0.272820,-0.079988,0.950981
0.026843,0.000197,0.786839,0.033204,0.116239,0.653586,0.024130,0.130298,0.347793,-0.023151,0.139418,0.034074,0.033108,-0.116667,0.654224,0.035169,-0.135297,0.348644,-0.008455,-0.149182,0.034584,0.020005,0.000473,0.830484,0.045716,0.144756,1.072401,0.100840,0.199773,0.905290,0.267755,0.134644,0.947148,0.038043,-0.135707,1.078475,0.118656,-0.174761,0.917452,0.271483,-0.080557,0.951457
0.026632,0.000155,0.786808,0.033059,0.116199,0.653560,0.024039,0.130260,0.347767,-0.023128,0.139409,0.034033,0.032943,-0.116707,0.654194,0.034989,-0.135323,0.348613,-0.008500,-0.149209,0.034535,0.019771,0.000434,0.830449,0.045078,0.144675,1.072414,0.099494,0.199285,0.904936,0.266458,0.134455,0.947055,0.037138,-0.135797,1.078428,0.117025,-0.174467,0.916948,0.270194,-0.081164,0.951899
0.026296,0.000341,0.786741,0.032742,0.116393,0.653501,0.023737,0.130496,0.347710,-0.023349,0.139708,0.033967,0.032666,-0.116514,0.654124,0.034684,-0.135126,0.348542,-0.008764,-0.149021,0.034461,0.019419,0.000620,0.830379,0.044353,0.144857,1.072367,0.098061,0.198830,0.904453,0.265185,0.134552,0.946786,0.036269,-0.135628,1.078349,0.115213,-0.173773,0.916278,0.268789,-0.081386,0.951909
0.026001,0.000476,0.786670,0.032453,0.116537,0.653439,0.023468,0.130673,0.347651,-0.023556,0.139928,0.033900,0.032432,-0.116369,0.654048,0.034424,-0.134977,0.348466,-0.009000,-0.148880,0.034382,0.019110,0.000752,0.830306,0.043698,0.144985,1.072316,0.096743,0.198232,0.903959,0.264053,0.134578,0.946500,0.035494,-0.135513,1.078258,0.113391,-0.173071,0.915542,0.267403,-0.081625,0.951764
0.025788,0.000506,0.786591,0.032220,0.116583,0.653373,0.023265,0.130732,0.347585,-0.023736,0.139992,0.033832,0.032285,-0.116324,0.653959,0.034257,-0.134924,0.348376,-0.009183,-0.148831,0.034297,0.018888,0.000777,0.830226,0.043179,0.145006,1.072256,0.095657,0.197348,0.903435,0.263199,0.134455,0.946178,0.034907,-0.135509,1.078148,0.111552,-0.172359,0.914674,0.266054,-0.081887,0.951315
0.025572,0.000618,0.786512,0.031962,0.116713,0.653308,0.023029,0.130915,0.347522,-0.023992,0.140213,0.033774,0.032127,-0.116194,0.653867,0.034081,-0.134786,0.348284,-0.009437,-0.148689,0.034218,0.018668,0.000883,0.830146,0.042757,0.145084,1.072204,0.094804,0.196416,0.902938,0.262608,0.134331,0.945809,0.034375,-0.135444,1.078021,0.109608,-0.171565,0.913726,0.264685,-0.082137,0.950561
0.025354,0.000771,0.786433,0.031692,0.116885,0.653242,0.022776,0.131161,0.347461,-0.024287,0.140513,0.033721,0.031963,-0.116021,0.653774,0.033900,-0.134605,0.348189,-0.009726,-0.148500,0.034142,0.018450,0.001030,0.830067,0.042383,0.145192,1.072156,0.094066,0.195458,0.902457,0.262146,0.134205,0.945415,0.033870,-0.135350,1.077885,0.107607,-0.170726,0.912749,0.263302,-0.082388,0.949659
0.025280,0.000815,0.786342,0.031566,0.116951,0.653166,0.022713,0.131267,0.347386,-0.024373,0.140634,0.033651,0.031928,-0.115956,0.653666,0.033889,-0.134531,0.348081,-0.009860,-0.148414,0.034053,0.018381,0.001066,0.829977,0.042136,0.145146,1.072132,0.093805,0.194380,0.902124,0.262128,0.133972,0.945298,0.033598,-0.135411,1.077709,0.105800,-0.170060,0.911739,0.262049,-0.082626,0.948523
0.025146,0.000848,0.786257,0.031383,0.117003,0.653096,0.022573,0.131355,0.347317,-0.024550,0.140733,0.033589,0.031829,-0.115903,0.653565,0.033825,-0.134468,0.347980,-0.010031,-0.148336,0.033969,0.018251,0.001091,0.829893,0.041834,0.145069,1.072125,0.093520,0.193357,0.901849,0.262088,0.133733,0.945130,0.033237,-0.135503,1.077533,0.103996,-0.169528,0.910813,0.260771,-0.082944,0.947426
0.024889,0.000857,0.786185,0.031083,0.117030,0.653037,0.022280,0.131405,0.347259,-0.024905,0.140787,0.033541,0.031600,-0.115876,0.653478,0.033655,-0.134427,0.347892,-0.010273,-0.148277,0.033892,0.018000,0.001094,0.829822,0.041422,0.144928,1.072154,0.093188,0.192446,0.901684,0.262005,0.133482,0.944865,0.032701,-0.135653,1.077358,0.102210,-0.169274,0.910029,0.259448,-0.083405,0.946393
0.024796,0.000881,0.786146,0.030960,0.117072,0.653012,0.022169,0.131458,0.347235,-0.025027,0.140841,0.033519,0.031528,-0.115834,0.653425,0.033638,-0.134390,0.347840,-0.010346,-0.148240,0.033849,0.017911,0.001113,0.829784,0.041175,0.144794,1.072222,0.093012,0.191731,0.901612,0.262045,0.133274,0.944615,0.032336,-0.135796,1.077220,0.100900,-0.169221,0.909461,0.258532,-0.083959,0.945586
0.024786,0.000914,0.786124,0.030924,0.117122,0.653005,0.022150,0.131512,0.347227,-0.025034,0.140896,0.033510,0.031534,-0.115784,0.653388,0.033699,-0.134355,0.347804,-0.010334,-0.148213,0.033822,0.017903,0.001140,0.829763,0.041008,0.144662,1.072309,0.092915,0.191114,0.901586,0.262146,0.133086,0.944372,0.032057,-0.135935,1.077099,0.099829,-0.169270,0.908999,0.257819,-0.084558,0.944889
0.024618,0.000997,0.786067,0.030739,0.117227,0.652965,0.021970,0.131657,0.347190,-0.025298,0.141056,0.033486,0.031406,-0.115679,0.653314,0.033631,-0.134239,0.347729,-0.010468,-0.148077,0.033758,0.017733,0.001217,0.829705,0.040673,0.144580,1.072360,0.092615,0.190820,0.901589,0.261984,0.133029,0.944142,0.031631,-0.136021,1.076955,0.099108,-0.169583,0.908781,0.257315,-0.085252,0.944632
0.024576,0.001076,0.786011,0.030685,0.117328,0.652929,0.021897,0.131780,0.347155,-0.025457,0.141179,0.033464,0.031415,-0.115578,0.653241,0.033690,-0.134140,0.347657,-0.010487,-0.147973,0.033697,0.017683,0.001290,0.829648,0.040420,0.144496,1.072413,0.092418,0.190587,0.901619,0.261887,0.132974,0.944005,0.031305,-0.136109,1.076816,0.098598,-0.169972,0.908628,0.256979,-0.085969,0.944485
0.024785,0.001146,0.785958,0.030893,0.117422,0.652897,0.022039,0.131861,0.347125,-0.025406,0.141232,0.033447,0.031695,-0.115484,0.653170,0.034001,-0.134075,0.347588,-0.010278,-0.147934,0.033645,0.017875,0.001352,0.829592,0.040330,0.144406,1.072471,0.092429,0.190476,0.901701,0.261923,0.132921,0.944056,0.031179,-0.136202,1.076686,0.098512,-0.170515,0.908605,0.256982,-0.086734,0.944562
0.024994,0.001190,0.785922,0.031107,0.117495,0.652888,0.022174,0.131939,0.347118,-0.025389,0.141296,0.033458,0.031993,-0.115410,0.653114,0.034350,-0.134032,0.347535,-0.010053,-0.147910,0.033612,0.018065,0.001387,0.829553,0.040214,0.144297,1.072544,0.092438,0.190436,0.901832,0.261917,0.132907,0.944276,0.031104,-0.136316,1.076579,0.098628,-0.171174,0.908686,0.257105,-0.087512,0.944853
0.025205,0.001223,0.785895,0.031322,0.117558,0.652890,0.022306,0.132016,0.347124,-0.025387,0.141365,0.033482,0.032301,-0.115348,0.653066,0.034719,-0.134000,0.347489,-0.009822,-0.147895,0.033588,0.018253,0.001408,0.829523,0.040085,0.144178,1.072624,0.092447,0.190432,0.901985,0.261891,0.132912,0.944582,0.031054,-0.136440,1.076482,0.098844,-0.171891,0.908820,0.257288,-0.088296,0.945252
0.025405,0.001243,0.785884,0.031563,0.117600,0.652902,0.022551,0.132081,0.347137,-0.025292,0.141408,0.033518,0.032639,-0.115305,0.653044,0.035109,-0.133929,0.347465,-0.009566,-0.147782,0.033582,0.018416,0.001419,0.829506,0.039863,0.144080,1.072704,0.092410,0.190535,0.902178,0.261737,0.132920,0.945106,0.030983,-0.136543,1.076416,0.099131,-0.172641,0.909037,0.257402,-0.088907,0.945836
0.025669,0.001267,0.785850,0.031865,0.117644,0.652889,0.022852,0.132163,0.347126,-0.025150,0.141481,0.033532,0.033053,-0.115261,0.653001,0.035557,-0.133858,0.347421,-0.009268,-0.147672,0.033559,0.018641,0.001433,0.829465,0.039680,0.143991,1.072760,0.092424,0.190657,0.902353,0.261612,0.132940,0.945693,0.030984,-0.136639,1.076328,0.099504,-0.173361,0.909237,0.257580,-0.089452,0.946403
0.026061,0.001297,0.785769,0.032292,0.117690,0.652826,0.023267,0.132280,0.347067,-0.024915,0.141615,0.033503,0.033619,-0.115214,0.652918,0.036121,-0.133786,0.347336,-0.008885,-0.147567,0.033499,0.018989,0.001455,0.829377,0.039575,0.143919,1.072767,0.092544,0.190814,0.902492,0.261547,0.132986,0.946407,0.031130,-0.136719,1.076197,0.100053,-0.174020,0.909401,0.257887,-0.089868,0.946933
0.026260,0.001234,0.785705,0.032537,0.117635,0.652774,0.023510,0.132329,0.347021,-0.024780,0.141734,0.033476,0.033991,-0.115268,0.652857,0.036497,-0.133815,0.347273,-0.008668,-0.147562,0.033458,0.019141,0.001384,0.829305,0.039227,0.143784,1.072773,0.092344,0.190931,0.902615,0.261196,0.133045,0.947045,0.031075,-0.136864,1.076095,0.100358,-0.174722,0.909574,0.257937,-0.090301,0.947480
0.026362,0.001124,0.785648,0.032692,0.117530,0.652727,0.023666,0.132345,0.346981,-0.024697,0.141844,0.033451,0.034267,-0.115372,0.652807,0.036779,-0.133895,0.347221,-0.008534,-0.147608,0.033427,0.019195,0.001267,0.829241,0.038759,0.143616,1.072779,0.091985,0.191026,0.902728,0.260701,0.133111,0.947642,0.030919,-0.137041,1.076008,0.100542,-0.175445,0.909753,0.257857,-0.090742,0.948035
0.026477,0.001114,0.785663,0.032847,0.117530,0.652755,0.023792,0.132433,0.347015,-0.024658,0.141993,0.033502,0.034557,-0.115371,0.652825,0.037037,-0.133836,0.347236,-0.008474,-0.147483,0.033468,0.019262,0.001249,0.829248,0.038289,0.143566,1.072846,0.091564,0.191254,0.902888,0.260175,0.133416,0.948311,0.030774,-0.137102,1.076004,0.100756,-0.176024,0.910020,0.257779,-0.091009,0.948748
0.026589,0.001133,0.785663,0.032988,0.117561,0.652770,0.023867,0.132547,0.347036,-0.024679,0.142166,0.033542,0.034847,-0.115339,0.652826,0.037277,-0.133745,0.347231,-0.008444,-0.147327,0.033494,0.019328,0.001258,0.829240,0.037814,0.143554,1.072888,0.091114,0.191533,0.903020,0.259621,0.133790,0.948962,0.030643,-0.137124,1.075989,0.101004,-0.176541,0.910283,0.257725,-0.091198,0.949458
0.026698,0.001208,0.785630,0.033103,0.117655,0.652757,0.023843,0.132714,0.347031,-0.024819,0.142389,0.033558,0.035137,-0.115244,0.652789,0.037482,-0.133591,0.347190,-0.008477,-0.147110,0.033486,0.019393,0.001322,0.829199,0.037329,0.143621,1.072883,0.090605,0.191914,0.903097,0.259014,0.134304,0.949582,0.030543,-0.137067,1.075956,0.101321,-0.176936,0.910536,0.257723,-0.091232,0.950163
0.026831,0.001152,0.785625,0.033239,0.117619,0.652773,0.023820,0.132728,0.347055,-0.024937,0.142448,0.033599,0.035422,-0.115279,0.652777,0.037653,-0.133573,0.347174,-0.008536,-0.147034,0.033503,0.019486,0.001254,0.829188,0.036935,0.143560,1.072899,0.090173,0.192124,0.903178,0.258485,0.134619,0.950180,0.030483,-0.137136,1.075952,0.101603,-0.177432,0.910782,0.257728,-0.091423,0.950802
0.026974,0.001031,0.785634,0.033387,0.117518,0.652804,0.023800,0.132666,0.347093,-0.025045,0.142425,0.033652,0.035703,-0.115378,0.652778,0.037808,-0.133624,0.347171,-0.008609,-0.147030,0.033533,0.019592,0.001121,0.829191,0.036586,0.143437,1.072926,0.089779,0.192248,0.903262,0.257993,0.134834,0.950765,0.030444,-0.137268,1.075964,0.101867,-0.177977,0.911027,0.257737,-0.091690,0.951409
0.027156,0.000950,0.785581,0.033553,0.117454,0.652769,0.023880,0.132681,0.347066,-0.025004,0.142507,0.033633,0.036036,-0.115440,0.652721,0.038008,-0.133622,0.347108,-0.008664,-0.146958,0.033507,0.019741,0.001028,0.829133,0.036283,0.143367,1.072882,0.089444,0.192444,0.903284,0.257584,0.135183,0.951269,0.030476,-0.137344,1.075923,0.102258,-0.178389,0.911225,0.257881,-0.091865,0.952026
0.027352,0.000789,0.785543,0.033731,0.117309,0.652745,0.024008,0.132615,0.347048,-0.024894,0.142506,0.033620,0.036377,-0.115583,0.652679,0.038211,-0.133692,0.347061,-0.008669,-0.146956,0.033489,0.019905,0.000857,0.829089,0.036003,0.143220,1.072852,0.089157,0.192552,0.903326,0.257228,0.135453,0.951783,0.030519,-0.137498,1.075897,0.102637,-0.178864,0.911426,0.258027,-0.092128,0.952638
0.027575,0.000470,0.785532,0.033933,0.116999,0.652743,0.024229,0.132387,0.347050,-0.024647,0.142340,0.033620,0.036737,-0.115891,0.652670,0.038419,-0.133906,0.347045,-0.008577,-0.147093,0.033488,0.020101,0.000529,0.829073,0.035766,0.142918,1.072848,0.088967,0.192485,0.903405,0.256980,0.135567,0.952319,0.030580,-0.137805,1.075901,0.102992,-0.179465,0.911632,0.258179,-0.092569,0.953239
0.027746,0.000293,0.785507,0.034093,0.116828,0.652723,0.024437,0.132311,0.347034,-0.024390,0.142341,0.033599,0.037031,-0.116060,0.652649,0.038580,-0.133991,0.347017,-0.008462,-0.147116,0.033465,0.020247,0.000346,0.829044,0.035478,0.142763,1.072828,0.088725,0.192608,0.903480,0.256717,0.135924,0.952776,0.030602,-0.137966,1.075890,0.103298,-0.179897,0.911816,0.258269,-0.092830,0.953849
0.027892,0.000188,0.785474,0.034231,0.116727,0.652695,0.024640,0.132311,0.347009,-0.024127,0.142426,0.033567,0.037294,-0.116159,0.652621,0.038719,-0.134012,0.346984,-0.008336,-0.147082,0.033432,0.020368,0.000235,0.829007,0.035164,0.142681,1.072799,0.088457,0.192826,0.903554,0.256446,0.136400,0.953194,0.030603,-0.138054,1.075873,0.103579,-0.180243,0.911990,0.258328,-0.093000,0.954464
0.027923,-0.000132,0.785451,0.034297,0.116410,0.652677,0.024809,0.132083,0.346993,-0.023876,0.142281,0.033540,0.037406,-0.116476,0.652603,0.038695,-0.134228,0.346959,-0.008155,-0.147244,0.033372,0.020373,-0.000091,0.828980,0.034784,0.142391,1.072772,0.088103,0.192877,0.903637,0.256109,0.136764,0.953626,0.030496,-0.138348,1.075871,0.103797,-0.180807,0.912202,0.258298,-0.093458,0.955363
0.027915,-0.000407,0.785439,0.034336,0.116138,0.652670,0.024983,0.131893,0.346988,-0.023603,0.142166,0.033521,0.037475,-0.116747,0.652595,0.038649,-0.134398,0.346944,-0.007959,-0.147362,0.033317,0.020340,-0.000371,0.828963,0.034377,0.142160,1.072747,0.087701,0.192996,0.903717,0.255728,0.137219,0.954070,0.030334,-0.138581,1.075889,0.103968,-0.181287,0.912432,0.258201,-0.093834,0.956349
0.027831,-0.000594,0.785449,0.034318,0.115956,0.652686,0.025169,0.131780,0.347002,-0.023287,0.142111,0.033516,0.037457,-0.116929,0.652607,0.038561,-0.134477,0.346950,-0.007735,-0.147392,0.033273,0.020230,-0.000561,0.828969,0.033916,0.142048,1.072723,0.087203,0.193251,0.903790,0.255259,0.137860,0.954538,0.030061,-0.138694,1.075948,0.104044,-0.181597,0.912699,0.257976,-0.094049,0.957507
0.027611,-0.000781,0.785479,0.034177,0.115773,0.652724,0.025261,0.131672,0.347037,-0.023058,0.142062,0.033529,0.037288,-0.117112,0.652638,0.038345,-0.134568,0.346976,-0.007710,-0.147429,0.033261,0.019987,-0.000751,0.828994,0.033455,0.141935,1.072713,0.086718,0.193448,0.903866,0.254774,0.138463,0.955111,0.029685,-0.138807,1.076028,0.104028,-0.181789,0.912963,0.257627,-0.094174,0.958794
0.027324,-0.000969,0.785519,0.033974,0.115590,0.652771,0.025306,0.131566,0.347082,-0.022872,0.142014,0.033552,0.037043,-0.117296,0.652679,0.038066,-0.134665,0.347011,-0.007784,-0.147470,0.033263,0.019678,-0.000941,0.829031,0.032995,0.141821,1.072711,0.086238,0.193617,0.903942,0.254280,0.139047,0.955737,0.029257,-0.138919,1.076119,0.103966,-0.181923,0.913227,0.257212,-0.094256,0.960143
0.027045,-0.001096,0.785518,0.033839,0.115469,0.652782,0.025405,0.131513,0.347089,-0.022818,0.141972,0.033565,0.036759,-0.117419,0.652674,0.037752,-0.134697,0.347002,-0.007950,-0.147420,0.033231,0.019374,-0.001069,0.829025,0.032588,0.141813,1.072637,0.085668,0.193858,0.903891,0.253758,0.139842,0.956142,0.028820,-0.138925,1.076189,0.103730,-0.181775,0.913348,0.256645,-0.093980,0.961098
0.026764,-0.001282,0.785516,0.033688,0.115292,0.652795,0.025459,0.131382,0.347097,-0.022796,0.141833,0.033575,0.036464,-0.117598,0.652667,0.037414,-0.134794,0.346990,-0.008188,-0.147443,0.033203,0.019071,-0.001255,0.829019,0.032221,0.141744,1.072561,0.085082,0.194014,0.903813,0.253254,0.140581,0.956426,0.028361,-0.138992,1.076260,0.103440,-0.181608,0.913436,0.256069,-0.093715,0.961926
0.026477,-0.001586,0.785515,0.033504,0.115003,0.652812,0.025424,0.131095,0.347108,-0.022834,0.141503,0.033583,0.036145,-0.117888,0.652652,0.037028,-0.135019,0.346972,-0.008569,-0.147610,0.033184,0.018770,-0.001559,0.829016,0.031934,0.141554,1.072482,0.084466,0.194004,0.903685,0.252790,0.141207,0.956470,0.027855,-0.139178,1.076332,0.103045,-0.181401,0.913456,0.255479,-0.093470,0.962502
