body_0_angvel_x,body_0_angvel_y,body_0_angvel_z,body_1_angvel_x,body_1_angvel_y,body_1_angvel_z,body_2_angvel_x,body_2_angvel_y,body_2_angvel_z,body_3_angvel_x,body_3_angvel_y,body_3_angvel_z,body_4_angvel_x,body_4_angvel_y,body_4_angvel_z,body_5_angvel_x,body_5_angvel_y,body_5_angvel_z,body_6_angvel_x,body_6_angvel_y,body_6_angvel_z,body_7_angvel_x,body_7_angvel_y,body_7_angvel_z,body_8_angvel_x,body_8_angvel_y,body_8_angvel_z,body_9_angvel_x,body_9_angvel_y,body_9_angvel_z,body_10_angvel_x,body_10_angvel_y,body_10_angvel_z,body_11_angvel_x,body_11_angvel_y,body_11_angvel_z,body_12_angvel_x,body_12_angvel_y,body_12_angvel_z,body_13_angvel_x,body_13_angvel_y,body_13_angvel_z
0.000177,-0.013256,-0.005895,0.001883,-0.000862,-0.005610,0.003411,-0.011892,-0.000567,0.017984,-0.052263,-0.004136,-0.014081,0.024986,-0.007856,-0.007313,0.019477,-0.053337,0.023882,0.032765,-0.053674,0.004461,-0.053128,0.011189,0.016864,-0.007109,0.023524,0.022768,0.006003,0.017607,-0.021812,0.094269,-0.039756,-0.004378,0.013640,-0.008269,0.013465,-0.016183,-0.036590,0.019894,0.039855,-0.023302
0.000593,-0.012203,-0.001363,0.000101,-0.003188,-0.001367,0.001289,-0.009614,-0.000475,0.017653,-0.044361,-0.003668,-0.014291,0.025371,-0.003420,-0.007389,0.020396,-0.049396,0.021033,0.030246,-0.049576,0.004701,-0.050336,0.013167,0.014858,-0.007264,0.024832,0.020224,0.003832,0.021516,-0.021741,0.086226,-0.039499,-0.000608,0.013039,-0.005229,0.018040,-0.017673,-0.031922,0.029918,0.032672,-0.030573
0.001841,-0.009041,0.012235,-0.005244,-0.010168,0.011359,-0.005077,-0.002782,-0.000201,0.016662,-0.020659,-0.002267,-0.014926,0.026524,0.009887,-0.007610,0.023160,-0.037577,0.012478,0.022718,-0.037263,0.005416,-0.041963,0.019107,0.008854,-0.007734,0.028751,0.012610,-0.002694,0.033233,-0.021527,0.062059,-0.038817,0.010695,0.011232,0.003885,0.031771,-0.022140,-0.017925,0.059971,0.011144,-0.052390
0.002888,-0.007842,0.019068,-0.008638,-0.015718,0.017601,-0.010040,0.007077,-0.004846,0.017920,-0.002819,-0.006488,-0.012688,0.024103,0.016890,-0.005764,0.021779,-0.027498,0.006305,0.011708,-0.026713,0.003573,-0.035916,0.021489,0.000756,-0.005881,0.030420,0.003749,-0.004439,0.040404,-0.007559,0.042098,-0.035054,0.015560,0.010350,0.008411,0.035735,-0.019887,-0.001980,0.073522,-0.003371,-0.061250
0.003213,-0.009204,0.015719,-0.008380,-0.017062,0.014239,-0.011111,0.015033,-0.012091,0.020804,0.000239,-0.014225,-0.008698,0.019317,0.014088,-0.002787,0.016938,-0.024200,0.005597,0.002703,-0.023210,0.000104,-0.035220,0.019119,-0.005401,-0.002632,0.029007,-0.001948,-0.000526,0.039449,0.013185,0.036325,-0.030064,0.011557,0.010835,0.006092,0.027950,-0.012040,0.007943,0.063819,-0.003617,-0.052710
0.002215,-0.007734,0.021167,-0.006519,-0.018838,0.020015,-0.007958,0.008017,-0.007736,0.019248,-0.003875,-0.009494,-0.006599,0.015479,0.019979,-0.002051,0.014621,-0.008794,0.002514,-0.002991,-0.007646,-0.002824,-0.029919,0.020403,-0.009963,-0.004313,0.028397,-0.003146,0.005302,0.035515,0.012903,0.020229,0.010597,0.017646,0.015040,0.007878,0.032645,-0.005769,0.010275,0.057735,-0.002878,-0.044950
0.001225,-0.005924,0.027400,-0.004744,-0.019744,0.026568,-0.004299,-0.001568,-0.001843,0.016586,-0.009347,-0.003084,-0.005933,0.013353,0.026442,-0.003033,0.012501,0.007829,-0.001469,-0.006600,0.009030,-0.005301,-0.024468,0.023430,-0.014654,-0.009061,0.028645,-0.005615,0.006254,0.031780,0.001950,0.000451,0.048848,0.022621,0.019422,0.011360,0.036072,0.000873,0.014129,0.051912,0.000441,-0.034625
0.001580,-0.006264,0.026404,-0.004743,-0.018483,0.025536,-0.003845,-0.001318,-0.004479,0.016156,-0.010363,-0.005784,-0.006247,0.013700,0.025354,-0.005212,0.008255,0.014780,-0.004873,-0.009344,0.015874,-0.007409,-0.023323,0.026294,-0.021208,-0.015021,0.029804,-0.015109,-0.004472,0.031424,-0.009369,-0.016368,0.046610,0.015274,0.020432,0.014142,0.024494,0.009809,0.028625,0.042994,0.007916,-0.018381
0.001955,-0.004642,0.020402,-0.006265,-0.017592,0.019289,-0.004225,-0.004630,-0.012582,0.012526,-0.010833,-0.013565,-0.007237,0.011996,0.019127,-0.007656,0.000027,0.012597,-0.008804,-0.012155,0.013336,-0.008868,-0.018960,0.019047,-0.019842,-0.012052,0.021925,-0.012893,-0.000406,0.024726,-0.013273,-0.015418,0.038775,0.010207,0.025359,0.006643,0.013746,0.023510,0.025641,0.031704,0.012062,-0.004188
0.002162,-0.001869,0.012394,-0.008545,-0.017521,0.010948,-0.005240,-0.009851,-0.022102,0.007521,-0.010527,-0.022538,-0.008412,0.009092,0.010875,-0.009149,-0.008073,0.002372,-0.011301,-0.013633,0.002687,-0.008942,-0.013561,0.005313,-0.011246,-0.001636,0.008946,-0.000095,0.016434,0.015028,-0.007834,0.002842,0.029255,0.009947,0.031744,-0.007396,0.009193,0.035140,0.006655,0.023693,0.010820,0.000833
0.002085,0.000862,0.017026,-0.008477,-0.024509,0.015524,-0.005698,-0.015938,-0.015097,0.005671,-0.012989,-0.015212,-0.007204,0.012627,0.015710,-0.008681,-0.004178,0.012108,-0.008615,-0.010683,0.012515,-0.009515,-0.007658,0.006199,-0.009234,0.000955,0.008666,0.001406,0.015231,0.021906,-0.018252,0.004643,0.039436,0.005802,0.033839,-0.005498,0.000519,0.042269,0.000428,0.002703,0.023819,0.020195
0.001993,0.002673,0.022897,-0.007877,-0.028984,0.021431,-0.006228,-0.017891,-0.004927,0.005225,-0.015088,-0.005052,-0.005820,0.016000,0.021818,-0.007953,0.001420,0.024024,-0.004128,-0.006397,0.024569,-0.010022,-0.002781,0.010750,-0.009454,-0.000511,0.011360,0.000866,0.009998,0.032550,-0.030789,-0.000123,0.055892,0.002829,0.034409,0.000233,-0.006522,0.047244,-0.001772,-0.011222,0.040625,0.033102
0.002158,0.002688,0.018607,-0.008566,-0.021377,0.017078,-0.007461,-0.010718,-0.004951,0.004426,-0.013690,-0.005523,-0.006459,0.012603,0.017385,-0.008657,-0.001578,0.020342,-0.001215,-0.003877,0.020596,-0.009893,-0.000460,0.008010,-0.007559,-0.002267,0.007302,0.007512,0.014763,0.034148,-0.031724,-0.001545,0.065191,0.006077,0.036221,-0.002322,-0.006180,0.052411,-0.008695,0.001936,0.050813,0.018687
0.002199,0.001947,0.012080,-0.010353,-0.013646,0.010375,-0.009197,-0.005159,-0.008970,0.002507,-0.010886,-0.009742,-0.007458,0.009458,0.010688,-0.008764,-0.000085,0.011613,-0.000208,0.000537,0.011700,-0.008963,0.003193,0.004381,-0.009559,0.001923,0.004062,0.004395,0.016968,0.030787,-0.032394,-0.000675,0.065860,0.009500,0.039056,-0.005692,-0.004678,0.056931,-0.018098,0.011185,0.059250,-0.014537
0.002094,0.000821,0.006581,-0.012335,-0.009657,0.004670,-0.010557,-0.003996,-0.014978,0.000441,-0.008082,-0.015601,-0.008321,0.008136,0.005077,-0.008224,0.005150,0.002201,-0.001607,0.004633,0.002331,-0.007696,0.006352,0.001676,-0.014456,0.009962,0.003258,-0.006922,0.015503,0.024149,-0.032463,0.002054,0.057562,0.011386,0.041496,-0.008201,-0.002771,0.058543,-0.025285,0.011871,0.061717,-0.049951
0.001481,0.001236,0.007591,-0.010922,-0.005493,0.005963,-0.009634,-0.002246,-0.007097,0.000317,-0.005310,-0.007611,-0.007619,0.002522,0.006240,-0.006792,0.002214,0.000823,-0.003256,0.005360,0.000676,-0.004840,0.009298,0.001723,-0.010587,0.012022,0.002970,-0.006993,0.011708,0.020295,-0.024203,-0.000520,0.056237,0.005147,0.035774,-0.005796,-0.004369,0.046974,-0.018776,0.015319,0.042050,-0.075400
0.000631,0.002452,0.008315,-0.008761,-0.000538,0.007097,-0.007626,-0.001524,0.000820,0.000842,-0.003905,0.000401,-0.006335,-0.002893,0.007234,-0.005476,-0.003495,0.001394,-0.005671,0.003751,0.000932,-0.002698,0.011620,0.000827,-0.002968,0.010200,0.000440,-0.002420,0.006226,0.012833,-0.014043,-0.005621,0.048324,-0.003827,0.029610,-0.004401,-0.007249,0.033313,-0.010944,0.018556,0.021886,-0.090323
-0.000183,0.003731,0.001957,-0.008503,0.005821,0.000913,-0.005734,-0.003449,-0.005076,0.000721,-0.005207,-0.005390,-0.005455,-0.003621,0.001113,-0.005288,-0.006577,-0.002169,-0.009373,0.000835,-0.002699,-0.003572,0.012903,-0.004705,0.003383,0.006588,-0.007085,0.000196,-0.000306,-0.004630,-0.008429,-0.010491,0.020257,-0.010156,0.030721,-0.009957,-0.009207,0.028649,-0.014178,0.018719,0.022867,-0.094124
-0.000137,0.005348,-0.002272,-0.008040,0.009752,-0.003245,-0.005401,-0.002334,-0.004527,-0.000915,0.001069,-0.004398,-0.003640,-0.005937,-0.002881,-0.004410,-0.006130,0.001791,-0.012709,0.001687,0.001174,-0.003064,0.014956,-0.008671,0.008570,0.004879,-0.012512,0.000005,-0.008058,-0.019773,-0.003489,-0.017331,-0.000925,-0.015531,0.029716,-0.013109,-0.013824,0.027563,-0.011632,0.003943,0.020384,-0.082075
0.000747,0.006494,-0.002258,-0.007601,0.009290,-0.003297,-0.006792,0.001264,0.002194,-0.003246,0.011787,0.002881,-0.001798,-0.008682,-0.002753,-0.003283,-0.002377,0.011293,-0.014014,0.005883,0.010612,-0.001426,0.016752,-0.009088,0.010000,0.005929,-0.013128,-0.002902,-0.013150,-0.025027,-0.001694,-0.022716,-0.004628,-0.017263,0.027099,-0.012281,-0.018785,0.030603,-0.004577,-0.018421,0.015713,-0.060191
0.000677,0.009642,-0.008214,-0.004648,0.009957,-0.008887,-0.003213,-0.006526,0.003948,0.000098,0.007707,0.004918,0.001327,-0.011356,-0.008274,-0.001472,-0.002850,0.015611,-0.011932,0.008692,0.014726,-0.001480,0.014631,-0.011968,0.013181,0.000228,-0.017298,0.003064,-0.016089,-0.023234,0.012052,-0.039421,-0.011023,-0.018967,0.019548,-0.013599,-0.017547,0.018951,-0.005612,-0.024081,0.004409,-0.035890
0.000303,0.012564,-0.015124,-0.002085,0.009473,-0.015449,-0.000121,-0.013203,0.002314,0.003918,0.002065,0.003338,0.003129,-0.013642,-0.014895,-0.000367,-0.004472,0.013790,-0.008995,0.009063,0.012806,-0.001813,0.013695,-0.016328,0.015059,-0.003578,-0.022661,0.008533,-0.015478,-0.023048,0.024021,-0.049549,-0.019441,-0.019886,0.012424,-0.016163,-0.015671,0.007433,-0.010700,-0.024287,-0.004544,-0.015455
0.000277,0.013032,-0.017971,-0.002815,0.005559,-0.018416,-0.002975,-0.006269,-0.001134,0.003011,0.008097,-0.000235,0.000999,-0.015223,-0.018071,-0.001357,-0.004165,0.004875,-0.007730,0.005946,0.004141,-0.001005,0.019046,-0.021184,0.012587,0.003161,-0.026851,0.004138,-0.009898,-0.033129,0.020489,-0.035180,-0.029241,-0.019256,0.011091,-0.019077,-0.018698,0.010884,-0.015812,-0.030286,-0.002138,-0.005167
0.001044,0.013775,-0.018433,-0.002695,0.001586,-0.018995,-0.003130,-0.007115,-0.004131,0.004533,0.007238,-0.003282,-0.000245,-0.015811,-0.018846,-0.002744,-0.006639,0.003527,-0.009597,0.000966,0.002946,-0.001122,0.022870,-0.023037,0.010335,0.008263,-0.028163,0.004203,0.000398,-0.036680,0.021565,-0.022645,-0.027275,-0.018182,0.012652,-0.020253,-0.021086,0.016971,-0.019095,-0.029702,0.000935,-0.004456
0.002221,0.014422,-0.016281,-0.001786,-0.000459,-0.016896,-0.000509,-0.015317,-0.005176,0.007724,-0.000082,-0.004280,0.000014,-0.015113,-0.016833,-0.003844,-0.010658,0.010420,-0.013673,-0.003387,0.009818,-0.002106,0.023257,-0.020959,0.009423,0.009173,-0.025941,0.008696,0.010251,-0.031925,0.026692,-0.018229,-0.014522,-0.017199,0.016330,-0.019103,-0.021637,0.022656,-0.018903,-0.022833,0.003129,-0.013674
0.001819,0.013307,-0.018606,-0.002946,-0.003199,-0.019328,-0.001924,-0.015549,-0.009340,0.002494,-0.004481,-0.008645,0.000646,-0.013277,-0.018978,-0.003279,-0.006520,0.010356,-0.014962,-0.003563,0.010001,-0.002600,0.023112,-0.025273,0.004219,0.013129,-0.028696,0.007053,0.016522,-0.024197,0.011892,-0.011210,0.004567,-0.011716,0.019565,-0.024332,-0.017653,0.028028,-0.024106,-0.021484,0.001721,-0.044217
0.000654,0.010987,-0.022645,-0.003721,-0.004330,-0.023310,-0.003714,-0.011553,-0.013482,-0.004148,-0.005782,-0.013042,0.002579,-0.013339,-0.022531,-0.001152,-0.003775,0.007620,-0.013113,-0.001880,0.007327,-0.003418,0.022149,-0.030907,0.000075,0.017209,-0.032611,0.006254,0.023239,-0.019465,-0.002727,-0.001591,0.016966,-0.007162,0.021254,-0.030682,-0.012957,0.029368,-0.031311,-0.022807,0.000370,-0.070729
-0.000455,0.008022,-0.025640,-0.001649,-0.001550,-0.025860,-0.002222,-0.007074,-0.014458,-0.005186,-0.003814,-0.014132,0.006736,-0.018341,-0.024737,0.002437,-0.011978,0.006503,-0.007779,-0.000656,0.005634,-0.005369,0.020085,-0.032786,0.002342,0.018479,-0.033874,0.013280,0.034419,-0.023702,0.002948,0.010618,0.009643,-0.008967,0.020310,-0.032882,-0.011377,0.022963,-0.037117,-0.023906,0.002756,-0.067853
-0.001755,0.005826,-0.030578,0.001374,0.002388,-0.030206,0.000587,-0.007644,-0.011219,-0.003135,-0.005410,-0.010949,0.007716,-0.020966,-0.029324,0.003157,-0.017595,0.001257,-0.002852,-0.002394,0.000202,-0.007638,0.018438,-0.036198,-0.000186,0.020129,-0.036317,0.013426,0.042551,-0.030161,0.004566,0.022517,-0.002182,-0.003955,0.023737,-0.037708,-0.007848,0.028525,-0.041816,-0.018145,0.010668,-0.066279
-0.002595,0.005498,-0.034989,0.003837,0.005513,-0.034176,0.003302,-0.012978,-0.005386,0.000975,-0.009774,-0.005083,0.005026,-0.019900,-0.034001,0.000640,-0.017814,-0.005496,-0.000803,-0.006224,-0.006254,-0.009085,0.018032,-0.039437,-0.006240,0.021341,-0.038717,0.006620,0.043576,-0.035608,0.001331,0.028163,-0.012595,0.005377,0.029810,-0.042757,-0.004101,0.043274,-0.043065,-0.008420,0.020139,-0.066802
-0.002661,0.007967,-0.032105,0.005685,0.008008,-0.031051,0.004669,-0.010497,0.001022,0.001444,-0.006152,0.001434,0.006650,-0.017689,-0.030854,0.002512,-0.014092,-0.002813,-0.000085,-0.003586,-0.003519,-0.007595,0.019532,-0.038640,-0.001445,0.022586,-0.038265,0.013096,0.051244,-0.043601,0.006601,0.041591,-0.029275,0.014153,0.026605,-0.040558,0.005212,0.038162,-0.047131,0.003039,0.014889,-0.057647
-0.002338,0.010940,-0.027919,0.006464,0.009302,-0.026819,0.005217,-0.007090,0.003961,0.000889,-0.001604,0.004488,0.009511,-0.015625,-0.026276,0.005372,-0.011603,0.002026,0.000620,-0.000565,0.001256,-0.005876,0.021837,-0.036310,0.003340,0.022823,-0.036782,0.022229,0.061091,-0.046477,0.012501,0.054243,-0.039293,0.021291,0.021398,-0.036030,0.014008,0.028379,-0.054539,0.010740,0.008261,-0.053376
-0.002021,0.012122,-0.028422,0.005719,0.008825,-0.027468,0.005475,-0.009648,-0.000613,0.001931,-0.003189,-0.000034,0.010529,-0.014987,-0.026667,0.005823,-0.015513,0.001739,0.002629,-0.003246,0.000915,-0.006639,0.023853,-0.034948,-0.002749,0.021046,-0.036073,0.023407,0.068681,-0.036549,0.011181,0.057582,-0.029712,0.025729,0.021469,-0.034093,0.016264,0.029140,-0.065798,0.009213,0.013636,-0.068546
-0.001607,0.012896,-0.024377,0.005676,0.006936,-0.023500,0.007535,-0.018174,-0.001796,0.002192,-0.008795,-0.000951,0.010992,-0.012566,-0.022598,0.005960,-0.017606,0.004476,0.003795,-0.006175,0.003722,-0.008472,0.026506,-0.032866,-0.005955,0.022102,-0.034338,0.019571,0.068315,-0.034405,0.011106,0.052956,-0.032321,0.028454,0.025346,-0.032372,0.018325,0.032493,-0.072107,0.009145,0.019260,-0.073512
-0.001302,0.012873,-0.017808,0.006356,0.004577,-0.016899,0.010368,-0.028410,0.001000,0.001543,-0.015623,0.002195,0.010664,-0.009575,-0.016102,0.005706,-0.016839,0.008871,0.003528,-0.007891,0.008275,-0.010456,0.028473,-0.031106,-0.004667,0.025454,-0.032451,0.012622,0.060177,-0.041118,0.012287,0.042673,-0.045828,0.028110,0.031084,-0.031733,0.019170,0.036759,-0.070318,0.010569,0.022309,-0.065805
-0.001205,0.013903,-0.017833,0.006348,0.005982,-0.016935,0.010499,-0.025514,-0.002005,0.002294,-0.013415,-0.000879,0.010587,-0.011277,-0.016166,0.006938,-0.019446,0.000138,0.004731,-0.006614,-0.000701,-0.009800,0.033998,-0.031880,-0.001568,0.021442,-0.036163,0.013757,0.051026,-0.041048,0.010593,0.026042,-0.045946,0.033046,0.029540,-0.030463,0.016217,0.047026,-0.067025,0.014364,0.041639,-0.061028
-0.001390,0.016421,-0.017960,0.005353,0.008039,-0.017167,0.009348,-0.021508,-0.003831,0.002145,-0.008357,-0.002653,0.010181,-0.013017,-0.016349,0.007558,-0.021324,-0.006408,0.005319,-0.004129,-0.007519,-0.008500,0.040888,-0.030809,0.001753,0.015482,-0.038943,0.015929,0.042070,-0.041697,0.008661,0.009514,-0.041397,0.038078,0.028030,-0.026967,0.012403,0.058857,-0.061026,0.017558,0.062615,-0.056336
-0.001931,0.020862,-0.011699,0.003068,0.007638,-0.011155,0.008331,-0.028414,0.002499,-0.001202,-0.006631,0.004387,0.008875,-0.010136,-0.010212,0.005465,-0.018375,0.004549,0.003210,-0.002224,0.003505,-0.008557,0.046953,-0.023508,0.003727,0.012992,-0.034259,0.012069,0.034545,-0.050544,0.009116,-0.000459,-0.040912,0.038038,0.033883,-0.019639,0.010613,0.067789,-0.051151,0.017084,0.070611,-0.048905
-0.001765,0.025497,-0.006228,0.001633,0.004312,-0.005932,0.008169,-0.033007,0.000820,-0.001666,-0.004483,0.003222,0.007086,-0.008373,-0.005057,0.003049,-0.020523,0.010669,0.001546,-0.000865,0.009420,-0.008306,0.053838,-0.016808,0.002223,0.015252,-0.028732,0.006421,0.030856,-0.048704,0.003285,0.000408,-0.035079,0.033902,0.043230,-0.013699,0.005633,0.079646,-0.038622,0.018140,0.085939,-0.036458
-0.000977,0.028006,-0.004281,0.001765,-0.000276,-0.004111,0.008944,-0.032992,-0.008029,0.000985,-0.002987,-0.005566,0.005704,-0.008610,-0.003461,0.001516,-0.026695,0.008892,0.001156,-0.000733,0.007271,-0.007873,0.058100,-0.014058,-0.002009,0.021133,-0.025124,0.001831,0.032839,-0.037097,-0.005905,0.011688,-0.026811,0.027738,0.051393,-0.012126,-0.000040,0.088510,-0.029693,0.020226,0.100934,-0.025231
-0.000241,0.033421,-0.004372,0.000854,-0.002707,-0.004454,0.007444,-0.028937,-0.013285,0.000187,0.006489,-0.010434,0.004546,-0.011879,-0.003896,0.000941,-0.031632,0.003708,0.000770,-0.001934,0.001860,-0.008156,0.065941,-0.009954,-0.005637,0.028104,-0.020984,0.000331,0.042786,-0.030976,-0.005922,0.021893,-0.033499,0.027260,0.059989,-0.008285,0.004002,0.092536,-0.015237,0.027147,0.093043,-0.010515
0.000642,0.039711,-0.003647,-0.000249,-0.005753,-0.004035,0.005041,-0.025125,-0.013445,-0.001202,0.018116,-0.010035,0.003373,-0.015458,-0.003549,0.000394,-0.033863,0.001234,0.000285,-0.002125,-0.000737,-0.007698,0.076378,-0.004945,-0.005711,0.036235,-0.016584,0.001638,0.053566,-0.027077,-0.005058,0.032155,-0.043959,0.026991,0.064928,-0.001707,0.006715,0.094662,-0.000635,0.026535,0.081928,0.003497
0.001874,0.044843,0.000742,-0.000692,-0.012185,0.000073,0.003101,-0.025838,-0.007007,-0.000329,0.026061,-0.003028,0.001953,-0.016627,0.000388,-0.001056,-0.031919,0.007584,-0.000400,0.001039,0.005552,-0.005056,0.088426,0.000515,0.000712,0.045599,-0.012209,0.005447,0.058054,-0.022142,-0.011586,0.043640,-0.046996,0.021450,0.062132,0.008097,-0.002991,0.097836,0.008805,0.006004,0.087262,0.012716
0.003296,0.050783,0.003415,-0.001259,-0.017684,0.002422,0.001715,-0.029137,-0.002106,0.001135,0.029297,0.002275,0.000502,-0.018924,0.002557,-0.003029,-0.036501,0.011261,-0.000131,0.001433,0.008958,-0.002264,0.102173,0.002042,0.001633,0.057599,-0.011020,0.003860,0.064639,-0.018578,-0.022626,0.056682,-0.041642,0.011805,0.059727,0.014400,-0.013851,0.097642,0.017569,-0.018629,0.086900,0.023352
0.004193,0.054560,0.003033,-0.001668,-0.019499,0.001834,0.001572,-0.033372,-0.001194,0.002455,0.026206,0.003218,-0.000255,-0.021200,0.001873,-0.004536,-0.045318,0.010424,0.000954,-0.001139,0.007776,-0.000729,0.110746,-0.001125,-0.003427,0.066240,-0.013593,-0.002345,0.070031,-0.018151,-0.032665,0.064762,-0.030553,0.002875,0.058916,0.014042,-0.020432,0.094173,0.021271,-0.035028,0.081015,0.030083
0.004638,0.060451,0.003695,-0.004808,-0.024518,0.001964,-0.001796,-0.036706,-0.001801,0.003152,0.025966,0.002706,-0.002274,-0.025105,0.002076,-0.005370,-0.042071,0.008598,-0.002380,0.001632,0.005941,-0.001406,0.125024,0.000443,-0.003556,0.081154,-0.011886,-0.002657,0.081755,-0.009493,-0.029114,0.081439,-0.030624,-0.004633,0.059732,0.019612,-0.024291,0.087414,0.015405,-0.044797,0.066696,0.012060
0.005057,0.067768,0.005978,-0.008824,-0.028841,0.003595,-0.005379,-0.041532,-0.002376,0.002088,0.024959,0.002319,-0.004056,-0.028438,0.003931,-0.006136,-0.039175,0.008782,-0.006728,0.006294,0.005960,-0.001952,0.141424,0.003215,-0.002932,0.097483,-0.009237,-0.003759,0.092646,-0.001132,-0.025968,0.096949,-0.026442,-0.009750,0.066217,0.025340,-0.024126,0.083465,0.007376,-0.045706,0.054634,-0.009953
0.005876,0.075820,0.010458,-0.011857,-0.028570,0.007512,-0.006166,-0.050245,-0.001363,-0.001871,0.019565,0.003641,-0.004095,-0.028996,0.008202,-0.007430,-0.049046,0.013974,-0.008677,0.009397,0.010340,-0.000054,0.156363,0.003646,-0.005764,0.110372,-0.008949,-0.012396,0.095545,-0.001544,-0.037138,0.101559,-0.002476,-0.011540,0.082413,0.025457,-0.018605,0.088431,0.004576,-0.035429,0.055562,-0.015230
0.006179,0.085795,0.010981,-0.014122,-0.031090,0.007598,-0.007565,-0.060235,0.003026,-0.006756,0.011672,0.008256,-0.004782,-0.030315,0.008473,-0.008438,-0.054494,0.013270,-0.012434,0.011317,0.009137,0.001345,0.176343,0.002973,-0.005707,0.120266,-0.012361,-0.017720,0.100149,-0.014917,-0.044478,0.100434,-0.018902,-0.014031,0.094227,0.027247,-0.015141,0.091905,0.008029,-0.024493,0.055967,-0.019251
0.005803,0.092705,0.007285,-0.014481,-0.035142,0.003800,-0.008881,-0.066504,0.008589,-0.010132,0.005230,0.013834,-0.005769,-0.031737,0.004600,-0.008653,-0.052794,0.007012,-0.016120,0.011091,0.002947,0.001541,0.191373,0.001535,-0.002836,0.122214,-0.017777,-0.017161,0.104152,-0.034575,-0.044579,0.094108,-0.067494,-0.015918,0.095748,0.029830,-0.015406,0.092148,0.016034,-0.018347,0.055639,-0.019975
0.006832,0.106225,0.007671,-0.015260,-0.039746,0.003791,-0.009561,-0.071723,0.008777,-0.007310,0.005834,0.014302,-0.008094,-0.036601,0.004293,-0.010582,-0.056647,0.005080,-0.018520,0.007414,0.000995,0.001963,0.215670,0.004639,0.004565,0.130560,-0.019913,-0.015373,0.107405,-0.047470,-0.048252,0.103941,-0.071970,-0.023541,0.107350,0.036821,-0.014116,0.095537,0.045334,-0.010423,0.059925,0.006095
0.008395,0.121539,0.009838,-0.015772,-0.044066,0.005506,-0.009674,-0.076135,0.008050,-0.002445,0.009656,0.013973,-0.009999,-0.041330,0.005725,-0.012290,-0.061171,0.005505,-0.018021,0.005822,0.001268,0.002750,0.243258,0.008800,0.011624,0.138529,-0.022002,-0.014352,0.109303,-0.059425,-0.055710,0.116641,-0.066154,-0.029485,0.119796,0.045595,-0.013433,0.102870,0.074553,-0.003502,0.065066,0.029185
0.009611,0.133834,0.011487,-0.015331,-0.047262,0.006884,-0.009315,-0.079976,0.010865,0.000289,0.012869,0.017167,-0.009731,-0.042350,0.007074,-0.011845,-0.061486,0.006322,-0.013011,0.011849,0.001756,0.003999,0.268162,0.010528,0.013424,0.139356,-0.027229,-0.016165,0.109252,-0.076235,-0.067530,0.118873,-0.083824,-0.026311,0.123865,0.053470,-0.015687,0.114898,0.082324,-0.000565,0.067261,0.019518
0.010759,0.151128,0.013388,-0.015501,-0.052461,0.008377,-0.007524,-0.091598,0.008124,0.005131,0.014049,0.015181,-0.010275,-0.047393,0.008475,-0.013556,-0.072761,0.010280,-0.008187,0.012699,0.005052,0.002758,0.299494,0.013151,0.016304,0.149023,-0.031258,-0.011350,0.125261,-0.085973,-0.065489,0.134627,-0.097525,-0.027527,0.135380,0.061985,-0.022594,0.139611,0.112849,-0.003464,0.087234,0.058430
0.011263,0.164773,0.014593,-0.016171,-0.057067,0.009205,-0.005150,-0.105197,0.001184,0.009684,0.012606,0.008960,-0.011334,-0.053941,0.009196,-0.016544,-0.089359,0.015373,-0.005944,0.007945,0.009477,-0.000368,0.321586,0.015381,0.018734,0.162682,-0.032080,-0.002411,0.149314,-0.083779,-0.050733,0.156020,-0.100420,-0.032418,0.148555,0.066961,-0.030414,0.164671,0.150921,-0.010349,0.115030,0.126514
0.011525,0.180247,0.023740,-0.020319,-0.066401,0.017459,-0.008269,-0.110213,-0.002630,0.009548,0.018976,0.005757,-0.009495,-0.063476,0.018312,-0.014300,-0.092811,0.026273,0.003164,0.011072,0.020061,-0.004391,0.350867,0.021968,0.016975,0.169876,-0.032078,0.007044,0.171125,-0.072462,-0.036637,0.185656,-0.095677,-0.030750,0.154594,0.080335,-0.032287,0.178901,0.176561,-0.013498,0.130586,0.158244
0.011786,0.195288,0.035034,-0.025004,-0.076011,0.027756,-0.011722,-0.116447,-0.004285,0.006484,0.022904,0.004694,-0.008593,-0.071113,0.029422,-0.012357,-0.093141,0.036306,0.010366,0.016817,0.029782,-0.008302,0.380827,0.030232,0.014826,0.177244,-0.030483,0.015100,0.191611,-0.060636,-0.029298,0.215405,-0.094238,-0.028926,0.160986,0.095474,-0.032896,0.191106,0.200242,-0.016105,0.140622,0.180763
0.012223,0.207643,0.042677,-0.027275,-0.081449,0.034719,-0.010362,-0.133699,-0.004705,0.002254,0.014133,0.004906,-0.012451,-0.071978,0.036100,-0.016196,-0.100391,0.038773,0.006898,0.019903,0.031604,-0.011153,0.404957,0.037467,0.016102,0.191417,-0.026582,0.019693,0.211714,-0.056890,-0.035088,0.237197,-0.106909,-0.033447,0.175165,0.105827,-0.036806,0.210094,0.232497,-0.020971,0.151907,0.221259
0.013335,0.220472,0.055587,-0.029930,-0.091439,0.046710,-0.009827,-0.149607,-0.004607,0.002172,0.008440,0.005581,-0.016299,-0.078490,0.047833,-0.018379,-0.104175,0.043060,0.004583,0.024935,0.035331,-0.013455,0.440497,0.055263,0.016341,0.199016,-0.017033,0.027315,0.227898,-0.038486,-0.040453,0.259020,-0.096655,-0.041080,0.191273,0.129694,-0.040021,0.228785,0.289522,-0.019696,0.165551,0.291113
0.014586,0.227360,0.067305,-0.031471,-0.101007,0.057654,-0.010167,-0.156251,-0.004109,0.006490,0.008645,0.006252,-0.018045,-0.087404,0.058692,-0.017647,-0.102613,0.046963,0.004707,0.029392,0.039031,-0.014115,0.469661,0.074711,0.015154,0.196197,-0.006556,0.033924,0.232016,-0.014613,-0.042889,0.269961,-0.068462,-0.047593,0.201204,0.155239,-0.040204,0.237890,0.342861,-0.012068,0.174912,0.355373
0.016348,0.225865,0.074119,-0.029557,-0.117485,0.064059,-0.011989,-0.151671,-0.000224,0.011822,0.009095,0.009500,-0.018988,-0.105749,0.064617,-0.012698,-0.085774,0.042542,0.006251,0.031395,0.035485,-0.013484,0.508574,0.093574,0.017258,0.193882,0.000536,0.045904,0.247243,-0.009116,-0.036376,0.279336,-0.034881,-0.047650,0.210063,0.183239,-0.035902,0.248892,0.397879,-0.012439,0.168597,0.421784
0.018916,0.217005,0.081728,-0.026335,-0.136234,0.071337,-0.013510,-0.145965,0.006497,0.016774,0.008241,0.015458,-0.022338,-0.128147,0.070743,-0.008566,-0.058966,0.038105,0.003058,0.031941,0.032586,-0.012578,0.545318,0.109052,0.019338,0.191517,0.004950,0.053340,0.257485,-0.011893,-0.029269,0.274852,0.001468,-0.049684,0.214453,0.208666,-0.031412,0.252124,0.446710,-0.015327,0.152121,0.477968
0.022614,0.201793,0.095836,-0.023903,-0.152636,0.084850,-0.012810,-0.149254,0.015517,0.020060,0.004512,0.024238,-0.031253,-0.149256,0.082135,-0.010206,-0.027534,0.041886,-0.010947,0.031991,0.038177,-0.012580,0.567960,0.118394,0.018007,0.188536,0.007457,0.046381,0.246630,-0.012691,-0.030109,0.244207,0.038139,-0.062211,0.210812,0.226646,-0.030944,0.237887,0.481578,-0.015620,0.131286,0.511465
0.030710,0.179672,0.108176,-0.020388,-0.179438,0.095950,-0.015993,-0.135912,0.019082,0.025745,0.000569,0.026323,-0.040249,-0.199124,0.090458,-0.004941,0.024842,0.034613,-0.024975,0.032301,0.033944,-0.009557,0.604751,0.133426,0.021155,0.175682,0.008789,0.056702,0.244354,-0.008230,-0.011878,0.211699,0.089133,-0.070848,0.213046,0.252791,-0.021126,0.217336,0.501608,-0.009611,0.099765,0.522967
0.039129,0.161712,0.112561,-0.017174,-0.203285,0.098860,-0.020980,-0.112666,0.015153,0.031449,-0.001650,0.020394,-0.044352,-0.252871,0.091259,0.005074,0.071919,0.019627,-0.031542,0.032655,0.021715,-0.005524,0.637234,0.146580,0.026544,0.159261,0.008385,0.078534,0.251650,-0.000793,0.015911,0.193384,0.129071,-0.070639,0.219895,0.274049,-0.005789,0.200919,0.496703,0.001446,0.073516,0.506593
0.051978,0.142563,0.123167,-0.013434,-0.247355,0.106820,-0.029775,-0.086077,0.014127,0.035919,-0.006154,0.017006,-0.058573,-0.335764,0.094460,0.012957,0.160349,0.006060,-0.049893,0.031556,0.013510,-0.000408,0.685047,0.154919,0.031403,0.145874,0.000084,0.101825,0.267194,-0.005258,0.057138,0.184146,0.157972,-0.069544,0.219701,0.297091,0.017493,0.167572,0.487024,0.012545,0.007680,0.460454
0.066485,0.126780,0.139658,-0.007805,-0.306416,0.120102,-0.041334,-0.050664,0.017705,0.040668,-0.007901,0.017835,-0.075266,-0.428963,0.101671,0.021173,0.259205,-0.005843,-0.067119,0.030553,0.007651,0.004872,0.740201,0.161843,0.036698,0.135560,-0.010719,0.122801,0.285170,-0.020211,0.098416,0.184198,0.172266,-0.068646,0.223171,0.319816,0.039905,0.139436,0.477121,0.019344,-0.059249,0.408917
0.079792,0.118893,0.161763,0.001184,-0.375247,0.138832,-0.054387,-0.000942,0.027428,0.047450,-0.001841,0.024408,-0.086753,-0.513608,0.114323,0.032639,0.337517,-0.016040,-0.069921,0.031170,0.002259,0.009415,0.794675,0.170868,0.043285,0.128329,-0.018569,0.137598,0.299724,-0.044109,0.126192,0.193517,0.168664,-0.069255,0.240893,0.340143,0.052032,0.138243,0.471699,0.016301,-0.089001,0.376404
0.093156,0.113023,0.185440,0.017037,-0.479360,0.158939,-0.074178,0.079858,0.039406,0.056539,0.006342,0.031398,-0.101041,-0.612040,0.126168,0.044481,0.412414,-0.033408,-0.067538,0.030868,-0.010408,0.017372,0.867702,0.183089,0.049525,0.108094,-0.031183,0.154920,0.312138,-0.084675,0.157491,0.207897,0.127203,-0.055987,0.253644,0.369837,0.072623,0.137161,0.471077,0.025040,-0.126635,0.347630
0.099860,0.112098,0.198872,0.033002,-0.566747,0.169553,-0.089242,0.151324,0.046642,0.065013,0.012583,0.034381,-0.109577,-0.675269,0.129598,0.052889,0.446147,-0.050790,-0.059085,0.029500,-0.025544,0.023420,0.922645,0.192494,0.050615,0.084737,-0.041759,0.164571,0.315887,-0.121194,0.175516,0.219701,0.069047,-0.034074,0.254776,0.393868,0.093395,0.136927,0.475187,0.044065,-0.153029,0.336159
0.098930,0.126271,0.213993,0.045865,-0.663273,0.181451,-0.108918,0.224958,0.053089,0.058554,0.028485,0.037412,-0.112299,-0.718382,0.136884,0.064572,0.468804,-0.063091,-0.036711,0.035893,-0.036760,0.031405,1.011881,0.197362,0.056363,0.051296,-0.069233,0.172920,0.313646,-0.202712,0.191354,0.230364,-0.028197,-0.009148,0.252673,0.423818,0.105936,0.143902,0.479972,0.042037,-0.159817,0.316255
0.093147,0.150514,0.224915,0.056631,-0.743891,0.189398,-0.122789,0.278517,0.054973,0.049634,0.045245,0.037363,-0.109663,-0.748683,0.142017,0.076498,0.473384,-0.067708,-0.010513,0.041265,-0.041419,0.038111,1.103750,0.201565,0.060577,0.019693,-0.097193,0.174340,0.307057,-0.290400,0.197080,0.240171,-0.121738,0.018333,0.246839,0.454190,0.109476,0.161453,0.494079,0.034131,-0.142854,0.321066
0.085336,0.179880,0.225681,0.066177,-0.783531,0.188209,-0.120278,0.289813,0.048600,0.050860,0.054145,0.031111,-0.101656,-0.773515,0.138694,0.085736,0.452888,-0.062375,0.009490,0.036869,-0.037208,0.040850,1.166504,0.209208,0.057172,0.001797,-0.109116,0.164061,0.297353,-0.345294,0.185473,0.248857,-0.168667,0.047890,0.236674,0.479440,0.103326,0.192771,0.526114,0.035666,-0.097920,0.383748
0.076115,0.230785,0.214229,0.075229,-0.820691,0.174372,-0.119480,0.292580,0.043668,0.042441,0.059393,0.026779,-0.095261,-0.804798,0.121978,0.091438,0.428496,-0.063465,0.026254,0.031444,-0.039648,0.043757,1.253271,0.198484,0.043018,-0.015133,-0.143528,0.135091,0.276176,-0.423923,0.152742,0.248370,-0.239994,0.084864,0.204566,0.498245,0.094106,0.213421,0.559282,0.029544,-0.047998,0.464229
0.069966,0.277807,0.196303,0.081403,-0.836769,0.153435,-0.117955,0.285571,0.041026,0.031483,0.058535,0.024996,-0.091009,-0.827141,0.097472,0.094586,0.412073,-0.072505,0.035099,0.027391,-0.049723,0.042958,1.320616,0.175312,0.021553,-0.022885,-0.181691,0.099063,0.253567,-0.485481,0.112801,0.238194,-0.298693,0.114414,0.166176,0.499988,0.090297,0.212767,0.575700,0.023600,-0.018640,0.520592
0.064584,0.337840,0.171369,0.095170,-0.854070,0.126916,-0.114809,0.284071,0.045346,0.020727,0.056798,0.029903,-0.082325,-0.865670,0.065569,0.091357,0.387334,-0.057902,0.039782,0.019969,-0.036417,0.036469,1.379614,0.162733,-0.008523,-0.034253,-0.206970,0.037684,0.192458,-0.514874,0.054490,0.166285,-0.308097,0.129348,0.115148,0.513041,0.083359,0.190244,0.616469,-0.003329,-0.008848,0.621173
0.061987,0.400914,0.139159,0.110421,-0.863399,0.093083,-0.112959,0.287238,0.049575,0.014789,0.054727,0.034297,-0.068840,-0.907574,0.026445,0.087168,0.361644,-0.038712,0.044022,0.017243,-0.018860,0.026198,1.429213,0.146431,-0.042492,-0.036314,-0.230506,-0.032776,0.124431,-0.521304,-0.008528,0.064108,-0.283724,0.130540,0.067580,0.518388,0.087056,0.145703,0.645731,-0.027499,-0.031098,0.706535
0.064525,0.457058,0.099264,0.120305,-0.855659,0.049713,-0.115958,0.294132,0.046249,0.017710,0.052828,0.030546,-0.051096,-0.939958,-0.019982,0.086890,0.342453,-0.034184,0.051267,0.027340,-0.016275,0.014096,1.468458,0.111947,-0.076137,-0.016149,-0.263259,-0.095551,0.080387,-0.513992,-0.062650,-0.036968,-0.240685,0.118337,0.039686,0.496997,0.115096,0.079935,0.627324,-0.024267,-0.096640,0.716966
0.067921,0.529680,0.055352,0.135777,-0.855470,0.002623,-0.116669,0.290518,0.045498,0.026644,0.046923,0.029556,-0.025035,-0.984193,-0.069229,0.085739,0.324478,-0.013511,0.057840,0.041679,0.002312,-0.008043,1.505986,0.060827,-0.114030,0.010000,-0.310820,-0.171672,0.027144,-0.510863,-0.132886,-0.173217,-0.170295,0.085421,0.001828,0.461298,0.177905,-0.045814,0.586960,0.033904,-0.255494,0.652360
0.070595,0.582454,0.029373,0.149845,-0.862874,-0.025938,-0.113691,0.278314,0.045933,0.038224,0.040111,0.030146,-0.002383,-1.018068,-0.099621,0.084642,0.316860,0.009984,0.060747,0.053246,0.024497,-0.030302,1.523013,0.019446,-0.142275,0.028579,-0.346156,-0.227789,-0.009283,-0.510214,-0.189008,-0.276174,-0.103643,0.053682,-0.027623,0.426557,0.250433,-0.168141,0.542192,0.126921,-0.427471,0.541919
0.083160,0.622673,0.007513,0.155914,-0.885151,-0.057506,-0.121544,0.288158,0.029417,0.047669,0.041479,0.012894,0.017913,-1.052607,-0.130591,0.076897,0.309444,0.034138,0.063223,0.060176,0.047650,-0.059769,1.495393,-0.026085,-0.165371,0.017206,-0.382683,-0.248989,-0.032335,-0.514071,-0.233074,-0.350538,-0.044163,0.000638,-0.073574,0.381370,0.325191,-0.316597,0.512787,0.271298,-0.645550,0.437560
0.095090,0.657824,-0.006327,0.163792,-0.927014,-0.081646,-0.133578,0.319237,0.013201,0.055277,0.050106,-0.004726,0.030691,-1.095245,-0.157245,0.065723,0.310481,0.050704,0.057883,0.061744,0.063994,-0.084832,1.447621,-0.061509,-0.191124,-0.037990,-0.413377,-0.237751,-0.050937,-0.517343,-0.254305,-0.393907,-0.005432,-0.035381,-0.131182,0.342781,0.369137,-0.429074,0.502740,0.400604,-0.804351,0.373961
0.096130,0.695352,-0.007857,0.182180,-0.993398,-0.087097,-0.144012,0.370620,0.014954,0.060324,0.064845,-0.004772,0.030109,-1.153342,-0.175177,0.053247,0.328379,0.051234,0.036534,0.057314,0.065606,-0.092015,1.404190,-0.074083,-0.228100,-0.150564,-0.430775,-0.197032,-0.073931,-0.514518,-0.242260,-0.404465,-0.000762,-0.016120,-0.194693,0.327642,0.346770,-0.445054,0.515992,0.442940,-0.802170,0.384943
0.093674,0.741814,-0.007959,0.199008,-1.073372,-0.091663,-0.163330,0.440228,0.018542,0.051977,0.085627,-0.003235,0.026346,-1.213252,-0.193274,0.044789,0.366561,0.039028,0.023538,0.050699,0.055702,-0.088960,1.356003,-0.084132,-0.240596,-0.283374,-0.450510,-0.122674,-0.100825,-0.535330,-0.186640,-0.411893,-0.052734,0.019516,-0.276815,0.317600,0.286627,-0.437845,0.532838,0.414655,-0.765434,0.438130
0.088983,0.773975,-0.006520,0.205184,-1.126867,-0.095427,-0.182836,0.493340,0.018773,0.033431,0.102129,-0.004116,0.021550,-1.244621,-0.206819,0.041233,0.406621,0.014408,0.022262,0.045899,0.033431,-0.077032,1.327290,-0.086391,-0.228091,-0.370899,-0.457244,-0.056682,-0.119640,-0.563751,-0.120476,-0.412957,-0.128352,0.057933,-0.336929,0.314769,0.222946,-0.410935,0.542101,0.335418,-0.712877,0.501657
0.078830,0.842499,0.000333,0.221888,-1.211535,-0.090589,-0.196609,0.539489,0.026102,0.028997,0.107357,0.001748,0.029851,-1.313298,-0.210735,0.049345,0.451177,0.007210,0.020959,0.052848,0.028232,-0.060257,1.262245,-0.083631,-0.214473,-0.484202,-0.455559,0.005428,-0.167633,-0.601660,-0.053162,-0.451454,-0.205756,0.102163,-0.429973,0.315157,0.135450,-0.400696,0.542913,0.239889,-0.667881,0.537667
0.070030,0.914484,0.006599,0.239586,-1.298751,-0.086202,-0.209412,0.581424,0.033204,0.030604,0.105343,0.007240,0.042768,-1.387465,-0.213726,0.059005,0.490210,0.004899,0.018906,0.061975,0.027595,-0.041758,1.189002,-0.074830,-0.197787,-0.594889,-0.444803,0.059433,-0.232246,-0.624969,0.006535,-0.516923,-0.265990,0.142908,-0.523501,0.319529,0.048474,-0.399400,0.543439,0.156378,-0.627977,0.548828
0.069078,0.957057,0.005710,0.249467,-1.359684,-0.091945,-0.226446,0.621836,0.032150,0.029939,0.100165,0.004628,0.052891,-1.435119,-0.225463,0.060194,0.513810,-0.005380,0.015691,0.063816,0.018462,-0.024197,1.135720,-0.058668,-0.174623,-0.674578,-0.424994,0.101706,-0.300371,-0.609526,0.049123,-0.598978,-0.290901,0.170524,-0.585409,0.328113,-0.013804,-0.398483,0.552225,0.113618,-0.589835,0.539026
0.066606,0.999176,0.012395,0.266428,-1.443179,-0.086465,-0.239647,0.674341,0.035550,0.035881,0.084129,0.005831,0.062769,-1.505979,-0.230965,0.068274,0.559500,-0.015845,0.007363,0.060058,0.010691,-0.008044,1.093177,-0.043892,-0.142491,-0.761114,-0.410174,0.142686,-0.381779,-0.617464,0.077906,-0.688617,-0.334960,0.197928,-0.655898,0.339039,-0.085942,-0.405722,0.545438,0.071064,-0.539374,0.488054
0.064046,1.019767,0.023313,0.280107,-1.507639,-0.073921,-0.244403,0.712588,0.038429,0.043507,0.065150,0.007434,0.067818,-1.564140,-0.232397,0.075114,0.605248,-0.029200,-0.005936,0.053386,0.000248,-0.002155,1.082773,-0.036880,-0.122950,-0.811901,-0.401095,0.160389,-0.438278,-0.637234,0.074911,-0.743353,-0.368917,0.214142,-0.700348,0.342662,-0.130673,-0.419251,0.521504,0.052543,-0.502900,0.416892
0.051328,1.054027,0.024457,0.292511,-1.568461,-0.063884,-0.247082,0.750990,0.036320,0.050724,0.031393,0.003938,0.077901,-1.631183,-0.233131,0.086018,0.627358,-0.042148,-0.012997,0.033402,-0.010470,-0.005070,1.084953,-0.034749,-0.077430,-0.831087,-0.393213,0.163782,-0.507868,-0.651932,0.059680,-0.843802,-0.419544,0.212404,-0.736947,0.341432,-0.180379,-0.440224,0.459391,0.058137,-0.488380,0.260949
0.037486,1.090942,0.022338,0.302613,-1.620090,-0.054941,-0.251140,0.779853,0.037447,0.053456,-0.009291,0.004196,0.088641,-1.690783,-0.233367,0.095892,0.643622,-0.053541,-0.017551,0.016018,-0.020087,-0.015163,1.098612,-0.037339,-0.029608,-0.837258,-0.387343,0.156397,-0.574053,-0.677889,0.035341,-0.948954,-0.471967,0.200685,-0.763791,0.334798,-0.216164,-0.467418,0.389547,0.087388,-0.499207,0.087498
0.031879,1.119497,0.022779,0.309970,-1.656883,-0.046063,-0.260437,0.789376,0.049665,0.047221,-0.049150,0.016493,0.096928,-1.726459,-0.234280,0.099785,0.671941,-0.062679,-0.023101,0.017227,-0.028003,-0.031047,1.122653,-0.044449,-0.003926,-0.848346,-0.385032,0.143827,-0.620910,-0.730152,0.005425,-1.018466,-0.510055,0.186690,-0.778763,0.322775,-0.220847,-0.498956,0.343088,0.136477,-0.539622,-0.036130
0.025279,1.162363,0.020458,0.322789,-1.702383,-0.034370,-0.270456,0.797461,0.067810,0.041259,-0.086617,0.035075,0.107411,-1.774392,-0.235798,0.102921,0.687804,-0.069891,-0.027203,0.005737,-0.034010,-0.059433,1.157596,-0.055424,0.027842,-0.842390,-0.382085,0.139321,-0.649799,-0.774679,-0.012839,-1.086994,-0.526312,0.159142,-0.801636,0.309848,-0.229723,-0.542094,0.303563,0.192968,-0.604660,-0.163136
0.020897,1.198109,0.016513,0.330544,-1.734262,-0.025205,-0.281590,0.799444,0.080654,0.033442,-0.103504,0.049334,0.114107,-1.810330,-0.240580,0.098565,0.683884,-0.079656,-0.033177,-0.012073,-0.043310,-0.086968,1.186048,-0.063474,0.044439,-0.823883,-0.369775,0.143633,-0.649240,-0.777429,-0.016397,-1.122759,-0.500838,0.134557,-0.821642,0.297679,-0.237331,-0.577593,0.283503,0.231050,-0.665243,-0.235611
0.011072,1.244860,0.018876,0.328095,-1.755941,-0.011072,-0.289991,0.765063,0.092116,0.020120,-0.127938,0.063446,0.118498,-1.822597,-0.231313,0.110168,0.667063,-0.092741,-0.028441,-0.023548,-0.057071,-0.115385,1.237009,-0.068860,0.056395,-0.811153,-0.355347,0.136762,-0.660528,-0.772324,-0.019849,-1.153582,-0.474363,0.108726,-0.848173,0.292578,-0.229404,-0.632904,0.237391,0.255233,-0.756329,-0.339620
0.001524,1.286135,0.023600,0.319123,-1.771116,0.002268,-0.295078,0.719229,0.096146,0.008874,-0.134953,0.070811,0.120236,-1.824421,-0.218267,0.122785,0.634779,-0.104319,-0.023948,-0.033261,-0.070102,-0.139921,1.287964,-0.070522,0.053931,-0.798731,-0.335077,0.114886,-0.674466,-0.743736,-0.030050,-1.174588,-0.422998,0.091785,-0.870748,0.290058,-0.216066,-0.680997,0.185431,0.270778,-0.838711,-0.456016
-0.002302,1.305468,0.026244,0.307523,-1.783422,0.009246,-0.297080,0.686666,0.086883,0.006849,-0.099605,0.065168,0.119857,-1.828910,-0.212200,0.120245,0.584643,-0.110291,-0.031876,-0.045658,-0.078552,-0.155700,1.316418,-0.067614,0.027103,-0.780911,-0.305656,0.073533,-0.681904,-0.676000,-0.055338,-1.180620,-0.322999,0.093702,-0.878489,0.287184,-0.209225,-0.694718,0.147556,0.281883,-0.874219,-0.564296
-0.003342,1.295217,0.044642,0.292956,-1.796219,0.027843,-0.289720,0.627164,0.084871,0.013992,-0.064996,0.066922,0.121688,-1.818478,-0.185350,0.126102,0.542802,-0.099167,-0.033397,-0.035881,-0.070529,-0.163770,1.317556,-0.055654,-0.005379,-0.766634,-0.265362,0.015729,-0.700773,-0.593768,-0.105771,-1.184642,-0.196252,0.101193,-0.887454,0.289173,-0.198989,-0.707968,0.098207,0.299387,-0.901937,-0.727660
-0.000563,1.260512,0.069460,0.277874,-1.803626,0.049971,-0.283263,0.569625,0.089041,0.020633,-0.049101,0.074188,0.123336,-1.798290,-0.152790,0.134378,0.530371,-0.081757,-0.031305,-0.008512,-0.055657,-0.161200,1.290851,-0.039163,-0.033329,-0.764707,-0.219956,-0.032362,-0.723322,-0.523537,-0.163197,-1.185233,-0.091829,0.113246,-0.893579,0.290813,-0.186378,-0.714953,0.055189,0.322925,-0.911147,-0.868788
-0.012747,1.175368,0.077382,0.248076,-1.792571,0.062195,-0.274216,0.535364,0.073590,0.016459,-0.026110,0.061538,0.107059,-1.764599,-0.133576,0.133867,0.499464,-0.082333,-0.045631,0.014262,-0.059253,-0.125790,1.192961,-0.005782,-0.078800,-0.789051,-0.162692,-0.099807,-0.770374,-0.460395,-0.279820,-1.192278,0.027491,0.147050,-0.899784,0.298242,-0.126513,-0.736139,0.020536,0.402493,-0.905297,-0.955856
-0.030930,1.076844,0.078802,0.215619,-1.773058,0.074171,-0.268077,0.521425,0.059522,0.005603,-0.010275,0.049921,0.085527,-1.732933,-0.118131,0.132869,0.469022,-0.086856,-0.058984,0.030713,-0.066381,-0.074379,1.079723,0.031087,-0.118808,-0.815325,-0.106952,-0.164639,-0.819625,-0.410885,-0.406463,-1.198373,0.136446,0.187371,-0.898357,0.305388,-0.046648,-0.756300,0.002667,0.505571,-0.895578,-0.995175
-0.045891,1.002055,0.083325,0.193062,-1.755000,0.096698,-0.270031,0.524949,0.067512,-0.007774,-0.015860,0.059797,0.071747,-1.718914,-0.095658,0.139760,0.457918,-0.080661,-0.054030,0.039012,-0.061605,-0.025503,1.006954,0.059568,-0.130106,-0.819561,-0.064583,-0.204820,-0.849511,-0.380156,-0.492573,-1.196493,0.214473,0.218963,-0.881787,0.305267,0.025030,-0.760298,0.008377,0.598023,-0.891273,-0.996011
-0.066768,0.904604,0.088588,0.163587,-1.735945,0.122507,-0.260592,0.511855,0.073317,-0.012602,-0.035024,0.067569,0.048712,-1.699606,-0.073575,0.145018,0.439422,-0.076377,-0.057792,0.041322,-0.058695,0.038384,0.905760,0.090758,-0.137973,-0.827913,-0.025362,-0.265421,-0.901111,-0.363815,-0.607171,-1.220038,0.265005,0.246665,-0.870593,0.301019,0.121166,-0.787699,0.033505,0.719272,-0.923888,-0.963980
-0.083151,0.833214,0.091980,0.138354,-1.725691,0.141346,-0.248574,0.488329,0.075959,-0.010163,-0.058363,0.072058,0.028210,-1.684680,-0.062504,0.145617,0.422802,-0.077192,-0.069004,0.036607,-0.060488,0.084946,0.826965,0.108851,-0.139621,-0.836555,-0.002479,-0.314783,-0.948840,-0.364755,-0.695234,-1.255722,0.267959,0.261010,-0.870517,0.287196,0.199780,-0.824470,0.057237,0.818550,-0.977738,-0.921331
-0.091188,0.737722,0.084266,0.113613,-1.688496,0.140810,-0.226628,0.486433,0.059728,0.002828,-0.063935,0.057373,0.013419,-1.660219,-0.063487,0.144275,0.417537,-0.085086,-0.073849,0.031984,-0.068999,0.136597,0.733904,0.128338,-0.138353,-0.843720,0.016253,-0.339518,-0.977905,-0.377297,-0.760561,-1.247540,0.286833,0.272689,-0.849735,0.269740,0.297039,-0.855775,0.099747,0.933325,-1.036336,-0.874207
-0.089742,0.644795,0.076762,0.095925,-1.635391,0.134276,-0.208334,0.490836,0.045483,0.012055,-0.057686,0.044626,0.006275,-1.619292,-0.069126,0.138829,0.419695,-0.092640,-0.077139,0.033147,-0.077140,0.176299,0.643579,0.141456,-0.139306,-0.845637,0.026982,-0.343691,-0.985144,-0.388627,-0.802043,-1.208301,0.299605,0.275840,-0.819656,0.247749,0.375687,-0.873304,0.141495,1.029404,-1.080172,-0.823673
-0.077425,0.581160,0.080508,0.091294,-1.577395,0.135936,-0.206822,0.486326,0.054070,0.003079,-0.045673,0.054333,0.008841,-1.554965,-0.071638,0.128081,0.425310,-0.092436,-0.082828,0.045870,-0.077725,0.186187,0.572830,0.141549,-0.147164,-0.838614,0.024854,-0.331941,-0.967313,-0.386890,-0.816240,-1.152019,0.284846,0.264603,-0.791834,0.220032,0.399519,-0.868667,0.161023,1.074401,-1.087567,-0.771309
-0.065257,0.497030,0.077341,0.083720,-1.476336,0.130118,-0.199658,0.477209,0.055747,-0.007976,-0.045080,0.057189,0.010564,-1.467915,-0.078623,0.120965,0.425958,-0.098672,-0.088401,0.057669,-0.084768,0.173974,0.483124,0.134606,-0.170620,-0.803841,0.017360,-0.309607,-0.902758,-0.362287,-0.805049,-1.042454,0.292162,0.238471,-0.738160,0.189309,0.404367,-0.836841,0.176457,1.089570,-1.060791,-0.708732
-0.059433,0.434446,0.068901,0.074434,-1.382895,0.122081,-0.192878,0.467976,0.053615,-0.017717,-0.056174,0.056211,0.010930,-1.401739,-0.085339,0.122423,0.421151,-0.107296,-0.089981,0.062665,-0.093992,0.145973,0.419677,0.123264,-0.196502,-0.758565,0.006845,-0.284338,-0.823580,-0.329090,-0.776319,-0.930787,0.313872,0.213926,-0.685213,0.164147,0.392245,-0.793002,0.173804,1.077258,-1.008858,-0.671076
-0.047000,0.392488,0.070996,0.073145,-1.259730,0.125983,-0.191481,0.448003,0.069073,-0.021909,-0.062609,0.072500,0.019326,-1.299630,-0.073039,0.117059,0.421551,-0.093337,-0.090773,0.059601,-0.080274,0.095648,0.370304,0.109959,-0.225581,-0.692862,0.000116,-0.239649,-0.707064,-0.287841,-0.687601,-0.791764,0.318212,0.171191,-0.600657,0.143183,0.333412,-0.705984,0.216364,0.965362,-0.897021,-0.529945
-0.034484,0.363790,0.071055,0.074121,-1.138377,0.130575,-0.190554,0.432202,0.084223,-0.025703,-0.058457,0.088311,0.029225,-1.192041,-0.055421,0.111595,0.422064,-0.073873,-0.091402,0.059333,-0.061144,0.037193,0.338349,0.094827,-0.255133,-0.620628,-0.006139,-0.194343,-0.583155,-0.247770,-0.603505,-0.654132,0.322621,0.126448,-0.513728,0.125922,0.262657,-0.613013,0.269017,0.830168,-0.772541,-0.367816
-0.028654,0.340925,0.056694,0.072363,-1.050384,0.124045,-0.185253,0.435450,0.081724,-0.033998,-0.037780,0.086510,0.034415,-1.109420,-0.046633,0.112392,0.417589,-0.065508,-0.092506,0.072617,-0.053446,-0.015178,0.327265,0.077756,-0.282485,-0.555778,-0.014426,-0.167815,-0.481762,-0.218232,-0.588347,-0.547863,0.343222,0.095745,-0.453486,0.113223,0.216838,-0.549943,0.298687,0.750977,-0.680074,-0.264530
-0.019231,0.331076,0.040828,0.074055,-0.939401,0.118246,-0.166002,0.426235,0.080092,-0.024787,-0.014752,0.085123,0.042313,-1.005448,-0.034409,0.110777,0.404559,-0.052463,-0.088240,0.090718,-0.041443,-0.102831,0.327613,0.059926,-0.323292,-0.463573,-0.015430,-0.150662,-0.349300,-0.168565,-0.568189,-0.419783,0.435627,0.028432,-0.349870,0.102032,0.160927,-0.463652,0.363710,0.645041,-0.584979,-0.141596
-0.010924,0.339171,0.031363,0.077057,-0.860987,0.116664,-0.144573,0.408981,0.081096,-0.004475,-0.000914,0.086135,0.049431,-0.932108,-0.024714,0.108492,0.389462,-0.041994,-0.079957,0.104637,-0.031945,-0.181824,0.339411,0.050596,-0.356615,-0.390050,-0.007465,-0.149828,-0.252420,-0.122388,-0.553768,-0.331447,0.554480,-0.040702,-0.254413,0.096975,0.123601,-0.396101,0.431648,0.568794,-0.530741,-0.060292
0.004837,0.308941,0.011338,0.082970,-0.732428,0.107375,-0.118974,0.378658,0.078110,0.004903,0.013383,0.082802,0.060060,-0.809159,-0.010235,0.093759,0.368760,-0.024479,-0.065701,0.109214,-0.015533,-0.264782,0.310625,0.031322,-0.369912,-0.300423,-0.000442,-0.165932,-0.163687,-0.069341,-0.595540,-0.264142,0.679811,-0.088357,-0.163465,0.094202,0.148355,-0.349186,0.468090,0.592652,-0.477566,-0.034296
0.020387,0.277047,-0.010067,0.087175,-0.592665,0.091504,-0.094480,0.348801,0.068769,0.013028,0.026781,0.073024,0.068491,-0.672968,-0.002217,0.075200,0.343014,-0.013364,-0.052860,0.119127,-0.005797,-0.340833,0.280261,0.014457,-0.372715,-0.211183,0.009662,-0.197444,-0.092158,-0.014697,-0.656340,-0.215620,0.789161,-0.121025,-0.077060,0.097300,0.197211,-0.307276,0.492743,0.650772,-0.434679,-0.033147
0.028255,0.280145,-0.023494,0.085389,-0.480671,0.069641,-0.076181,0.332970,0.051184,0.029813,0.038023,0.054961,0.069685,-0.559835,-0.012421,0.061544,0.312868,-0.021878,-0.048531,0.149066,-0.015839,-0.398874,0.287676,0.011682,-0.374558,-0.138663,0.028593,-0.242788,-0.047060,0.037806,-0.697658,-0.182882,0.862723,-0.144984,0.004974,0.110559,0.232307,-0.255197,0.524904,0.676959,-0.410838,-0.029462
0.039285,0.261460,-0.028829,0.084036,-0.328731,0.054520,-0.065079,0.301104,0.043634,0.034975,0.044718,0.046809,0.072014,-0.411962,-0.011059,0.042697,0.273407,-0.017616,-0.039638,0.153411,-0.013012,-0.449055,0.263756,0.010138,-0.354164,-0.065464,0.051571,-0.293012,-0.020013,0.085509,-0.724638,-0.146862,0.880482,-0.153495,0.089193,0.127400,0.277989,-0.193777,0.533795,0.717730,-0.369783,-0.033116
0.048033,0.230323,-0.023428,0.082927,-0.212926,0.053600,-0.067914,0.268922,0.049948,0.024870,0.043339,0.052625,0.073680,-0.303347,0.000951,0.027552,0.244297,-0.003461,-0.031200,0.129947,0.000527,-0.466206,0.221376,0.011744,-0.321649,-0.027136,0.069687,-0.322663,-0.023912,0.107236,-0.722704,-0.123793,0.836847,-0.142068,0.134898,0.140820,0.312444,-0.150766,0.516435,0.754181,-0.326162,-0.041051
0.041449,0.217894,-0.043559,0.066970,-0.077684,0.026372,-0.046634,0.227256,0.026312,0.033158,0.047151,0.028302,0.060020,-0.166012,-0.010758,0.005059,0.192197,-0.012453,-0.031866,0.131363,-0.010068,-0.482387,0.220296,0.000791,-0.278515,0.030121,0.077597,-0.330838,-0.000999,0.125467,-0.702292,-0.073715,0.784783,-0.134694,0.201308,0.138249,0.337897,-0.084129,0.473840,0.781323,-0.243182,-0.057916
0.028490,0.217626,-0.068124,0.046188,0.046521,-0.006099,-0.024989,0.181525,-0.003618,0.043872,0.052166,-0.002368,0.041307,-0.036635,-0.026613,-0.012413,0.130673,-0.025814,-0.029780,0.133055,-0.025268,-0.485212,0.232960,-0.012022,-0.237155,0.071378,0.079066,-0.322118,0.018168,0.133317,-0.664469,-0.027953,0.719343,-0.119665,0.260641,0.130750,0.349797,-0.013508,0.419649,0.782359,-0.144771,-0.083265
0.018393,0.222903,-0.076161,0.030882,0.129157,-0.022949,-0.026292,0.137097,-0.016335,0.041351,0.054281,-0.015881,0.027888,0.048045,-0.027194,-0.012219,0.073252,-0.025026,-0.012854,0.110398,-0.025751,-0.462205,0.231911,-0.015431,-0.209905,0.061422,0.078626,-0.301082,0.002616,0.124528,-0.609882,-0.018068,0.636387,-0.085030,0.285076,0.129596,0.343967,0.040428,0.367033,0.740043,-0.055299,-0.118231
0.000850,0.236598,-0.081344,0.008474,0.220278,-0.036383,-0.018974,0.070086,-0.026083,0.037038,0.057020,-0.026642,0.006852,0.155306,-0.024797,-0.016563,0.002579,-0.020779,-0.003158,0.077867,-0.022822,-0.442345,0.246902,-0.016005,-0.177807,0.070050,0.083416,-0.256456,0.016873,0.105191,-0.535852,0.028509,0.530546,-0.053711,0.318428,0.130817,0.323723,0.107723,0.318471,0.672943,0.050357,-0.130060
-0.015322,0.251872,-0.081056,-0.009839,0.274300,-0.039755,-0.006766,0.013965,-0.027947,0.033041,0.058982,-0.029262,-0.011333,0.231515,-0.020697,-0.023318,-0.046004,-0.015438,-0.005582,0.051741,-0.018139,-0.435321,0.271928,-0.012517,-0.156571,0.094878,0.092319,-0.210243,0.055722,0.086226,-0.478628,0.091561,0.456441,-0.040897,0.346077,0.134186,0.300854,0.157692,0.297651,0.615573,0.124793,-0.115021
-0.036963,0.252421,-0.105522,-0.035496,0.363329,-0.067351,-0.003279,-0.032926,-0.052428,0.020933,0.067569,-0.054495,-0.034875,0.342352,-0.017388,-0.033503,-0.109365,-0.010566,0.004350,0.035366,-0.015090,-0.410955,0.269063,-0.024037,-0.125415,0.081400,0.084777,-0.147871,0.059834,0.042656,-0.400051,0.129780,0.367078,-0.025538,0.355917,0.116160,0.260749,0.199431,0.252663,0.536797,0.207948,-0.102452
-0.057351,0.248780,-0.132305,-0.059134,0.445968,-0.095343,-0.001300,-0.077749,-0.077048,0.010886,0.071849,-0.079842,-0.056102,0.443887,-0.016601,-0.044989,-0.172913,-0.008504,0.018181,0.021793,-0.015179,-0.383824,0.259550,-0.039490,-0.095887,0.067639,0.071248,-0.086029,0.065791,0.002715,-0.324971,0.161063,0.287344,-0.009380,0.361722,0.093085,0.213790,0.240027,0.207294,0.451998,0.290483,-0.086118
-0.069368,0.251472,-0.139136,-0.071137,0.480818,-0.100058,0.006411,-0.127676,-0.079371,0.013167,0.060833,-0.082895,-0.067666,0.492158,-0.020138,-0.055888,-0.222081,-0.011485,0.027182,0.004065,-0.019751,-0.368323,0.264840,-0.047941,-0.079527,0.091561,0.061566,-0.041258,0.110298,-0.005973,-0.277620,0.202869,0.242104,0.006166,0.377278,0.081236,0.170866,0.286468,0.184887,0.376411,0.362888,-0.061241
-0.085000,0.258517,-0.148372,-0.086637,0.523162,-0.107417,0.014378,-0.178265,-0.084331,0.011160,0.062578,-0.088820,-0.081089,0.555376,-0.007691,-0.064736,-0.276132,0.001040,0.046150,0.000835,-0.009608,-0.352952,0.273865,-0.064042,-0.065526,0.106652,0.044734,0.004516,0.146185,-0.038653,-0.207877,0.230898,0.174709,0.021197,0.374582,0.063289,0.124413,0.316186,0.151492,0.306382,0.413543,-0.055913
-0.096421,0.266390,-0.155404,-0.097411,0.551857,-0.113943,0.018657,-0.204235,-0.089122,0.006098,0.076206,-0.094418,-0.088174,0.602100,0.014199,-0.065823,-0.307881,0.021917,0.066926,0.013866,0.009217,-0.345164,0.282977,-0.078965,-0.060577,0.106535,0.030435,0.028563,0.156574,-0.077754,-0.150144,0.232416,0.120179,0.028754,0.356146,0.048102,0.098679,0.315735,0.122893,0.276640,0.419476,-0.074817
-0.111405,0.251154,-0.168577,-0.112415,0.572742,-0.128854,0.023251,-0.251879,-0.102147,0.004276,0.053798,-0.108091,-0.100264,0.636900,0.008581,-0.077361,-0.363888,0.015652,0.073189,0.008038,0.000880,-0.308700,0.260509,-0.096279,-0.041889,0.082902,0.008358,0.051910,0.135879,-0.102114,-0.108798,0.214685,0.069878,0.035803,0.318896,0.019699,0.058141,0.301453,0.104783,0.178535,0.414680,-0.027272
-0.124848,0.229849,-0.179956,-0.125014,0.581693,-0.139932,0.023897,-0.291883,-0.111350,-0.001182,0.032719,-0.117881,-0.110869,0.658965,-0.001594,-0.091518,-0.414146,0.004924,0.076166,-0.000079,-0.011782,-0.264326,0.234589,-0.112949,-0.024290,0.058437,-0.016024,0.067288,0.110825,-0.117416,-0.077870,0.195742,0.024265,0.042843,0.275820,-0.010037,0.017230,0.281075,0.089789,0.073087,0.406354,0.039169
-0.131341,0.219503,-0.181827,-0.128199,0.574614,-0.135199,0.016629,-0.294855,-0.104662,-0.016646,0.050441,-0.111862,-0.112413,0.667656,0.006295,-0.099890,-0.428489,0.012380,0.087857,0.006163,-0.006009,-0.232544,0.233642,-0.126003,-0.022553,0.055906,-0.037169,0.067539,0.108170,-0.129229,-0.051189,0.193867,-0.016308,0.050616,0.239948,-0.028961,-0.009973,0.262508,0.070450,0.019680,0.402193,0.075218
-0.143642,0.196986,-0.179953,-0.136256,0.562168,-0.123264,0.011653,-0.307666,-0.091881,-0.029386,0.053837,-0.099727,-0.120810,0.669737,0.008900,-0.111600,-0.446837,0.014197,0.087025,-0.002210,-0.005285,-0.195608,0.207997,-0.133899,-0.015728,0.032780,-0.053651,0.057014,0.072807,-0.143994,-0.036130,0.170274,-0.080188,0.041910,0.176127,-0.049089,-0.038922,0.207599,0.065602,-0.054019,0.353961,0.140242
-0.155616,0.173588,-0.175221,-0.144237,0.550680,-0.110618,0.011478,-0.323966,-0.079124,-0.032698,0.041168,-0.087486,-0.130268,0.664359,0.004237,-0.119353,-0.459834,0.007945,0.075505,-0.020824,-0.011667,-0.171890,0.170838,-0.132293,-0.007225,0.000939,-0.056719,0.040877,0.022744,-0.153858,-0.040187,0.137082,-0.134708,0.021298,0.116547,-0.060396,-0.054532,0.144122,0.077486,-0.110662,0.286187,0.201451
-0.168683,0.150009,-0.171583,-0.153122,0.508456,-0.100492,0.010403,-0.329454,-0.072372,-0.039157,0.030364,-0.080972,-0.137964,0.643165,0.014885,-0.127532,-0.467835,0.017605,0.062279,-0.035201,-0.002082,-0.150496,0.149473,-0.134541,-0.014756,-0.014405,-0.067717,0.009077,-0.010374,-0.171648,-0.044150,0.118444,-0.215584,-0.012766,0.048039,-0.075994,-0.070565,0.065816,0.080794,-0.184561,0.232237,0.261768
-0.178276,0.125639,-0.167524,-0.159239,0.458950,-0.092514,0.010394,-0.326677,-0.069119,-0.043181,0.019774,-0.077727,-0.142158,0.610303,0.025116,-0.132558,-0.467759,0.026922,0.051040,-0.048034,0.007423,-0.131474,0.135595,-0.134593,-0.025634,-0.019221,-0.077344,-0.029769,-0.035104,-0.186655,-0.056184,0.101849,-0.278434,-0.046624,-0.012514,-0.088219,-0.074286,-0.009615,0.077837,-0.235614,0.181035,0.304011
-0.179778,0.099808,-0.161633,-0.158735,0.425570,-0.086804,0.013567,-0.318168,-0.066873,-0.039059,0.007734,-0.075333,-0.142074,0.569737,0.019060,-0.131207,-0.456695,0.019833,0.044897,-0.062090,0.000942,-0.114883,0.120935,-0.126339,-0.027207,-0.019567,-0.076307,-0.067087,-0.060101,-0.188154,-0.084359,0.075033,-0.278940,-0.066486,-0.048337,-0.089448,-0.053099,-0.064484,0.070854,-0.224066,0.121772,0.310692
-0.180924,0.063416,-0.152009,-0.157355,0.377077,-0.075158,0.015182,-0.308399,-0.059867,-0.035289,-0.003282,-0.068127,-0.141001,0.525535,0.021935,-0.125620,-0.434080,0.020958,0.031268,-0.071533,0.003472,-0.105318,0.076528,-0.117143,-0.026859,-0.043644,-0.072908,-0.108502,-0.111673,-0.178967,-0.115762,0.019316,-0.271410,-0.096024,-0.119375,-0.089952,-0.039768,-0.155572,0.067846,-0.226579,0.040008,0.324254
-0.181146,0.034661,-0.143457,-0.155008,0.337837,-0.064038,0.014699,-0.302231,-0.051720,-0.033231,-0.007712,-0.060042,-0.137573,0.500116,0.031148,-0.116888,-0.410904,0.028309,0.018670,-0.071339,0.012107,-0.107652,0.024600,-0.111494,-0.024992,-0.079468,-0.068564,-0.133562,-0.164073,-0.163437,-0.134677,-0.037492,-0.259362,-0.120700,-0.190131,-0.089322,-0.041310,-0.237177,0.070590,-0.242980,-0.023126,0.337220
-0.182979,0.003992,-0.131947,-0.156113,0.269279,-0.054286,0.015485,-0.292732,-0.049615,-0.025799,-0.038321,-0.057061,-0.139429,0.445634,0.030344,-0.113503,-0.387918,0.025717,-0.002760,-0.082907,0.011353,-0.089454,-0.009211,-0.098660,-0.026372,-0.096942,-0.064047,-0.165152,-0.200471,-0.149216,-0.154955,-0.078690,-0.256567,-0.128448,-0.231431,-0.084378,-0.023347,-0.289560,0.058510,-0.234832,-0.072297,0.327244
-0.183142,-0.027492,-0.115825,-0.156658,0.204596,-0.042368,0.014513,-0.271566,-0.045791,-0.021406,-0.068446,-0.051862,-0.141442,0.383547,0.029281,-0.110423,-0.359799,0.022847,-0.018547,-0.089564,0.010139,-0.068083,-0.038498,-0.081915,-0.032973,-0.103547,-0.059399,-0.198526,-0.223776,-0.136316,-0.181886,-0.100522,-0.260452,-0.127967,-0.253818,-0.075781,0.000479,-0.321667,0.045005,-0.209710,-0.102056,0.308076
-0.178296,-0.058731,-0.093520,-0.152465,0.176964,-0.025277,0.008904,-0.230321,-0.032595,-0.028221,-0.071330,-0.037283,-0.138341,0.335391,0.037300,-0.102504,-0.321152,0.029314,-0.014086,-0.074568,0.017343,-0.060979,-0.076763,-0.064432,-0.046818,-0.106764,-0.054552,-0.228868,-0.237039,-0.124581,-0.220555,-0.099261,-0.268576,-0.128013,-0.267796,-0.064080,0.016078,-0.342339,0.043491,-0.175873,-0.106726,0.293347
-0.169422,-0.093559,-0.067802,-0.145420,0.132665,-0.007155,0.003404,-0.198410,-0.018370,-0.036218,-0.088115,-0.021441,-0.135183,0.272602,0.036456,-0.092342,-0.273886,0.026262,-0.018533,-0.066616,0.016060,-0.053467,-0.109363,-0.046290,-0.065792,-0.102676,-0.051218,-0.274609,-0.249014,-0.107373,-0.281971,-0.085756,-0.287574,-0.119105,-0.269649,-0.049564,0.034263,-0.347693,0.040927,-0.122738,-0.090713,0.277923
-0.160936,-0.114587,-0.051554,-0.138790,0.093911,0.002586,0.000820,-0.191786,-0.010462,-0.041259,-0.110398,-0.012581,-0.132951,0.226674,0.026451,-0.084380,-0.241534,0.014449,-0.029075,-0.069572,0.006054,-0.049266,-0.120003,-0.036521,-0.080431,-0.093336,-0.050966,-0.312886,-0.253687,-0.093327,-0.334734,-0.067127,-0.308278,-0.105747,-0.258452,-0.039471,0.045600,-0.334928,0.038956,-0.078246,-0.061721,0.268857
-0.140051,-0.127380,-0.030236,-0.120251,0.065241,0.016666,-0.008017,-0.145930,0.004324,-0.051355,-0.097066,0.003290,-0.122940,0.165820,0.008812,-0.071766,-0.196849,-0.004242,-0.039133,-0.061708,-0.010577,-0.058826,-0.134793,-0.022437,-0.090487,-0.089108,-0.040849,-0.354595,-0.270940,-0.084266,-0.410355,-0.079997,-0.290674,-0.089344,-0.249629,-0.018939,0.063915,-0.326102,0.041384,-0.022593,-0.048354,0.264716
-0.116404,-0.135830,-0.008568,-0.100330,0.038966,0.027556,-0.013054,-0.108342,0.016241,-0.054303,-0.080106,0.015826,-0.109112,0.110258,-0.002937,-0.056285,-0.157940,-0.016807,-0.047265,-0.052376,-0.021308,-0.073785,-0.148485,-0.005167,-0.097801,-0.086590,-0.024590,-0.392070,-0.289751,-0.073826,-0.483808,-0.096840,-0.256735,-0.077842,-0.241762,0.005470,0.081641,-0.320362,0.049453,0.029141,-0.040852,0.257231
-0.099571,-0.143879,0.008647,-0.089646,0.007310,0.027821,-0.004203,-0.126552,0.015727,-0.037909,-0.091551,0.014887,-0.095372,0.080317,0.004551,-0.039907,-0.142828,-0.010258,-0.052113,-0.050869,-0.013619,-0.085738,-0.155832,0.014232,-0.104168,-0.082370,-0.005929,-0.417588,-0.299150,-0.055608,-0.529372,-0.091516,-0.228809,-0.079003,-0.233453,0.027039,0.091261,-0.316841,0.064176,0.062170,-0.029705,0.238197
-0.078906,-0.144183,0.015752,-0.072201,-0.003917,0.025927,0.013458,-0.119447,0.011832,-0.008884,-0.075080,0.010468,-0.079344,0.048467,-0.002553,-0.027039,-0.121316,-0.016706,-0.057949,-0.038491,-0.019198,-0.091922,-0.148850,0.024126,-0.096190,-0.062881,0.005659,-0.427209,-0.290503,-0.030651,-0.582312,-0.078523,-0.147760,-0.078968,-0.205763,0.036730,0.104978,-0.295091,0.062450,0.116933,-0.015728,0.189367
-0.064687,-0.136627,0.009165,-0.056694,0.010935,0.022576,0.031139,-0.090533,0.006311,0.018298,-0.038888,0.004558,-0.069023,0.030590,-0.020919,-0.024125,-0.104200,-0.033144,-0.061847,-0.021476,-0.035483,-0.089204,-0.131049,0.019596,-0.077823,-0.037889,0.004356,-0.415907,-0.268414,-0.011433,-0.616076,-0.064393,-0.055187,-0.077687,-0.172564,0.029708,0.115934,-0.265996,0.045591,0.165749,-0.005839,0.135580
-0.055479,-0.149613,0.012529,-0.050291,0.003272,0.017249,0.038306,-0.094763,0.000348,0.022562,-0.025358,-0.002012,-0.057058,0.034937,-0.009075,-0.007042,-0.106914,-0.022808,-0.052378,-0.031475,-0.024665,-0.066899,-0.144061,0.022254,-0.063761,-0.007943,-0.004244,-0.418476,-0.248796,-0.004944,-0.627332,-0.026153,0.032989,-0.062693,-0.143254,0.023813,0.139235,-0.240820,0.040125,0.227980,0.009605,0.067426
-0.051825,-0.166828,0.017532,-0.049286,0.000493,0.013369,0.039964,-0.109734,-0.002506,0.019800,-0.020766,-0.005502,-0.048385,0.052230,0.010917,0.007950,-0.119272,-0.004627,-0.040711,-0.043659,-0.006427,-0.039973,-0.165161,0.027568,-0.055908,0.011101,-0.012995,-0.418765,-0.234972,-0.002311,-0.628336,0.015324,0.101743,-0.048140,-0.120476,0.018173,0.158640,-0.220500,0.033232,0.278734,0.024589,0.000689
-0.054213,-0.171986,0.015785,-0.049968,0.030023,0.014270,0.041115,-0.113031,0.001239,0.025904,-0.011374,-0.002226,-0.047947,0.073100,0.017091,0.004740,-0.131112,0.002452,-0.037894,-0.033263,-0.000429,-0.023402,-0.171650,0.030733,-0.056194,0.003441,-0.014732,-0.400765,-0.230053,0.005518,-0.631552,0.037810,0.136712,-0.048196,-0.106865,0.011801,0.158054,-0.206021,0.011762,0.293258,0.032416,-0.048973
-0.052970,-0.175485,0.017606,-0.049082,0.072713,0.011914,0.044990,-0.128474,0.004014,0.028441,-0.006130,-0.000134,-0.043907,0.114874,0.025081,0.006389,-0.144564,0.010891,-0.024018,-0.015845,0.006475,-0.010588,-0.182718,0.034038,-0.064711,0.000127,-0.019487,-0.357925,-0.197127,0.013338,-0.608657,0.082567,0.163171,-0.045544,-0.085486,0.006359,0.148346,-0.178622,0.000643,0.302016,0.051441,-0.092636
-0.048737,-0.175569,0.022099,-0.047157,0.107205,0.007390,0.049565,-0.148353,0.004299,0.026054,-0.007667,-0.000387,-0.038370,0.156665,0.030749,0.011982,-0.152896,0.016164,-0.006124,-0.000104,0.010541,-0.007934,-0.192832,0.035809,-0.077217,0.002826,-0.024857,-0.311481,-0.152921,0.017365,-0.571808,0.126744,0.166631,-0.041515,-0.067025,0.004538,0.134231,-0.152118,0.005587,0.301071,0.071978,-0.107593
-0.042685,-0.173098,0.030852,-0.043265,0.153522,0.007380,0.048352,-0.158206,0.011764,0.026576,-0.021724,0.007244,-0.031210,0.207777,0.039751,0.012397,-0.164608,0.026492,0.007283,-0.002640,0.020282,-0.016605,-0.178512,0.038080,-0.107106,-0.014892,-0.022731,-0.272939,-0.126729,-0.000713,-0.511847,0.139934,0.094399,-0.038662,-0.026139,0.007576,0.096206,-0.091693,0.010044,0.255003,0.125190,-0.097202
-0.037069,-0.168872,0.036220,-0.038749,0.206208,0.007044,0.048624,-0.163250,0.018877,0.028038,-0.026833,0.014390,-0.025293,0.256001,0.043109,0.006484,-0.175025,0.032559,0.013506,-0.006041,0.025882,-0.031526,-0.159263,0.040883,-0.131211,-0.041615,-0.013648,-0.235988,-0.115402,-0.017099,-0.440059,0.134320,0.023551,-0.037581,0.012755,0.013896,0.056518,-0.033271,0.018977,0.191870,0.174337,-0.068179
-0.034068,-0.163715,0.030528,-0.034927,0.259798,0.001588,0.057727,-0.168695,0.018048,0.028489,-0.001532,0.012634,-0.023497,0.289098,0.031926,-0.006859,-0.179482,0.025098,0.009825,0.007089,0.017595,-0.047593,-0.154565,0.044348,-0.126379,-0.065922,0.001931,-0.194540,-0.115300,-0.007866,-0.367541,0.124426,0.031281,-0.038854,0.025246,0.021974,0.037420,-0.012750,0.037284,0.139455,0.182772,-0.027884
-0.030438,-0.158556,0.022198,-0.031517,0.311912,-0.009271,0.066203,-0.181731,0.012597,0.026560,0.014663,0.006348,-0.019559,0.330794,0.022531,-0.014842,-0.190358,0.018392,0.010887,0.018794,0.009898,-0.067737,-0.146303,0.043456,-0.130237,-0.091867,0.012800,-0.150577,-0.107095,0.007253,-0.316306,0.124366,0.048849,-0.042463,0.034426,0.027337,0.012677,0.005577,0.061960,0.084778,0.179342,0.009527
-0.027992,-0.155975,0.015396,-0.030441,0.336482,-0.020152,0.069649,-0.195840,0.005136,0.023038,0.013652,-0.001401,-0.015482,0.360250,0.019469,-0.013569,-0.202189,0.015230,0.016049,0.023245,0.006096,-0.081885,-0.138600,0.038614,-0.140841,-0.106528,0.013372,-0.126098,-0.094885,0.020582,-0.312668,0.133907,0.066668,-0.046610,0.035697,0.027113,-0.005324,0.012561,0.080473,0.055340,0.165806,0.025240
-0.021320,-0.157802,0.010816,-0.025003,0.366192,-0.028824,0.074349,-0.206323,0.001167,0.019540,0.010508,-0.005435,-0.008882,0.375424,0.013729,-0.015598,-0.218559,0.011195,0.013461,0.015055,0.001848,-0.085710,-0.140929,0.036619,-0.131640,-0.110854,0.015750,-0.089695,-0.080538,0.020753,-0.285415,0.136941,0.097267,-0.028038,0.052011,0.030990,-0.008415,0.038774,0.096667,0.043798,0.182522,0.015103
-0.014386,-0.163073,0.007395,-0.019474,0.390933,-0.036550,0.078670,-0.215106,-0.002338,0.014678,0.005897,-0.008886,-0.001691,0.384908,0.010257,-0.018272,-0.234112,0.009902,0.008947,0.001874,0.000599,-0.085280,-0.149671,0.035624,-0.117678,-0.112274,0.017449,-0.057822,-0.069417,0.022271,-0.259372,0.139682,0.130944,-0.004238,0.060367,0.036401,-0.000589,0.054452,0.110831,0.052472,0.191752,-0.006827
-0.011157,-0.170831,0.004021,-0.018110,0.400602,-0.044483,0.080930,-0.224128,-0.008445,0.007034,0.000483,-0.014897,0.004379,0.397296,0.014013,-0.018820,-0.243487,0.014824,0.008461,-0.008646,0.005641,-0.086666,-0.161214,0.033685,-0.113961,-0.118251,0.015872,-0.047043,-0.066759,0.039497,-0.259795,0.147787,0.158006,0.007309,0.037745,0.040943,0.014274,0.029892,0.123348,0.083798,0.155833,-0.026575
-0.004982,-0.184712,0.002202,-0.013212,0.424881,-0.050157,0.084523,-0.245605,-0.008213,-0.001318,-0.011469,-0.014741,0.011943,0.418561,0.013939,-0.019523,-0.256517,0.016332,0.008204,-0.007446,0.006714,-0.082053,-0.169642,0.027542,-0.101747,-0.111859,0.009009,-0.033223,-0.054229,0.057289,-0.259951,0.161275,0.180354,0.017465,0.022785,0.037625,0.017512,0.017191,0.141057,0.105784,0.133080,-0.047065
0.001039,-0.197776,0.002856,-0.007430,0.451633,-0.050676,0.087455,-0.268785,-0.001546,-0.006353,-0.023951,-0.008217,0.017089,0.438072,0.010095,-0.020207,-0.266683,0.013267,0.008102,0.004881,0.002931,-0.073767,-0.170733,0.020133,-0.087154,-0.096311,0.000074,-0.023326,-0.038069,0.066542,-0.260431,0.173019,0.186355,0.021145,0.022952,0.027701,0.007520,0.022644,0.154714,0.107378,0.135038,-0.058321
0.005205,-0.222858,0.005863,-0.004802,0.471757,-0.051796,0.085656,-0.269166,0.001943,-0.021991,-0.036551,-0.004156,0.022191,0.444156,0.014045,-0.018671,-0.247402,0.017879,0.010540,0.005802,0.008262,-0.055271,-0.213897,0.019346,-0.061837,-0.113546,-0.003986,-0.035133,-0.075456,0.089617,-0.234503,0.129702,0.189793,0.045005,-0.009247,0.027024,0.018176,-0.003479,0.155613,0.126035,0.107039,-0.073222
0.008328,-0.246213,0.008384,-0.002323,0.488514,-0.050736,0.085771,-0.259755,0.005361,-0.034697,-0.043274,-0.000077,0.025675,0.451437,0.016053,-0.021698,-0.225468,0.021831,0.009388,0.003977,0.013061,-0.036349,-0.255605,0.020564,-0.035071,-0.125638,-0.006453,-0.055370,-0.115670,0.109285,-0.205837,0.074931,0.183082,0.063997,-0.034165,0.025137,0.031079,-0.025324,0.148218,0.138859,0.079778,-0.081681
0.011253,-0.254091,0.007586,0.003167,0.505161,-0.044739,0.094612,-0.253552,0.011805,-0.030761,-0.038130,0.006535,0.025677,0.474549,0.006542,-0.036151,-0.227675,0.016905,-0.001652,0.008072,0.007838,-0.026785,-0.252353,0.018808,-0.016115,-0.094661,-0.010863,-0.070795,-0.107996,0.108215,-0.198213,0.051682,0.158471,0.053092,-0.012201,0.011434,0.027747,-0.007110,0.136826,0.123151,0.083943,-0.073632
0.015046,-0.271515,0.006423,0.008329,0.524323,-0.042463,0.103550,-0.250234,0.014951,-0.027734,-0.028701,0.009690,0.029807,0.497374,0.004881,-0.042484,-0.222242,0.018667,-0.002485,0.011724,0.009519,-0.013504,-0.262489,0.018006,0.006045,-0.052249,-0.019609,-0.096147,-0.097492,0.107562,-0.186631,0.041742,0.141952,0.046510,-0.007691,-0.000495,0.033485,-0.007990,0.117917,0.111115,0.079231,-0.070801
0.017813,-0.289771,0.005473,0.010120,0.536437,-0.044712,0.107922,-0.251398,0.013684,-0.027346,-0.019652,0.008367,0.036162,0.508488,0.011955,-0.037460,-0.211888,0.026065,0.007370,0.013106,0.017061,-0.003185,-0.280940,0.018494,0.020340,-0.019585,-0.028280,-0.118783,-0.089443,0.107693,-0.177576,0.050027,0.141397,0.047580,-0.022913,-0.004845,0.045478,-0.027566,0.100789,0.108689,0.068248,-0.074604
0.016436,-0.308919,0.006373,0.009802,0.543248,-0.040533,0.119021,-0.260948,0.015121,-0.018138,-0.014195,0.009692,0.037602,0.510045,0.019114,-0.040991,-0.226890,0.034806,0.009024,0.017525,0.024941,0.008438,-0.310976,0.020195,0.051707,0.001524,-0.030035,-0.131988,-0.099371,0.112921,-0.148587,0.014430,0.148814,0.038063,-0.026827,-0.017000,0.070505,-0.046458,0.073702,0.129696,0.054419,-0.084717
0.013718,-0.326342,0.006258,0.008516,0.549889,-0.036665,0.126664,-0.271854,0.017387,-0.009916,-0.010607,0.011877,0.037230,0.513519,0.023837,-0.047100,-0.246050,0.041377,0.009106,0.019173,0.030569,0.017325,-0.338827,0.020730,0.081487,0.026427,-0.032659,-0.143535,-0.102725,0.121738,-0.129092,-0.017703,0.166560,0.020556,-0.019031,-0.034387,0.088597,-0.053925,0.039039,0.150134,0.049587,-0.107040
0.012506,-0.339423,0.002320,0.007232,0.561504,-0.039777,0.120748,-0.277058,0.018914,-0.012414,-0.007141,0.013492,0.038160,0.530391,0.023603,-0.049682,-0.248175,0.042277,0.014366,0.012250,0.031348,0.019439,-0.350731,0.017602,0.091041,0.070548,-0.043857,-0.161167,-0.074965,0.132698,-0.148866,0.000805,0.196727,-0.002340,0.000865,-0.054440,0.079694,-0.039382,-0.000853,0.146054,0.065622,-0.147349
0.013104,-0.351584,-0.001465,0.006344,0.572258,-0.045375,0.111848,-0.280018,0.019550,-0.017806,-0.004066,0.014252,0.039865,0.544577,0.021212,-0.048824,-0.254724,0.039722,0.023572,0.002468,0.028618,0.016122,-0.355955,0.013023,0.092310,0.114417,-0.055837,-0.197803,-0.056699,0.139229,-0.174921,0.005405,0.231670,-0.025701,0.030947,-0.074740,0.069303,-0.013986,-0.046340,0.141517,0.086215,-0.196155
0.015201,-0.356746,-0.003184,0.005928,0.576789,-0.050293,0.104408,-0.279184,0.019427,-0.023441,-0.002867,0.014361,0.041480,0.548984,0.018030,-0.044820,-0.262439,0.035048,0.032164,-0.005281,0.023763,0.008996,-0.351891,0.009191,0.084696,0.136150,-0.062261,-0.234548,-0.057622,0.138722,-0.193745,-0.006400,0.254456,-0.037569,0.056111,-0.085484,0.062847,0.009430,-0.075038,0.139057,0.101082,-0.229315
0.012357,-0.377195,0.001034,-0.001606,0.591399,-0.053590,0.099222,-0.279963,0.018121,-0.033493,0.001184,0.013202,0.041702,0.567636,0.027178,-0.043849,-0.266185,0.043080,0.049052,-0.011289,0.031399,0.012529,-0.371539,0.009798,0.088521,0.162007,-0.069230,-0.262568,-0.057994,0.133885,-0.211350,-0.014729,0.254902,-0.049779,0.091401,-0.102978,0.059901,0.041176,-0.113818,0.128469,0.135274,-0.282572
0.007472,-0.400308,0.007263,-0.011864,0.614005,-0.055818,0.099027,-0.283635,0.015414,-0.041421,0.004071,0.010636,0.039949,0.596007,0.037860,-0.043862,-0.266503,0.051796,0.063554,-0.010710,0.039656,0.021758,-0.398610,0.013253,0.096529,0.184613,-0.074326,-0.285677,-0.062128,0.129071,-0.226855,-0.024047,0.242223,-0.058474,0.120746,-0.119130,0.059692,0.067098,-0.149794,0.117241,0.165609,-0.326509
0.003542,-0.413457,0.011655,-0.020431,0.642503,-0.057669,0.106540,-0.291484,0.011170,-0.040671,0.001789,0.006568,0.035244,0.629599,0.039350,-0.042962,-0.263922,0.049137,0.064725,0.001310,0.036609,0.031733,-0.416812,0.017833,0.101427,0.196609,-0.075211,-0.307598,-0.074321,0.128710,-0.239265,-0.038625,0.225683,-0.059941,0.128082,-0.125803,0.061305,0.072995,-0.170113,0.112664,0.168420,-0.332006
-0.002933,-0.430976,0.022974,-0.036041,0.662180,-0.059119,0.113976,-0.307849,0.002985,-0.042717,-0.011730,-0.001363,0.027648,0.659887,0.047643,-0.044365,-0.269472,0.052551,0.064286,0.008202,0.039498,0.050206,-0.435018,0.023002,0.108677,0.226848,-0.080255,-0.326490,-0.070305,0.115102,-0.242808,-0.030718,0.183609,-0.061268,0.145494,-0.137296,0.072229,0.083868,-0.182389,0.105146,0.183204,-0.329079
-0.008774,-0.444107,0.035548,-0.051814,0.663199,-0.058957,0.116924,-0.324505,-0.004511,-0.047234,-0.029686,-0.008532,0.020849,0.671726,0.058588,-0.047326,-0.280394,0.060067,0.062399,0.006540,0.046585,0.067994,-0.444073,0.026486,0.114752,0.260481,-0.085267,-0.331851,-0.052783,0.097473,-0.234765,-0.004709,0.139273,-0.061086,0.164335,-0.148022,0.087572,0.093979,-0.180835,0.099160,0.202530,-0.319307
-0.011806,-0.467420,0.035026,-0.057533,0.677169,-0.060246,0.129007,-0.326383,-0.014098,-0.040368,-0.026418,-0.017850,0.018065,0.698366,0.058119,-0.054007,-0.278712,0.060402,0.063288,0.016982,0.046259,0.111373,-0.473476,0.028506,0.141409,0.259009,-0.089310,-0.327525,-0.083956,0.056874,-0.189318,-0.034473,0.049838,-0.043291,0.163156,-0.163027,0.138420,0.076220,-0.211393,0.113149,0.180974,-0.297253
-0.013117,-0.497123,0.032424,-0.059318,0.694213,-0.060085,0.138978,-0.320552,-0.019739,-0.032742,-0.014940,-0.023262,0.015128,0.724398,0.052600,-0.058832,-0.270839,0.054839,0.065834,0.027795,0.040242,0.155509,-0.510452,0.029115,0.169642,0.243717,-0.092681,-0.324282,-0.132058,0.012561,-0.145416,-0.085367,-0.047847,-0.027610,0.150390,-0.179555,0.184417,0.047883,-0.248098,0.124055,0.156814,-0.280486
-0.014067,-0.529422,0.038741,-0.063784,0.704457,-0.055318,0.134997,-0.314108,-0.015390,-0.035495,-0.008247,-0.018523,0.007628,0.734401,0.048501,-0.056857,-0.263141,0.044472,0.068320,0.027259,0.029975,0.175714,-0.542274,0.027637,0.180726,0.235994,-0.095166,-0.332867,-0.164763,-0.016521,-0.141945,-0.122182,-0.117179,-0.033433,0.134649,-0.194886,0.185906,0.026669,-0.264777,0.109665,0.169033,-0.286139
-0.014560,-0.563760,0.045539,-0.064896,0.712657,-0.045518,0.135748,-0.308407,-0.007074,-0.034018,0.002828,-0.009854,0.003938,0.735074,0.051298,-0.051796,-0.260749,0.041177,0.066149,0.017105,0.027223,0.204523,-0.575046,0.029435,0.199604,0.238039,-0.095318,-0.329562,-0.189161,-0.070401,-0.096239,-0.149675,-0.221856,-0.039895,0.122178,-0.211004,0.204843,-0.000575,-0.289278,0.099951,0.155869,-0.282578
-0.014337,-0.582968,0.049428,-0.063210,0.714699,-0.035265,0.139731,-0.306328,0.001007,-0.030123,0.012752,-0.001417,0.005656,0.726099,0.059340,-0.046441,-0.264842,0.046126,0.060072,0.002443,0.032804,0.227509,-0.592092,0.034830,0.216807,0.249592,-0.088658,-0.315550,-0.192920,-0.117160,-0.030109,-0.154960,-0.303879,-0.042802,0.119968,-0.218277,0.232070,-0.020543,-0.308104,0.100074,0.123818,-0.270299
-0.012214,-0.621823,0.052951,-0.063681,0.726009,-0.031097,0.146796,-0.319024,0.003395,-0.028096,0.011043,0.001403,0.003811,0.739977,0.058356,-0.048134,-0.262202,0.043404,0.048715,-0.001586,0.030541,0.254418,-0.634690,0.040094,0.233667,0.227395,-0.080987,-0.304786,-0.231974,-0.168322,0.016228,-0.191759,-0.384336,-0.058618,0.089687,-0.231103,0.237761,-0.064967,-0.330211,0.116305,0.089510,-0.303287
-0.009906,-0.660425,0.056641,-0.067805,0.744940,-0.031491,0.149896,-0.322950,0.001124,-0.030487,0.011892,-0.000313,-0.000069,0.760047,0.054852,-0.051258,-0.257100,0.037448,0.040178,0.000107,0.024808,0.282002,-0.676561,0.047112,0.249177,0.197253,-0.070243,-0.294052,-0.275093,-0.206773,0.038814,-0.230224,-0.439968,-0.076356,0.061274,-0.242767,0.237915,-0.106409,-0.344190,0.138704,0.065958,-0.342936
-0.009192,-0.678881,0.060946,-0.077164,0.769842,-0.034871,0.141879,-0.294572,-0.004750,-0.039949,0.029483,-0.005489,-0.004135,0.769657,0.055158,-0.050173,-0.253779,0.032436,0.042621,0.002632,0.019691,0.306872,-0.691340,0.058082,0.262325,0.185121,-0.053441,-0.280458,-0.290294,-0.215375,0.033582,-0.239932,-0.447183,-0.084727,0.064712,-0.246192,0.248739,-0.117848,-0.337843,0.157301,0.066088,-0.350194
-0.007577,-0.706267,0.067830,-0.086334,0.785878,-0.035583,0.139403,-0.293251,-0.008756,-0.049456,0.032070,-0.008860,-0.006486,0.786732,0.059659,-0.050451,-0.248000,0.033344,0.039672,0.008135,0.020586,0.329600,-0.719372,0.069149,0.269743,0.166922,-0.037857,-0.276017,-0.313555,-0.222241,0.021785,-0.248061,-0.455552,-0.105366,0.055256,-0.252874,0.265254,-0.153066,-0.333897,0.173360,0.019729,-0.345479
-0.005884,-0.728891,0.073865,-0.092492,0.784985,-0.032648,0.141992,-0.319698,-0.008870,-0.055930,0.018333,-0.008368,-0.007049,0.802743,0.066127,-0.053279,-0.242627,0.039343,0.031434,0.013899,0.026625,0.338994,-0.746007,0.076679,0.267393,0.152952,-0.024412,-0.283436,-0.331773,-0.217331,0.010260,-0.250830,-0.452916,-0.126840,0.039370,-0.256139,0.279244,-0.194575,-0.331051,0.179018,-0.049762,-0.327857
-0.001374,-0.749016,0.075693,-0.097242,0.820479,-0.034733,0.147792,-0.322370,-0.013425,-0.056281,0.015914,-0.012219,-0.009698,0.829542,0.062666,-0.054786,-0.234311,0.032162,0.029972,0.025374,0.019176,0.343156,-0.758551,0.079732,0.266576,0.141017,-0.012191,-0.293261,-0.348997,-0.196188,-0.042257,-0.245588,-0.459884,-0.145352,0.055842,-0.264151,0.298218,-0.206111,-0.336694,0.184063,-0.049893,-0.314377
0.004480,-0.764692,0.077758,-0.102803,0.862067,-0.038131,0.150765,-0.320392,-0.017334,-0.055127,0.014132,-0.015521,-0.012296,0.856613,0.058678,-0.056730,-0.230370,0.024439,0.032536,0.031628,0.011050,0.346351,-0.770662,0.085865,0.271273,0.130091,0.005028,-0.297024,-0.365371,-0.171356,-0.087647,-0.245060,-0.470393,-0.158724,0.074333,-0.266851,0.321277,-0.216199,-0.331797,0.188594,-0.043610,-0.284981
0.010046,-0.773980,0.084400,-0.111554,0.879463,-0.038794,0.144628,-0.332915,-0.015410,-0.057262,0.002315,-0.013104,-0.012470,0.873452,0.063476,-0.060843,-0.238106,0.028879,0.036498,0.021715,0.015124,0.352585,-0.796005,0.102616,0.285267,0.119205,0.033997,-0.286367,-0.380855,-0.155044,-0.078500,-0.263135,-0.476951,-0.165190,0.064629,-0.254107,0.346911,-0.253480,-0.297480,0.191102,-0.094102,-0.220378
0.016256,-0.782266,0.082863,-0.119088,0.896227,-0.046215,0.145615,-0.349135,-0.025047,-0.055117,-0.009352,-0.022235,-0.009717,0.885521,0.062951,-0.059022,-0.245400,0.025580,0.044845,0.016840,0.011332,0.341899,-0.810287,0.104221,0.292761,0.109810,0.051153,-0.277674,-0.390152,-0.142554,-0.064733,-0.275724,-0.481369,-0.166694,0.053162,-0.246407,0.387858,-0.300014,-0.265869,0.212190,-0.138417,-0.166837
0.020199,-0.785405,0.073896,-0.124054,0.903885,-0.055402,0.150627,-0.361077,-0.040893,-0.052320,-0.015144,-0.037571,-0.006890,0.886776,0.057735,-0.054261,-0.248568,0.015925,0.051261,0.019489,0.001209,0.319962,-0.805675,0.092054,0.289187,0.107559,0.055042,-0.275777,-0.387812,-0.133755,-0.052087,-0.276718,-0.473797,-0.161358,0.047381,-0.243779,0.423138,-0.333423,-0.248704,0.241301,-0.155099,-0.146752
0.025660,-0.783175,0.067960,-0.124938,0.936348,-0.058517,0.146968,-0.347497,-0.038796,-0.056010,0.003434,-0.034926,-0.002781,0.900536,0.055108,-0.060817,-0.253536,0.019271,0.054752,0.020363,0.003762,0.296154,-0.796811,0.088337,0.288601,0.112778,0.067830,-0.263379,-0.372075,-0.117294,-0.047429,-0.273203,-0.437133,-0.156828,0.048164,-0.233596,0.447063,-0.353862,-0.229030,0.257523,-0.167572,-0.123605
0.032160,-0.780096,0.064692,-0.127293,0.972065,-0.061014,0.143236,-0.346721,-0.033425,-0.062597,0.017472,-0.028971,0.000750,0.917871,0.053434,-0.071092,-0.263416,0.026336,0.054444,0.020716,0.009824,0.271774,-0.791069,0.085216,0.292301,0.121985,0.082032,-0.246722,-0.352565,-0.099745,-0.030971,-0.259291,-0.396052,-0.151687,0.046598,-0.223080,0.467233,-0.374238,-0.207390,0.274800,-0.184546,-0.105235
0.039203,-0.780695,0.063643,-0.136915,0.989484,-0.067617,0.147366,-0.397156,-0.039632,-0.069206,-0.002053,-0.034372,0.001948,0.929840,0.051363,-0.077674,-0.281313,0.027687,0.049202,0.021835,0.010035,0.248587,-0.795866,0.074788,0.302088,0.131644,0.089674,-0.231492,-0.339059,-0.088185,0.018396,-0.229836,-0.374987,-0.144036,0.033537,-0.220056,0.491628,-0.407797,-0.184946,0.307644,-0.215036,-0.099759
0.046503,-0.783743,0.055793,-0.144618,1.016814,-0.078504,0.150661,-0.443549,-0.045580,-0.074113,-0.013608,-0.039535,0.002805,0.958314,0.042424,-0.088653,-0.298110,0.025322,0.041118,0.028119,0.006198,0.224081,-0.799173,0.059097,0.308401,0.130251,0.091158,-0.212201,-0.329547,-0.073295,0.069333,-0.209459,-0.361570,-0.129978,0.021159,-0.220085,0.517507,-0.437560,-0.167053,0.327974,-0.240468,-0.090686
0.050540,-0.787710,0.045023,-0.148990,1.040304,-0.086024,0.149100,-0.462780,-0.046231,-0.077083,-0.011418,-0.039614,0.001480,0.989032,0.032066,-0.100436,-0.305389,0.021280,0.032291,0.036456,0.000921,0.210361,-0.799015,0.047792,0.306849,0.118820,0.091402,-0.199249,-0.328817,-0.057504,0.097083,-0.208823,-0.356302,-0.115500,0.016754,-0.220664,0.531100,-0.450204,-0.159774,0.324416,-0.249986,-0.080017
0.058004,-0.789834,0.045019,-0.156308,1.064057,-0.087075,0.145704,-0.492277,-0.037764,-0.082810,-0.009601,-0.030560,0.014532,1.001338,0.042164,-0.095946,-0.321814,0.037104,0.042318,0.029536,0.015687,0.195725,-0.792730,0.041205,0.315246,0.106741,0.098273,-0.195974,-0.346338,-0.035865,0.132858,-0.228528,-0.396377,-0.078223,0.007876,-0.207075,0.563140,-0.463790,-0.145586,0.335867,-0.263193,-0.076579
0.062804,-0.790337,0.044519,-0.163169,1.087986,-0.085720,0.144741,-0.520136,-0.028836,-0.086778,-0.014302,-0.021074,0.024844,1.008832,0.050821,-0.091328,-0.342521,0.048562,0.052537,0.016380,0.026095,0.184524,-0.786253,0.034534,0.325313,0.097418,0.104146,-0.197938,-0.367450,-0.010887,0.165586,-0.255355,-0.435653,-0.034145,-0.000834,-0.192681,0.598321,-0.474265,-0.138052,0.352228,-0.268321,-0.075334
0.059263,-0.789427,0.031981,-0.165497,1.112041,-0.086550,0.151113,-0.534422,-0.028585,-0.083965,-0.031672,-0.020471,0.014595,1.025094,0.037269,-0.102927,-0.362709,0.031708,0.043876,0.006035,0.008234,0.181125,-0.785533,0.023264,0.328849,0.094214,0.101629,-0.200422,-0.377738,0.014980,0.183572,-0.276239,-0.428248,0.000983,-0.004527,-0.190833,0.621761,-0.477146,-0.151079,0.363306,-0.253919,-0.071197
0.049918,-0.784526,0.018026,-0.169904,1.122286,-0.087593,0.149998,-0.535801,-0.028859,-0.085389,-0.042144,-0.020557,0.007138,1.033811,0.028428,-0.107632,-0.373812,0.015518,0.039506,-0.004983,-0.008396,0.180193,-0.778627,0.018280,0.334547,0.084992,0.104526,-0.198563,-0.393159,0.045622,0.190388,-0.289319,-0.416709,0.047457,-0.008826,-0.178410,0.640827,-0.468143,-0.144862,0.367817,-0.240589,-0.040663
0.039385,-0.778093,0.009543,-0.176443,1.113523,-0.085287,0.140142,-0.523570,-0.026415,-0.092033,-0.040418,-0.018036,0.005681,1.030607,0.029299,-0.104573,-0.370227,0.008726,0.040135,-0.011130,-0.015048,0.181887,-0.768922,0.023305,0.338405,0.074296,0.115664,-0.193300,-0.407081,0.068985,0.185094,-0.289006,-0.401134,0.083175,-0.011146,-0.160212,0.645231,-0.453804,-0.121180,0.362319,-0.237413,0.001781
0.029419,-0.769220,-0.002573,-0.172908,1.098971,-0.082422,0.132816,-0.496267,-0.018391,-0.084385,-0.040613,-0.010348,0.005485,1.030237,0.025501,-0.103270,-0.372816,-0.000939,0.041093,-0.035645,-0.023932,0.184340,-0.762445,0.011378,0.341855,0.066004,0.109569,-0.196733,-0.426866,0.067131,0.146308,-0.293019,-0.393346,0.116737,-0.018504,-0.159450,0.643210,-0.440018,-0.112059,0.332180,-0.219690,0.023622
0.020890,-0.757070,-0.014537,-0.164301,1.075657,-0.078969,0.127294,-0.464902,-0.008185,-0.070151,-0.044822,-0.000690,0.007029,1.023232,0.020836,-0.103600,-0.370780,-0.005509,0.039613,-0.066754,-0.027046,0.187282,-0.756518,-0.003507,0.342007,0.059134,0.099472,-0.210195,-0.452178,0.056520,0.100709,-0.306625,-0.385645,0.144646,-0.029281,-0.162962,0.639210,-0.431645,-0.107165,0.292732,-0.206733,0.036625
0.014407,-0.740814,-0.022446,-0.155473,1.040642,-0.074816,0.122839,-0.440501,0.000508,-0.057088,-0.055169,0.007483,0.011190,1.000129,0.018777,-0.105037,-0.353303,0.002649,0.033442,-0.092694,-0.016583,0.189552,-0.748596,-0.007348,0.335633,0.052471,0.098552,-0.235559,-0.482743,0.053416,0.074892,-0.336037,-0.369509,0.162918,-0.041886,-0.157485,0.637180,-0.433565,-0.096314,0.258727,-0.217971,0.052131
0.007394,-0.724552,-0.033228,-0.142366,0.999752,-0.072433,0.116200,-0.394875,0.008948,-0.036739,-0.053486,0.015143,0.016898,0.959269,0.013832,-0.104889,-0.330153,0.012983,0.030595,-0.112688,-0.003915,0.187638,-0.741483,-0.013012,0.330480,0.051942,0.097526,-0.270498,-0.518099,0.070723,0.024512,-0.374856,-0.322403,0.174072,-0.057010,-0.154399,0.645347,-0.452121,-0.085661,0.220611,-0.251248,0.079250
0.003358,-0.716417,-0.041464,-0.132143,0.973418,-0.071419,0.111168,-0.350643,0.014712,-0.018826,-0.040426,0.020321,0.021598,0.921081,0.008427,-0.103892,-0.312822,0.020470,0.031894,-0.116683,0.004707,0.182355,-0.738692,-0.016556,0.328146,0.057597,0.101072,-0.296657,-0.542896,0.102393,-0.022095,-0.406008,-0.263235,0.173830,-0.066839,-0.153669,0.659410,-0.479689,-0.079545,0.196001,-0.292763,0.103873
-0.001877,-0.697284,-0.043105,-0.121058,0.923877,-0.064695,0.103064,-0.314316,0.028034,-0.011339,-0.037282,0.033145,0.028304,0.869880,0.010351,-0.096282,-0.278328,0.034457,0.036689,-0.098923,0.019704,0.165718,-0.733775,-0.030844,0.311375,0.078249,0.094202,-0.356537,-0.573985,0.127516,-0.092534,-0.424210,-0.185849,0.176257,-0.079872,-0.158174,0.724000,-0.552031,-0.081768,0.192830,-0.393343,0.101593
-0.005653,-0.673763,-0.041568,-0.110688,0.869074,-0.056771,0.096573,-0.286649,0.039562,-0.007437,-0.036702,0.044329,0.033521,0.818277,0.013309,-0.086947,-0.237932,0.046079,0.039793,-0.066945,0.031968,0.144522,-0.730883,-0.044996,0.295018,0.102826,0.089482,-0.411585,-0.599466,0.150032,-0.150335,-0.428997,-0.100880,0.176688,-0.091899,-0.162295,0.797295,-0.634187,-0.085308,0.204409,-0.503249,0.081014
-0.005230,-0.652469,-0.040139,-0.102549,0.826947,-0.052188,0.096499,-0.268374,0.039815,-0.000300,-0.031355,0.044442,0.033589,0.778883,0.011341,-0.080480,-0.202952,0.046716,0.036194,-0.028277,0.032569,0.124812,-0.734278,-0.047813,0.293742,0.120164,0.099049,-0.423546,-0.607223,0.174782,-0.158851,-0.420280,-0.018367,0.170227,-0.098693,-0.160453,0.837349,-0.691007,-0.082773,0.223609,-0.572444,0.051783
-0.007162,-0.630955,-0.038228,-0.095815,0.787557,-0.046965,0.096916,-0.252717,0.038179,-0.002615,-0.020461,0.042943,0.036405,0.745905,0.012732,-0.075025,-0.177886,0.055356,0.025557,0.005502,0.041004,0.104135,-0.756214,-0.049832,0.284689,0.134067,0.109787,-0.461259,-0.638749,0.190955,-0.175154,-0.429885,0.031699,0.159009,-0.112953,-0.161446,0.897648,-0.780405,-0.074011,0.246299,-0.670022,0.039036
-0.010491,-0.619975,-0.036829,-0.093726,0.770613,-0.043214,0.099086,-0.247241,0.035940,-0.011878,-0.009269,0.041141,0.041305,0.735836,0.015979,-0.072302,-0.175271,0.067396,0.014134,0.017517,0.052682,0.092718,-0.785768,-0.049201,0.271501,0.137237,0.119715,-0.502354,-0.682872,0.192566,-0.185755,-0.457944,0.028711,0.150137,-0.127608,-0.163789,0.946519,-0.861130,-0.062893,0.257234,-0.752853,0.043880
-0.009211,-0.587526,-0.029525,-0.097067,0.743310,-0.038146,0.100793,-0.252208,0.021375,-0.025228,-0.003804,0.027170,0.045217,0.710698,0.021694,-0.068009,-0.184308,0.078357,-0.003050,0.009886,0.064034,0.080035,-0.834574,-0.046957,0.281274,0.150072,0.141480,-0.504914,-0.703779,0.222232,-0.082874,-0.489999,0.029056,0.116989,-0.128597,-0.179577,0.963199,-0.926045,-0.043705,0.277683,-0.805284,0.055484
-0.007917,-0.543133,-0.022440,-0.100992,0.715007,-0.033597,0.102569,-0.258662,0.002721,-0.036434,-0.004388,0.009042,0.047341,0.686106,0.026129,-0.063463,-0.196762,0.083162,-0.021647,-0.006984,0.069673,0.071794,-0.890989,-0.041579,0.293761,0.162067,0.167716,-0.502170,-0.724649,0.257364,0.048685,-0.537004,0.028570,0.078437,-0.127673,-0.197977,0.954240,-0.973781,-0.015277,0.294401,-0.835292,0.082138
-0.011010,-0.496314,-0.021820,-0.100520,0.695050,-0.032043,0.105086,-0.257690,-0.012124,-0.038979,-0.011303,-0.005620,0.046866,0.677684,0.025349,-0.059794,-0.204418,0.076430,-0.037183,-0.022649,0.063920,0.073633,-0.943389,-0.031113,0.288393,0.162683,0.191288,-0.525951,-0.770107,0.275283,0.124576,-0.610781,0.020881,0.053017,-0.136913,-0.207975,0.926365,-1.002586,0.024660,0.293654,-0.851339,0.130656
-0.017714,-0.437917,-0.015411,-0.098703,0.664705,-0.023580,0.108248,-0.257202,-0.026253,-0.041626,-0.024301,-0.019670,0.046947,0.671985,0.031891,-0.053362,-0.215813,0.069707,-0.048572,-0.051606,0.058775,0.074377,-1.037387,-0.017623,0.286170,0.171738,0.228272,-0.571170,-0.839889,0.299566,0.194315,-0.712612,0.005268,0.016253,-0.149849,-0.227135,0.898768,-1.048551,0.071256,0.336259,-0.860660,0.182461
-0.024745,-0.397138,-0.006448,-0.096487,0.639154,-0.012214,0.110481,-0.257427,-0.032710,-0.043010,-0.036844,-0.026091,0.047902,0.671871,0.041700,-0.046781,-0.225255,0.065753,-0.049605,-0.079353,0.056151,0.073586,-1.126015,-0.008080,0.285629,0.184347,0.263626,-0.609938,-0.906168,0.319975,0.231102,-0.798221,-0.001021,-0.010897,-0.160010,-0.246491,0.883665,-1.092515,0.101387,0.397851,-0.863868,0.207951
-0.038274,-0.383041,-0.012027,-0.084703,0.620355,-0.010434,0.113171,-0.228518,-0.038297,-0.044881,-0.054014,-0.032341,0.052030,0.675963,0.040723,-0.037416,-0.228080,0.050486,-0.036343,-0.111841,0.042683,0.069318,-1.195133,0.010584,0.247183,0.200941,0.300013,-0.708600,-1.002128,0.302460,0.140874,-0.923647,-0.066370,-0.045743,-0.150651,-0.259102,0.852025,-1.108084,0.142424,0.494891,-0.793369,0.234095
-0.050103,-0.391479,-0.021731,-0.069546,0.607434,-0.012547,0.113977,-0.183386,-0.038802,-0.041683,-0.063895,-0.033929,0.056138,0.683286,0.034805,-0.027456,-0.215489,0.030061,-0.020744,-0.139115,0.024755,0.062709,-1.235936,0.032724,0.190273,0.227058,0.334691,-0.808183,-1.073054,0.271991,0.026938,-1.023534,-0.129109,-0.073482,-0.116743,-0.264672,0.809840,-1.078520,0.170845,0.563475,-0.671354,0.244240
-0.052268,-0.418292,-0.024927,-0.057310,0.599528,-0.012417,0.110217,-0.134982,-0.029974,-0.028110,-0.054611,-0.026162,0.056940,0.692853,0.030120,-0.019593,-0.178660,0.010731,-0.015246,-0.151229,0.008782,0.055534,-1.239589,0.052827,0.133815,0.268685,0.364936,-0.853132,-1.061901,0.255981,-0.012794,-1.033096,-0.119410,-0.079129,-0.053618,-0.262969,0.765009,-0.985935,0.163791,0.541510,-0.520627,0.215560
-0.051733,-0.442479,-0.022960,-0.043532,0.588399,-0.007877,0.104300,-0.072349,-0.015659,-0.004754,-0.039728,-0.013373,0.059372,0.686287,0.029910,-0.007597,-0.126623,-0.004010,-0.007911,-0.151066,-0.002343,0.044696,-1.234770,0.080073,0.040728,0.300787,0.392972,-0.910445,-1.026899,0.249064,-0.066502,-1.005727,-0.092394,-0.070435,0.002911,-0.244557,0.700400,-0.859912,0.155993,0.395011,-0.360874,0.220590
-0.048826,-0.451939,-0.016792,-0.034983,0.579624,-0.001600,0.099089,-0.026824,-0.004005,0.016652,-0.026676,-0.002924,0.062648,0.666893,0.032989,0.002496,-0.085329,-0.008227,-0.002465,-0.138641,-0.004521,0.035669,-1.223825,0.100542,-0.047503,0.306213,0.408957,-0.946710,-0.993995,0.260114,-0.098521,-0.963913,-0.044015,-0.049008,0.024561,-0.219765,0.648379,-0.765557,0.151058,0.195305,-0.276668,0.252034
-0.045773,-0.448791,0.001234,-0.022491,0.545951,0.017153,0.092234,0.021107,0.020323,0.044278,-0.010801,0.020018,0.059887,0.624689,0.045991,0.006604,-0.045823,0.004613,-0.012302,-0.130511,0.010630,0.023885,-1.212075,0.117404,-0.144940,0.299871,0.417385,-0.976622,-0.946168,0.286213,-0.144614,-0.898311,0.032406,-0.015715,0.038208,-0.191452,0.628154,-0.698089,0.151815,-0.020111,-0.272870,0.301096
-0.042758,-0.438024,0.021483,-0.011767,0.502819,0.037497,0.084623,0.061657,0.040964,0.066848,0.000266,0.039287,0.055266,0.579171,0.060938,0.007522,-0.010819,0.024059,-0.024900,-0.122885,0.032041,0.012880,-1.201083,0.129935,-0.227211,0.274477,0.420057,-0.993566,-0.916396,0.319420,-0.205555,-0.849120,0.109364,0.018102,0.030458,-0.162628,0.635244,-0.680403,0.159034,-0.175863,-0.331882,0.348522
-0.039655,-0.424659,0.034317,-0.008880,0.465637,0.048819,0.077064,0.085119,0.041530,0.073021,-0.001102,0.038738,0.052624,0.549870,0.069784,0.008069,0.016976,0.039560,-0.027647,-0.111968,0.048661,0.006496,-1.192355,0.137835,-0.269807,0.223707,0.417910,-0.989921,-0.937675,0.354498,-0.280222,-0.857069,0.159630,0.040616,-0.011904,-0.136141,0.665381,-0.735030,0.172655,-0.196662,-0.433966,0.377546
-0.033026,-0.407308,0.051626,-0.002797,0.407224,0.064587,0.066023,0.121411,0.041540,0.077087,-0.001785,0.037095,0.048689,0.499010,0.081989,0.011401,0.050796,0.055119,-0.028668,-0.093755,0.065253,0.000153,-1.167188,0.149846,-0.300683,0.153371,0.411939,-0.966829,-0.962258,0.386814,-0.350812,-0.891282,0.220437,0.055462,-0.075768,-0.098316,0.687755,-0.809701,0.187585,-0.183803,-0.559053,0.408212
-0.026188,-0.394643,0.064782,0.003148,0.356811,0.076445,0.056820,0.152452,0.040250,0.076859,-0.001376,0.034331,0.045195,0.452071,0.090656,0.015346,0.073816,0.061997,-0.027891,-0.077291,0.072533,-0.002474,-1.138080,0.159993,-0.309720,0.097258,0.407808,-0.931974,-0.985208,0.407541,-0.376896,-0.940857,0.277709,0.057633,-0.129295,-0.068966,0.692180,-0.868516,0.195254,-0.144939,-0.647495,0.417563
-0.026053,-0.379241,0.079158,0.007391,0.300042,0.090660,0.048780,0.172091,0.032160,0.063208,-0.001760,0.025271,0.037711,0.408743,0.101699,0.017677,0.101561,0.062876,-0.029128,-0.045672,0.073107,-0.008091,-1.102002,0.142932,-0.283642,0.020346,0.373623,-0.854399,-1.009283,0.397502,-0.357731,-0.992736,0.297576,0.055774,-0.203694,-0.059466,0.687389,-0.937640,0.146998,-0.102662,-0.736351,0.335256
-0.028114,-0.365053,0.084538,0.010364,0.253248,0.096167,0.041660,0.184231,0.021856,0.043336,-0.000319,0.014412,0.032519,0.372509,0.105149,0.020801,0.120419,0.054826,-0.028586,-0.017660,0.064377,-0.014050,-1.063442,0.117519,-0.235185,-0.058910,0.332009,-0.756425,-1.033571,0.374132,-0.296406,-1.035612,0.299076,0.048809,-0.274951,-0.059453,0.673234,-0.996779,0.080909,-0.077577,-0.811360,0.230817
-0.027606,-0.356034,0.070800,0.012279,0.232744,0.082070,0.035402,0.192727,0.014117,0.024593,0.005538,0.006446,0.035741,0.346896,0.091116,0.027364,0.116766,0.035072,-0.022193,-0.012019,0.043939,-0.018861,-1.026861,0.102785,-0.177765,-0.122125,0.304935,-0.661567,-1.057126,0.351978,-0.197554,-1.057835,0.299747,0.035215,-0.319043,-0.058482,0.646849,-1.026981,0.036455,-0.094685,-0.858172,0.171720
-0.027334,-0.338805,0.044957,0.018779,0.217159,0.056705,0.032840,0.194879,0.012178,0.009889,0.011528,0.004566,0.038800,0.323150,0.064878,0.031035,0.106955,0.010329,-0.012886,-0.002546,0.017832,-0.024908,-0.975471,0.078259,-0.110480,-0.188050,0.264568,-0.557788,-1.080072,0.317105,-0.065242,-1.080636,0.282605,0.019833,-0.354239,-0.065678,0.612637,-1.040964,-0.015370,-0.146309,-0.883731,0.099185
-0.027375,-0.321985,0.019923,0.026291,0.214315,0.032412,0.034966,0.189642,0.016569,0.006286,0.014692,0.009166,0.039795,0.313178,0.039107,0.029595,0.095936,-0.007559,-0.005655,0.006053,-0.001437,-0.028646,-0.934946,0.056313,-0.069853,-0.224536,0.231643,-0.493590,-1.094994,0.288248,0.038592,-1.095054,0.264975,0.012129,-0.363086,-0.077615,0.586770,-1.033929,-0.047318,-0.208375,-0.877509,0.039023
-0.031251,-0.299213,-0.013927,0.034846,0.206051,-0.000035,0.037147,0.185221,0.012003,0.012680,0.014501,0.004489,0.048885,0.292308,0.006992,0.033623,0.077243,-0.019006,-0.001963,0.004881,-0.014109,-0.035593,-0.888240,0.025805,-0.022778,-0.264803,0.188855,-0.427080,-1.117569,0.259391,0.112719,-1.093274,0.252118,0.003792,-0.354423,-0.100032,0.558460,-1.011545,-0.069767,-0.257309,-0.855998,0.004139
-0.035069,-0.275387,-0.044739,0.041790,0.195187,-0.029813,0.037955,0.179514,0.008520,0.023067,0.010621,0.000703,0.056446,0.268603,-0.022544,0.036021,0.059545,-0.024705,-0.000476,-0.001421,-0.020603,-0.043526,-0.839977,-0.003932,0.015274,-0.290210,0.148961,-0.371555,-1.126751,0.232871,0.160038,-1.071080,0.239792,-0.002141,-0.337874,-0.121842,0.527316,-0.977754,-0.078650,-0.290473,-0.828801,-0.004755
-0.035235,-0.255382,-0.060577,0.044669,0.184520,-0.045990,0.036139,0.170401,0.016238,0.031580,0.002698,0.008068,0.053088,0.250088,-0.040257,0.029673,0.051513,-0.025126,0.000085,-0.008206,-0.021145,-0.050991,-0.794752,-0.023383,0.028530,-0.282248,0.124216,-0.341311,-1.101318,0.208843,0.183277,-1.024017,0.223543,-0.003177,-0.323086,-0.131841,0.492577,-0.936558,-0.069847,-0.305263,-0.805201,0.013894
-0.033558,-0.232281,-0.077189,0.046162,0.166999,-0.063419,0.033431,0.156702,0.018074,0.041678,-0.006279,0.009694,0.051904,0.222972,-0.058538,0.026973,0.045051,-0.027250,0.000758,-0.012894,-0.023422,-0.059688,-0.733678,-0.047602,0.038605,-0.271839,0.090872,-0.312681,-1.067510,0.174508,0.184910,-0.987746,0.193853,-0.006878,-0.300869,-0.144673,0.456794,-0.891285,-0.055581,-0.316158,-0.772064,0.030208
-0.030909,-0.217633,-0.086255,0.045783,0.151345,-0.073654,0.031459,0.145223,0.012840,0.048607,-0.011861,0.004395,0.053817,0.200759,-0.068664,0.029508,0.043348,-0.030480,0.001434,-0.013173,-0.026777,-0.065534,-0.687263,-0.064285,0.039290,-0.264118,0.065832,-0.297594,-1.043876,0.146084,0.166292,-0.981042,0.170134,-0.010561,-0.282449,-0.153943,0.436066,-0.866614,-0.041608,-0.318799,-0.746765,0.027226
-0.028490,-0.200520,-0.086376,0.043711,0.134797,-0.075034,0.026702,0.142961,0.009870,0.053867,-0.006076,0.001496,0.048557,0.169077,-0.071039,0.026760,0.041667,-0.029939,-0.001917,-0.021749,-0.025820,-0.069819,-0.623463,-0.069638,0.040275,-0.246212,0.049918,-0.280864,-1.006715,0.110984,0.147610,-0.959417,0.127857,-0.012747,-0.256503,-0.148921,0.411896,-0.824877,-0.022552,-0.289266,-0.713228,0.026134
-0.025766,-0.183538,-0.082982,0.041222,0.119193,-0.072898,0.022372,0.140042,0.007523,0.056678,0.000839,-0.000609,0.042067,0.137221,-0.070008,0.023647,0.041676,-0.028980,-0.005445,-0.027294,-0.024537,-0.071805,-0.560041,-0.069388,0.040513,-0.230678,0.038522,-0.264147,-0.970008,0.074413,0.140800,-0.938019,0.078450,-0.015946,-0.228153,-0.140246,0.391881,-0.784563,-0.007447,-0.250287,-0.682956,0.019086
-0.022175,-0.169294,-0.081497,0.039611,0.106370,-0.072540,0.021717,0.126584,0.004145,0.056288,-0.001363,-0.003513,0.040365,0.114448,-0.069916,0.025146,0.045012,-0.030950,-0.005224,-0.018504,-0.026897,-0.070809,-0.514774,-0.069114,0.039086,-0.230100,0.027009,-0.250017,-0.947426,0.041617,0.156537,-0.932091,0.033859,-0.022622,-0.202508,-0.138611,0.383855,-0.764026,-0.005448,-0.224323,-0.667586,-0.003094
-0.018149,-0.151072,-0.070568,0.036265,0.088376,-0.062937,0.019893,0.110365,0.003424,0.051488,0.001960,-0.003207,0.036734,0.090178,-0.060682,0.026376,0.047796,-0.031460,-0.007280,-0.011167,-0.027737,-0.068323,-0.457848,-0.063282,0.039302,-0.223879,0.019575,-0.226231,-0.898484,0.008406,0.161678,-0.891930,-0.027273,-0.033020,-0.163434,-0.134148,0.365050,-0.716521,-0.014494,-0.187527,-0.611284,-0.024535
-0.015738,-0.137979,-0.055662,0.033053,0.074169,-0.049015,0.018056,0.099441,0.005621,0.044917,0.009092,0.000004,0.033218,0.076504,-0.047060,0.026927,0.048597,-0.030406,-0.010401,-0.008981,-0.026810,-0.065880,-0.417689,-0.054659,0.040516,-0.215031,0.020174,-0.203484,-0.848278,-0.009092,0.155223,-0.837841,-0.071442,-0.041532,-0.130549,-0.129114,0.343733,-0.666936,-0.029443,-0.159221,-0.542486,-0.039581
-0.012004,-0.120939,-0.048956,0.027639,0.065485,-0.043736,0.015360,0.082703,0.005892,0.030166,0.011676,0.001529,0.028111,0.058505,-0.042055,0.024473,0.049399,-0.028581,-0.006949,-0.001974,-0.025389,-0.062031,-0.370021,-0.050849,0.032167,-0.198388,0.013630,-0.188786,-0.784589,-0.036461,0.127648,-0.778547,-0.126969,-0.052703,-0.092339,-0.130007,0.319154,-0.611706,-0.047639,-0.120309,-0.476618,-0.052934
-0.007655,-0.104553,-0.043654,0.021719,0.059031,-0.039973,0.013139,0.063910,0.004390,0.014713,0.012240,0.001336,0.022712,0.043589,-0.038567,0.020744,0.048927,-0.025584,-0.001639,0.005199,-0.022874,-0.057554,-0.327392,-0.047995,0.021543,-0.182506,0.006522,-0.178038,-0.724032,-0.060946,0.100265,-0.722965,-0.172139,-0.062868,-0.055606,-0.132720,0.294366,-0.556332,-0.066217,-0.093400,-0.424386,-0.067186
-0.003450,-0.093415,-0.032967,0.016924,0.051511,-0.030591,0.012614,0.046839,0.001288,0.005931,0.013332,-0.000576,0.018294,0.039162,-0.029479,0.017377,0.045926,-0.021015,0.000718,0.007910,-0.018662,-0.053265,-0.302349,-0.042212,0.015924,-0.175950,0.005532,-0.167957,-0.682999,-0.069498,0.092925,-0.680287,-0.184454,-0.068465,-0.027181,-0.133094,0.272330,-0.506399,-0.082502,-0.100996,-0.396229,-0.085414
0.001570,-0.081415,-0.026885,0.012051,0.046497,-0.025911,0.011452,0.033659,-0.005177,-0.002452,0.015964,-0.005985,0.013811,0.034305,-0.025119,0.012466,0.037645,-0.016322,0.001294,0.006631,-0.014403,-0.043111,-0.269362,-0.038359,0.009476,-0.155114,0.002623,-0.159135,-0.625896,-0.072544,0.068829,-0.613035,-0.190043,-0.059515,-0.001834,-0.128031,0.256029,-0.444296,-0.100473,-0.078834,-0.339917,-0.106209
0.004911,-0.074554,-0.028450,0.009605,0.046487,-0.028294,0.010327,0.030944,-0.011782,-0.006152,0.018805,-0.012212,0.011566,0.031436,-0.027686,0.008537,0.028214,-0.013866,-0.000135,0.001993,-0.012245,-0.032245,-0.244913,-0.038296,0.005265,-0.130378,-0.000673,-0.155476,-0.581466,-0.068846,0.041212,-0.555000,-0.184784,-0.040298,0.007698,-0.120099,0.252437,-0.402089,-0.111007,-0.038563,-0.284077,-0.120726
0.007195,-0.068572,-0.023114,0.002631,0.038300,-0.024222,0.005487,0.018641,-0.015036,-0.006468,0.008166,-0.015447,0.010270,0.021197,-0.022937,0.006755,0.022319,-0.004095,-0.004145,0.000991,-0.002785,-0.020419,-0.218409,-0.038820,0.002765,-0.094416,-0.002148,-0.143311,-0.508649,-0.069334,0.035014,-0.474848,-0.177144,-0.029509,0.028599,-0.119707,0.250907,-0.361739,-0.131351,0.023455,-0.246896,-0.145273
0.008506,-0.062303,-0.019458,-0.004021,0.029347,-0.021626,0.000734,0.005750,-0.018668,-0.004180,-0.003949,-0.019160,0.008448,0.011447,-0.019784,0.004577,0.015037,0.002356,-0.008924,-0.000892,0.003324,-0.009431,-0.194551,-0.039103,-0.001016,-0.060621,-0.003419,-0.133447,-0.440760,-0.071103,0.027658,-0.406163,-0.174916,-0.015717,0.058125,-0.120809,0.257087,-0.319733,-0.151070,0.095314,-0.208127,-0.168210
0.008957,-0.054575,-0.026067,-0.005478,0.027036,-0.028448,-0.000101,0.001266,-0.026407,-0.000031,-0.005537,-0.026817,0.004641,0.010055,-0.027128,-0.000533,0.001452,-0.005142,-0.012643,-0.008167,-0.004565,-0.001121,-0.178034,-0.038370,-0.009066,-0.042393,-0.006138,-0.136897,-0.411091,-0.071175,-0.003459,-0.382503,-0.186804,0.012446,0.093452,-0.117360,0.276529,-0.272630,-0.160027,0.165248,-0.147268,-0.178045
0.008425,-0.048500,-0.027939,-0.006053,0.018807,-0.030256,-0.000745,-0.003028,-0.033191,0.005132,-0.007154,-0.033544,0.003333,0.003228,-0.029084,-0.001235,-0.009302,-0.012495,-0.010537,-0.012974,-0.012285,0.006801,-0.156664,-0.035958,-0.020482,-0.009089,-0.005322,-0.140675,-0.357223,-0.065811,-0.033128,-0.337906,-0.179716,0.037707,0.122245,-0.109860,0.295350,-0.234949,-0.165309,0.234812,-0.122186,-0.189326
0.007165,-0.047116,-0.024142,-0.005447,0.008774,-0.026140,-0.000868,-0.004985,-0.035622,0.008734,-0.007994,-0.035973,0.005181,-0.005626,-0.024673,0.002832,-0.011853,-0.016023,-0.003650,-0.012914,-0.015971,0.010338,-0.141115,-0.033087,-0.029607,0.022641,-0.001350,-0.142683,-0.306182,-0.057639,-0.046156,-0.294860,-0.156358,0.047576,0.130142,-0.102060,0.302981,-0.226333,-0.164907,0.268190,-0.145784,-0.197608
0.006351,-0.042540,-0.023826,-0.008762,0.002240,-0.026131,-0.003084,-0.013985,-0.039108,0.008255,-0.011670,-0.039166,0.002728,-0.007882,-0.024629,-0.000021,-0.015182,-0.014531,0.000763,-0.011016,-0.014789,0.012530,-0.128638,-0.034165,-0.038430,0.060887,0.001567,-0.141344,-0.238114,-0.045084,-0.043069,-0.220354,-0.145258,0.070935,0.150419,-0.096670,0.318900,-0.194619,-0.174416,0.327106,-0.131515,-0.203727
0.005342,-0.037504,-0.021571,-0.011709,-0.001546,-0.024112,-0.004684,-0.020109,-0.042306,0.008320,-0.015413,-0.042247,0.001283,-0.006339,-0.022438,-0.002613,-0.018810,-0.009374,0.004041,-0.011453,-0.009814,0.012772,-0.118892,-0.035933,-0.051217,0.098029,0.003802,-0.143575,-0.168823,-0.030364,-0.042668,-0.145383,-0.137542,0.097656,0.172073,-0.091161,0.334597,-0.156223,-0.182244,0.378915,-0.108506,-0.205030
0.003482,-0.034741,-0.011954,-0.010010,-0.003343,-0.013976,-0.002940,-0.013449,-0.043883,0.013551,-0.016472,-0.044339,0.006141,-0.003809,-0.011587,0.002229,-0.022268,-0.001904,0.007510,-0.018402,-0.002129,0.010453,-0.111540,-0.035135,-0.072232,0.126440,0.005805,-0.156295,-0.114153,-0.015413,-0.064303,-0.100835,-0.124428,0.117506,0.184180,-0.082946,0.341297,-0.127592,-0.177263,0.390637,-0.105314,-0.199884
0.001766,-0.030621,-0.004604,-0.009121,-0.006508,-0.006231,-0.001843,-0.011409,-0.044417,0.015238,-0.021086,-0.045273,0.006563,-0.000649,-0.003840,0.003306,-0.023505,-0.000111,0.006097,-0.024775,-0.000023,0.007808,-0.102433,-0.038363,-0.101180,0.168276,0.005147,-0.180136,-0.051632,0.006518,-0.092120,-0.029955,-0.108442,0.146358,0.201103,-0.076077,0.361257,-0.094983,-0.187248,0.423631,-0.081381,-0.209049
0.001056,-0.027204,-0.003193,-0.009478,-0.009455,-0.004748,-0.001948,-0.015009,-0.043639,0.012534,-0.026947,-0.044580,0.002344,0.001566,-0.003068,0.000087,-0.021898,-0.004893,0.000516,-0.027380,-0.004551,0.006141,-0.096125,-0.044011,-0.123623,0.202573,0.002384,-0.202949,-0.012603,0.025094,-0.111871,0.031602,-0.096938,0.170077,0.214217,-0.074208,0.383580,-0.075228,-0.208487,0.460723,-0.049271,-0.228648
0.001522,-0.022408,0.003731,-0.006247,-0.007710,0.002578,0.001483,-0.013503,-0.037241,0.013475,-0.030489,-0.038441,-0.000824,0.003930,0.003200,-0.001302,-0.013362,-0.004312,-0.001500,-0.029993,-0.003279,0.002852,-0.084044,-0.033312,-0.168071,0.213412,0.004177,-0.242942,0.021873,0.065741,-0.205923,0.079827,-0.076434,0.194313,0.254744,-0.062397,0.400016,-0.016730,-0.222177,0.545734,0.022298,-0.271540
0.002653,-0.017451,0.011793,-0.003252,-0.005347,0.010913,0.003926,-0.009364,-0.027866,0.013406,-0.030250,-0.029259,-0.002518,0.005415,0.010758,-0.001297,-0.003649,-0.000833,-0.001124,-0.032256,0.000948,0.000427,-0.070099,-0.017418,-0.217960,0.206425,0.005100,-0.286145,0.045531,0.107664,-0.315374,0.119331,-0.048284,0.219013,0.306914,-0.049084,0.416421,0.053509,-0.231815,0.649596,0.109947,-0.314826
0.003947,-0.013550,0.016613,-0.004310,-0.006445,0.015417,0.000863,-0.005060,-0.018160,0.007687,-0.024761,-0.019443,-0.002313,0.004997,0.015398,-0.000334,0.001488,0.003080,0.000475,-0.033809,0.005284,0.001390,-0.058204,-0.007473,-0.256723,0.187217,-0.000575,-0.318568,0.051882,0.130248,-0.381483,0.154677,-0.014192,0.243957,0.355018,-0.042975,0.438079,0.108439,-0.242007,0.742591,0.189953,-0.337028
0.005225,-0.007295,0.021344,-0.002971,-0.006877,0.020178,0.001014,0.001172,-0.014850,0.006533,-0.014806,-0.015890,-0.002980,0.004725,0.019799,0.000759,0.010115,0.003471,-0.002900,-0.036264,0.006341,0.004058,-0.043186,-0.002616,-0.295275,0.157423,-0.015057,-0.345940,0.065328,0.151923,-0.470576,0.203948,0.020711,0.266341,0.409397,-0.045160,0.452081,0.179215,-0.262919,0.840786,0.296000,-0.375390
0.005849,-0.001811,0.023620,0.000094,-0.006427,0.022816,0.004307,0.006217,-0.019590,0.010523,-0.005366,-0.020373,-0.004188,0.004734,0.021760,0.001433,0.017916,0.000143,-0.009561,-0.038395,0.003584,0.007098,-0.032550,-0.005277,-0.314427,0.131836,-0.030804,-0.354410,0.079489,0.162388,-0.538193,0.242060,0.039183,0.275298,0.442614,-0.055262,0.450418,0.230409,-0.286084,0.893902,0.375681,-0.413179
0.006509,0.002754,0.022586,0.000222,-0.009480,0.021727,0.002917,0.006601,-0.015808,0.013005,-0.008611,-0.016860,-0.002449,0.001054,0.020951,0.002853,0.022027,0.005485,-0.010536,-0.036385,0.009035,0.013474,-0.027095,0.006104,-0.314987,0.071742,-0.037249,-0.343166,0.060170,0.169673,-0.515185,0.222209,0.040219,0.270568,0.458329,-0.053736,0.427399,0.266061,-0.268527,0.877607,0.419263,-0.379742
0.006799,0.005491,0.019705,-0.000747,-0.011016,0.018674,0.000241,0.006260,-0.009905,0.011928,-0.013576,-0.011259,0.000297,-0.003667,0.018540,0.004272,0.021965,0.012650,-0.008758,-0.031451,0.015885,0.020582,-0.026721,0.014857,-0.295022,0.015800,-0.039968,-0.310349,0.044767,0.167744,-0.429830,0.191138,0.036146,0.247193,0.446372,-0.054255,0.380860,0.276792,-0.235569,0.791862,0.415801,-0.311246
0.006314,0.005489,0.016437,-0.000984,-0.006008,0.015425,-0.000331,0.009131,-0.008279,0.005247,-0.009284,-0.009470,0.002103,-0.006785,0.015698,0.004934,0.017242,0.014795,-0.007153,-0.024816,0.017320,0.025834,-0.031314,0.004302,-0.252555,0.002678,-0.045060,-0.254367,0.070616,0.150085,-0.310324,0.196140,0.038774,0.200012,0.396714,-0.070461,0.308188,0.253755,-0.212559,0.635553,0.356116,-0.244264
0.006102,0.004876,0.012315,-0.001459,-0.002981,0.011254,-0.000659,0.006725,-0.006260,-0.004392,-0.006106,-0.006998,0.001272,-0.008713,0.011463,0.003433,0.012601,0.012459,-0.002376,-0.020154,0.014457,0.030258,-0.035026,-0.004232,-0.195809,-0.006752,-0.044236,-0.185118,0.090833,0.121897,-0.157133,0.185410,0.014030,0.134648,0.317305,-0.079720,0.214530,0.209124,-0.184413,0.442102,0.273078,-0.174484
0.006271,0.003959,0.009400,-0.001931,-0.003450,0.008244,-0.000573,0.000243,-0.004859,-0.012164,-0.005633,-0.005078,-0.001780,-0.008490,0.007951,0.000516,0.010362,0.006810,0.003192,-0.019797,0.008730,0.031643,-0.036005,-0.006489,-0.153150,-0.007782,-0.037969,-0.137227,0.095657,0.097313,-0.047307,0.164070,-0.026048,0.084036,0.247660,-0.077989,0.145895,0.165271,-0.166623,0.307169,0.208841,-0.138920
0.006896,-0.000000,0.009883,0.000977,-0.002696,0.009043,0.000960,0.005745,-0.001809,-0.023498,-0.000908,-0.001920,-0.000905,-0.008762,0.008469,0.001872,0.010980,0.005325,0.006113,-0.018404,0.007214,0.032004,-0.037676,-0.009119,-0.099102,-0.005948,-0.028466,-0.081493,0.088445,0.068734,0.069550,0.131885,-0.063270,0.016493,0.150532,-0.072784,0.064254,0.085941,-0.141237,0.149479,0.102988,-0.091725
0.007627,-0.006091,0.011706,0.002978,0.000200,0.011030,0.001570,0.013519,0.002354,-0.032802,0.004839,0.002244,0.000199,-0.008342,0.010344,0.003191,0.013319,0.007161,0.006447,-0.015493,0.009006,0.031759,-0.042367,-0.009924,-0.050230,-0.007816,-0.018225,-0.034027,0.067513,0.041449,0.160329,0.095224,-0.102033,-0.046173,0.060233,-0.066683,-0.007546,0.004958,-0.116341,0.020532,0.009129,-0.049188
0.008112,-0.013400,0.012810,-0.000216,0.006155,0.011586,-0.001117,0.013850,0.007100,-0.034488,0.008371,0.007183,-0.002171,-0.006047,0.010904,0.000161,0.016239,0.011471,0.004257,-0.010580,0.013202,0.031322,-0.052408,-0.006707,-0.023100,-0.019931,-0.009739,-0.010893,0.031073,0.020814,0.192050,0.060592,-0.146231,-0.082005,0.010972,-0.062400,-0.046272,-0.044064,-0.099761,-0.027785,-0.019398,-0.027105
0.009175,-0.020708,0.014660,-0.000874,0.011035,0.013178,-0.001671,0.016236,0.011290,-0.029570,0.011453,0.011356,-0.004482,-0.006043,0.012121,-0.001683,0.020036,0.012391,0.001868,-0.005745,0.014053,0.030722,-0.058291,0.001469,0.006567,-0.033762,0.002765,0.012767,-0.013279,0.004983,0.216742,0.018369,-0.186349,-0.123324,-0.043198,-0.052147,-0.087572,-0.103383,-0.077762,-0.060155,-0.052910,-0.009231
0.010283,-0.024361,0.016332,0.001331,0.012402,0.015010,0.000179,0.019485,0.012832,-0.020509,0.012543,0.012681,-0.005578,-0.008333,0.013386,-0.001423,0.022810,0.009458,0.000477,-0.003408,0.011131,0.030253,-0.057077,0.010517,0.023940,-0.042387,0.013027,0.025111,-0.043316,0.001822,0.222118,-0.009924,-0.202247,-0.149421,-0.075189,-0.041126,-0.110840,-0.143420,-0.061320,-0.060457,-0.074797,-0.004437
0.008978,-0.033795,0.018668,0.000456,0.005074,0.017415,-0.001454,0.022489,0.006390,-0.010465,0.014469,0.006023,-0.003090,-0.007965,0.016414,0.002724,0.023051,0.003829,0.002025,-0.000398,0.005298,0.027355,-0.060284,0.019697,0.041057,-0.054458,0.024159,0.036619,-0.083047,-0.011031,0.198041,-0.044444,-0.206755,-0.169737,-0.098743,-0.031571,-0.128401,-0.180735,-0.031886,-0.018338,-0.069276,0.025726
0.006810,-0.043532,0.022093,-0.000067,-0.002408,0.021082,-0.002561,0.025252,0.000224,-0.001193,0.015308,-0.000402,-0.000665,-0.005250,0.020681,0.006572,0.023622,-0.000463,0.004215,0.003715,0.000764,0.024333,-0.064536,0.028884,0.052970,-0.066393,0.034547,0.042474,-0.123522,-0.023110,0.160313,-0.081484,-0.206518,-0.179685,-0.113194,-0.021907,-0.136777,-0.206078,-0.003649,0.036668,-0.043517,0.058512
0.005319,-0.048092,0.027037,0.003180,-0.001499,0.026705,0.000872,0.027782,0.002593,0.005549,0.013143,0.001632,-0.001951,-0.000505,0.025665,0.005937,0.027384,0.000614,0.004746,0.009359,0.001735,0.023494,-0.066447,0.037963,0.054741,-0.074612,0.042557,0.037824,-0.155824,-0.023958,0.125027,-0.117410,-0.207973,-0.174664,-0.117919,-0.010602,-0.132235,-0.210419,0.009100,0.075142,-0.004846,0.071007
0.003136,-0.052345,0.029168,0.007093,-0.001807,0.029708,0.006519,0.024084,-0.000600,0.014530,0.004037,-0.001942,-0.003525,0.002234,0.027913,0.005093,0.027825,-0.002182,0.005403,0.013562,-0.001283,0.020285,-0.069811,0.047529,0.056674,-0.070786,0.055175,0.035099,-0.168361,-0.014877,0.077856,-0.135294,-0.184391,-0.168937,-0.114224,-0.000792,-0.125028,-0.210582,0.021236,0.115486,0.022800,0.088970
0.001357,-0.054166,0.027418,0.009707,-0.003178,0.028592,0.011547,0.016012,-0.007757,0.021251,-0.007451,-0.009339,-0.004606,0.001596,0.026302,0.004456,0.024725,-0.007453,0.005851,0.014224,-0.006779,0.016315,-0.072941,0.052795,0.057758,-0.056811,0.066131,0.035649,-0.154829,-0.000383,0.042605,-0.126077,-0.147408,-0.165300,-0.104043,0.002408,-0.118733,-0.206539,0.026737,0.137353,0.025674,0.103719
0.001502,-0.054401,0.028237,0.009208,-0.000892,0.029325,0.011430,0.014368,-0.004232,0.022779,-0.010820,-0.005949,-0.001300,0.004529,0.027712,0.007480,0.028381,-0.004189,0.010256,0.009226,-0.002959,0.013155,-0.074636,0.055125,0.058244,-0.044148,0.073125,0.031708,-0.150936,0.019779,0.019248,-0.135975,-0.099435,-0.161461,-0.103305,0.005861,-0.113367,-0.210701,0.034991,0.144284,0.004829,0.122264
0.002711,-0.053542,0.030935,0.008053,0.004898,0.031691,0.010017,0.016035,0.005095,0.020061,-0.010281,0.003319,0.001752,0.009256,0.030759,0.010483,0.034053,-0.000356,0.014178,0.005503,0.001468,0.010188,-0.074683,0.057141,0.059270,-0.033204,0.078992,0.027403,-0.152304,0.037400,0.015582,-0.157920,-0.053617,-0.157065,-0.108266,0.011402,-0.109953,-0.215644,0.045507,0.131473,-0.026890,0.139870
0.004129,-0.052085,0.034821,0.008696,0.014041,0.035476,0.011149,0.017907,0.015338,0.014047,-0.010036,0.013551,-0.000083,0.013989,0.034058,0.009775,0.037004,-0.003919,0.013173,0.009988,-0.002198,0.006785,-0.072865,0.061464,0.061968,-0.024377,0.086559,0.026938,-0.154498,0.044317,0.039571,-0.184825,-0.023046,-0.151774,-0.115189,0.020864,-0.109497,-0.213978,0.057732,0.094013,-0.056622,0.151871
0.005532,-0.048066,0.034411,0.007460,0.021953,0.034703,0.010816,0.017484,0.019890,0.007505,-0.007235,0.018382,-0.001880,0.019228,0.033075,0.008464,0.038531,-0.009550,0.010255,0.008653,-0.007670,0.003687,-0.067744,0.060310,0.058919,-0.015317,0.086496,0.023709,-0.146733,0.044133,0.066892,-0.218370,0.006170,-0.142882,-0.109272,0.023137,-0.104436,-0.201146,0.061943,0.040163,-0.083590,0.137135
0.006224,-0.043495,0.029910,0.004952,0.024676,0.029762,0.009170,0.014981,0.016480,0.003692,-0.003274,0.015401,-0.002755,0.022353,0.028305,0.007186,0.037873,-0.014430,0.006861,0.002166,-0.012211,0.002448,-0.061874,0.054261,0.051629,-0.010532,0.078841,0.019393,-0.132861,0.036897,0.084126,-0.241730,0.019317,-0.134774,-0.093580,0.016922,-0.097247,-0.183611,0.056109,-0.003360,-0.094159,0.103399
0.005719,-0.040143,0.033065,0.006423,0.018265,0.033203,0.010932,0.010053,0.016146,0.004895,0.000153,0.015600,-0.003283,0.024242,0.031474,0.007721,0.039703,-0.016887,0.004455,0.004682,-0.014742,0.000692,-0.058408,0.054178,0.050821,-0.010939,0.077933,0.020007,-0.125804,0.044005,0.092255,-0.254300,0.052445,-0.122987,-0.094598,0.022531,-0.085427,-0.180394,0.051853,-0.020843,-0.113884,0.074012
0.004450,-0.037143,0.037812,0.008528,0.008054,0.038426,0.012974,0.004175,0.015993,0.007670,0.001721,0.015908,-0.002631,0.025629,0.036589,0.008989,0.037938,-0.016871,0.004439,0.007908,-0.015050,-0.000851,-0.056925,0.055359,0.051318,-0.016334,0.077716,0.022020,-0.121712,0.055482,0.090134,-0.256867,0.077733,-0.111262,-0.097662,0.029416,-0.072459,-0.180498,0.046269,-0.021116,-0.125415,0.052583
0.002864,-0.033627,0.038091,0.007913,-0.000628,0.038835,0.012176,-0.001186,0.013128,0.008588,0.000100,0.013259,0.000038,0.027249,0.037655,0.009915,0.026497,-0.014334,0.008220,0.003553,-0.012929,-0.001439,-0.056996,0.053108,0.047951,-0.026541,0.072137,0.021922,-0.116744,0.061364,0.077072,-0.250051,0.067382,-0.103342,-0.088148,0.026970,-0.061896,-0.172898,0.036401,-0.013147,-0.111433,0.042620
0.001199,-0.030287,0.036002,0.008291,-0.008841,0.037025,0.012442,-0.006570,0.008264,0.011359,-0.000411,0.008674,0.001679,0.026622,0.036172,0.009381,0.013049,-0.011983,0.011833,0.001603,-0.011252,-0.002048,-0.056603,0.052638,0.051135,-0.033806,0.070444,0.028707,-0.105593,0.075568,0.062826,-0.230666,0.068218,-0.095320,-0.080048,0.026971,-0.051058,-0.168286,0.031946,0.004290,-0.107408,0.052058
0.000291,-0.028794,0.032590,0.009457,-0.012475,0.033903,0.013626,-0.009278,0.003836,0.014582,0.000450,0.004449,0.001453,0.024057,0.032885,0.007629,0.004316,-0.010989,0.013445,0.003034,-0.010856,-0.002375,-0.055944,0.054183,0.059236,-0.034449,0.073506,0.039009,-0.093811,0.090969,0.054535,-0.208387,0.079749,-0.091162,-0.077477,0.029332,-0.045350,-0.169003,0.035160,0.022389,-0.115341,0.076334
0.000202,-0.028749,0.023466,0.008290,-0.016445,0.024625,0.012367,-0.011616,-0.006978,0.014982,-0.002227,-0.006407,0.005199,0.023578,0.024455,0.007142,-0.016672,-0.009281,0.021446,-0.001704,-0.010069,-0.003385,-0.053043,0.050429,0.067451,-0.030802,0.071997,0.045717,-0.086535,0.109423,0.014022,-0.205355,0.072590,-0.089712,-0.083233,0.028886,-0.030097,-0.198975,0.028651,0.044728,-0.155869,0.078197
0.000553,-0.029200,0.013937,0.005717,-0.021954,0.014679,0.009633,-0.014362,-0.019494,0.012218,-0.003878,-0.018850,0.010107,0.022006,0.015746,0.007476,-0.037490,-0.005302,0.028976,-0.009798,-0.006799,-0.005944,-0.050575,0.043369,0.073950,-0.023369,0.068286,0.048075,-0.083379,0.127656,-0.039983,-0.211444,0.055771,-0.085675,-0.091172,0.027153,-0.010541,-0.234945,0.022065,0.070288,-0.203335,0.081607
0.000955,-0.029195,0.009310,0.002662,-0.030201,0.009552,0.006395,-0.018296,-0.029029,0.005964,0.000063,-0.027833,0.013379,0.016155,0.011623,0.008205,-0.045718,0.002520,0.029187,-0.018434,0.001055,-0.010915,-0.051218,0.034998,0.076911,-0.012667,0.064724,0.045389,-0.083956,0.142371,-0.088913,-0.216501,0.038692,-0.073785,-0.095124,0.025670,0.007923,-0.253609,0.024880,0.097638,-0.232132,0.110526
0.001478,-0.027972,0.003142,0.003545,-0.037510,0.003423,0.005440,-0.022189,-0.028175,0.001208,0.010196,-0.026017,0.015357,0.009963,0.005700,0.009025,-0.044990,0.006758,0.028609,-0.027067,0.005863,-0.014616,-0.043937,0.019830,0.073098,-0.003298,0.050083,0.031908,-0.096920,0.152500,-0.154560,-0.222715,0.021897,-0.047842,-0.099620,0.024669,0.042517,-0.276898,0.028018,0.142045,-0.251341,0.138657
0.001861,-0.026143,-0.001484,0.007921,-0.040225,-0.000635,0.007237,-0.024097,-0.017352,0.000329,0.021454,-0.014304,0.015047,0.006525,0.000939,0.009518,-0.035664,0.005290,0.027523,-0.031376,0.005219,-0.015199,-0.032370,0.005448,0.064425,0.000076,0.031680,0.014550,-0.115888,0.152903,-0.203895,-0.227260,0.013711,-0.020812,-0.102424,0.024654,0.075893,-0.293217,0.030066,0.181039,-0.251444,0.152400
0.002804,-0.027351,-0.015027,0.015978,-0.037860,-0.013142,0.006906,-0.010112,0.006121,0.002800,0.032758,0.008958,0.018118,0.004215,-0.012228,0.011626,-0.027393,0.003486,0.039725,-0.041136,0.004632,-0.020058,-0.025773,-0.004907,0.055346,0.023102,0.024777,-0.002336,-0.112595,0.165495,-0.190781,-0.196153,0.036576,0.013197,-0.079166,0.023514,0.096524,-0.253958,0.051255,0.161425,-0.224791,0.172897
0.004177,-0.026941,-0.026767,0.022518,-0.031931,-0.024113,0.005658,0.002976,0.032835,0.006447,0.042320,0.035369,0.021599,0.003978,-0.023593,0.013524,-0.018092,0.006183,0.053459,-0.048838,0.008513,-0.024838,-0.022069,-0.016423,0.046597,0.054536,0.019794,-0.015819,-0.090779,0.179349,-0.146978,-0.150156,0.085188,0.050831,-0.051159,0.020325,0.110895,-0.190805,0.070297,0.120166,-0.189486,0.182961
0.005830,-0.020263,-0.025980,0.022322,-0.023950,-0.023583,0.004740,-0.001607,0.053369,0.009100,0.048368,0.056528,0.022514,0.006749,-0.022947,0.013379,-0.005677,0.018221,0.056963,-0.046977,0.021260,-0.025176,-0.019179,-0.034276,0.038970,0.083137,0.007127,-0.022850,-0.054124,0.183593,-0.104150,-0.110221,0.154252,0.088757,-0.039738,0.014124,0.125808,-0.135386,0.065805,0.094469,-0.163268,0.166016
0.006934,-0.015811,-0.025454,0.022195,-0.018628,-0.023231,0.004141,-0.004660,0.067055,0.010882,0.052406,0.070629,0.023121,0.008597,-0.022516,0.013276,0.002600,0.026250,0.059292,-0.045739,0.029758,-0.025394,-0.017254,-0.046174,0.033883,0.102204,-0.001285,-0.027691,-0.029651,0.186441,-0.075901,-0.083214,0.200331,0.114049,-0.032124,0.010012,0.135733,-0.098436,0.062905,0.077446,-0.145778,0.154636
