body_0_angvel_x,body_0_angvel_y,body_0_angvel_z,body_1_angvel_x,body_1_angvel_y,body_1_angvel_z,body_2_angvel_x,body_2_angvel_y,body_2_angvel_z,body_3_angvel_x,body_3_angvel_y,body_3_angvel_z,body_4_angvel_x,body_4_angvel_y,body_4_angvel_z,body_5_angvel_x,body_5_angvel_y,body_5_angvel_z,body_6_angvel_x,body_6_angvel_y,body_6_angvel_z,body_7_angvel_x,body_7_angvel_y,body_7_angvel_z,body_8_angvel_x,body_8_angvel_y,body_8_angvel_z,body_9_angvel_x,body_9_angvel_y,body_9_angvel_z,body_10_angvel_x,body_10_angvel_y,body_10_angvel_z,body_11_angvel_x,body_11_angvel_y,body_11_angvel_z,body_12_angvel_x,body_12_angvel_y,body_12_angvel_z,body_13_angvel_x,body_13_angvel_y,body_13_angvel_z
0.000162,-0.013283,-0.005840,0.001856,-0.000886,-0.005556,0.003393,-0.011960,-0.000508,0.017992,-0.052332,-0.004077,-0.014099,0.024937,-0.007801,-0.007331,0.019450,-0.053263,0.023888,0.032741,-0.053600,0.004441,-0.053156,0.011206,0.021288,-0.007273,0.023147,0.027377,0.006456,0.019024,-0.015904,0.102097,-0.026230,-0.007109,0.013623,-0.008315,0.010505,-0.021351,-0.030169,0.017261,0.036178,-0.028311
0.000562,-0.012197,-0.001332,0.000070,-0.003172,-0.001336,0.001262,-0.009609,-0.000455,0.017634,-0.044365,-0.003650,-0.014319,0.025374,-0.003388,-0.007418,0.020413,-0.049353,0.021014,0.030250,-0.049532,0.004671,-0.050318,0.013179,0.021771,-0.007446,0.024229,0.027286,0.003942,0.022425,-0.013427,0.094203,-0.027243,-0.004541,0.013111,-0.005319,0.013862,-0.022397,-0.025420,0.026003,0.027148,-0.034149
0.001808,-0.009039,0.012243,-0.005289,-0.010156,0.011365,-0.005124,-0.002764,-0.000190,0.016612,-0.020639,-0.002256,-0.014959,0.026532,0.009895,-0.007643,0.023154,-0.037577,0.012440,0.022704,-0.037263,0.005380,-0.041954,0.019124,0.021251,-0.008103,0.027663,0.025037,-0.003766,0.032799,-0.007986,0.070399,-0.030115,0.004584,0.011351,0.003739,0.025411,-0.025795,-0.011059,0.053645,-0.000191,-0.051531
0.002879,-0.007861,0.019060,-0.008661,-0.015750,0.017592,-0.010063,0.007044,-0.004852,0.017893,-0.002845,-0.006493,-0.012686,0.024081,0.016883,-0.005761,0.021758,-0.027511,0.006297,0.011698,-0.026727,0.003574,-0.035952,0.021486,0.019642,-0.006499,0.028736,0.022606,-0.006434,0.038834,0.012207,0.049891,-0.029775,0.007876,0.010428,0.008211,0.027870,-0.021389,0.003984,0.065512,-0.017204,-0.057488
0.003218,-0.009200,0.015709,-0.008368,-0.017068,0.014231,-0.011095,0.015025,-0.012121,0.020813,0.000229,-0.014255,-0.008676,0.019308,0.014081,-0.002764,0.016944,-0.024200,0.005608,0.002705,-0.023210,0.000128,-0.035225,0.019118,0.020824,-0.003401,0.026684,0.024255,-0.002741,0.037312,0.040135,0.042887,-0.026594,0.002931,0.010963,0.005869,0.019222,-0.011180,0.012187,0.054907,-0.015188,-0.049017
0.002254,-0.007718,0.021153,-0.006472,-0.018816,0.020002,-0.007914,0.008045,-0.007733,0.019295,-0.003850,-0.009491,-0.006560,0.015485,0.019965,-0.002013,0.014624,-0.008801,0.002555,-0.002992,-0.007653,-0.002782,-0.029886,0.020382,0.023963,-0.005247,0.025378,0.030853,0.003232,0.033742,0.047187,0.021162,0.011122,0.008624,0.015211,0.007628,0.023526,-0.004771,0.014093,0.048431,-0.013073,-0.040663
0.001230,-0.005938,0.027397,-0.004735,-0.019740,0.026567,-0.004292,-0.001555,-0.001840,0.016604,-0.009348,-0.003083,-0.005934,0.013360,0.026439,-0.003032,0.012515,0.007822,-0.001463,-0.006595,0.009023,-0.005311,-0.024475,0.023408,0.026391,-0.010254,0.024984,0.035592,0.004371,0.030204,0.043004,-0.003760,0.046365,0.013684,0.019547,0.011115,0.027057,0.001851,0.017488,0.042729,-0.008383,-0.030230
0.001542,-0.006285,0.026400,-0.004790,-0.018490,0.025531,-0.003888,-0.001331,-0.004505,0.016105,-0.010393,-0.005811,-0.006301,0.013685,0.025347,-0.005268,0.008239,0.014780,-0.004929,-0.009349,0.015873,-0.007453,-0.023361,0.026302,0.025468,-0.016370,0.025688,0.031681,-0.006225,0.028759,0.037202,-0.020137,0.042202,0.006835,0.020518,0.013943,0.016066,0.012937,0.030240,0.034406,0.001620,-0.015473
0.001962,-0.004615,0.020410,-0.006248,-0.017575,0.019298,-0.004206,-0.004615,-0.012579,0.012532,-0.010819,-0.013561,-0.007243,0.012000,0.019133,-0.007663,0.000016,0.012599,-0.008820,-0.012140,0.013337,-0.008848,-0.018941,0.019064,0.030152,-0.013402,0.017543,0.037228,-0.002329,0.021935,0.036607,-0.019124,0.033773,0.002572,0.025484,0.006478,0.006170,0.027449,0.025466,0.023981,0.010187,-0.001521
0.002204,-0.001839,0.012421,-0.008500,-0.017505,0.010975,-0.005198,-0.009828,-0.022060,0.007580,-0.010496,-0.022497,-0.008353,0.009122,0.010905,-0.009088,-0.008045,0.002383,-0.011239,-0.013627,0.002699,-0.008894,-0.013537,0.005338,0.039071,-0.002987,0.004550,0.050412,0.013945,0.013093,0.042451,-0.001373,0.025288,0.003305,0.031859,-0.007528,0.002607,0.038006,0.005555,0.016965,0.012933,0.004665
0.002096,0.000847,0.017029,-0.008475,-0.024523,0.015525,-0.005695,-0.015958,-0.015096,0.005687,-0.013006,-0.015212,-0.007183,0.012630,0.015715,-0.008661,-0.004166,0.012125,-0.008590,-0.010694,0.012534,-0.009521,-0.007680,0.006201,0.038351,-0.000338,0.004491,0.049097,0.011820,0.019618,0.029239,-0.000855,0.035467,0.000133,0.033908,-0.005629,-0.005096,0.043379,-0.001505,-0.002938,0.029252,0.021541
0.001973,0.002677,0.022884,-0.007900,-0.028970,0.021417,-0.006252,-0.017876,-0.004940,0.005187,-0.015068,-0.005064,-0.005856,0.016010,0.021802,-0.007993,0.001421,0.024025,-0.004181,-0.006374,0.024569,-0.010050,-0.002774,0.010739,0.032915,-0.001642,0.007626,0.043260,0.005670,0.030102,0.011388,-0.007211,0.051698,-0.001862,0.034484,0.000120,-0.011170,0.046702,-0.004407,-0.015765,0.047209,0.031111
0.002174,0.002692,0.018586,-0.008556,-0.021386,0.017057,-0.007454,-0.010722,-0.004957,0.004411,-0.013687,-0.005528,-0.006439,0.012595,0.017365,-0.008636,-0.001589,0.020308,-0.001199,-0.003889,0.020563,-0.009876,-0.000445,0.007986,0.028018,-0.003212,0.004153,0.043174,0.009696,0.033166,0.003611,-0.010318,0.061478,0.002427,0.036269,-0.002419,-0.009784,0.050912,-0.011863,-0.001572,0.054785,0.015273
0.002203,0.001913,0.012084,-0.010337,-0.013673,0.010380,-0.009178,-0.005194,-0.008978,0.002538,-0.010922,-0.009750,-0.007443,0.009411,0.010693,-0.008747,-0.000111,0.011621,-0.000174,0.000488,0.011710,-0.008956,0.003174,0.004392,0.018495,0.001170,0.001613,0.032509,0.012114,0.030243,-0.004643,-0.009847,0.062379,0.006745,0.039090,-0.005742,-0.007401,0.054178,-0.021426,0.008470,0.057106,-0.018451
0.002070,0.000832,0.006578,-0.012346,-0.009638,0.004668,-0.010568,-0.003984,-0.014970,0.000438,-0.008083,-0.015595,-0.008343,0.008151,0.005074,-0.008249,0.005159,0.002211,-0.001635,0.004655,0.002340,-0.007724,0.006374,0.001679,0.006271,0.009443,0.001440,0.013771,0.011873,0.022910,-0.012090,-0.005856,0.054014,0.009363,0.041569,-0.008243,-0.004787,0.054907,-0.028356,0.009784,0.053028,-0.053207
0.001458,0.001277,0.007572,-0.010939,-0.005464,0.005945,-0.009651,-0.002226,-0.007100,0.000287,-0.005282,-0.007613,-0.007647,0.002573,0.006220,-0.006818,0.002258,0.000791,-0.003278,0.005424,0.000643,-0.004871,0.009329,0.001695,0.003694,0.011676,0.001682,0.007194,0.008836,0.018805,-0.010341,-0.008140,0.052586,0.003759,0.035811,-0.005846,-0.005767,0.044229,-0.020784,0.013709,0.027971,-0.075330
0.000646,0.002473,0.008317,-0.008765,-0.000509,0.007096,-0.007631,-0.001473,0.000799,0.000831,-0.003855,0.000380,-0.006328,-0.002875,0.007234,-0.005469,-0.003472,0.001401,-0.005655,0.003774,0.000939,-0.002677,0.011631,0.000830,0.005939,0.009959,-0.000347,0.006387,0.004263,0.011368,-0.005536,-0.012359,0.044780,-0.004620,0.029625,-0.004411,-0.008059,0.031960,-0.011569,0.017443,0.004743,-0.087109
-0.000181,0.003693,0.001961,-0.008498,0.005789,0.000917,-0.005731,-0.003467,-0.005082,0.000734,-0.005235,-0.005397,-0.005465,-0.003649,0.001116,-0.005298,-0.006602,-0.002170,-0.009396,0.000798,-0.002700,-0.003573,0.012872,-0.004703,0.007754,0.006438,-0.007471,0.004480,-0.000669,-0.006046,-0.004382,-0.014198,0.017119,-0.010550,0.030704,-0.009965,-0.009615,0.027816,-0.013681,0.018038,0.006026,-0.090908
-0.000135,0.005308,-0.002283,-0.008016,0.009705,-0.003253,-0.005375,-0.002398,-0.004532,-0.000891,0.001016,-0.004402,-0.003645,-0.005979,-0.002893,-0.004414,-0.006172,0.001775,-0.012718,0.001646,0.001157,-0.003066,0.014919,-0.008689,0.008946,0.004832,-0.012564,0.000251,-0.006838,-0.021619,-0.003462,-0.018668,-0.004291,-0.015608,0.029669,-0.013125,-0.013903,0.027853,-0.011241,0.003585,0.006643,-0.078875
0.000762,0.006509,-0.002219,-0.007608,0.009305,-0.003261,-0.006801,0.001288,0.002235,-0.003255,0.011816,0.002923,-0.001768,-0.008674,-0.002711,-0.003255,-0.002384,0.011340,-0.013972,0.005871,0.010659,-0.001409,0.016773,-0.009059,0.006359,0.006051,-0.012773,-0.006723,-0.010978,-0.027299,-0.005748,-0.023363,-0.008471,-0.017083,0.027132,-0.012253,-0.018571,0.032118,-0.005408,-0.018455,0.006394,-0.056931
0.000675,0.009681,-0.008209,-0.004658,0.009988,-0.008883,-0.003226,-0.006491,0.003965,0.000088,0.007736,0.004934,0.001332,-0.011317,-0.008268,-0.001464,-0.002810,0.015602,-0.011906,0.008727,0.014718,-0.001484,0.014666,-0.011954,0.004923,0.000491,-0.016550,-0.005365,-0.014674,-0.024785,0.003288,-0.039604,-0.015986,-0.018671,0.019579,-0.013579,-0.017228,0.020593,-0.005646,-0.023901,0.000308,-0.032369
0.000300,0.012554,-0.015154,-0.002069,0.009447,-0.015477,-0.000101,-0.013236,0.002271,0.003933,0.002039,0.003295,0.003124,-0.013662,-0.014925,-0.000370,-0.004490,0.013756,-0.009017,0.009053,0.012771,-0.001809,0.013666,-0.016357,0.001261,-0.003234,-0.021467,-0.005409,-0.014867,-0.023570,0.009652,-0.049284,-0.024804,-0.019632,0.012374,-0.016183,-0.015409,0.008563,-0.009841,-0.024076,-0.004105,-0.012051
0.000281,0.013013,-0.017953,-0.002817,0.005555,-0.018400,-0.002980,-0.006261,-0.001117,0.003012,0.008110,-0.000218,0.001003,-0.015234,-0.018054,-0.001355,-0.004191,0.004890,-0.007728,0.005913,0.004157,-0.000999,0.019015,-0.021181,-0.007856,0.003714,-0.025029,-0.016438,-0.008218,-0.033124,-0.000427,-0.034001,-0.032823,-0.019267,0.011059,-0.019074,-0.018696,0.011506,-0.015841,-0.030296,0.000912,-0.002773
0.001035,0.013766,-0.018442,-0.002719,0.001582,-0.019005,-0.003155,-0.007121,-0.004133,0.004504,0.007227,-0.003285,-0.000250,-0.015811,-0.018854,-0.002746,-0.006629,0.003510,-0.009598,0.000968,0.002929,-0.001148,0.022865,-0.023027,-0.017673,0.009046,-0.025669,-0.023861,0.002530,-0.035215,-0.006833,-0.021857,-0.029104,-0.018739,0.012671,-0.020257,-0.021632,0.017150,-0.019985,-0.030245,0.004401,-0.002411
0.002210,0.014411,-0.016277,-0.001788,-0.000472,-0.016890,-0.000507,-0.015348,-0.005176,0.007729,-0.000111,-0.004280,-0.000001,-0.015118,-0.016828,-0.003859,-0.010659,0.010432,-0.013702,-0.003382,0.009829,-0.002105,0.023267,-0.020957,-0.026353,0.010211,-0.022755,-0.027029,0.012139,-0.028523,-0.009487,-0.018743,-0.015231,-0.018632,0.016376,-0.019126,-0.023044,0.022620,-0.020175,-0.024266,0.004547,-0.011134
0.001838,0.013318,-0.018585,-0.002931,-0.003190,-0.019308,-0.001907,-0.015544,-0.009329,0.002520,-0.004469,-0.008634,0.000646,-0.013258,-0.018960,-0.003283,-0.006514,0.010386,-0.014972,-0.003556,0.010031,-0.002569,0.023121,-0.025271,-0.038614,0.014423,-0.024860,-0.035764,0.017121,-0.019937,-0.031415,-0.014409,0.004689,-0.014430,0.019613,-0.024367,-0.020338,0.027962,-0.025820,-0.024315,-0.001826,-0.040253
0.000634,0.010981,-0.022656,-0.003747,-0.004350,-0.023321,-0.003739,-0.011573,-0.013503,-0.004182,-0.005805,-0.013063,0.002566,-0.013341,-0.022541,-0.001165,-0.003769,0.007620,-0.013116,-0.001862,0.007327,-0.003432,0.022137,-0.030916,-0.048093,0.018652,-0.028303,-0.041917,0.022701,-0.014423,-0.051361,-0.006824,0.018170,-0.011520,0.021326,-0.030754,-0.017303,0.029180,-0.032974,-0.027381,-0.007094,-0.065740
-0.000481,0.008040,-0.025629,-0.001655,-0.001536,-0.025846,-0.002230,-0.007062,-0.014423,-0.005198,-0.003825,-0.014100,0.006732,-0.018330,-0.024722,0.002433,-0.011952,0.006526,-0.007769,-0.000610,0.005657,-0.005404,0.020125,-0.032761,-0.048347,0.020082,-0.029290,-0.037273,0.034313,-0.016976,-0.048061,0.006284,0.012728,-0.015170,0.020480,-0.032947,-0.017602,0.022255,-0.037611,-0.030308,-0.003654,-0.063601
-0.001726,0.005855,-0.030550,0.001403,0.002431,-0.030178,0.000612,-0.007593,-0.011181,-0.003112,-0.005359,-0.010910,0.007745,-0.020943,-0.029297,0.003187,-0.017582,0.001271,-0.002839,-0.002397,0.000216,-0.007630,0.018472,-0.036155,-0.049826,0.021732,-0.031788,-0.035977,0.042932,-0.022583,-0.045240,0.019365,0.002356,-0.011995,0.023914,-0.037770,-0.015894,0.027787,-0.042752,-0.026335,0.005405,-0.063101
-0.002579,0.005471,-0.035011,0.003845,0.005493,-0.034198,0.003311,-0.013003,-0.005406,0.000987,-0.009780,-0.005102,0.005020,-0.019933,-0.034026,0.000635,-0.017861,-0.005535,-0.000816,-0.006279,-0.006292,-0.009053,0.017981,-0.039454,-0.051215,0.022740,-0.034650,-0.038097,0.044196,-0.028501,-0.043677,0.025856,-0.007825,-0.004340,0.029938,-0.042896,-0.013779,0.043073,-0.045878,-0.018250,0.015641,-0.064482
-0.002660,0.007961,-0.032153,0.005699,0.008003,-0.031097,0.004683,-0.010502,0.000978,0.001458,-0.006172,0.001389,0.006653,-0.017699,-0.030901,0.002513,-0.014098,-0.002852,-0.000083,-0.003577,-0.003558,-0.007595,0.019527,-0.038686,-0.038549,0.023826,-0.034921,-0.023626,0.052766,-0.036259,-0.030296,0.041336,-0.023403,0.003055,0.026839,-0.040744,-0.005889,0.036865,-0.049461,-0.008160,0.011965,-0.055071
-0.002353,0.010947,-0.027939,0.006451,0.009307,-0.026839,0.005201,-0.007068,0.003938,0.000863,-0.001600,0.004464,0.009512,-0.015624,-0.026294,0.005374,-0.011606,0.002001,0.000626,-0.000583,0.001232,-0.005893,0.021846,-0.036342,-0.023452,0.023741,-0.034359,-0.004054,0.062719,-0.038741,-0.013911,0.055088,-0.032582,0.009321,0.021676,-0.036207,0.001962,0.024813,-0.055711,-0.001347,0.005352,-0.050488
-0.002048,0.012098,-0.028382,0.005687,0.008781,-0.027430,0.005442,-0.009683,-0.000577,0.001910,-0.003201,0.000003,0.010493,-0.015006,-0.026629,0.005788,-0.015535,0.001770,0.002610,-0.003279,0.000948,-0.006662,0.023808,-0.034911,-0.017993,0.021528,-0.034635,0.008732,0.068450,-0.028613,-0.003670,0.056704,-0.023363,0.013493,0.021712,-0.034202,0.003890,0.022854,-0.066773,-0.003203,0.007128,-0.066310
-0.001588,0.012884,-0.024374,0.005693,0.006940,-0.023497,0.007555,-0.018175,-0.001806,0.002228,-0.008790,-0.000960,0.011016,-0.012576,-0.022595,0.005981,-0.017616,0.004495,0.003807,-0.006169,0.003740,-0.008450,0.026513,-0.032860,-0.009542,0.022242,-0.033996,0.016547,0.067727,-0.027761,0.007882,0.052339,-0.027786,0.016594,0.025633,-0.032498,0.006285,0.024634,-0.072808,-0.002918,0.011410,-0.071474
-0.001305,0.012862,-0.017821,0.006341,0.004589,-0.016913,0.010355,-0.028405,0.000984,0.001519,-0.015644,0.002177,0.010676,-0.009602,-0.016113,0.005720,-0.016857,0.008858,0.003526,-0.007898,0.008261,-0.010453,0.028485,-0.031114,0.002362,0.025206,-0.033115,0.020117,0.060546,-0.036977,0.019583,0.043838,-0.043991,0.017071,0.031370,-0.031860,0.007944,0.029153,-0.070751,-0.000671,0.015933,-0.063358
-0.001203,0.013911,-0.017817,0.006341,0.005985,-0.016920,0.010492,-0.025512,-0.001990,0.002282,-0.013406,-0.000863,0.010588,-0.011257,-0.016150,0.006940,-0.019415,0.000162,0.004743,-0.006580,-0.000678,-0.009803,0.034000,-0.031876,0.014177,0.020864,-0.037632,0.029880,0.050619,-0.038445,0.026445,0.026547,-0.046672,0.023252,0.029792,-0.030558,0.006251,0.039577,-0.069819,0.004417,0.035532,-0.062844
-0.001399,0.016463,-0.017960,0.005348,0.008062,-0.017166,0.009344,-0.021495,-0.003825,0.002159,-0.008329,-0.002646,0.010174,-0.012958,-0.016349,0.007550,-0.021258,-0.006391,0.005310,-0.004066,-0.007503,-0.008512,0.040909,-0.030818,0.023792,0.014681,-0.041022,0.038310,0.041214,-0.040115,0.030665,0.009002,-0.044234,0.029777,0.028266,-0.027055,0.003964,0.051618,-0.066526,0.009157,0.056235,-0.062733
-0.001953,0.020893,-0.011701,0.003065,0.007673,-0.011154,0.008328,-0.028385,0.002508,-0.001211,-0.006599,0.004396,0.008841,-0.010103,-0.010215,0.005433,-0.018341,0.004538,0.003183,-0.002204,0.003495,-0.008577,0.046989,-0.023487,0.029496,0.012039,-0.036667,0.038208,0.035486,-0.049843,0.034772,-0.000447,-0.045042,0.031315,0.034096,-0.019677,0.003763,0.060976,-0.057265,0.010235,0.064167,-0.055681
-0.001746,0.025474,-0.006233,0.001653,0.004310,-0.005938,0.008188,-0.032995,0.000805,-0.001665,-0.004471,0.003207,0.007103,-0.008415,-0.005063,0.003064,-0.020580,0.010668,0.001572,-0.000917,0.009419,-0.008282,0.053812,-0.016809,0.029329,0.014182,-0.031292,0.033852,0.032304,-0.048938,0.030233,0.000329,-0.039575,0.028774,0.043332,-0.013739,0.000406,0.074004,-0.045379,0.012929,0.080584,-0.044592
-0.000960,0.027967,-0.004268,0.001766,-0.000320,-0.004099,0.008949,-0.033035,-0.008033,0.000978,-0.003036,-0.005570,0.005727,-0.008663,-0.003447,0.001539,-0.026748,0.008902,0.001183,-0.000790,0.007281,-0.007850,0.058044,-0.014063,0.024454,0.020044,-0.027636,0.028511,0.033213,-0.037891,0.020436,0.010954,-0.030594,0.024028,0.051437,-0.012157,-0.003820,0.084281,-0.036743,0.016495,0.097301,-0.034992
-0.000249,0.033416,-0.004394,0.000858,-0.002713,-0.004475,0.007451,-0.028953,-0.013310,0.000193,0.006475,-0.010459,0.004524,-0.011881,-0.003920,0.000923,-0.031615,0.003675,0.000743,-0.001932,0.001828,-0.008172,0.065941,-0.009974,0.018786,0.027124,-0.023337,0.024992,0.042942,-0.031220,0.018500,0.022685,-0.036610,0.024713,0.060045,-0.008316,0.001435,0.090554,-0.021588,0.024623,0.091967,-0.017171
0.000657,0.039712,-0.003665,-0.000233,-0.005758,-0.004053,0.005055,-0.025129,-0.013453,-0.001181,0.018114,-0.010043,0.003389,-0.015450,-0.003567,0.000407,-0.033868,0.001225,0.000288,-0.002129,-0.000746,-0.007690,0.076381,-0.004956,0.016035,0.035368,-0.018681,0.023673,0.053872,-0.026664,0.016812,0.035073,-0.046352,0.025558,0.064976,-0.001726,0.005309,0.094329,-0.006590,0.025157,0.082684,-0.000077
0.001880,0.044846,0.000762,-0.000692,-0.012192,0.000092,0.003099,-0.025839,-0.006980,-0.000324,0.026060,-0.003002,0.001969,-0.016604,0.000409,-0.001040,-0.031895,0.007610,-0.000373,0.001077,0.005577,-0.005028,0.088446,0.000521,0.019598,0.044857,-0.014030,0.024569,0.058509,-0.022127,0.007503,0.047877,-0.048810,0.020988,0.062166,0.008101,-0.003446,0.097299,0.001672,0.005558,0.087717,0.007575
0.003271,0.050784,0.003442,-0.001278,-0.017669,0.002450,0.001692,-0.029106,-0.002079,0.001127,0.029317,0.002300,0.000464,-0.018926,0.002582,-0.003063,-0.036485,0.011279,-0.000171,0.001461,0.008975,-0.002296,0.102188,0.002065,0.017723,0.056946,-0.012579,0.020095,0.064940,-0.019094,-0.006339,0.060605,-0.043165,0.012191,0.059732,0.014423,-0.013462,0.097540,0.009969,-0.018225,0.088194,0.017847
0.004181,0.054584,0.003061,-0.001675,-0.019489,0.001863,0.001568,-0.033373,-0.001171,0.002443,0.026201,0.003241,-0.000274,-0.021194,0.001899,-0.004556,-0.045332,0.010445,0.000917,-0.001173,0.007798,-0.000748,0.110757,-0.001091,0.010279,0.065685,-0.014921,0.011439,0.070053,-0.018919,-0.018851,0.066980,-0.032069,0.004324,0.058907,0.014072,-0.018961,0.094924,0.014130,-0.033507,0.083838,0.025506
0.004638,0.060481,0.003684,-0.004799,-0.024501,0.001954,-0.001783,-0.036709,-0.001813,0.003156,0.025980,0.002695,-0.002267,-0.025061,0.002066,-0.005361,-0.042025,0.008573,-0.002372,0.001670,0.005917,-0.001412,0.125059,0.000431,0.008115,0.080718,-0.013071,0.009011,0.080972,-0.010604,-0.017297,0.083970,-0.031693,-0.001976,0.059680,0.019604,-0.021673,0.085940,0.009965,-0.042170,0.064986,0.010991
0.005087,0.067772,0.005961,-0.008797,-0.028815,0.003578,-0.005354,-0.041500,-0.002388,0.002119,0.024996,0.002307,-0.004020,-0.028435,0.003915,-0.006099,-0.039164,0.008763,-0.006668,0.006314,0.005941,-0.001919,0.141426,0.003208,0.006978,0.097083,-0.010253,0.006029,0.091176,-0.002889,-0.015951,0.099257,-0.027452,-0.005602,0.066099,0.025332,-0.020087,0.079348,0.004310,-0.041732,0.047614,-0.006686
0.005877,0.075805,0.010443,-0.011861,-0.028592,0.007497,-0.006172,-0.050260,-0.001370,-0.001883,0.019533,0.003632,-0.004083,-0.029023,0.008189,-0.007419,-0.049080,0.013966,-0.008655,0.009361,0.010331,-0.000047,0.156345,0.003628,0.002464,0.109999,-0.009831,-0.004432,0.094382,-0.004592,-0.029100,0.100828,-0.004804,-0.005593,0.082265,0.025415,-0.012765,0.083916,0.003778,-0.029652,0.047721,-0.008879
0.006143,0.085753,0.010979,-0.014172,-0.031136,0.007594,-0.007616,-0.060270,0.003017,-0.006803,0.011638,0.008247,-0.004824,-0.030347,0.008470,-0.008480,-0.054538,0.013258,-0.012486,0.011271,0.009126,0.001313,0.176310,0.002974,0.000936,0.119936,-0.013078,-0.011344,0.100557,-0.018454,-0.038078,0.101797,-0.022487,-0.005981,0.093994,0.027210,-0.007173,0.087816,0.008868,-0.016612,0.047088,-0.010516
0.005818,0.092716,0.007302,-0.014482,-0.035126,0.003816,-0.008881,-0.066486,0.008598,-0.010120,0.005268,0.013845,-0.005769,-0.031708,0.004615,-0.008654,-0.052756,0.007039,-0.016117,0.011123,0.002974,0.001562,0.191387,0.001566,0.002459,0.122014,-0.018320,-0.012020,0.106676,-0.037539,-0.039338,0.101727,-0.071666,-0.005430,0.095505,0.029793,-0.004968,0.089185,0.017031,-0.008018,0.046132,-0.010818
0.006837,0.106263,0.007654,-0.015254,-0.039724,0.003774,-0.009552,-0.071717,0.008770,-0.007294,0.005842,0.014294,-0.008090,-0.036573,0.004276,-0.010580,-0.056607,0.005083,-0.018528,0.007458,0.000997,0.001952,0.215703,0.004610,0.008592,0.130415,-0.020396,-0.011503,0.111624,-0.050999,-0.044237,0.112115,-0.075907,-0.010529,0.107087,0.036675,-0.001039,0.097256,0.047366,0.002568,0.054459,0.016114
0.008405,0.121553,0.009813,-0.015748,-0.044054,0.005484,-0.009650,-0.076126,0.008027,-0.002426,0.009651,0.013948,-0.009984,-0.041321,0.005701,-0.012276,-0.061164,0.005484,-0.018012,0.005841,0.001247,0.002748,0.243275,0.008776,0.014652,0.138420,-0.022372,-0.011506,0.115095,-0.063603,-0.052697,0.123965,-0.069444,-0.013955,0.119464,0.045400,0.002266,0.108757,0.077091,0.012095,0.062594,0.040247
0.009620,0.133795,0.011510,-0.015304,-0.047287,0.006910,-0.009288,-0.079999,0.010886,0.000309,0.012830,0.017186,-0.009730,-0.042378,0.007096,-0.011845,-0.061518,0.006344,-0.012996,0.011824,0.001778,0.004024,0.268124,0.010556,0.015800,0.139227,-0.027474,-0.013911,0.116710,-0.080327,-0.065081,0.128147,-0.086758,-0.008562,0.123459,0.053257,0.002199,0.120516,0.083257,0.017214,0.061242,0.031274
0.010744,0.151087,0.013426,-0.015527,-0.052495,0.008412,-0.007549,-0.091636,0.008158,0.005103,0.014003,0.015214,-0.010293,-0.047433,0.008511,-0.013575,-0.072810,0.010312,-0.008199,0.012662,0.005083,0.002762,0.299432,0.013173,0.018429,0.148863,-0.031492,-0.009199,0.133422,-0.089119,-0.063094,0.145220,-0.099528,-0.008227,0.134934,0.061695,-0.003123,0.149328,0.110639,0.016001,0.087118,0.067777
0.011263,0.164782,0.014578,-0.016181,-0.057050,0.009189,-0.005160,-0.105173,0.001163,0.009682,0.012634,0.008939,-0.011317,-0.053935,0.009184,-0.016526,-0.089357,0.015350,-0.005929,0.007931,0.009454,-0.000371,0.321592,0.015366,0.021219,0.162581,-0.032402,0.000240,0.156901,-0.085572,-0.047841,0.166689,-0.101362,-0.012384,0.148182,0.066567,-0.010154,0.180831,0.145584,0.010028,0.127366,0.131548
0.011507,0.180247,0.023740,-0.020334,-0.066408,0.017460,-0.008284,-0.110219,-0.002626,0.009536,0.018984,0.005761,-0.009509,-0.063483,0.018313,-0.014311,-0.092815,0.026261,0.003155,0.011055,0.020050,-0.004417,0.350877,0.021988,0.020536,0.169729,-0.032511,0.010925,0.176731,-0.072372,-0.032323,0.195148,-0.093577,-0.011149,0.154246,0.079931,-0.012515,0.197344,0.169334,0.006459,0.146431,0.161007
0.011788,0.195301,0.035052,-0.025007,-0.076006,0.027774,-0.011727,-0.116433,-0.004267,0.006479,0.022916,0.004712,-0.008586,-0.071088,0.029441,-0.012351,-0.093118,0.036331,0.010373,0.016835,0.029807,-0.008302,0.380845,0.030244,0.020390,0.176999,-0.031200,0.021139,0.195385,-0.059062,-0.022566,0.224453,-0.089270,-0.011043,0.160723,0.095038,-0.014898,0.211175,0.191680,0.002120,0.157883,0.182626
0.012251,0.207672,0.042652,-0.027232,-0.081405,0.034696,-0.010321,-0.133652,-0.004714,0.002289,0.014166,0.004897,-0.012430,-0.071947,0.036074,-0.016178,-0.100367,0.038756,0.006895,0.019933,0.031586,-0.011133,0.404981,0.037433,0.024566,0.191049,-0.027750,0.028760,0.215286,-0.054927,-0.025180,0.248501,-0.101189,-0.018557,0.174989,0.105368,-0.021847,0.234497,0.222538,-0.005694,0.175319,0.223069
0.013323,0.220471,0.055549,-0.029940,-0.091438,0.046673,-0.009838,-0.149612,-0.004635,0.002162,0.008446,0.005554,-0.016317,-0.078489,0.047794,-0.018397,-0.104162,0.043028,0.004559,0.024959,0.035298,-0.013472,0.440499,0.055232,0.028487,0.198460,-0.018742,0.040171,0.229825,-0.035914,-0.026542,0.270048,-0.089524,-0.030424,0.191152,0.129320,-0.029356,0.259788,0.278448,-0.008614,0.198285,0.292568
0.014565,0.227325,0.067317,-0.031492,-0.101056,0.057666,-0.010187,-0.156300,-0.004106,0.006481,0.008602,0.006255,-0.018047,-0.087442,0.058708,-0.017646,-0.102640,0.046968,0.004711,0.029350,0.039037,-0.014120,0.469640,0.074716,0.031556,0.195396,-0.008887,0.051086,0.231622,-0.011790,-0.024543,0.278241,-0.060237,-0.041928,0.201140,0.155039,-0.034617,0.274511,0.331558,-0.006003,0.215487,0.356318
0.016366,0.225852,0.074138,-0.029530,-0.117512,0.064079,-0.011964,-0.151690,-0.000202,0.011833,0.009063,0.009522,-0.018981,-0.105783,0.064634,-0.012690,-0.085820,0.042550,0.006252,0.031357,0.035491,-0.013468,0.508544,0.093579,0.037989,0.192862,-0.002493,0.067778,0.246442,-0.004439,-0.013635,0.283520,-0.025900,-0.047151,0.210013,0.183230,-0.035665,0.290903,0.385830,-0.011547,0.217157,0.425195
0.018908,0.217028,0.081705,-0.026349,-0.136200,0.071314,-0.013523,-0.145931,0.006469,0.016734,0.008287,0.015431,-0.022353,-0.128125,0.070719,-0.008586,-0.058948,0.038105,0.003034,0.031972,0.032585,-0.012599,0.545332,0.109032,0.043820,0.190378,0.001249,0.079301,0.257290,-0.006006,-0.003042,0.274389,0.009247,-0.054025,0.214465,0.208840,-0.036229,0.298946,0.434593,-0.019274,0.207315,0.485110
0.022609,0.201824,0.095816,-0.023920,-0.152587,0.084828,-0.012822,-0.149226,0.015488,0.020049,0.004551,0.024209,-0.031243,-0.149206,0.082118,-0.010198,-0.027486,0.041877,-0.010918,0.032023,0.038169,-0.012592,0.568006,0.118385,0.045099,0.187318,0.003272,0.074858,0.247033,-0.008393,-0.002068,0.239202,0.041206,-0.070371,0.210841,0.227030,-0.039774,0.288473,0.471429,-0.023471,0.190107,0.521949
0.030756,0.179693,0.108190,-0.020337,-0.179434,0.095964,-0.015942,-0.135914,0.019110,0.025811,0.000562,0.026350,-0.040199,-0.199092,0.090473,-0.004891,0.024877,0.034629,-0.024909,0.032337,0.033960,-0.009495,0.604776,0.133441,0.049348,0.174376,0.004360,0.086515,0.243940,-0.002653,0.016474,0.199473,0.088798,-0.081436,0.212987,0.253369,-0.032411,0.267330,0.496362,-0.019742,0.156501,0.540748
0.039151,0.161715,0.112602,-0.017152,-0.203287,0.098902,-0.020960,-0.112661,0.015200,0.031481,-0.001637,0.020441,-0.044340,-0.252865,0.091299,0.005089,0.071944,0.019658,-0.031525,0.032696,0.021745,-0.005482,0.637237,0.146622,0.053952,0.157992,0.004013,0.108058,0.249506,0.008244,0.043070,0.174955,0.128265,-0.082278,0.219740,0.274761,-0.018035,0.246306,0.496815,-0.009417,0.123534,0.531950
0.051965,0.142529,0.123144,-0.013464,-0.247372,0.106793,-0.029808,-0.086080,0.014104,0.035893,-0.006157,0.016983,-0.058593,-0.335811,0.094435,0.012939,0.160305,0.006027,-0.049915,0.031519,0.013475,-0.000425,0.685004,0.154897,0.056250,0.144677,-0.004027,0.129473,0.263823,0.008249,0.081539,0.159580,0.157810,-0.080853,0.219465,0.297759,0.005853,0.207421,0.494498,0.002947,0.045405,0.500372
0.066464,0.126735,0.139626,-0.007835,-0.306463,0.120068,-0.041366,-0.050701,0.017669,0.040640,-0.007952,0.017798,-0.075276,-0.429027,0.101641,0.021163,0.259134,-0.005877,-0.067137,0.030484,0.007617,0.004836,0.740140,0.161800,0.057714,0.134530,-0.014285,0.147355,0.281837,-0.001995,0.119035,0.155170,0.174032,-0.078484,0.222877,0.320419,0.030133,0.173755,0.491667,0.012529,-0.034828,0.464459
0.079776,0.118902,0.161782,0.001175,-0.375245,0.138851,-0.054393,-0.000953,0.027449,0.047442,-0.001850,0.024428,-0.086760,-0.513584,0.114343,0.032630,0.337531,-0.016017,-0.069917,0.031164,0.002284,0.009402,0.794678,0.170886,0.059584,0.127592,-0.021321,0.158146,0.298489,-0.021724,0.142448,0.163408,0.173705,-0.076765,0.240660,0.340693,0.044892,0.168170,0.490693,0.012973,-0.074043,0.442575
0.093165,0.113066,0.185474,0.017064,-0.479327,0.158976,-0.074154,0.079892,0.039452,0.056557,0.006389,0.031446,-0.101032,-0.611999,0.126202,0.044488,0.412444,-0.033374,-0.067539,0.030897,-0.010374,0.017385,0.867759,0.183123,0.060557,0.107620,-0.033053,0.171292,0.314487,-0.056348,0.169548,0.181099,0.138519,-0.060541,0.253538,0.370214,0.068803,0.161691,0.493488,0.026159,-0.122158,0.424973
0.099878,0.112097,0.198884,0.033027,-0.566756,0.169565,-0.089215,0.151326,0.046633,0.065020,0.012586,0.034373,-0.109580,-0.675277,0.129604,0.052888,0.446136,-0.050794,-0.059091,0.029497,-0.025549,0.023426,0.922653,0.192509,0.056070,0.084470,-0.042700,0.176323,0.321626,-0.087743,0.183271,0.199034,0.086857,-0.035076,0.254733,0.393966,0.093294,0.157689,0.498144,0.049884,-0.154974,0.419487
0.098902,0.126277,0.213959,0.045838,-0.663270,0.181417,-0.108941,0.224945,0.053049,0.058521,0.028462,0.037371,-0.112332,-0.718372,0.136848,0.064536,0.468815,-0.063119,-0.036736,0.035897,-0.036787,0.031367,1.011892,0.197339,0.055913,0.051332,-0.069182,0.180062,0.326978,-0.163221,0.194930,0.219205,-0.002317,-0.005751,0.252855,0.423504,0.110354,0.159592,0.501274,0.053397,-0.171790,0.400920
0.093109,0.150501,0.224920,0.056593,-0.743905,0.189403,-0.122827,0.278508,0.054977,0.049604,0.045236,0.037367,-0.109692,-0.748687,0.142025,0.076470,0.473392,-0.067699,-0.010550,0.041270,-0.041410,0.038066,1.103747,0.201577,0.053824,0.020038,-0.095989,0.176375,0.328979,-0.245608,0.195957,0.238172,-0.088106,0.027710,0.247431,0.453342,0.119708,0.173481,0.510426,0.052012,-0.160612,0.400772
0.085355,0.179852,0.225673,0.066201,-0.783538,0.188203,-0.120255,0.289807,0.048599,0.050892,0.054140,0.031110,-0.101648,-0.773533,0.138684,0.085748,0.452874,-0.062395,0.009500,0.036851,-0.037228,0.040884,1.166461,0.209197,0.043511,0.002457,-0.106702,0.159826,0.325763,-0.297781,0.178407,0.252098,-0.129733,0.065700,0.237915,0.477723,0.121139,0.205301,0.532887,0.060935,-0.109210,0.450343
0.076127,0.230825,0.214228,0.075243,-0.820630,0.174371,-0.119470,0.292641,0.043678,0.042453,0.059439,0.026787,-0.095240,-0.804760,0.121980,0.091456,0.428530,-0.063457,0.026264,0.031475,-0.039639,0.043783,1.253295,0.198458,0.021527,-0.013959,-0.139745,0.123408,0.311728,-0.375340,0.138611,0.257656,-0.197124,0.114425,0.207004,0.495262,0.122388,0.227956,0.553456,0.064338,-0.048408,0.511171
0.069971,0.277807,0.196332,0.081397,-0.836781,0.153460,-0.117959,0.285566,0.041040,0.031473,0.058528,0.025010,-0.091007,-0.827151,0.097499,0.094592,0.412077,-0.072483,0.035104,0.027389,-0.049700,0.042959,1.320621,0.175334,-0.008651,-0.021129,-0.176322,0.078595,0.293415,-0.437414,0.090087,0.251445,-0.254611,0.160386,0.170437,0.495223,0.133871,0.230470,0.559858,0.072651,-0.008689,0.550398
0.064592,0.337839,0.171364,0.095176,-0.854076,0.126911,-0.114797,0.284044,0.045336,0.020749,0.056790,0.029894,-0.082333,-0.865683,0.065559,0.091351,0.387325,-0.057917,0.039778,0.019979,-0.036432,0.036472,1.379626,0.162730,-0.048269,-0.031791,-0.199963,0.006603,0.234725,-0.472540,0.020637,0.179307,-0.271393,0.197822,0.122211,0.505745,0.148130,0.215009,0.591620,0.065130,0.018735,0.633652
0.061962,0.400943,0.139149,0.110400,-0.863367,0.093075,-0.112981,0.287273,0.049569,0.014766,0.054759,0.034291,-0.068853,-0.907531,0.026440,0.087155,0.361687,-0.038718,0.043994,0.017298,-0.018867,0.026171,1.429247,0.146436,-0.092949,-0.032975,-0.221641,-0.076213,0.166529,-0.486994,-0.056009,0.073007,-0.260028,0.229089,0.078818,0.507693,0.181086,0.179070,0.616571,0.068461,0.014759,0.708204
0.064536,0.457049,0.099262,0.120298,-0.855672,0.049705,-0.115969,0.294142,0.046241,0.017687,0.052841,0.030538,-0.051077,-0.939977,-0.019981,0.086908,0.342417,-0.034185,0.051300,0.027304,-0.016275,0.014117,1.468459,0.111963,-0.139176,-0.011674,-0.252196,-0.153417,0.119112,-0.487251,-0.126463,-0.035770,-0.232622,0.256264,0.056804,0.481928,0.248933,0.121078,0.602034,0.110628,-0.038329,0.720741
0.067938,0.529664,0.055370,0.135780,-0.855491,0.002637,-0.116667,0.290482,0.045521,0.026646,0.046883,0.029579,-0.025022,-0.984227,-0.069212,0.085748,0.324440,-0.013487,0.057861,0.041626,0.002337,-0.008029,1.505970,0.060829,-0.193312,0.016105,-0.296934,-0.248087,0.061924,-0.493236,-0.218137,-0.184137,-0.183055,0.273593,0.027025,0.440662,0.363503,0.005890,0.575149,0.221623,-0.191061,0.675411
0.070584,0.582422,0.029379,0.149846,-0.862905,-0.025928,-0.113693,0.278279,0.045952,0.038222,0.040060,0.030164,-0.002392,-1.018078,-0.099613,0.084635,0.316864,0.009990,0.060727,0.053238,0.024504,-0.030330,1.522964,0.019433,-0.244039,0.037077,-0.328337,-0.328255,0.023848,-0.496836,-0.300878,-0.296410,-0.129789,0.304537,0.008285,0.399085,0.500403,-0.104286,0.543268,0.381513,-0.362015,0.587508
0.083177,0.622660,0.007523,0.155940,-0.885148,-0.057493,-0.121518,0.288184,0.029416,0.047695,0.041506,0.012892,0.017933,-1.052614,-0.130581,0.076909,0.309425,0.034158,0.063242,0.060172,0.047669,-0.059747,1.495372,-0.026061,-0.298976,0.029491,-0.359224,-0.381855,-0.000143,-0.496908,-0.379569,-0.378152,-0.073340,0.327630,-0.024101,0.345995,0.652331,-0.233014,0.526506,0.606116,-0.571175,0.509449
0.095102,0.657821,-0.006356,0.163791,-0.927010,-0.081679,-0.133580,0.319226,0.013174,0.055287,0.050110,-0.004752,0.030698,-1.095256,-0.157277,0.065726,0.310449,0.050675,0.057891,0.061719,0.063965,-0.084814,1.447632,-0.061519,-0.369251,-0.020066,-0.382258,-0.414643,-0.018362,-0.487556,-0.446071,-0.424201,-0.024672,0.380292,-0.065064,0.298529,0.784722,-0.323299,0.516950,0.825737,-0.714237,0.454580
0.096127,0.695373,-0.007868,0.182185,-0.993378,-0.087106,-0.144013,0.370631,0.014959,0.060339,0.064866,-0.004768,0.030115,-1.153306,-0.175184,0.053261,0.328422,0.051212,0.036529,0.057360,0.065584,-0.092005,1.404226,-0.074104,-0.465190,-0.124482,-0.389988,-0.431280,-0.038690,-0.463063,-0.491082,-0.429805,0.004583,0.497608,-0.109496,0.274640,0.858669,-0.319700,0.509787,0.963558,-0.691346,0.440169
0.093649,0.741823,-0.007961,0.198989,-1.073362,-0.091661,-0.163345,0.440244,0.018533,0.051943,0.085640,-0.003244,0.026315,-1.213252,-0.193279,0.044758,0.366586,0.039027,0.023499,0.050720,0.055702,-0.088973,1.355994,-0.084147,-0.550335,-0.246390,-0.398640,-0.427616,-0.057504,-0.459407,-0.505002,-0.422657,-0.018462,0.634223,-0.170827,0.257053,0.897519,-0.293604,0.500401,1.032191,-0.629478,0.458773
0.088992,0.773980,-0.006551,0.205196,-1.126861,-0.095457,-0.182814,0.493340,0.018727,0.033437,0.102136,-0.004161,0.021554,-1.244628,-0.206854,0.041229,0.406617,0.014387,0.022281,0.045886,0.033410,-0.077035,1.327289,-0.086414,-0.619935,-0.320253,-0.394304,-0.442574,-0.061909,-0.469448,-0.518213,-0.401144,-0.070820,0.767119,-0.210063,0.249168,0.927163,-0.250185,0.488269,1.043913,-0.553203,0.491901
0.078856,0.842524,0.000351,0.221921,-1.211527,-0.090568,-0.196576,0.539493,0.026127,0.029045,0.107349,0.001772,0.029875,-1.313259,-0.210716,0.049381,0.451212,0.007211,0.020995,0.052879,0.028234,-0.060231,1.262288,-0.083608,-0.690075,-0.418042,-0.383724,-0.463242,-0.091666,-0.493027,-0.532144,-0.414135,-0.129699,0.887779,-0.284186,0.249191,0.915528,-0.227189,0.472386,1.022427,-0.491843,0.501845
0.070039,0.914484,0.006630,0.239584,-1.298751,-0.086179,-0.209415,0.581434,0.033230,0.030611,0.105333,0.007264,0.042782,-1.387474,-0.213694,0.059017,0.490198,0.004935,0.018914,0.061966,0.027630,-0.041738,1.188998,-0.074792,-0.748270,-0.513113,-0.367617,-0.483895,-0.138750,-0.509403,-0.545582,-0.455132,-0.179560,0.975508,-0.363525,0.257453,0.875627,-0.217444,0.465165,0.984946,-0.443219,0.496699
0.069074,0.957023,0.005699,0.249450,-1.359714,-0.091964,-0.226466,0.621806,0.032135,0.029905,0.100129,0.004614,0.052891,-1.435163,-0.225473,0.060184,0.513748,-0.005376,0.015688,0.063766,0.018465,-0.024195,1.135686,-0.058675,-0.780176,-0.579144,-0.348352,-0.497660,-0.194067,-0.497794,-0.557488,-0.517382,-0.205648,1.012438,-0.417897,0.275302,0.823238,-0.213058,0.478750,0.951808,-0.403999,0.484768
0.066581,0.999130,0.012377,0.266410,-1.443239,-0.086482,-0.239677,0.674278,0.035553,0.035849,0.084089,0.005834,0.062732,-1.506023,-0.230993,0.068244,0.559447,-0.015884,0.007320,0.059994,0.010653,-0.008088,1.093137,-0.043918,-0.774101,-0.656060,-0.339556,-0.483607,-0.265476,-0.516311,-0.554110,-0.590904,-0.256936,1.008287,-0.488995,0.298710,0.720569,-0.225770,0.482312,0.878846,-0.362556,0.437063
0.064025,1.019784,0.023335,0.280099,-1.507615,-0.073889,-0.244414,0.712619,0.038461,0.043493,0.065195,0.007467,0.067792,-1.564125,-0.232380,0.075097,0.605267,-0.029193,-0.005952,0.053405,0.000256,-0.002196,1.082786,-0.036866,-0.746799,-0.702875,-0.341323,-0.459029,-0.317849,-0.552468,-0.548921,-0.637507,-0.303238,0.955399,-0.542371,0.316374,0.607928,-0.252405,0.474789,0.792534,-0.341404,0.377313
0.051309,1.054046,0.024491,0.292493,-1.568427,-0.063847,-0.247104,0.751024,0.036357,0.050700,0.031412,0.003975,0.077889,-1.631168,-0.233092,0.085997,0.627375,-0.042101,-0.013009,0.033427,-0.010424,-0.005083,1.084977,-0.034730,-0.660386,-0.724476,-0.347014,-0.415821,-0.390594,-0.588439,-0.523097,-0.736500,-0.372735,0.855915,-0.595169,0.328469,0.461806,-0.294107,0.429806,0.702236,-0.350477,0.235873
0.037488,1.090963,0.022340,0.302621,-1.620067,-0.054934,-0.251128,0.779867,0.037448,0.053472,-0.009288,0.004196,0.088660,-1.690751,-0.233349,0.095897,0.643666,-0.053509,-0.017541,0.016053,-0.020054,-0.015162,1.098638,-0.037344,-0.544751,-0.738945,-0.355270,-0.356209,-0.466064,-0.635048,-0.479473,-0.847713,-0.443379,0.730302,-0.643363,0.332458,0.313048,-0.345569,0.374916,0.618757,-0.386719,0.076152
0.031915,1.119500,0.022744,0.310007,-1.656892,-0.046099,-0.260399,0.789349,0.049627,0.047273,-0.049178,0.016455,0.096969,-1.726445,-0.234309,0.099837,0.671972,-0.062720,-0.023055,0.017249,-0.028044,-0.030997,1.122653,-0.044465,-0.434245,-0.762823,-0.365521,-0.284441,-0.526676,-0.703849,-0.424447,-0.929665,-0.494906,0.599702,-0.682041,0.327697,0.192140,-0.401809,0.339790,0.551372,-0.450828,-0.036617
0.025274,1.162351,0.020436,0.322767,-1.702412,-0.034406,-0.270478,0.797428,0.067773,0.041250,-0.086639,0.035038,0.107396,-1.774414,-0.235829,0.102904,0.687767,-0.069924,-0.027233,0.005712,-0.034043,-0.059433,1.157584,-0.055442,-0.312001,-0.772231,-0.372338,-0.198945,-0.572560,-0.760923,-0.352285,-1.014149,-0.521184,0.464046,-0.728211,0.318568,0.075322,-0.468671,0.307110,0.499599,-0.538211,-0.157137
0.020895,1.198129,0.016526,0.330533,-1.734252,-0.025203,-0.281604,0.799475,0.080655,0.033408,-0.103471,0.049336,0.114090,-1.810303,-0.240584,0.098544,0.683914,-0.079654,-0.033189,-0.012030,-0.043309,-0.086984,1.186053,-0.063471,-0.209172,-0.769573,-0.366698,-0.108871,-0.589940,-0.771897,-0.269703,-1.066784,-0.501585,0.347570,-0.768931,0.307400,-0.024179,-0.524895,0.290079,0.445362,-0.617574,-0.227120
0.011083,1.244829,0.018906,0.328111,-1.755949,-0.011031,-0.289971,0.765061,0.092149,0.020133,-0.127953,0.063480,0.118505,-1.822627,-0.231285,0.110191,0.667032,-0.092729,-0.028419,-0.023579,-0.057058,-0.115376,1.236960,-0.068825,-0.122376,-0.771538,-0.356015,-0.041261,-0.617598,-0.771651,-0.198369,-1.112992,-0.477882,0.249529,-0.812488,0.301510,-0.088457,-0.597424,0.244598,0.396968,-0.724307,-0.331002
0.001483,1.286103,0.023586,0.319086,-1.771142,0.002261,-0.295097,0.719189,0.096125,0.008864,-0.135002,0.070790,0.120210,-1.824467,-0.218262,0.122766,0.634716,-0.104320,-0.023970,-0.033321,-0.070103,-0.139962,1.287930,-0.070523,-0.065187,-0.771490,-0.337446,-0.003780,-0.645232,-0.745421,-0.149043,-1.146925,-0.427275,0.179732,-0.847886,0.297181,-0.127995,-0.658399,0.191650,0.359356,-0.818350,-0.448865
-0.002290,1.305508,0.026230,0.307531,-1.783392,0.009223,-0.297074,0.686688,0.086861,0.006848,-0.099569,0.065147,0.119874,-1.828868,-0.212210,0.120254,0.584698,-0.110296,-0.031856,-0.045626,-0.078555,-0.155681,1.316474,-0.067631,-0.047809,-0.763188,-0.308334,-0.001155,-0.663143,-0.678346,-0.130224,-1.162875,-0.326857,0.145675,-0.864558,0.292320,-0.157140,-0.680999,0.152214,0.334269,-0.861889,-0.559066
-0.003337,1.295248,0.044662,0.292955,-1.796191,0.027857,-0.289728,0.627204,0.084887,0.013981,-0.064954,0.066939,0.121688,-1.818426,-0.185332,0.126100,0.542854,-0.099149,-0.033406,-0.035845,-0.070510,-0.163760,1.317586,-0.055644,-0.049884,-0.755847,-0.267628,-0.028660,-0.689472,-0.595920,-0.150254,-1.173974,-0.199212,0.130208,-0.879515,0.292603,-0.169895,-0.700187,0.101407,0.328657,-0.895009,-0.724138
-0.000558,1.260494,0.069430,0.277881,-1.803658,0.049944,-0.283247,0.569602,0.089008,0.020663,-0.049124,0.074154,0.123341,-1.798303,-0.152817,0.134391,0.530364,-0.081787,-0.031288,-0.008506,-0.055688,-0.161194,1.290823,-0.039189,-0.058319,-0.758547,-0.221648,-0.057288,-0.716905,-0.525211,-0.188187,-1.179174,-0.093910,0.128563,-0.889349,0.292882,-0.171027,-0.710810,0.057148,0.338384,-0.907466,-0.866683
-0.012741,1.175350,0.077391,0.248086,-1.792569,0.062211,-0.274209,0.535368,0.073606,0.016462,-0.026095,0.061554,0.107066,-1.764620,-0.133566,0.133860,0.499450,-0.082317,-0.045636,0.014249,-0.059236,-0.125796,1.192964,-0.005767,-0.092052,-0.785703,-0.163773,-0.113020,-0.766896,-0.461472,-0.293084,-1.189024,0.026230,0.154660,-0.897584,0.299444,-0.118881,-0.733993,0.021674,0.410180,-0.903394,-0.954640
-0.030938,1.076848,0.078815,0.215607,-1.773047,0.074181,-0.268085,0.521442,0.059532,0.005600,-0.010247,0.049931,0.085513,-1.732938,-0.118127,0.132858,0.469015,-0.086852,-0.058995,0.030693,-0.066377,-0.074396,1.079729,0.031105,-0.125447,-0.813618,-0.107591,-0.171261,-0.817858,-0.411516,-0.413103,-1.196723,0.135740,0.190915,-0.897291,0.306030,-0.043096,-0.755258,0.003280,0.509159,-0.894643,-0.994522
-0.045851,1.002059,0.083309,0.193112,-1.755004,0.096696,-0.269989,0.524939,0.067515,-0.007732,-0.015873,0.059799,0.071786,-1.718919,-0.095681,0.139798,0.457922,-0.080685,-0.053999,0.039031,-0.061629,-0.025447,1.006956,0.059541,-0.133193,-0.818742,-0.064977,-0.207899,-0.848663,-0.380559,-0.495650,-1.195685,0.214015,0.220595,-0.881319,0.305548,0.026667,-0.759842,0.008650,0.599691,-0.890851,-0.995734
-0.066743,0.904621,0.088605,0.163615,-1.735918,0.122530,-0.260581,0.511879,0.073350,-0.012591,-0.035007,0.067602,0.048738,-1.699590,-0.073555,0.145031,0.439425,-0.076350,-0.057785,0.041343,-0.058668,0.038401,0.905787,0.090759,-0.139333,-0.827537,-0.025545,-0.266780,-0.900724,-0.364002,-0.608537,-1.219674,0.264795,0.247317,-0.870365,0.301157,0.121828,-0.787480,0.033641,0.719929,-0.923694,-0.963833
-0.083199,0.833190,0.091984,0.138300,-1.725724,0.141335,-0.248627,0.488304,0.075946,-0.010209,-0.058400,0.072045,0.028166,-1.684712,-0.062495,0.145567,0.422771,-0.077182,-0.069056,0.036559,-0.060477,0.084892,0.826935,0.108854,-0.140253,-0.836446,-0.002565,-0.315415,-0.948728,-0.364843,-0.695877,-1.255620,0.267867,0.261196,-0.870473,0.287255,0.199967,-0.824428,0.057309,0.818734,-0.977699,-0.921252
-0.091228,0.737685,0.084279,0.113580,-1.688551,0.140832,-0.226645,0.486376,0.059744,0.002801,-0.063994,0.057388,0.013380,-1.660254,-0.063474,0.144242,0.417515,-0.085076,-0.073868,0.031944,-0.068989,0.136583,0.733847,0.128358,-0.138591,-0.843721,0.016235,-0.339758,-0.977907,-0.377317,-0.760802,-1.247551,0.286808,0.272756,-0.849783,0.269781,0.297102,-0.855820,0.099783,0.933401,-1.036389,-0.874158
-0.089715,0.644796,0.076724,0.095952,-1.635395,0.134240,-0.208290,0.490830,0.045439,0.012082,-0.057673,0.044584,0.006300,-1.619277,-0.069164,0.138874,0.419708,-0.092685,-0.077086,0.033168,-0.077185,0.176330,0.643576,0.141417,-0.139319,-0.845622,0.026936,-0.343709,-0.985133,-0.388684,-0.802060,-1.208276,0.299555,0.275865,-0.819664,0.247709,0.375712,-0.873312,0.141459,1.029418,-1.080185,-0.823719
-0.077387,0.581181,0.080507,0.091327,-1.577360,0.135920,-0.206797,0.486370,0.054056,0.003109,-0.045635,0.054319,0.008884,-1.554951,-0.071629,0.128116,0.425313,-0.092425,-0.082800,0.045882,-0.077714,0.186214,0.572872,0.141536,-0.147140,-0.838576,0.024840,-0.331913,-0.967272,-0.386916,-0.816219,-1.151963,0.284826,0.264616,-0.791778,0.220014,0.399527,-0.868608,0.161008,1.074399,-1.087506,-0.771345
-0.065283,0.497056,0.077371,0.083696,-1.476288,0.130161,-0.199693,0.477247,0.055795,-0.007990,-0.045040,0.057237,0.010535,-1.467886,-0.078599,0.120917,0.425970,-0.098642,-0.088457,0.057674,-0.084738,0.173928,0.483147,0.134645,-0.170661,-0.803824,0.017400,-0.309655,-0.902746,-0.362234,-0.805104,-1.042457,0.292198,0.238430,-0.738125,0.189349,0.404324,-0.836804,0.176494,1.089532,-1.060750,-0.708692
-0.059460,0.434465,0.068881,0.074406,-1.382879,0.122056,-0.192900,0.467977,0.053590,-0.017745,-0.056164,0.056186,0.010902,-1.401707,-0.085359,0.122408,0.421201,-0.107319,-0.089996,0.062705,-0.094015,0.145947,0.419683,0.123256,-0.196527,-0.758551,0.006837,-0.284353,-0.823558,-0.329084,-0.776323,-0.930773,0.313865,0.213915,-0.685226,0.164144,0.392231,-0.793013,0.173810,1.077236,-1.008858,-0.671056
-0.046952,0.392497,0.071002,0.073190,-1.259729,0.125974,-0.191447,0.448012,0.069066,-0.021890,-0.062621,0.072493,0.019378,-1.299624,-0.073018,0.117115,0.421572,-0.093317,-0.090694,0.059632,-0.080255,0.095719,0.370308,0.109963,-0.225527,-0.692865,0.000116,-0.239586,-0.707060,-0.287853,-0.687543,-0.791760,0.318220,0.171276,-0.600667,0.143192,0.333505,-0.705998,0.216365,0.965453,-0.897036,-0.529935
-0.034490,0.363768,0.071060,0.074119,-1.138407,0.130597,-0.190572,0.432174,0.084248,-0.025714,-0.058490,0.088337,0.029220,-1.192076,-0.055415,0.111571,0.422019,-0.073864,-0.091430,0.059293,-0.061135,0.037172,0.338337,0.094825,-0.255146,-0.620655,-0.006139,-0.194359,-0.583185,-0.247784,-0.603521,-0.654157,0.322602,0.126420,-0.513733,0.125918,0.262633,-0.613021,0.269014,0.830148,-0.772562,-0.367828
-0.028660,0.340936,0.056675,0.072360,-1.050381,0.124034,-0.185250,0.435459,0.081711,-0.033989,-0.037753,0.086497,0.034409,-1.109422,-0.046660,0.112390,0.417569,-0.065535,-0.092518,0.072601,-0.053473,-0.015193,0.327273,0.077755,-0.282489,-0.555769,-0.014425,-0.167828,-0.481760,-0.218221,-0.588348,-0.547856,0.343227,0.095716,-0.453485,0.113215,0.216799,-0.549936,0.298677,0.750923,-0.680072,-0.264542
-0.019222,0.331076,0.040837,0.074065,-0.939399,0.118257,-0.165975,0.426245,0.080098,-0.024770,-0.014752,0.085130,0.042320,-1.005437,-0.034417,0.110803,0.404565,-0.052474,-0.088226,0.090725,-0.041454,-0.102822,0.327594,0.059937,-0.323287,-0.463599,-0.015419,-0.150658,-0.349325,-0.168537,-0.568192,-0.419806,0.435672,0.028454,-0.349883,0.102049,0.160957,-0.463670,0.363723,0.645089,-0.584995,-0.141586
-0.010958,0.339156,0.031355,0.077025,-0.860996,0.116667,-0.144588,0.408950,0.081098,-0.004497,-0.000959,0.086137,0.049397,-0.932117,-0.024713,0.108464,0.389466,-0.041994,-0.079984,0.104623,-0.031944,-0.181864,0.339402,0.050568,-0.356664,-0.390058,-0.007496,-0.149870,-0.252425,-0.122435,-0.553804,-0.331454,0.554448,-0.040735,-0.254403,0.096950,0.123570,-0.396092,0.431626,0.568773,-0.530720,-0.060303
0.004818,0.308936,0.011313,0.082948,-0.732415,0.107339,-0.119003,0.378657,0.078075,0.004883,0.013380,0.082767,0.060041,-0.809155,-0.010255,0.093737,0.368780,-0.024499,-0.065715,0.109225,-0.015553,-0.264786,0.310642,0.031292,-0.369927,-0.300398,-0.000475,-0.165950,-0.163663,-0.069374,-0.595558,-0.264120,0.679766,-0.088377,-0.163462,0.094166,0.148333,-0.349181,0.468052,0.592621,-0.477569,-0.034319
0.020399,0.277029,-0.010057,0.087186,-0.592677,0.091512,-0.094488,0.348810,0.068779,0.013018,0.026807,0.073034,0.068501,-0.672984,-0.002224,0.075209,0.342996,-0.013370,-0.052866,0.119123,-0.005804,-0.340816,0.280251,0.014461,-0.372698,-0.211175,0.009667,-0.197421,-0.092143,-0.014665,-0.656312,-0.215614,0.789175,-0.121019,-0.077076,0.097300,0.197218,-0.307291,0.492736,0.650782,-0.434708,-0.033163
0.028272,0.280165,-0.023490,0.085408,-0.480657,0.069657,-0.076156,0.333005,0.051197,0.029836,0.038060,0.054975,0.069703,-0.559824,-0.012408,0.061553,0.312866,-0.021865,-0.048515,0.149085,-0.015826,-0.398855,0.287686,0.011683,-0.374531,-0.138641,0.028596,-0.242771,-0.047045,0.037802,-0.697647,-0.182867,0.862725,-0.144956,0.004988,0.110563,0.232331,-0.255180,0.524895,0.676974,-0.410806,-0.029469
0.039276,0.261486,-0.028793,0.084028,-0.328719,0.054556,-0.065084,0.301115,0.043670,0.034978,0.044716,0.046845,0.072007,-0.411942,-0.011015,0.042690,0.273434,-0.017571,-0.039636,0.153436,-0.012967,-0.449065,0.263771,0.010172,-0.354158,-0.065469,0.051611,-0.293006,-0.020018,0.085548,-0.724654,-0.146861,0.880525,-0.153505,0.089196,0.127434,0.277971,-0.193769,0.533826,0.717714,-0.369776,-0.033107
0.048042,0.230297,-0.023407,0.082936,-0.212966,0.053617,-0.067920,0.268862,0.049967,0.024864,0.043278,0.052644,0.073689,-0.303387,0.000968,0.027569,0.244270,-0.003445,-0.031177,0.129910,0.000543,-0.466201,0.221343,0.011780,-0.321649,-0.027188,0.069722,-0.322655,-0.023960,0.107265,-0.722673,-0.123844,0.836886,-0.142072,0.134869,0.140852,0.312438,-0.150795,0.516464,0.754166,-0.326196,-0.041044
0.041474,0.217894,-0.043590,0.066993,-0.077677,0.026331,-0.046601,0.227245,0.026271,0.033201,0.047140,0.028261,0.060045,-0.166008,-0.010782,0.005073,0.192200,-0.012476,-0.031839,0.131359,-0.010092,-0.482352,0.220301,0.000762,-0.278490,0.030144,0.077563,-0.330823,-0.000983,0.125425,-0.702253,-0.073696,0.784739,-0.134654,0.201328,0.138222,0.337941,-0.084111,0.473806,0.781367,-0.243161,-0.057950
0.028491,0.217626,-0.068150,0.046189,0.046528,-0.006119,-0.024975,0.181546,-0.003641,0.043892,0.052199,-0.002391,0.041307,-0.036627,-0.026628,-0.012427,0.130666,-0.025828,-0.029807,0.133050,-0.025282,-0.485215,0.232964,-0.012042,-0.237147,0.071380,0.079050,-0.322100,0.018177,0.133302,-0.664456,-0.027944,0.719320,-0.119661,0.260649,0.130732,0.349803,-0.013505,0.419660,0.782378,-0.144771,-0.083263
0.018387,0.222900,-0.076173,0.030874,0.129155,-0.022973,-0.026295,0.137101,-0.016361,0.041336,0.054299,-0.015907,0.027883,0.048051,-0.027205,-0.012219,0.073252,-0.025037,-0.012866,0.110393,-0.025762,-0.462227,0.231906,-0.015439,-0.209916,0.061405,0.078622,-0.301087,0.002604,0.124523,-0.609899,-0.018096,0.636388,-0.085054,0.285057,0.129587,0.343937,0.040410,0.367032,0.740004,-0.055319,-0.118208
0.000827,0.236619,-0.081303,0.008448,0.220310,-0.036361,-0.018995,0.070124,-0.026062,0.037008,0.057060,-0.026622,0.006829,0.155326,-0.024774,-0.016574,0.002609,-0.020757,-0.003162,0.077903,-0.022801,-0.442365,0.246931,-0.015968,-0.177823,0.070096,0.083452,-0.256490,0.016906,0.105231,-0.535899,0.028555,0.530591,-0.053716,0.318461,0.130859,0.323721,0.107755,0.318505,0.672940,0.050381,-0.130007
-0.015318,0.251863,-0.081067,-0.009834,0.274298,-0.039755,-0.006780,0.013969,-0.027945,0.033026,0.058961,-0.029260,-0.011329,0.231488,-0.020733,-0.023319,-0.046042,-0.015474,-0.005586,0.051724,-0.018176,-0.435324,0.271917,-0.012521,-0.156582,0.094870,0.092312,-0.210252,0.055717,0.086230,-0.478623,0.091569,0.456441,-0.040897,0.346066,0.134183,0.300856,0.157679,0.297663,0.615579,0.124775,-0.115005
-0.036931,0.252406,-0.105559,-0.035461,0.363298,-0.067373,-0.003255,-0.032979,-0.052447,0.020967,0.067516,-0.054514,-0.034844,0.342343,-0.017427,-0.033467,-0.109386,-0.010605,0.004384,0.035338,-0.015129,-0.410920,0.269049,-0.024069,-0.125395,0.081380,0.084740,-0.147845,0.059817,0.042607,-0.400015,0.129756,0.367021,-0.025518,0.355911,0.116122,0.260771,0.199424,0.252623,0.536818,0.207959,-0.102500
-0.057372,0.248763,-0.132252,-0.059154,0.445936,-0.095288,-0.001305,-0.077782,-0.076995,0.010877,0.071834,-0.079788,-0.056122,0.443872,-0.016528,-0.044996,-0.172924,-0.008432,0.018178,0.021779,-0.015108,-0.383827,0.259546,-0.039433,-0.095897,0.067637,0.071302,-0.086030,0.065793,0.002755,-0.324978,0.161062,0.287381,-0.009380,0.361713,0.093143,0.213795,0.240016,0.207346,0.452008,0.290475,-0.086080
-0.069369,0.251480,-0.139151,-0.071138,0.480835,-0.100066,0.006412,-0.127655,-0.079380,0.013152,0.060840,-0.082903,-0.067666,0.492169,-0.020135,-0.055902,-0.222061,-0.011481,0.027172,0.004091,-0.019747,-0.368331,0.264831,-0.047962,-0.079524,0.091544,0.061549,-0.041260,0.110278,-0.005979,-0.277619,0.202847,0.242120,0.006157,0.377269,0.081214,0.170866,0.286455,0.184857,0.376410,0.362875,-0.061253
-0.084981,0.258521,-0.148392,-0.086620,0.523165,-0.107452,0.014390,-0.178274,-0.084365,0.011196,0.062557,-0.088854,-0.081070,0.555379,-0.007716,-0.064716,-0.276117,0.001015,0.046173,0.000840,-0.009633,-0.352937,0.273876,-0.064076,-0.065503,0.106657,0.044702,0.004533,0.146186,-0.038686,-0.207870,0.230891,0.174681,0.021219,0.374608,0.063256,0.124440,0.316211,0.151447,0.306398,0.413580,-0.055953
-0.096429,0.266403,-0.155360,-0.097422,0.551878,-0.113912,0.018647,-0.204215,-0.089091,0.006102,0.076226,-0.094387,-0.088181,0.602102,0.014241,-0.065813,-0.307877,0.021957,0.066921,0.013863,0.009258,-0.345172,0.283005,-0.078923,-0.060599,0.106581,0.030471,0.028551,0.156627,-0.077710,-0.150168,0.232473,0.120211,0.028757,0.356159,0.048149,0.098665,0.315757,0.122934,0.276640,0.419488,-0.074780
-0.111431,0.251167,-0.168598,-0.112436,0.572753,-0.128855,0.023225,-0.251857,-0.102149,0.004233,0.053821,-0.108092,-0.100289,0.636917,0.008566,-0.077390,-0.363867,0.015637,0.073156,0.008066,0.000865,-0.308719,0.260506,-0.096285,-0.041899,0.082897,0.008354,0.051900,0.135876,-0.102104,-0.108809,0.214694,0.069885,0.035782,0.318892,0.019692,0.058127,0.301445,0.104782,0.178527,0.414672,-0.027264
-0.124856,0.229824,-0.179989,-0.125020,0.581646,-0.139958,0.023880,-0.291927,-0.111374,-0.001216,0.032680,-0.117905,-0.110878,0.658947,-0.001635,-0.091548,-0.414168,0.004886,0.076138,-0.000090,-0.011819,-0.264328,0.234550,-0.112973,-0.024275,0.058390,-0.016042,0.067311,0.110783,-0.117436,-0.077835,0.195699,0.024255,0.042839,0.275790,-0.010063,0.017227,0.281043,0.089787,0.073086,0.406329,0.039155
-0.131342,0.219498,-0.181811,-0.128200,0.574614,-0.135186,0.016628,-0.294848,-0.104649,-0.016650,0.050454,-0.111850,-0.112416,0.667664,0.006291,-0.099904,-0.428491,0.012380,0.087844,0.006161,-0.006010,-0.232554,0.233635,-0.125991,-0.022574,0.055896,-0.037160,0.067510,0.108152,-0.129228,-0.051226,0.193842,-0.016305,0.050590,0.239941,-0.028955,-0.010022,0.262512,0.070461,0.019634,0.402192,0.075205
-0.143651,0.196983,-0.179956,-0.136270,0.562171,-0.123283,0.011649,-0.307652,-0.091903,-0.029390,0.053863,-0.099749,-0.120819,0.669723,0.008902,-0.111605,-0.446841,0.014199,0.087032,-0.002216,-0.005284,-0.195630,0.207996,-0.133917,-0.015769,0.032787,-0.053675,0.056971,0.072812,-0.144031,-0.036184,0.170287,-0.080238,0.041889,0.176133,-0.049106,-0.038946,0.207608,0.065565,-0.054057,0.353971,0.140213
-0.155606,0.173575,-0.175231,-0.144227,0.550671,-0.110628,0.011492,-0.323974,-0.079135,-0.032689,0.041168,-0.087497,-0.130256,0.664346,0.004232,-0.119346,-0.459844,0.007942,0.075516,-0.020839,-0.011670,-0.171865,0.170823,-0.132303,-0.007205,0.000933,-0.056731,0.040897,0.022736,-0.153882,-0.040144,0.137085,-0.134735,0.021333,0.116542,-0.060403,-0.054478,0.144109,0.077469,-0.110599,0.286170,0.201454
-0.168666,0.150022,-0.171586,-0.153104,0.508476,-0.100490,0.010416,-0.329442,-0.072367,-0.039135,0.030357,-0.080967,-0.137947,0.643181,0.014886,-0.127508,-0.467835,0.017605,0.062306,-0.035224,-0.002081,-0.150481,0.149492,-0.134544,-0.014725,-0.014394,-0.067714,0.009105,-0.010362,-0.171626,-0.044123,0.118442,-0.215565,-0.012761,0.048037,-0.075997,-0.070554,0.065810,0.080808,-0.184543,0.232217,0.261779
-0.178285,0.125665,-0.167499,-0.159248,0.458988,-0.092490,0.010391,-0.326651,-0.069096,-0.043166,0.019804,-0.077704,-0.142165,0.610327,0.025153,-0.132561,-0.467728,0.026959,0.051035,-0.047994,0.007459,-0.131493,0.135640,-0.134580,-0.025642,-0.019181,-0.077327,-0.029774,-0.035059,-0.186622,-0.056198,0.101886,-0.278392,-0.046649,-0.012474,-0.088207,-0.074317,-0.009573,0.077864,-0.235662,0.181086,0.304011
-0.179766,0.099803,-0.161589,-0.158724,0.425561,-0.086763,0.013579,-0.318175,-0.066833,-0.039037,0.007751,-0.075293,-0.142064,0.569750,0.019096,-0.131187,-0.456672,0.019867,0.044917,-0.062063,0.000976,-0.114866,0.120919,-0.126283,-0.027208,-0.019589,-0.076255,-0.067086,-0.060123,-0.188116,-0.084346,0.075006,-0.278901,-0.066460,-0.048339,-0.089390,-0.053072,-0.064486,0.070912,-0.224047,0.121787,0.310759
-0.180922,0.063416,-0.152015,-0.157355,0.377075,-0.075173,0.015172,-0.308395,-0.059879,-0.035301,-0.003284,-0.068139,-0.141000,0.525518,0.021921,-0.125620,-0.434114,0.020945,0.031278,-0.071566,0.003458,-0.105311,0.076512,-0.117136,-0.026859,-0.043653,-0.072904,-0.108509,-0.111686,-0.178966,-0.115776,0.019305,-0.271429,-0.096000,-0.119395,-0.089939,-0.039744,-0.155592,0.067862,-0.226547,0.039974,0.324285
-0.181165,0.034665,-0.143480,-0.155025,0.337840,-0.064052,0.014686,-0.302233,-0.051735,-0.033243,-0.007731,-0.060056,-0.137594,0.500119,0.031116,-0.116923,-0.410915,0.028281,0.018620,-0.071340,0.012079,-0.107673,0.024622,-0.111520,-0.025006,-0.079436,-0.068590,-0.133578,-0.164044,-0.163466,-0.134696,-0.037444,-0.259404,-0.120725,-0.190115,-0.089349,-0.041335,-0.237160,0.070560,-0.242993,-0.023118,0.337175
-0.182966,0.003979,-0.131934,-0.156101,0.269265,-0.054275,0.015487,-0.292745,-0.049601,-0.025799,-0.038339,-0.057047,-0.139416,0.445642,0.030361,-0.113474,-0.387896,0.025731,-0.002744,-0.082899,0.011367,-0.089453,-0.009204,-0.098643,-0.026374,-0.096945,-0.064029,-0.165144,-0.200466,-0.149190,-0.154947,-0.078681,-0.256527,-0.128467,-0.231422,-0.084368,-0.023368,-0.289549,0.058499,-0.234861,-0.072275,0.327248
-0.183126,-0.027459,-0.115830,-0.156641,0.204642,-0.042372,0.014522,-0.271512,-0.045794,-0.021401,-0.068380,-0.051866,-0.141426,0.383584,0.029273,-0.110408,-0.359767,0.022839,-0.018519,-0.089541,0.010131,-0.068049,-0.038465,-0.081935,-0.032929,-0.103515,-0.059415,-0.198488,-0.223748,-0.136338,-0.181842,-0.100500,-0.260464,-0.127929,-0.253775,-0.075801,0.000523,-0.321626,0.044971,-0.209659,-0.102016,0.308044
-0.178310,-0.058737,-0.093528,-0.152478,0.176955,-0.025279,0.008909,-0.230324,-0.032603,-0.028226,-0.071345,-0.037290,-0.138357,0.335365,0.037287,-0.102520,-0.321190,0.029301,-0.014110,-0.074612,0.017331,-0.060983,-0.076777,-0.064452,-0.046820,-0.106772,-0.054571,-0.228869,-0.237049,-0.124613,-0.220551,-0.099284,-0.268618,-0.128010,-0.267811,-0.064097,0.016084,-0.342357,0.043484,-0.175862,-0.106749,0.293334
-0.169421,-0.093581,-0.067792,-0.145419,0.132627,-0.007143,0.003406,-0.198442,-0.018358,-0.036230,-0.088159,-0.021429,-0.135179,0.272574,0.036480,-0.092328,-0.273896,0.026284,-0.018535,-0.066622,0.016082,-0.053479,-0.109387,-0.046281,-0.065816,-0.102711,-0.051210,-0.274636,-0.249051,-0.107367,-0.282007,-0.085795,-0.287553,-0.119127,-0.269687,-0.049557,0.034231,-0.347726,0.040931,-0.122786,-0.090754,0.277934
-0.160908,-0.114596,-0.051586,-0.138761,0.093908,0.002557,0.000853,-0.191797,-0.010491,-0.041229,-0.110395,-0.012611,-0.132922,0.226667,0.026426,-0.084344,-0.241531,0.014423,-0.029040,-0.069569,0.006027,-0.049240,-0.120014,-0.036542,-0.080410,-0.093344,-0.050988,-0.312863,-0.253693,-0.093345,-0.334707,-0.067139,-0.308290,-0.105715,-0.258479,-0.039487,0.045625,-0.334951,0.038942,-0.078215,-0.061743,0.268841
-0.140067,-0.127402,-0.030240,-0.120265,0.065229,0.016669,-0.008030,-0.145953,0.004328,-0.051364,-0.097082,0.003294,-0.122956,0.165793,0.008809,-0.071795,-0.196879,-0.004240,-0.039149,-0.061734,-0.010576,-0.058848,-0.134810,-0.022435,-0.090513,-0.089114,-0.040851,-0.354622,-0.270945,-0.084253,-0.410376,-0.080013,-0.290675,-0.089355,-0.249643,-0.018934,0.063908,-0.326119,0.041406,-0.022589,-0.048362,0.264740
-0.116426,-0.135846,-0.008530,-0.100352,0.038948,0.027597,-0.013078,-0.108350,0.016281,-0.054307,-0.080111,0.015866,-0.109134,0.110261,-0.002901,-0.056314,-0.157935,-0.016769,-0.047279,-0.052358,-0.021270,-0.073822,-0.148495,-0.005133,-0.097844,-0.086612,-0.024556,-0.392111,-0.289773,-0.073804,-0.483858,-0.096835,-0.256713,-0.077885,-0.241753,0.005499,0.081595,-0.320351,0.049484,0.029089,-0.040840,0.257262
-0.099561,-0.143874,0.008675,-0.089642,0.007308,0.027828,-0.004188,-0.126542,0.015730,-0.037879,-0.091539,0.014889,-0.095363,0.080310,0.004576,-0.039889,-0.142852,-0.010235,-0.052108,-0.050893,-0.013597,-0.085715,-0.155850,0.014258,-0.104134,-0.082405,-0.005896,-0.417554,-0.299184,-0.055568,-0.529335,-0.091533,-0.228780,-0.078983,-0.233464,0.027062,0.091274,-0.316849,0.064190,0.062171,-0.029718,0.238199
-0.078892,-0.144159,0.015705,-0.072189,-0.003891,0.025872,0.013461,-0.119437,0.011782,-0.008885,-0.075073,0.010418,-0.079330,0.048468,-0.002601,-0.027021,-0.121332,-0.016755,-0.057927,-0.038507,-0.019247,-0.091887,-0.148833,0.024079,-0.096153,-0.062851,0.005610,-0.427180,-0.290478,-0.030694,-0.582266,-0.078513,-0.147800,-0.078928,-0.205748,0.036685,0.105035,-0.295084,0.062395,0.116988,-0.015717,0.189296
-0.064694,-0.136612,0.009150,-0.056698,0.010947,0.022571,0.031119,-0.090535,0.006312,0.018271,-0.038884,0.004560,-0.069029,0.030623,-0.020931,-0.024136,-0.104155,-0.033154,-0.061840,-0.021438,-0.035494,-0.089208,-0.131025,0.019586,-0.077833,-0.037861,0.004343,-0.415907,-0.268380,-0.011449,-0.616070,-0.064365,-0.055191,-0.077688,-0.172545,0.029700,0.115936,-0.265978,0.045575,0.165752,-0.005813,0.135564
-0.055485,-0.149610,0.012555,-0.050298,0.003263,0.017271,0.038308,-0.094764,0.000366,0.022561,-0.025365,-0.001994,-0.057066,0.034951,-0.009061,-0.007051,-0.106897,-0.022794,-0.052395,-0.031460,-0.024650,-0.066908,-0.144060,0.022281,-0.063769,-0.007937,-0.004218,-0.418485,-0.248788,-0.004901,-0.627347,-0.026153,0.033024,-0.062712,-0.143266,0.023838,0.139208,-0.240830,0.040164,0.227956,0.009592,0.067494
-0.051816,-0.166835,0.017546,-0.049276,0.000483,0.013386,0.039992,-0.109736,-0.002496,0.019819,-0.020791,-0.005491,-0.048381,0.052204,0.010917,0.007965,-0.119295,-0.004630,-0.040705,-0.043677,-0.006430,-0.039980,-0.165152,0.027587,-0.055908,0.011127,-0.012977,-0.418763,-0.234944,-0.002286,-0.628351,0.015336,0.101779,-0.048158,-0.120459,0.018187,0.158626,-0.220487,0.033268,0.278724,0.024586,0.000727
-0.054196,-0.171969,0.015782,-0.049946,0.030036,0.014282,0.041129,-0.113018,0.001254,0.025926,-0.011353,-0.002212,-0.047928,0.073124,0.017095,0.004746,-0.131085,0.002459,-0.037888,-0.033240,-0.000422,-0.023380,-0.171626,0.030732,-0.056164,0.003462,-0.014728,-0.400734,-0.230033,0.005517,-0.631514,0.037837,0.136713,-0.048175,-0.106836,0.011800,0.158073,-0.205991,0.011764,0.293269,0.032451,-0.048997
-0.052986,-0.175489,0.017565,-0.049098,0.072723,0.011869,0.044973,-0.128456,0.003968,0.028422,-0.006110,-0.000179,-0.043920,0.114872,0.025050,0.006361,-0.144572,0.010866,-0.024052,-0.015849,0.006449,-0.010582,-0.182745,0.033997,-0.064718,0.000083,-0.019530,-0.357930,-0.197172,0.013280,-0.608649,0.082539,0.163097,-0.045529,-0.085511,0.006321,0.148365,-0.178649,0.000609,0.302026,0.051417,-0.092672
-0.048757,-0.175602,0.022075,-0.047179,0.107188,0.007358,0.049551,-0.148376,0.004265,0.026037,-0.007696,-0.000421,-0.038386,0.156638,0.030735,0.011971,-0.152922,0.016149,-0.006135,-0.000132,0.010526,-0.007966,-0.192863,0.035788,-0.077251,0.002800,-0.024879,-0.311525,-0.152956,0.017332,-0.571860,0.126703,0.166600,-0.041542,-0.067056,0.004519,0.134210,-0.152151,0.005560,0.301052,0.071948,-0.107620
-0.042655,-0.173107,0.030869,-0.043232,0.153516,0.007404,0.048369,-0.158231,0.011795,0.026592,-0.021735,0.007275,-0.031182,0.207777,0.039757,0.012442,-0.164604,0.026493,0.007325,-0.002635,0.020283,-0.016602,-0.178496,0.038089,-0.107107,-0.014875,-0.022723,-0.272950,-0.126718,-0.000696,-0.511870,0.139939,0.094435,-0.038661,-0.026124,0.007584,0.096205,-0.091676,0.010045,0.254993,0.125216,-0.097200
-0.037064,-0.168859,0.036263,-0.038741,0.206214,0.007093,0.048624,-0.163237,0.018927,0.028029,-0.026820,0.014440,-0.025292,0.255999,0.043137,0.006471,-0.175030,0.032591,0.013482,-0.006040,0.025914,-0.031533,-0.159261,0.040917,-0.131218,-0.041623,-0.013612,-0.235979,-0.115397,-0.017062,-0.440063,0.134326,0.023591,-0.037591,0.012746,0.013931,0.056497,-0.033274,0.019004,0.191862,0.174318,-0.068128
-0.034083,-0.163703,0.030516,-0.034944,0.259812,0.001571,0.057711,-0.168663,0.018029,0.028481,-0.001493,0.012615,-0.023510,0.289122,0.031919,-0.006875,-0.179450,0.025092,0.009817,0.007119,0.017589,-0.047587,-0.154564,0.044347,-0.126371,-0.065919,0.001931,-0.194536,-0.115302,-0.007881,-0.367528,0.124430,0.031264,-0.038845,0.025230,0.021977,0.037440,-0.012771,0.037278,0.139496,0.182747,-0.027873
-0.030435,-0.158577,0.022175,-0.031511,0.311893,-0.009287,0.066220,-0.181753,0.012578,0.026590,0.014649,0.006328,-0.019550,0.330780,0.022525,-0.014815,-0.190355,0.018380,0.010923,0.018796,0.009887,-0.067708,-0.146328,0.043431,-0.130199,-0.091898,0.012780,-0.150538,-0.107125,0.007230,-0.316257,0.124334,0.048818,-0.042433,0.034402,0.027312,0.012709,0.005553,0.061933,0.084797,0.179330,0.009499
-0.027994,-0.155970,0.015406,-0.030447,0.336481,-0.020151,0.069641,-0.195854,0.005139,0.023026,0.013616,-0.001397,-0.015487,0.360242,0.019471,-0.013576,-0.202197,0.015232,0.016059,0.023243,0.006097,-0.081897,-0.138599,0.038612,-0.140853,-0.106526,0.013370,-0.126104,-0.094877,0.020588,-0.312668,0.133918,0.066653,-0.046631,0.035695,0.027107,-0.005349,0.012561,0.080464,0.055298,0.165816,0.025215
-0.021344,-0.157791,0.010832,-0.025031,0.366194,-0.028818,0.074304,-0.206322,0.001180,0.019488,0.010511,-0.005423,-0.008909,0.375432,0.013737,-0.015640,-0.218566,0.011208,0.013409,0.015049,0.001861,-0.085749,-0.140915,0.036641,-0.131693,-0.110836,0.015766,-0.089751,-0.080520,0.020780,-0.285469,0.136954,0.097312,-0.028072,0.052037,0.031012,-0.008445,0.038798,0.096698,0.043781,0.182529,0.015106
-0.014385,-0.163089,0.007375,-0.019467,0.390906,-0.036556,0.078689,-0.215120,-0.002350,0.014700,0.005896,-0.008898,-0.001688,0.384882,0.010242,-0.018280,-0.234150,0.009890,0.008933,0.001841,0.000586,-0.085276,-0.149686,0.035599,-0.117662,-0.112292,0.017429,-0.057800,-0.069429,0.022260,-0.259362,0.139667,0.130956,-0.004232,0.060357,0.036376,-0.000586,0.054442,0.110811,0.052500,0.191736,-0.006840
-0.011134,-0.170817,0.004011,-0.018090,0.400628,-0.044498,0.080963,-0.224094,-0.008465,0.007075,0.000503,-0.014916,0.004404,0.397300,0.014013,-0.018781,-0.243478,0.014819,0.008520,-0.008634,0.005635,-0.086648,-0.161190,0.033672,-0.113931,-0.118229,0.015863,-0.047025,-0.066749,0.039467,-0.259783,0.147801,0.157978,0.007322,0.037754,0.040930,0.014295,0.029897,0.123342,0.083815,0.155856,-0.026558
-0.004995,-0.184689,0.002205,-0.013230,0.424900,-0.050167,0.084508,-0.245594,-0.008224,-0.001334,-0.011452,-0.014751,0.011933,0.418602,0.013949,-0.019538,-0.256479,0.016343,0.008184,-0.007423,0.006726,-0.082054,-0.169631,0.027554,-0.101742,-0.111834,0.009021,-0.033221,-0.054211,0.057282,-0.259944,0.161294,0.180332,0.017474,0.022804,0.037640,0.017521,0.017210,0.141067,0.105794,0.133103,-0.047059
0.001044,-0.197775,0.002830,-0.007422,0.451633,-0.050698,0.087445,-0.268787,-0.001561,-0.006368,-0.023953,-0.008232,0.017094,0.438082,0.010067,-0.020216,-0.266663,0.013243,0.008093,0.004892,0.002909,-0.073746,-0.170748,0.020098,-0.087141,-0.096326,0.000036,-0.023321,-0.038085,0.066520,-0.260421,0.173009,0.186303,0.021167,0.022957,0.027663,0.007529,0.022656,0.154667,0.107381,0.135030,-0.058372
0.005222,-0.222888,0.005857,-0.004781,0.471734,-0.051794,0.085682,-0.269197,0.001943,-0.021956,-0.036586,-0.004156,0.022213,0.444127,0.014050,-0.018637,-0.247418,0.017880,0.010566,0.005790,0.008262,-0.055268,-0.213924,0.019336,-0.061840,-0.113580,-0.003996,-0.035149,-0.075497,0.089620,-0.234517,0.129664,0.189804,0.044998,-0.009274,0.027010,0.018168,-0.003506,0.155612,0.126026,0.107010,-0.073222
0.008306,-0.246207,0.008416,-0.002342,0.488505,-0.050697,0.085767,-0.259762,0.005394,-0.034704,-0.043275,-0.000045,0.025647,0.451434,0.016068,-0.021724,-0.225490,0.021845,0.009358,0.003970,0.013074,-0.036391,-0.255589,0.020599,-0.035099,-0.125610,-0.006416,-0.055383,-0.115633,0.109313,-0.205849,0.074960,0.183119,0.063957,-0.034145,0.025171,0.031051,-0.025310,0.148261,0.138819,0.079809,-0.081630
0.011252,-0.254060,0.007633,0.003161,0.505192,-0.044702,0.094597,-0.253508,0.011844,-0.030770,-0.038095,0.006573,0.025675,0.474583,0.006586,-0.036153,-0.227644,0.016948,-0.001654,0.008098,0.007882,-0.026781,-0.252318,0.018859,-0.016115,-0.094638,-0.010811,-0.070794,-0.107971,0.108267,-0.198220,0.051702,0.158500,0.053090,-0.012177,0.011484,0.027741,-0.007083,0.136875,0.123133,0.083972,-0.073578
0.015057,-0.271543,0.006410,0.008334,0.524291,-0.042487,0.103547,-0.250282,0.014933,-0.027748,-0.028743,0.009671,0.029825,0.497355,0.004886,-0.042451,-0.222245,0.018667,-0.002444,0.011713,0.009519,-0.013471,-0.262527,0.017999,0.006059,-0.052308,-0.019619,-0.096140,-0.097554,0.107556,-0.186628,0.041682,0.141949,0.046557,-0.007740,-0.000495,0.033537,-0.008041,0.117906,0.111179,0.079178,-0.070813
0.017780,-0.289799,0.005449,0.010093,0.536413,-0.044720,0.107885,-0.251425,0.013681,-0.027399,-0.019664,0.008363,0.036124,0.508446,0.011921,-0.037507,-0.211920,0.026035,0.007325,0.013082,0.017031,-0.003223,-0.280951,0.018476,0.020316,-0.019589,-0.028294,-0.118785,-0.089434,0.107664,-0.177588,0.050043,0.141383,0.047543,-0.022912,-0.004865,0.045449,-0.027568,0.100766,0.108661,0.068243,-0.074627
0.016452,-0.308882,0.006368,0.009818,0.543292,-0.040537,0.119046,-0.260886,0.015111,-0.018094,-0.014140,0.009682,0.037614,0.510075,0.019102,-0.040994,-0.226854,0.034801,0.009006,0.017563,0.024937,0.008450,-0.310925,0.020199,0.051763,0.001573,-0.030016,-0.131921,-0.099313,0.112948,-0.148524,0.014495,0.148842,0.038026,-0.026791,-0.017014,0.070449,-0.046413,0.073694,0.129639,0.054466,-0.084745
0.013731,-0.326301,0.006257,0.008521,0.549923,-0.036683,0.126682,-0.271820,0.017363,-0.009898,-0.010570,0.011853,0.037242,0.513557,0.023832,-0.047092,-0.246011,0.041375,0.009130,0.019207,0.030566,0.017327,-0.338802,0.020719,0.081581,0.026421,-0.032633,-0.143454,-0.102739,0.121773,-0.129010,-0.017716,0.166596,0.020465,-0.019065,-0.034428,0.088488,-0.053950,0.038990,0.150019,0.049562,-0.107083
0.012511,-0.339462,0.002342,0.007241,0.561481,-0.039747,0.120754,-0.277092,0.018946,-0.012422,-0.007168,0.013524,0.038166,0.530358,0.023627,-0.049674,-0.248209,0.042299,0.014383,0.012223,0.031370,0.019440,-0.350773,0.017629,0.091279,0.070460,-0.043739,-0.160937,-0.075063,0.132805,-0.148629,0.000710,0.196830,-0.002566,0.000742,-0.054494,0.079468,-0.039505,-0.000922,0.145829,0.065481,-0.147411
0.013129,-0.351597,-0.001454,0.006374,0.572262,-0.045356,0.111861,-0.280012,0.019577,-0.017776,-0.004076,0.014280,0.039896,0.544565,0.021234,-0.048789,-0.254757,0.039741,0.023605,0.002440,0.028637,0.016154,-0.355972,0.013028,0.092849,0.114289,-0.055638,-0.197264,-0.056834,0.139411,-0.174360,0.005255,0.231849,-0.026172,0.030742,-0.074913,0.068845,-0.014197,-0.046498,0.141066,0.086007,-0.196331
0.015162,-0.356730,-0.003209,0.005882,0.576802,-0.050331,0.104368,-0.279156,0.019384,-0.023461,-0.002859,0.014318,0.041441,0.548998,0.018006,-0.044860,-0.262424,0.035025,0.032126,-0.005277,0.023739,0.008955,-0.351877,0.009142,0.085775,0.135904,-0.061882,-0.233470,-0.057881,0.139085,-0.192664,-0.006662,0.254824,-0.038690,0.055698,-0.085911,0.061733,0.009012,-0.075439,0.137941,0.100679,-0.229711
0.012329,-0.377193,0.001028,-0.001632,0.591391,-0.053593,0.099205,-0.279967,0.018113,-0.033526,0.001195,0.013194,0.041671,0.567640,0.027164,-0.043877,-0.266163,0.043065,0.049016,-0.011263,0.031384,0.012507,-0.371523,0.009790,0.090766,0.161524,-0.068385,-0.260319,-0.058495,0.134725,-0.209125,-0.015235,0.255745,-0.051987,0.090570,-0.103744,0.057695,0.040341,-0.114580,0.126277,0.134427,-0.283334
0.007463,-0.400320,0.007267,-0.011866,0.613993,-0.055802,0.099007,-0.283657,0.015442,-0.041463,0.004059,0.010664,0.039942,0.595996,0.037868,-0.043866,-0.266530,0.051803,0.063559,-0.010728,0.039662,0.021751,-0.398608,0.013263,0.100810,0.183634,-0.072715,-0.281397,-0.063159,0.130641,-0.222592,-0.025104,0.243814,-0.062639,0.119137,-0.120551,0.055519,0.065483,-0.151222,0.113079,0.163957,-0.327947
0.003567,-0.413470,0.011676,-0.020411,0.642480,-0.057654,0.106573,-0.291508,0.011178,-0.040626,0.001749,0.006577,0.035274,0.629593,0.039380,-0.042926,-0.263929,0.049164,0.064755,0.001304,0.036637,0.031760,-0.416832,0.017859,0.109144,0.194808,-0.072348,-0.299869,-0.076220,0.131468,-0.231534,-0.040543,0.228465,-0.067371,0.125189,-0.128315,0.053875,0.070080,-0.172597,0.105250,0.165451,-0.334494
-0.002927,-0.430944,0.022985,-0.036038,0.662214,-0.059115,0.113980,-0.307812,0.002989,-0.042715,-0.011692,-0.001359,0.027648,0.659928,0.047642,-0.044361,-0.269434,0.052548,0.064271,0.008238,0.039496,0.050207,-0.435000,0.023013,0.121725,0.223829,-0.075503,-0.313412,-0.073496,0.119665,-0.229739,-0.033904,0.188191,-0.073933,0.140650,-0.141542,0.059570,0.078977,-0.186581,0.092547,0.178239,-0.333311
-0.008794,-0.444088,0.035533,-0.051834,0.663237,-0.058972,0.116886,-0.324477,-0.004513,-0.047281,-0.029654,-0.008534,0.020820,0.671751,0.058557,-0.047367,-0.280379,0.060043,0.062372,0.006555,0.046560,0.067977,-0.444059,0.026467,0.135683,0.255533,-0.077786,-0.310863,-0.058017,0.104609,-0.213811,-0.009939,0.146463,-0.081478,0.156629,-0.154810,0.067170,0.086208,-0.187532,0.078839,0.194641,-0.326109
-0.011802,-0.467429,0.035042,-0.057526,0.677138,-0.060224,0.129021,-0.326413,-0.014079,-0.040337,-0.026438,-0.017832,0.018066,0.698346,0.058130,-0.054015,-0.278721,0.060419,0.063285,0.016963,0.046276,0.111387,-0.473474,0.028512,0.173261,0.251409,-0.078102,-0.295536,-0.091972,0.067443,-0.157350,-0.042436,0.060531,-0.074240,0.151562,-0.173181,0.107458,0.064480,-0.221337,0.082271,0.169144,-0.307361
-0.013097,-0.497145,0.032407,-0.059301,0.694182,-0.060107,0.138999,-0.320585,-0.019762,-0.032730,-0.014968,-0.023285,0.015156,0.724375,0.052596,-0.058788,-0.270853,0.054825,0.065855,0.027769,0.040230,0.155517,-0.510470,0.029108,0.215470,0.232673,-0.076861,-0.278227,-0.143702,0.027282,-0.099358,-0.096751,-0.032932,-0.072202,0.133812,-0.194002,0.139798,0.031020,-0.262166,0.079523,0.139919,-0.294830
-0.014063,-0.529425,0.038756,-0.063787,0.704468,-0.055311,0.134996,-0.314112,-0.015381,-0.035511,-0.008262,-0.018514,0.007635,0.734401,0.048522,-0.056845,-0.263153,0.044491,0.068336,0.027250,0.029993,0.175708,-0.542286,0.027662,0.243277,0.220742,-0.073907,-0.269940,-0.180843,0.003005,-0.078981,-0.137705,-0.097382,-0.094400,0.112262,-0.214366,0.124912,0.003834,-0.283644,0.048837,0.146175,-0.305547
-0.014555,-0.563784,0.045554,-0.064891,0.712629,-0.045504,0.135756,-0.308429,-0.007063,-0.033999,0.002817,-0.009843,0.003934,0.735056,0.051298,-0.051819,-0.260786,0.041187,0.066148,0.017060,0.027233,0.204523,-0.575066,0.029457,0.280752,0.218030,-0.068257,-0.247765,-0.210101,-0.045961,-0.014322,-0.169545,-0.196941,-0.119033,0.093493,-0.236016,0.125654,-0.029975,-0.313320,0.020981,0.126644,-0.307523
-0.014337,-0.582962,0.049383,-0.063215,0.714700,-0.035317,0.139721,-0.306306,0.000955,-0.030127,0.012770,-0.001469,0.005650,0.726098,0.059286,-0.046451,-0.264833,0.046076,0.060059,0.002442,0.032754,0.227522,-0.592089,0.034789,0.316821,0.224679,-0.056003,-0.214539,-0.218761,-0.088269,0.071127,-0.178975,-0.274254,-0.140442,0.085075,-0.248872,0.134356,-0.056555,-0.337178,0.002567,0.088323,-0.300610
-0.012233,-0.621795,0.052966,-0.063702,0.726048,-0.031084,0.146786,-0.318994,0.003400,-0.028118,0.011048,0.001409,0.003799,0.739986,0.058382,-0.048129,-0.262194,0.043417,0.048718,-0.001562,0.030554,0.254411,-0.634666,0.040100,0.350927,0.197847,-0.043333,-0.186060,-0.262247,-0.135860,0.135307,-0.219246,-0.350818,-0.173287,0.049293,-0.266639,0.122976,-0.106976,-0.363524,0.001846,0.048048,-0.338274
-0.009884,-0.660427,0.056665,-0.067774,0.744946,-0.031457,0.149929,-0.322950,0.001158,-0.030461,0.011893,-0.000279,-0.000038,0.760041,0.054888,-0.051230,-0.257104,0.037487,0.040217,0.000119,0.024846,0.282014,-0.676563,0.047136,0.380122,0.163863,-0.028970,-0.161062,-0.308828,-0.172328,0.172296,-0.260189,-0.404045,-0.204533,0.016738,-0.282103,0.109540,-0.153085,-0.380495,0.010911,0.019615,-0.381482
-0.009200,-0.678880,0.060928,-0.077162,0.769846,-0.034876,0.141870,-0.294576,-0.004746,-0.039951,0.029489,-0.005484,-0.004138,0.769665,0.055148,-0.050177,-0.253763,0.032427,0.042621,0.002641,0.019682,0.306852,-0.691341,0.058065,0.401558,0.149246,-0.010335,-0.138588,-0.326174,-0.180792,0.176051,-0.271280,-0.410756,-0.221232,0.017992,-0.287780,0.111890,-0.167163,-0.375382,0.021276,0.016964,-0.390656
-0.007593,-0.706243,0.067845,-0.086355,0.785883,-0.035573,0.139383,-0.293264,-0.008743,-0.049466,0.032066,-0.008847,-0.006506,0.786774,0.059669,-0.050457,-0.247976,0.033343,0.039645,0.008166,0.020585,0.329601,-0.719354,0.069166,0.410879,0.130264,0.005143,-0.131625,-0.349800,-0.189591,0.166843,-0.278947,-0.420486,-0.243841,0.008572,-0.294705,0.126179,-0.202855,-0.370255,0.035210,-0.029835,-0.385159
-0.005847,-0.728876,0.073871,-0.092467,0.785002,-0.032655,0.142018,-0.319681,-0.008878,-0.055905,0.018357,-0.008376,-0.007026,0.802765,0.066115,-0.053262,-0.242609,0.039335,0.031438,0.013912,0.026618,0.339042,-0.745978,0.076675,0.403709,0.117302,0.016414,-0.143297,-0.366744,-0.188704,0.151096,-0.279565,-0.421143,-0.260661,-0.005066,-0.296285,0.144549,-0.242699,-0.364134,0.045144,-0.097292,-0.364349
-0.001347,-0.749068,0.075668,-0.097222,0.820436,-0.034766,0.147813,-0.322398,-0.013462,-0.056267,0.015871,-0.012255,-0.009667,0.829471,0.062648,-0.054753,-0.234368,0.032142,0.030013,0.025308,0.019157,0.343169,-0.758605,0.079709,0.391858,0.107923,0.024755,-0.163705,-0.381511,-0.173274,0.088118,-0.270721,-0.433152,-0.268587,0.015496,-0.300794,0.173769,-0.250776,-0.364488,0.060471,-0.093382,-0.346399
0.004446,-0.764731,0.077774,-0.102825,0.862014,-0.038100,0.150743,-0.320440,-0.017303,-0.055152,0.014071,-0.015491,-0.012319,0.856573,0.058709,-0.056761,-0.230411,0.024476,0.032503,0.031595,0.011087,0.346303,-0.770718,0.085892,0.380814,0.100970,0.036911,-0.182797,-0.394007,-0.155192,0.027617,-0.264976,-0.449853,-0.266722,0.039509,-0.298615,0.211657,-0.255825,-0.352847,0.079849,-0.081237,-0.311209
0.010005,-0.773960,0.084390,-0.111594,0.879497,-0.038802,0.144583,-0.332873,-0.015415,-0.057300,0.002358,-0.013110,-0.012518,0.873495,0.063458,-0.060901,-0.238059,0.028869,0.036449,0.021755,0.015114,0.352553,-0.795972,0.102605,0.376359,0.095012,0.060092,-0.190122,-0.404133,-0.146119,0.019056,-0.276390,-0.463309,-0.255064,0.036162,-0.280309,0.254918,-0.286785,-0.311121,0.099715,-0.124281,-0.239472
0.016247,-0.782218,0.082832,-0.119094,0.896291,-0.046243,0.145614,-0.349069,-0.025078,-0.055112,-0.009272,-0.022267,-0.009738,0.885551,0.062906,-0.059030,-0.245366,0.025525,0.044833,0.016877,0.011277,0.341889,-0.810222,0.104188,0.364530,0.090750,0.071387,-0.200442,-0.408018,-0.140567,0.014059,-0.282471,-0.474408,-0.237548,0.031098,-0.266897,0.314268,-0.326829,-0.271719,0.139098,-0.161175,-0.178730
0.020239,-0.785404,0.073886,-0.124012,0.903875,-0.055411,0.150680,-0.361099,-0.040911,-0.052255,-0.015153,-0.037589,-0.006848,0.886774,0.057726,-0.054209,-0.248565,0.015908,0.051304,0.019509,0.001191,0.319994,-0.805671,0.092032,0.342474,0.093324,0.069848,-0.216895,-0.400810,-0.137836,0.008487,-0.277991,-0.472716,-0.213959,0.031175,-0.258861,0.367341,-0.354370,-0.247482,0.186125,-0.171700,-0.152380
0.025655,-0.783214,0.067951,-0.124943,0.936304,-0.058529,0.146966,-0.347528,-0.038813,-0.056021,0.003383,-0.034943,-0.002781,0.900507,0.055102,-0.060819,-0.253563,0.019267,0.054761,0.020343,0.003756,0.296154,-0.796867,0.088331,0.325325,0.102903,0.077897,-0.221070,-0.380618,-0.126297,-0.003417,-0.270337,-0.441219,-0.193139,0.037093,-0.243906,0.407209,-0.369648,-0.221778,0.218337,-0.178707,-0.123711
0.032131,-0.780094,0.064728,-0.127324,0.972074,-0.060980,0.143189,-0.346710,-0.033376,-0.062643,0.017486,-0.028922,0.000726,0.917857,0.053475,-0.071121,-0.263443,0.026379,0.054418,0.020666,0.009868,0.271730,-0.791079,0.085257,0.314895,0.115953,0.088189,-0.218601,-0.357164,-0.112637,-0.001264,-0.253011,-0.404104,-0.174117,0.039890,-0.229340,0.440922,-0.385478,-0.195079,0.249228,-0.191141,-0.100551
0.039242,-0.780667,0.063646,-0.136879,0.989514,-0.067619,0.147394,-0.397137,-0.039623,-0.069183,-0.002013,-0.034362,0.001998,0.929877,0.051374,-0.077621,-0.281271,0.027695,0.049249,0.021867,0.010043,0.248634,-0.795816,0.074792,0.312936,0.128814,0.092547,-0.215179,-0.340438,-0.104450,0.036111,-0.220248,-0.385585,-0.154680,0.030437,-0.223039,0.476731,-0.414980,-0.168426,0.293691,-0.218121,-0.090941
0.046500,-0.783759,0.055800,-0.144613,1.016796,-0.078490,0.150675,-0.443569,-0.045574,-0.074107,-0.013638,-0.039529,0.002804,0.958299,0.042434,-0.088663,-0.298131,0.025342,0.041098,0.028099,0.006219,0.224102,-0.799174,0.059114,0.309044,0.130082,0.091337,-0.206335,-0.328509,-0.091880,0.076549,-0.197155,-0.373838,-0.130583,0.020983,-0.220244,0.512354,-0.441344,-0.147044,0.323903,-0.240353,-0.078585
0.050517,-0.787746,0.045058,-0.149020,1.040255,-0.085995,0.149071,-0.462836,-0.046201,-0.077098,-0.011481,-0.039584,0.001456,0.988988,0.032100,-0.100468,-0.305430,0.021321,0.032250,0.036419,0.000963,0.210331,-0.799062,0.047832,0.298151,0.121061,0.089215,-0.203014,-0.325666,-0.077904,0.094784,-0.194008,-0.370265,-0.106952,0.019157,-0.218253,0.534989,-0.451118,-0.137046,0.329359,-0.246765,-0.065412
0.058015,-0.789799,0.044990,-0.156305,1.064089,-0.087110,0.145705,-0.492244,-0.037796,-0.082813,-0.009575,-0.030592,0.014542,1.001371,0.042134,-0.095927,-0.321771,0.037066,0.042349,0.029577,0.015648,0.195722,-0.792701,0.041157,0.297558,0.111437,0.093755,-0.208918,-0.341189,-0.058701,0.121883,-0.209649,-0.412595,-0.060716,0.012876,-0.202310,0.576009,-0.462012,-0.120643,0.349879,-0.257498,-0.059868
0.062812,-0.790337,0.044511,-0.163156,1.088002,-0.085724,0.144755,-0.520105,-0.028845,-0.086753,-0.014281,-0.021083,0.024848,1.008830,0.050810,-0.091324,-0.342516,0.048552,0.052546,0.016373,0.026085,0.184544,-0.786248,0.034511,0.298659,0.104487,0.097491,-0.220030,-0.360546,-0.036074,0.145996,-0.232713,-0.454202,-0.007703,0.006548,-0.185461,0.620247,-0.470184,-0.111013,0.375401,-0.260408,-0.056733
0.059291,-0.789423,0.031977,-0.165461,1.112029,-0.086548,0.151152,-0.534434,-0.028590,-0.083928,-0.031678,-0.020475,0.014620,1.025096,0.037262,-0.102907,-0.362709,0.031706,0.043910,0.006048,0.008232,0.181153,-0.785531,0.023269,0.293433,0.103555,0.092959,-0.231578,-0.369389,-0.012121,0.155102,-0.251773,-0.448994,0.036143,0.005124,-0.181202,0.652629,-0.471086,-0.122197,0.395410,-0.243479,-0.051162
0.049907,-0.784483,0.018036,-0.169915,1.122319,-0.087583,0.149990,-0.535777,-0.028849,-0.085402,-0.042118,-0.020547,0.007130,1.033851,0.028441,-0.107633,-0.373775,0.015524,0.039512,-0.004947,-0.008391,0.180174,-0.778590,0.018296,0.291243,0.096402,0.094109,-0.237959,-0.383529,0.017023,0.153743,-0.263424,-0.438987,0.090344,0.002825,-0.166639,0.679711,-0.459983,-0.114977,0.407745,-0.227342,-0.019621
0.039344,-0.778136,0.009579,-0.176475,1.113500,-0.085245,0.140108,-0.523579,-0.026375,-0.092068,-0.040422,-0.017996,0.005635,1.030570,0.029332,-0.104616,-0.370255,0.008758,0.040075,-0.011166,-0.015014,0.181848,-0.768957,0.023340,0.289243,0.087131,0.104038,-0.238783,-0.396257,0.039643,0.142254,-0.262305,-0.424033,0.131784,0.001794,-0.146835,0.690043,-0.443868,-0.091010,0.407920,-0.221943,0.023624
0.029447,-0.769258,-0.002603,-0.172892,1.098936,-0.082459,0.132830,-0.496290,-0.018428,-0.084375,-0.040625,-0.010385,0.005517,1.030194,0.025474,-0.103243,-0.372858,-0.000959,0.041112,-0.035670,-0.023953,0.184380,-0.762470,0.011334,0.290155,0.079489,0.097417,-0.244869,-0.415427,0.037494,0.100558,-0.266754,-0.416614,0.168024,-0.005061,-0.145405,0.690925,-0.429009,-0.082727,0.380637,-0.202778,0.044626
0.020928,-0.757064,-0.014584,-0.164261,1.075644,-0.079015,0.127340,-0.464933,-0.008237,-0.070085,-0.044863,-0.000742,0.007076,1.023249,0.020796,-0.103548,-0.370784,-0.005559,0.039672,-0.066745,-0.027096,0.187329,-0.756534,-0.003551,0.291826,0.072203,0.087838,-0.256865,-0.441107,0.027448,0.056148,-0.281973,-0.408521,0.194445,-0.016429,-0.149282,0.685644,-0.420714,-0.079520,0.339878,-0.189604,0.055929
0.014368,-0.740785,-0.022443,-0.155508,1.040667,-0.074811,0.122805,-0.440476,0.000513,-0.057135,-0.055161,0.007487,0.011145,1.000164,0.018775,-0.105084,-0.353275,0.002649,0.033407,-0.092677,-0.016583,0.189507,-0.748590,-0.007321,0.291488,0.063934,0.088536,-0.276201,-0.473223,0.025848,0.036148,-0.313923,-0.391091,0.206537,-0.030773,-0.145352,0.677590,-0.424063,-0.071135,0.299746,-0.202127,0.069293
0.007356,-0.724517,-0.033222,-0.142423,0.999794,-0.072438,0.116135,-0.394837,0.008958,-0.036815,-0.053438,0.015152,0.016848,0.959302,0.013829,-0.104939,-0.330116,0.012978,0.030551,-0.112667,-0.003920,0.187592,-0.741434,-0.012996,0.296908,0.060673,0.090007,-0.300652,-0.511851,0.045083,-0.003962,-0.357192,-0.342405,0.207217,-0.048637,-0.145131,0.675316,-0.445143,-0.063715,0.250991,-0.237380,0.093511
0.003378,-0.716429,-0.041455,-0.132126,0.973399,-0.071413,0.111186,-0.350668,0.014720,-0.018788,-0.040435,0.020328,0.021611,0.921062,0.008431,-0.103879,-0.312834,0.020476,0.031910,-0.116692,0.004714,0.182373,-0.738683,-0.016563,0.308750,0.062629,0.096760,-0.312750,-0.541061,0.079425,-0.036652,-0.393799,-0.280978,0.193064,-0.062099,-0.148280,0.675364,-0.476296,-0.061279,0.212182,-0.281859,0.114780
-0.001860,-0.697301,-0.043071,-0.121026,0.923867,-0.064654,0.103097,-0.314327,0.028074,-0.011317,-0.037305,0.033186,0.028321,0.869869,0.010384,-0.096272,-0.278339,0.034503,0.036692,-0.098914,0.019749,0.165728,-0.733786,-0.030826,0.308425,0.079007,0.093574,-0.356160,-0.577315,0.106866,-0.091031,-0.418624,-0.201109,0.179194,-0.079183,-0.157325,0.723242,-0.553044,-0.066401,0.192133,-0.386436,0.109972
-0.005666,-0.673789,-0.041551,-0.110695,0.869044,-0.056752,0.096558,-0.286668,0.039595,-0.007455,-0.036720,0.044362,0.033519,0.818253,0.013332,-0.086943,-0.237978,0.046086,0.039773,-0.067001,0.031977,0.144502,-0.730930,-0.044961,0.309571,0.099033,0.092649,-0.393645,-0.608164,0.131578,-0.131762,-0.430274,-0.113442,0.162253,-0.095375,-0.166375,0.778623,-0.639856,-0.072743,0.185725,-0.500907,0.086930
-0.005253,-0.652449,-0.040141,-0.102589,0.826957,-0.052198,0.096462,-0.268358,0.039799,-0.000323,-0.031338,0.044426,0.033574,0.778888,0.011343,-0.080496,-0.202949,0.046721,0.036174,-0.028288,0.032574,0.124807,-0.734276,-0.047804,0.326071,0.111873,0.105877,-0.387795,-0.620868,0.158884,-0.122889,-0.427782,-0.027858,0.138280,-0.106150,-0.169648,0.800691,-0.701029,-0.073552,0.187058,-0.574893,0.054481
-0.007159,-0.630931,-0.038253,-0.095815,0.787595,-0.046992,0.096926,-0.252685,0.038135,-0.002602,-0.020439,0.042898,0.036402,0.745947,0.012704,-0.075032,-0.177843,0.055336,0.025558,0.005549,0.040983,0.104155,-0.756173,-0.049860,0.335042,0.121278,0.120169,-0.407222,-0.657254,0.176509,-0.121219,-0.442862,0.024577,0.109350,-0.124293,-0.175935,0.842473,-0.794691,-0.067198,0.191329,-0.676706,0.039150
-0.010470,-0.620020,-0.036855,-0.093689,0.770564,-0.043235,0.099124,-0.247285,0.035913,-0.011842,-0.009307,0.041113,0.041312,0.735792,0.015945,-0.072286,-0.175297,0.067350,0.014166,0.017505,0.052634,0.092714,-0.785805,-0.049241,0.340797,0.119666,0.133710,-0.428987,-0.706259,0.179086,-0.112538,-0.475311,0.023545,0.081810,-0.143014,-0.183926,0.871777,-0.879734,-0.058750,0.182740,-0.763313,0.040911
-0.009217,-0.587519,-0.029521,-0.097057,0.743305,-0.038138,0.100802,-0.252218,0.021387,-0.025239,-0.003805,0.027182,0.045217,0.710686,0.021699,-0.068014,-0.184310,0.078374,-0.003054,0.009888,0.064050,0.080032,-0.834583,-0.046969,0.371891,0.127283,0.159392,-0.409937,-0.732883,0.209948,0.012237,-0.511314,0.026031,0.027765,-0.148315,-0.206096,0.866359,-0.948585,-0.042473,0.181279,-0.819420,0.048925
-0.007904,-0.543090,-0.022437,-0.100974,0.715049,-0.033592,0.102587,-0.258624,0.002726,-0.036427,-0.004350,0.009047,0.047366,0.686160,0.026138,-0.063442,-0.196719,0.083173,-0.021647,-0.006945,0.069684,0.071826,-0.890942,-0.041561,0.409576,0.133262,0.190097,-0.381646,-0.760398,0.246287,0.169795,-0.562614,0.027644,-0.035374,-0.152285,-0.232132,0.831446,-1.000292,-0.018101,0.172318,-0.853001,0.070685
-0.010984,-0.496299,-0.021798,-0.100500,0.695080,-0.032024,0.105105,-0.257653,-0.012106,-0.038948,-0.011271,-0.005602,0.046878,0.677698,0.025364,-0.059777,-0.204399,0.076437,-0.037152,-0.022628,0.063927,0.073658,-0.943370,-0.031093,0.433935,0.126856,0.218686,-0.375075,-0.813192,0.264700,0.276462,-0.641471,0.021199,-0.089871,-0.167186,-0.251276,0.773144,-1.033292,0.015839,0.141285,-0.872427,0.112307
-0.017721,-0.437950,-0.015391,-0.098710,0.664695,-0.023559,0.108236,-0.257215,-0.026216,-0.041624,-0.024301,-0.019632,0.046928,0.671955,0.031906,-0.053382,-0.215844,0.069723,-0.048581,-0.051642,0.058791,0.074356,-1.037426,-0.017616,0.465478,0.128190,0.261097,-0.385497,-0.890949,0.287441,0.381673,-0.747935,0.004936,-0.159551,-0.186327,-0.280942,0.710711,-1.083233,0.056353,0.149531,-0.885360,0.156398
-0.024729,-0.397154,-0.006448,-0.096465,0.639130,-0.012211,0.110506,-0.257463,-0.032709,-0.042983,-0.036868,-0.026090,0.047920,0.671865,0.041702,-0.046760,-0.225270,0.065744,-0.049581,-0.079366,0.056142,0.073591,-1.126028,-0.008070,0.500566,0.133092,0.301849,-0.387407,-0.965071,0.304915,0.455842,-0.838240,-0.003116,-0.221198,-0.202631,-0.311511,0.658919,-1.131300,0.080657,0.175184,-0.892705,0.173997
-0.038282,-0.383049,-0.012014,-0.084730,0.620332,-0.010427,0.113141,-0.228526,-0.038290,-0.044921,-0.054043,-0.032335,0.052032,0.675950,0.040740,-0.037410,-0.228080,0.050495,-0.036351,-0.111830,0.042692,0.069329,-1.195145,0.010598,0.495879,0.142960,0.342880,-0.450207,-1.066162,0.280392,0.402389,-0.964593,-0.075326,-0.288615,-0.198709,-0.334862,0.592215,-1.149489,0.116834,0.238741,-0.826164,0.191226
-0.050113,-0.391505,-0.021771,-0.069558,0.607411,-0.012587,0.113961,-0.183401,-0.038836,-0.041710,-0.063925,-0.033964,0.056131,0.683258,0.034766,-0.027467,-0.215508,0.030035,-0.020774,-0.139139,0.024730,0.062705,-1.235964,0.032672,0.466368,0.164329,0.380642,-0.520001,-1.138984,0.240368,0.319147,-1.062381,-0.147893,-0.342603,-0.168688,-0.349312,0.521450,-1.121105,0.141923,0.280841,-0.707090,0.192661
-0.052274,-0.418292,-0.024928,-0.057309,0.599544,-0.012416,0.110223,-0.134966,-0.029985,-0.028104,-0.054572,-0.026173,0.056925,0.692838,0.030116,-0.019609,-0.178682,0.010730,-0.015250,-0.151252,0.008780,0.055508,-1.239588,0.052840,0.426693,0.204245,0.411938,-0.546372,-1.126526,0.215554,0.298164,-1.069274,-0.146975,-0.364127,-0.107206,-0.352822,0.459258,-1.028852,0.133569,0.243465,-0.557682,0.157289
-0.051738,-0.442446,-0.022935,-0.043531,0.588434,-0.007850,0.104299,-0.072307,-0.015632,-0.004760,-0.039679,-0.013346,0.059364,0.686327,0.029934,-0.007600,-0.126580,-0.004001,-0.007917,-0.151015,-0.002336,0.044683,-1.234740,0.080105,0.336915,0.237958,0.438691,-0.599018,-1.086769,0.199373,0.249022,-1.036576,-0.128664,-0.358091,-0.049790,-0.335333,0.391561,-0.901005,0.125712,0.095268,-0.393333,0.156396
-0.048805,-0.451895,-0.016839,-0.034971,0.579663,-0.001650,0.099099,-0.026783,-0.004052,0.016654,-0.026658,-0.002971,0.062681,0.666941,0.032946,0.002523,-0.085292,-0.008254,-0.002447,-0.138605,-0.004547,0.035693,-1.223779,0.100496,0.237589,0.248175,0.451033,-0.645798,-1.047328,0.200958,0.206088,-0.988389,-0.088299,-0.325392,-0.024823,-0.306875,0.350879,-0.802666,0.124135,-0.092799,-0.298985,0.186868
-0.045766,-0.448798,0.001233,-0.022487,0.545931,0.017152,0.092240,0.021086,0.020315,0.044301,-0.010831,0.020009,0.059894,0.624673,0.045990,0.006611,-0.045836,0.004614,-0.012274,-0.130534,0.010631,0.023909,-1.212066,0.117412,0.116005,0.249084,0.454417,-0.700048,-0.991996,0.219328,0.134845,-0.917260,-0.017978,-0.268257,-0.005956,-0.270743,0.354529,-0.729723,0.132767,-0.285534,-0.280723,0.242638
-0.042767,-0.438051,0.021500,-0.011769,0.502778,0.037516,0.084623,0.061598,0.040990,0.066856,0.000229,0.039314,0.055256,0.579149,0.060954,0.007513,-0.010838,0.024071,-0.024909,-0.122904,0.032054,0.012879,-1.201098,0.129929,-0.000153,0.232374,0.451054,-0.751492,-0.954540,0.245300,0.038603,-0.862901,0.053087,-0.201299,-0.007122,-0.231352,0.394391,-0.705546,0.152070,-0.410227,-0.324703,0.303129
-0.039685,-0.424684,0.034324,-0.008910,0.465610,0.048826,0.077034,0.085081,0.041551,0.072977,-0.001124,0.038759,0.052591,0.549855,0.069790,0.008033,0.016947,0.039574,-0.027693,-0.111996,0.048676,0.006455,-1.192396,0.137840,-0.082120,0.190627,0.442759,-0.787752,-0.968825,0.272134,-0.076335,-0.864909,0.095375,-0.140573,-0.042380,-0.192858,0.461514,-0.753440,0.181929,-0.395013,-0.415768,0.349537
-0.033033,-0.407325,0.051633,-0.002801,0.407211,0.064595,0.066018,0.121418,0.041531,0.077081,-0.001794,0.037085,0.048682,0.498983,0.081996,0.011396,0.050771,0.055122,-0.028660,-0.093801,0.065258,0.000140,-1.167206,0.149874,-0.153270,0.128767,0.431023,-0.805773,-0.987437,0.299382,-0.188361,-0.895778,0.148994,-0.086541,-0.099244,-0.142906,0.522161,-0.822644,0.212550,-0.345084,-0.532117,0.398510
-0.026184,-0.394603,0.064752,0.003150,0.356854,0.076414,0.056816,0.152512,0.040225,0.076857,-0.001319,0.034306,0.045214,0.452116,0.090630,0.015362,0.073860,0.061980,-0.027884,-0.077246,0.072517,-0.002476,-1.138025,0.159964,-0.200034,0.080039,0.421749,-0.809193,-1.004692,0.315655,-0.252976,-0.942918,0.198411,-0.047777,-0.146442,-0.102344,0.562531,-0.876759,0.233941,-0.270891,-0.615218,0.423723
-0.026066,-0.379214,0.079159,0.007386,0.300064,0.090662,0.048778,0.172094,0.032168,0.063208,-0.001758,0.025280,0.037704,0.408780,0.101701,0.017669,0.101613,0.062887,-0.029138,-0.045621,0.073119,-0.008091,-1.101983,0.142934,-0.206954,0.008937,0.383385,-0.765306,-1.024762,0.305005,-0.267623,-0.993669,0.214049,-0.017779,-0.215568,-0.083042,0.589758,-0.945604,0.196580,-0.196565,-0.706912,0.354299
-0.028105,-0.365068,0.084568,0.010361,0.253228,0.096194,0.041662,0.184195,0.021874,0.043341,-0.000369,0.014429,0.032526,0.372493,0.105178,0.020811,0.120406,0.054844,-0.028562,-0.017681,0.064396,-0.014043,-1.063456,0.117549,-0.185845,-0.065864,0.338353,-0.695361,-1.046023,0.282781,-0.234462,-1.035893,0.214139,0.001606,-0.282546,-0.074787,0.602560,-1.006378,0.138674,-0.144329,-0.787179,0.259860
-0.027570,-0.356024,0.070790,0.012302,0.232764,0.082057,0.035423,0.192748,0.014112,0.024605,0.005560,0.006441,0.035767,0.346911,0.091104,0.027395,0.116781,0.035045,-0.022164,-0.011981,0.043911,-0.018832,-1.026850,0.102770,-0.150586,-0.125749,0.308463,-0.622905,-1.066605,0.261426,-0.158320,-1.057020,0.215452,0.009309,-0.323163,-0.067113,0.597906,-1.037239,0.100136,-0.139847,-0.835496,0.208224
-0.027353,-0.338821,0.044928,0.018778,0.217158,0.056679,0.032836,0.194886,0.012156,0.009889,0.011540,0.004545,0.038786,0.323117,0.064849,0.031022,0.106923,0.010292,-0.012913,-0.002574,0.017795,-0.024917,-0.975507,0.078225,-0.101635,-0.189236,0.265713,-0.537752,-1.087557,0.228493,-0.044871,-1.078963,0.200322,0.011376,-0.355596,-0.068584,0.581868,-1.052379,0.052115,-0.173229,-0.862971,0.140366
-0.027378,-0.321984,0.019909,0.026291,0.214321,0.032399,0.034962,0.189660,0.016563,0.006298,0.014729,0.009161,0.039788,0.313186,0.039093,0.029587,0.095946,-0.007570,-0.005678,0.006059,-0.001447,-0.028644,-0.934947,0.056282,-0.077008,-0.223656,0.230626,-0.489525,-1.100781,0.199969,0.042815,-1.092033,0.183255,0.018950,-0.362016,-0.075276,0.571598,-1.044625,0.023611,-0.219210,-0.856941,0.083388
-0.031239,-0.299223,-0.013910,0.034844,0.206033,-0.000021,0.037148,0.185205,0.012000,0.012669,0.014490,0.004486,0.048897,0.292307,0.007008,0.033630,0.077249,-0.018968,-0.001946,0.004899,-0.014071,-0.035582,-0.888226,0.025813,-0.045180,-0.262121,0.185659,-0.438266,-1.122889,0.171205,0.101182,-1.091066,0.172581,0.025061,-0.351120,-0.092469,0.557851,-1.019809,0.004429,-0.253338,-0.833076,0.051820
-0.035063,-0.275381,-0.044715,0.041801,0.195178,-0.029788,0.037971,0.179488,0.008538,0.023077,0.010579,0.000721,0.056458,0.268608,-0.022518,0.036029,0.059540,-0.024668,-0.000445,-0.001428,-0.020565,-0.043536,-0.839960,-0.003898,-0.022772,-0.285816,0.143350,-0.398399,-1.131628,0.144614,0.132247,-1.069763,0.162708,0.033841,-0.332344,-0.108736,0.541568,-0.982207,-0.001520,-0.271762,-0.801687,0.046745
-0.035228,-0.255380,-0.060551,0.044674,0.184537,-0.045965,0.036147,0.170408,0.016261,0.031596,0.002690,0.008090,0.053096,0.250099,-0.040231,0.029684,0.051510,-0.025120,0.000096,-0.008208,-0.021139,-0.050975,-0.794755,-0.023354,-0.026026,-0.276133,0.115828,-0.384590,-1.104513,0.120562,0.138626,-1.021695,0.148087,0.048422,-0.315284,-0.112707,0.522982,-0.936398,0.009620,-0.271029,-0.773002,0.069979
-0.033586,-0.232323,-0.077182,0.046140,0.166960,-0.063411,0.033407,0.156673,0.018084,0.041654,-0.006302,0.009704,0.051876,0.222932,-0.058531,0.026945,0.045007,-0.027248,0.000731,-0.012934,-0.023420,-0.059698,-0.733720,-0.047589,-0.033378,-0.263936,0.079388,-0.373472,-1.068772,0.086670,0.122664,-0.984103,0.118505,0.061060,-0.290805,-0.119020,0.504005,-0.885831,0.026827,-0.265529,-0.735144,0.091137
-0.030892,-0.217618,-0.086299,0.045800,0.151357,-0.073698,0.031473,0.145239,0.012808,0.048636,-0.011824,0.004365,0.053814,0.200769,-0.068711,0.029504,0.043371,-0.030515,0.001435,-0.013166,-0.026811,-0.065518,-0.687246,-0.064336,-0.050422,-0.254309,0.050967,-0.376152,-1.042862,0.057911,0.086512,-0.975804,0.092301,0.074065,-0.270061,-0.121515,0.500034,-0.856575,0.045526,-0.251211,-0.707443,0.093723
-0.028466,-0.200514,-0.086369,0.043726,0.134794,-0.075030,0.026718,0.142947,0.009880,0.053882,-0.006101,0.001505,0.048581,0.169068,-0.071033,0.026787,0.041671,-0.029946,-0.001896,-0.021768,-0.025826,-0.069811,-0.623456,-0.069650,-0.066714,-0.234673,0.031693,-0.376741,-1.002166,0.023047,0.050794,-0.950348,0.048294,0.088065,-0.242011,-0.109650,0.492676,-0.811169,0.068412,-0.204963,-0.673852,0.098591
-0.025788,-0.183556,-0.082938,0.041200,0.119168,-0.072853,0.022350,0.140011,0.007577,0.056643,0.000793,-0.000556,0.042063,0.137205,-0.069960,0.023642,0.041659,-0.028929,-0.005452,-0.027298,-0.024487,-0.071829,-0.560076,-0.069332,-0.082259,-0.217565,0.017077,-0.375900,-0.961605,-0.012798,0.028451,-0.924210,-0.002132,0.099582,-0.211904,-0.094519,0.488033,-0.768318,0.087294,-0.150781,-0.644977,0.097616
-0.022209,-0.169296,-0.081486,0.039580,0.106390,-0.072528,0.021683,0.126618,0.004159,0.056262,-0.001323,-0.003500,0.040324,0.114451,-0.069906,0.025104,0.044997,-0.030940,-0.005271,-0.018500,-0.026888,-0.070824,-0.514800,-0.069083,-0.096926,-0.215585,0.002591,-0.375235,-0.935776,-0.044492,0.031081,-0.913993,-0.047156,0.105299,-0.184823,-0.087414,0.492675,-0.746460,0.093517,-0.112164,-0.631606,0.081182
-0.018166,-0.151077,-0.070574,0.036256,0.088367,-0.062942,0.019888,0.110352,0.003401,0.051491,0.001945,-0.003231,0.036700,0.090176,-0.060692,0.026345,0.047789,-0.031489,-0.007304,-0.011190,-0.027765,-0.068342,-0.457841,-0.063280,-0.106460,-0.208341,-0.007287,-0.361767,-0.883660,-0.074308,0.026272,-0.868758,-0.105858,0.104015,-0.144758,-0.078794,0.483913,-0.698949,0.086205,-0.065065,-0.578348,0.062120
-0.015718,-0.137951,-0.055687,0.033062,0.074182,-0.049042,0.018066,0.099461,0.005584,0.044905,0.009116,-0.000032,0.033256,0.076539,-0.047082,0.026963,0.048630,-0.030423,-0.010359,-0.008969,-0.026824,-0.065875,-0.417641,-0.054687,-0.110461,-0.198906,-0.008356,-0.344875,-0.831450,-0.087959,0.014111,-0.811210,-0.146216,0.100480,-0.111462,-0.071324,0.468842,-0.650211,0.070646,-0.030096,-0.512315,0.046242
-0.011995,-0.120934,-0.048979,0.027634,0.065506,-0.043761,0.015352,0.082740,0.005867,0.030151,0.011726,0.001504,0.028123,0.058513,-0.042078,0.024481,0.049408,-0.028580,-0.006961,-0.001944,-0.025390,-0.062029,-0.370026,-0.050874,-0.118858,-0.182320,-0.015524,-0.330946,-0.766254,-0.110261,-0.013993,-0.749177,-0.197438,0.089376,-0.073623,-0.071876,0.445560,-0.596228,0.049795,0.010182,-0.449600,0.030774
-0.007679,-0.104572,-0.043651,0.021695,0.059025,-0.039971,0.013117,0.063892,0.004399,0.014695,0.012212,0.001344,0.022666,0.043556,-0.038569,0.020698,0.048897,-0.025584,-0.001691,0.005191,-0.022876,-0.057565,-0.327421,-0.048006,-0.123938,-0.167089,-0.022135,-0.315372,-0.705172,-0.129082,-0.036338,-0.692497,-0.237702,0.073993,-0.037886,-0.076480,0.416797,-0.542538,0.026364,0.032819,-0.400558,0.012997
-0.003453,-0.093399,-0.032961,0.016934,0.051526,-0.030583,0.012627,0.046838,0.001303,0.005954,0.013321,-0.000561,0.018297,0.039155,-0.029472,0.017385,0.045924,-0.021030,0.000725,0.007893,-0.018676,-0.053260,-0.302317,-0.042218,-0.118486,-0.161641,-0.021436,-0.294848,-0.664868,-0.131929,-0.033249,-0.650946,-0.244429,0.058136,-0.010992,-0.081006,0.385770,-0.494691,0.002943,0.015525,-0.375302,-0.010282
0.001588,-0.081387,-0.026899,0.012086,0.046505,-0.025922,0.011487,0.033681,-0.005203,-0.002407,0.016005,-0.006010,0.013848,0.034331,-0.025130,0.012504,0.037692,-0.016326,0.001339,0.006667,-0.014406,-0.043098,-0.269323,-0.038360,-0.109319,-0.142452,-0.021601,-0.271075,-0.609498,-0.128422,-0.042564,-0.586063,-0.243162,0.052499,0.012231,-0.081910,0.356480,-0.435454,-0.024689,0.024433,-0.323288,-0.039614
0.004938,-0.074543,-0.028470,0.009632,0.046500,-0.028314,0.010355,0.030954,-0.011810,-0.006145,0.018823,-0.012239,0.011592,0.031449,-0.027707,0.008564,0.028235,-0.013886,-0.000087,0.002011,-0.012266,-0.032222,-0.244911,-0.038304,-0.094892,-0.119712,-0.021408,-0.249231,-0.567636,-0.118871,-0.052187,-0.531419,-0.231544,0.054235,0.019336,-0.081215,0.336742,-0.396143,-0.045568,0.048799,-0.271918,-0.064595
0.007194,-0.068581,-0.023116,0.002632,0.038301,-0.024224,0.005490,0.018625,-0.015025,-0.006469,0.008147,-0.015435,0.010272,0.021188,-0.022939,0.006759,0.022304,-0.004116,-0.004144,0.000977,-0.002806,-0.020425,-0.218417,-0.038830,-0.077584,-0.085855,-0.018949,-0.217878,-0.497028,-0.112227,-0.039346,-0.454476,-0.216554,0.046356,0.037781,-0.088562,0.317449,-0.359032,-0.075610,0.092892,-0.239889,-0.097864
0.008493,-0.062324,-0.019439,-0.004026,0.029303,-0.021606,0.000726,0.005708,-0.018635,-0.004178,-0.003991,-0.019127,0.008425,0.011425,-0.019767,0.004553,0.015010,0.002379,-0.008968,-0.000896,0.003346,-0.009459,-0.194566,-0.039086,-0.062333,-0.054101,-0.016326,-0.189503,-0.431140,-0.107386,-0.028249,-0.388435,-0.207873,0.042181,0.065011,-0.097076,0.306311,-0.320084,-0.104060,0.147280,-0.205963,-0.128617
0.008949,-0.054588,-0.026043,-0.005490,0.027026,-0.028425,-0.000115,0.001271,-0.026386,-0.000045,-0.005553,-0.026797,0.004633,0.010048,-0.027105,-0.000542,0.001444,-0.005114,-0.012668,-0.008172,-0.004538,-0.001135,-0.178049,-0.038350,-0.053741,-0.037637,-0.015581,-0.176546,-0.403440,-0.102898,-0.042805,-0.366512,-0.215773,0.054679,0.098359,-0.100125,0.310628,-0.275340,-0.120658,0.202328,-0.148708,-0.146347
0.008418,-0.048488,-0.027921,-0.006061,0.018833,-0.030238,-0.000754,-0.002993,-0.033176,0.005126,-0.007110,-0.033529,0.003347,0.003252,-0.029062,-0.001223,-0.009293,-0.012469,-0.010510,-0.012968,-0.012259,0.006813,-0.156659,-0.035947,-0.051950,-0.005742,-0.012002,-0.167463,-0.351244,-0.093208,-0.059508,-0.324096,-0.205108,0.067552,0.125632,-0.097759,0.317478,-0.239629,-0.131901,0.259597,-0.127042,-0.162458
0.007154,-0.047129,-0.024160,-0.005456,0.008769,-0.026158,-0.000876,-0.004989,-0.035644,0.008721,-0.007995,-0.035995,0.005166,-0.005646,-0.024692,0.002812,-0.011888,-0.016028,-0.003665,-0.012960,-0.015976,0.010325,-0.141143,-0.033111,-0.051928,0.024987,-0.006115,-0.160625,-0.301404,-0.081782,-0.063678,-0.283323,-0.179061,0.068726,0.132469,-0.093573,0.316583,-0.232316,-0.135373,0.283741,-0.152918,-0.172601
0.006353,-0.042524,-0.023843,-0.008757,0.002241,-0.026147,-0.003080,-0.013973,-0.039135,0.008267,-0.011666,-0.039195,0.002731,-0.007859,-0.024645,-0.000019,-0.015148,-0.014537,0.000766,-0.010995,-0.014793,0.012529,-0.128610,-0.034182,-0.055594,0.062750,-0.002078,-0.154600,-0.234318,-0.066238,-0.055972,-0.209743,-0.164599,0.087243,0.152226,-0.090185,0.328101,-0.201718,-0.147669,0.337821,-0.140472,-0.180283
0.005345,-0.037466,-0.021582,-0.011724,-0.001510,-0.024126,-0.004695,-0.020090,-0.042321,0.008308,-0.015391,-0.042262,0.001276,-0.006297,-0.022451,-0.002620,-0.018764,-0.009387,0.004051,-0.011408,-0.009827,0.012774,-0.118850,-0.035921,-0.067069,0.099755,0.000484,-0.156028,-0.165821,-0.049242,-0.054803,-0.135187,-0.154289,0.112721,0.173721,-0.085198,0.343073,-0.163906,-0.157110,0.388516,-0.118438,-0.182147
0.003493,-0.034746,-0.011940,-0.010000,-0.003328,-0.013962,-0.002928,-0.013449,-0.043862,0.013557,-0.016464,-0.044318,0.006145,-0.003834,-0.011574,0.002237,-0.022289,-0.001911,0.007521,-0.018435,-0.002134,0.010464,-0.111555,-0.035116,-0.090272,0.128324,0.002071,-0.171365,-0.111642,-0.033116,-0.078931,-0.091178,-0.140645,0.134685,0.185926,-0.076205,0.352336,-0.134995,-0.152440,0.402254,-0.114998,-0.175910
0.001765,-0.030630,-0.004599,-0.009114,-0.006522,-0.006225,-0.001840,-0.011402,-0.044417,0.015256,-0.021073,-0.045272,0.006558,-0.000654,-0.003835,0.003303,-0.023493,-0.000110,0.006094,-0.024764,-0.000022,0.007818,-0.102447,-0.038375,-0.124612,0.170734,0.000334,-0.201028,-0.049770,-0.010980,-0.112641,-0.020757,-0.124034,0.168709,0.203329,-0.067441,0.377969,-0.102548,-0.161524,0.440706,-0.091389,-0.183660
0.001029,-0.027223,-0.003227,-0.009513,-0.009491,-0.004783,-0.001984,-0.015049,-0.043662,0.012488,-0.026991,-0.044603,0.002302,0.001546,-0.003105,0.000039,-0.021933,-0.004910,0.000451,-0.027388,-0.004569,0.006102,-0.096140,-0.044053,-0.155430,0.205896,-0.004050,-0.232452,-0.011058,0.006293,-0.141203,0.040794,-0.112569,0.200352,0.217152,-0.062649,0.408561,-0.083156,-0.180338,0.486312,-0.059818,-0.201389
0.001565,-0.022410,0.003737,-0.006198,-0.007719,0.002585,0.001536,-0.013537,-0.037226,0.013522,-0.030526,-0.038426,-0.000769,0.003927,0.003208,-0.001250,-0.013384,-0.004298,-0.001457,-0.030001,-0.003267,0.002882,-0.084040,-0.033311,-0.210754,0.217844,-0.004258,-0.283863,0.022456,0.046346,-0.246706,0.088450,-0.092240,0.235143,0.258600,-0.047003,0.436156,-0.024779,-0.191348,0.582840,0.008802,-0.241881
0.002660,-0.017450,0.011821,-0.003237,-0.005344,0.010941,0.003939,-0.009356,-0.027837,0.013432,-0.030238,-0.029230,-0.002498,0.005427,0.010788,-0.001273,-0.003641,-0.000823,-0.001098,-0.032272,0.000959,0.000444,-0.070092,-0.017389,-0.273746,0.212194,-0.005667,-0.340779,0.045354,0.087780,-0.369959,0.127073,-0.064171,0.272376,0.311807,-0.029241,0.465676,0.045705,-0.197779,0.700224,0.093412,-0.282358
0.003912,-0.013544,0.016609,-0.004342,-0.006428,0.015413,0.000829,-0.005037,-0.018163,0.007661,-0.024728,-0.019445,-0.002358,0.005011,0.015392,-0.000378,0.001510,0.003068,0.000439,-0.033785,0.005272,0.001359,-0.058188,-0.007460,-0.327110,0.194404,-0.013931,-0.388256,0.051813,0.109315,-0.451474,0.161397,-0.029900,0.311321,0.361004,-0.018420,0.501677,0.101309,-0.203928,0.807995,0.172430,-0.301418
0.005220,-0.007288,0.021347,-0.002995,-0.006875,0.020178,0.000992,0.001172,-0.014859,0.006496,-0.014804,-0.015899,-0.002983,0.004724,0.019802,0.000756,0.010122,0.003481,-0.002887,-0.036242,0.006351,0.004049,-0.043200,-0.002596,-0.380787,0.166049,-0.031031,-0.431379,0.065130,0.130773,-0.556719,0.209062,0.006088,0.348401,0.416433,-0.015929,0.530914,0.172762,-0.221393,0.922006,0.277217,-0.337634
0.005857,-0.001833,0.023612,0.000094,-0.006459,0.022807,0.004306,0.006187,-0.019597,0.010515,-0.005412,-0.020381,-0.004171,0.004708,0.021754,0.001453,0.017900,0.000124,-0.009558,-0.038424,0.003565,0.007112,-0.032578,-0.005295,-0.414518,0.141861,-0.049297,-0.454920,0.079791,0.140882,-0.639601,0.246561,0.024804,0.371653,0.450546,-0.021854,0.544075,0.224901,-0.241713,0.990338,0.356808,-0.373585
0.006552,0.002767,0.022579,0.000265,-0.009460,0.021720,0.002962,0.006621,-0.015829,0.013054,-0.008612,-0.016883,-0.002406,0.001074,0.020944,0.002895,0.022056,0.005485,-0.010506,-0.036365,0.009036,0.013527,-0.027078,0.006077,-0.427881,0.083028,-0.058008,-0.456884,0.061549,0.148009,-0.629714,0.228006,0.025423,0.379673,0.466994,-0.016963,0.534241,0.262856,-0.222231,0.987106,0.404025,-0.338469
0.006802,0.005513,0.019733,-0.000732,-0.010987,0.018704,0.000253,0.006297,-0.009868,0.011926,-0.013519,-0.011220,0.000302,-0.003641,0.018568,0.004275,0.021980,0.012679,-0.008754,-0.031435,0.015914,0.020579,-0.026701,0.014897,-0.418023,0.028055,-0.062407,-0.434476,0.047618,0.146331,-0.554587,0.198714,0.020810,0.366258,0.455482,-0.015167,0.498050,0.276398,-0.188559,0.911205,0.406231,-0.268682
0.006313,0.005462,0.016414,-0.000976,-0.006041,0.015404,-0.000327,0.009112,-0.008295,0.005265,-0.009300,-0.009487,0.002093,-0.006801,0.015674,0.004925,0.017223,0.014762,-0.007173,-0.024820,0.017286,0.025832,-0.031333,0.004292,-0.382038,0.015545,-0.068782,-0.385159,0.075231,0.129045,-0.441637,0.204878,0.022858,0.325700,0.405950,-0.030371,0.432386,0.255943,-0.166194,0.761161,0.352697,-0.200954
0.006099,0.004857,0.012306,-0.001472,-0.002998,0.011243,-0.000666,0.006691,-0.006285,-0.004386,-0.006153,-0.007023,0.001264,-0.008730,0.011453,0.003424,0.012591,0.012456,-0.002367,-0.020163,0.014455,0.030265,-0.035055,-0.004256,-0.328032,0.006386,-0.068529,-0.318673,0.097450,0.101344,-0.290969,0.196399,-0.002582,0.263320,0.326402,-0.039653,0.342161,0.213352,-0.139896,0.570450,0.274929,-0.131735
0.006245,0.003953,0.009410,-0.001967,-0.003452,0.008253,-0.000607,0.000227,-0.004849,-0.012206,-0.005653,-0.005068,-0.001806,-0.008503,0.007961,0.000489,0.010349,0.006826,0.003181,-0.019812,0.008746,0.031609,-0.036004,-0.006473,-0.284934,0.005341,-0.062208,-0.270199,0.103835,0.076836,-0.180322,0.177344,-0.043612,0.212466,0.256438,-0.038748,0.273617,0.170260,-0.124208,0.435270,0.213040,-0.097668
0.006924,0.000001,0.009887,0.001002,-0.002710,0.009045,0.000978,0.005751,-0.001792,-0.023487,-0.000896,-0.001902,-0.000868,-0.008781,0.008474,0.001906,0.010949,0.005339,0.006132,-0.018441,0.007228,0.032019,-0.037671,-0.009113,-0.228269,0.006941,-0.052289,-0.211578,0.098076,0.048129,-0.060385,0.146931,-0.081807,0.142626,0.158936,-0.034748,0.189873,0.091619,-0.100877,0.275166,0.109446,-0.051764
0.007606,-0.006053,0.011715,0.002968,0.000232,0.011040,0.001557,0.013558,0.002372,-0.032805,0.004887,0.002262,0.000175,-0.008313,0.010353,0.003168,0.013356,0.007173,0.006411,-0.015461,0.009018,0.031744,-0.042340,-0.009925,-0.176241,0.004814,-0.041515,-0.160658,0.078334,0.020557,0.033978,0.111664,-0.121339,0.076925,0.068277,-0.029925,0.115129,0.011157,-0.077785,0.143122,0.017127,-0.010735
0.008113,-0.013407,0.012789,-0.000212,0.006159,0.011566,-0.001109,0.013842,0.007074,-0.034464,0.008356,0.007157,-0.002174,-0.006038,0.010882,0.000161,0.016243,0.011433,0.004258,-0.010564,0.013163,0.031328,-0.052415,-0.006731,-0.146624,-0.007565,-0.032645,-0.134785,0.042581,-0.000582,0.068456,0.078017,-0.166083,0.038770,0.018736,-0.026453,0.074102,-0.037637,-0.062185,0.092683,-0.011059,0.009774
0.009193,-0.020711,0.014681,-0.000847,0.011055,0.013201,-0.001643,0.016260,0.011302,-0.029545,0.011473,0.011368,-0.004450,-0.006040,0.012144,-0.001652,0.020028,0.012412,0.001919,-0.005759,0.014074,0.030734,-0.058286,0.001498,-0.116166,-0.021463,-0.020012,-0.110076,-0.001025,-0.017251,0.094239,0.036676,-0.207120,-0.003289,-0.035517,-0.016366,0.032034,-0.096620,-0.040350,0.059743,-0.044605,0.026906
0.010234,-0.024362,0.016369,0.001280,0.012400,0.015047,0.000126,0.019493,0.012873,-0.020583,0.012546,0.012723,-0.005625,-0.008341,0.013424,-0.001471,0.022805,0.009510,0.000444,-0.003411,0.011183,0.030208,-0.057058,0.010557,-0.099884,-0.029969,-0.010019,-0.098680,-0.030620,-0.021252,0.098670,0.008545,-0.223966,-0.028492,-0.067483,-0.004921,0.009629,-0.136429,-0.023432,0.060399,-0.066839,0.031895
0.008999,-0.033817,0.018634,0.000455,0.005042,0.017377,-0.001454,0.022440,0.006369,-0.010472,0.014418,0.006002,-0.003067,-0.007980,0.016380,0.002746,0.023038,0.003804,0.002028,-0.000399,0.005272,0.027367,-0.060304,0.019654,-0.084866,-0.041910,0.000500,-0.089116,-0.069756,-0.035294,0.072557,-0.026294,-0.229773,-0.046685,-0.090917,0.005381,-0.005868,-0.173167,0.006867,0.104827,-0.061207,0.062267
0.006826,-0.043521,0.022065,-0.000049,-0.002391,0.021053,-0.002541,0.025263,0.000193,-0.001165,0.015318,-0.000433,-0.000644,-0.005241,0.020654,0.006593,0.023639,-0.000484,0.004213,0.003718,0.000744,0.024352,-0.064527,0.028860,-0.075008,-0.053651,0.010381,-0.085189,-0.109699,-0.048354,0.032842,-0.063750,-0.230698,-0.054616,-0.105129,0.015906,-0.012247,-0.197906,0.035935,0.162044,-0.035209,0.095299
0.005300,-0.048071,0.027066,0.003183,-0.001471,0.026736,0.000874,0.027822,0.002613,0.005550,0.013195,0.001653,-0.001990,-0.000495,0.025690,0.005900,0.027384,0.000627,0.004706,0.009357,0.001748,0.023492,-0.066421,0.037987,-0.073777,-0.061882,0.018164,-0.090332,-0.142038,-0.049703,-0.002950,-0.100314,-0.232922,-0.049173,-0.109695,0.027680,-0.007226,-0.202059,0.048910,0.201092,0.003465,0.107732
0.003123,-0.052375,0.029192,0.007069,-0.001849,0.029731,0.006494,0.024052,-0.000581,0.014505,0.004008,-0.001923,-0.003554,0.002222,0.027934,0.005068,0.027812,-0.002183,0.005386,0.013549,-0.001283,0.020269,-0.069839,0.047556,-0.069496,-0.058442,0.031079,-0.090720,-0.155102,-0.040359,-0.047832,-0.119550,-0.209352,-0.045840,-0.106106,0.037042,-0.002357,-0.202327,0.060412,0.239082,0.030964,0.125182
0.001336,-0.054179,0.027427,0.009683,-0.003196,0.028600,0.011522,0.015993,-0.007743,0.021219,-0.007483,-0.009326,-0.004612,0.001591,0.026313,0.004452,0.024734,-0.007446,0.005853,0.014237,-0.006772,0.016298,-0.072968,0.052806,-0.062376,-0.045154,0.043031,-0.084190,-0.142438,-0.024632,-0.077132,-0.111966,-0.171309,-0.048157,-0.096193,0.038657,-0.001959,-0.198583,0.064175,0.254867,0.033601,0.138737
0.001508,-0.054382,0.028233,0.009227,-0.000870,0.029323,0.011453,0.014384,-0.004247,0.022809,-0.010792,-0.005964,-0.001281,0.004539,0.027711,0.007499,0.028388,-0.004193,0.010272,0.009232,-0.002963,0.013170,-0.074628,0.055107,-0.052101,-0.033545,0.051771,-0.078396,-0.139877,-0.002582,-0.090770,-0.123847,-0.121667,-0.053893,-0.095931,0.039334,-0.006118,-0.203200,0.069472,0.252087,0.012378,0.154975
0.002758,-0.053531,0.030931,0.008085,0.004905,0.031686,0.010051,0.016038,0.005090,0.020097,-0.010274,0.003314,0.001796,0.009267,0.030755,0.010526,0.034055,-0.000368,0.014225,0.005489,0.001458,0.010223,-0.074656,0.057137,-0.038077,-0.023959,0.060091,-0.069749,-0.142809,0.017609,-0.081521,-0.147793,-0.073460,-0.062183,-0.101629,0.041132,-0.015327,-0.208857,0.075996,0.226477,-0.019972,0.169156
0.004162,-0.052078,0.034836,0.008736,0.014060,0.035493,0.011187,0.017929,0.015365,0.014076,-0.010031,0.013577,-0.000048,0.013986,0.034074,0.009808,0.037011,-0.003883,0.013218,0.010013,-0.002163,0.006811,-0.072850,0.061483,-0.020305,-0.016693,0.070572,-0.055178,-0.146626,0.027608,-0.042489,-0.176579,-0.039902,-0.071653,-0.109492,0.046178,-0.029555,-0.208154,0.083580,0.174174,-0.050635,0.176975
0.005523,-0.048075,0.034387,0.007468,0.021957,0.034682,0.010824,0.017497,0.019858,0.007514,-0.007222,0.018349,-0.001880,0.019226,0.033054,0.008460,0.038530,-0.009553,0.010260,0.008658,-0.007673,0.003667,-0.067762,0.060302,-0.007569,-0.009222,0.073545,-0.042664,-0.140489,0.030680,0.000593,-0.211942,-0.007535,-0.078263,-0.104617,0.043677,-0.039930,-0.196409,0.082850,0.104776,-0.078745,0.157653
0.006187,-0.043520,0.029910,0.004901,0.024651,0.029760,0.009121,0.014948,0.016471,0.003653,-0.003303,0.015392,-0.002805,0.022345,0.028302,0.007137,0.037856,-0.014443,0.006813,0.002130,-0.012222,0.002404,-0.061903,0.054279,0.000396,-0.005915,0.068887,-0.031761,-0.128130,0.026612,0.033045,-0.236933,0.008744,-0.085058,-0.089950,0.032864,-0.047609,-0.179909,0.072272,0.046334,-0.090427,0.119321
0.005707,-0.040119,0.033094,0.006400,0.018285,0.033231,0.010910,0.010056,0.016192,0.004879,0.000164,0.015646,-0.003299,0.024265,0.031502,0.007706,0.039734,-0.016859,0.004437,0.004713,-0.014713,0.000702,-0.058392,0.054203,0.013305,-0.007580,0.070639,-0.017466,-0.122408,0.036481,0.054839,-0.250910,0.044700,-0.086547,-0.091854,0.034289,-0.049043,-0.177600,0.063746,0.015592,-0.111093,0.085791
0.004463,-0.037125,0.037799,0.008554,0.008073,0.038414,0.012999,0.004199,0.015982,0.007682,0.001752,0.015899,-0.002611,0.025639,0.036577,0.009011,0.037947,-0.016890,0.004453,0.007933,-0.015070,-0.000823,-0.056914,0.055338,0.025220,-0.014033,0.072595,-0.004054,-0.119398,0.050237,0.064083,-0.254540,0.072349,-0.085900,-0.095704,0.037595,-0.047134,-0.178527,0.054555,0.004246,-0.123451,0.060819
0.002841,-0.033626,0.038086,0.007888,-0.000645,0.038830,0.012151,-0.001200,0.013121,0.008556,0.000088,0.013253,0.000010,0.027233,0.037650,0.009885,0.026476,-0.014336,0.008171,0.003533,-0.012931,-0.001472,-0.056990,0.053105,0.030670,-0.025039,0.068762,0.004652,-0.115244,0.057935,0.059802,-0.248546,0.063845,-0.086646,-0.086854,0.032420,-0.045218,-0.171614,0.041919,0.003539,-0.110160,0.048096
0.001213,-0.030278,0.035970,0.008295,-0.008829,0.036992,0.012446,-0.006552,0.008224,0.011369,-0.000402,0.008633,0.001686,0.026627,0.036139,0.009383,0.013051,-0.011993,0.011836,0.001593,-0.011262,-0.002031,-0.056601,0.052609,0.040350,-0.032898,0.068294,0.017929,-0.104685,0.073386,0.052047,-0.229764,0.065985,-0.084827,-0.079234,0.030377,-0.040574,-0.167485,0.035400,0.014773,-0.106591,0.055502
0.000293,-0.028832,0.032581,0.009454,-0.012513,0.033893,0.013623,-0.009315,0.003823,0.014583,0.000414,0.004436,0.001446,0.024028,0.032874,0.007626,0.004289,-0.011023,0.013462,0.003003,-0.010889,-0.002374,-0.055984,0.054164,0.052838,-0.033961,0.072227,0.032614,-0.093322,0.089679,0.048161,-0.207909,0.078456,-0.084966,-0.077003,0.031347,-0.039159,-0.168534,0.037199,0.028594,-0.114861,0.078364
0.000211,-0.028731,0.023470,0.008306,-0.016441,0.024631,0.012383,-0.011615,-0.006965,0.015004,-0.002203,-0.006393,0.005205,0.023610,0.024459,0.007149,-0.016639,-0.009286,0.021451,-0.001661,-0.010074,-0.003395,-0.053004,0.050437,0.063855,-0.030466,0.071298,0.042115,-0.086224,0.108724,0.010434,-0.205044,0.071879,-0.086270,-0.082904,0.030034,-0.026657,-0.198643,0.029790,0.048170,-0.155529,0.079341
0.000553,-0.029176,0.013926,0.005715,-0.021933,0.014668,0.009633,-0.014343,-0.019517,0.012221,-0.003865,-0.018873,0.010111,0.022031,0.015735,0.007476,-0.037476,-0.005304,0.028960,-0.009773,-0.006801,-0.005946,-0.050548,0.043357,0.072057,-0.023188,0.067899,0.046179,-0.083204,0.127276,-0.041886,-0.211247,0.055363,-0.083827,-0.090999,0.027758,-0.008697,-0.234771,0.022679,0.072125,-0.203157,0.082227
0.000942,-0.029224,0.009338,0.002634,-0.030235,0.009577,0.006367,-0.018331,-0.028999,0.005939,0.000006,-0.027805,0.013370,0.016110,0.011651,0.008196,-0.045771,0.002542,0.029177,-0.018485,0.001077,-0.010932,-0.051258,0.035022,0.075948,-0.012635,0.064560,0.044429,-0.083918,0.142205,-0.089871,-0.216470,0.038518,-0.072886,-0.095082,0.025999,0.008825,-0.253580,0.025222,0.098533,-0.232118,0.110851
0.001493,-0.027970,0.003156,0.003581,-0.037502,0.003440,0.005474,-0.022171,-0.028154,0.001239,0.010215,-0.025996,0.015384,0.009953,0.005716,0.009053,-0.044994,0.006773,0.028654,-0.027093,0.005880,-0.014585,-0.043929,0.019840,0.072696,-0.003267,0.050005,0.031510,-0.096886,0.152399,-0.154949,-0.222690,0.021812,-0.047390,-0.099583,0.024823,0.042975,-0.276870,0.028162,0.142509,-0.251328,0.138785
0.001878,-0.026113,-0.001482,0.007942,-0.040185,-0.000633,0.007255,-0.024057,-0.017341,0.000345,0.021508,-0.014292,0.015076,0.006554,0.000943,0.009549,-0.035629,0.005294,0.027553,-0.031334,0.005223,-0.015182,-0.032332,0.005444,0.064262,0.000145,0.031647,0.014388,-0.115819,0.152869,-0.204069,-0.227171,0.013687,-0.020611,-0.102373,0.024714,0.076086,-0.293151,0.030127,0.181237,-0.251360,0.152466
0.002803,-0.027358,-0.015055,0.015957,-0.037871,-0.013172,0.006885,-0.010119,0.006095,0.002778,0.032749,0.008931,0.018111,0.004223,-0.012257,0.011618,-0.027382,0.003460,0.039701,-0.041106,0.004605,-0.020078,-0.025775,-0.004932,0.055227,0.023117,0.024735,-0.002455,-0.112577,0.165461,-0.190906,-0.196119,0.036530,0.013244,-0.079158,0.023511,0.096569,-0.253947,0.051250,0.161466,-0.224767,0.172901
0.004147,-0.026948,-0.026759,0.022497,-0.031948,-0.024104,0.005641,0.002945,0.032836,0.006413,0.042281,0.035370,0.021562,0.003971,-0.023586,0.013486,-0.018091,0.006200,0.053434,-0.048838,0.008530,-0.024869,-0.022095,-0.016404,0.046524,0.054506,0.019803,-0.015891,-0.090810,0.179352,-0.147051,-0.150198,0.085167,0.050850,-0.051189,0.020364,0.110923,-0.190853,0.070334,0.120195,-0.189556,0.183005
0.005839,-0.020284,-0.025984,0.022344,-0.023958,-0.023585,0.004763,-0.001624,0.053369,0.009128,0.048347,0.056528,0.022513,0.006719,-0.022953,0.013378,-0.005703,0.018217,0.056976,-0.047010,0.021256,-0.025153,-0.019201,-0.034279,0.038996,0.083101,0.007120,-0.022826,-0.054167,0.183577,-0.104117,-0.110266,0.154237,0.088784,-0.039755,0.014121,0.125834,-0.135407,0.065815,0.094494,-0.163303,0.166020
0.006955,-0.015878,-0.025534,0.022215,-0.018666,-0.023310,0.004161,-0.004703,0.066977,0.010930,0.052364,0.070550,0.023114,0.008542,-0.022600,0.013272,0.002545,0.026154,0.059284,-0.045812,0.029663,-0.025329,-0.017277,-0.046283,0.033964,0.102155,-0.001398,-0.027606,-0.029698,0.186303,-0.075782,-0.083246,0.200214,0.114078,-0.032126,0.009883,0.135754,-0.098430,0.062789,0.077466,-0.145780,0.154491
