body_0_w,body_0_x,body_0_y,body_0_z,body_1_w,body_1_x,body_1_y,body_1_z,body_2_w,body_2_x,body_2_y,body_2_z,body_3_w,body_3_x,body_3_y,body_3_z,body_4_w,body_4_x,body_4_y,body_4_z,body_5_w,body_5_x,body_5_y,body_5_z,body_6_w,body_6_x,body_6_y,body_6_z,body_7_w,body_7_x,body_7_y,body_7_z,body_8_w,body_8_x,body_8_y,body_8_z,body_9_w,body_9_x,body_9_y,body_9_z,body_10_w,body_10_x,body_10_y,body_10_z,body_11_w,body_11_x,body_11_y,body_11_z,body_12_w,body_12_x,body_12_y,body_12_z,body_13_w,body_13_x,body_13_y,body_13_z
0.999932,0.003107,-0.011249,-0.000279,0.996659,0.054408,-0.060848,0.002699,0.988924,0.030628,0.094967,0.109872,0.994153,-0.007928,0.007480,0.107434,0.996319,-0.038773,-0.076360,-0.003690,0.993593,-0.023476,0.088184,-0.066676,0.997896,0.002709,-0.011815,-0.063698,0.999365,-0.000211,0.029433,-0.020094,0.980864,0.188878,0.040674,-0.023998,0.758933,0.282689,0.573286,-0.124301,0.719946,0.339621,0.574249,-0.191243,0.980471,-0.196062,-0.011524,-0.010165,0.747127,-0.324709,0.561800,0.144037,0.715456,-0.336240,0.569683,0.224783
0.999930,0.003108,-0.011382,-0.000337,0.996658,0.054423,-0.060860,0.002643,0.988935,0.030649,0.094845,0.109874,0.994162,-0.007805,0.006941,0.107390,0.996333,-0.038920,-0.076109,-0.003747,0.993538,-0.023514,0.088385,-0.067207,0.997864,0.002920,-0.011475,-0.064237,0.999383,-0.000159,0.028902,-0.019981,0.980833,0.189079,0.040652,-0.023749,0.758842,0.282780,0.573423,-0.124018,0.719363,0.339461,0.574864,-0.191870,0.980458,-0.196134,-0.011375,-0.010219,0.747324,-0.324491,0.561723,0.143802,0.715371,-0.335874,0.569998,0.224801
0.999929,0.003118,-0.011493,-0.000305,0.996656,0.054407,-0.060913,0.002676,0.988943,0.030632,0.094774,0.109871,0.994169,-0.007672,0.006561,0.107357,0.996347,-0.039066,-0.075852,-0.003716,0.993487,-0.023563,0.088603,-0.067660,0.997838,0.003078,-0.011188,-0.064694,0.999399,-0.000105,0.028429,-0.019828,0.980799,0.189289,0.040630,-0.023477,0.758789,0.282836,0.573540,-0.123670,0.718850,0.339379,0.575367,-0.192429,0.980455,-0.196154,-0.011247,-0.010217,0.747541,-0.324280,0.561590,0.143668,0.715474,-0.335357,0.570183,0.224773
0.999928,0.003147,-0.011562,-0.000092,0.996651,0.054331,-0.061050,0.002887,0.988944,0.030542,0.094801,0.109862,0.994172,-0.007519,0.006495,0.107344,0.996362,-0.039205,-0.075589,-0.003506,0.993443,-0.023631,0.088852,-0.067956,0.997821,0.003131,-0.011008,-0.064985,0.999414,-0.000046,0.028066,-0.019596,0.980772,0.189477,0.040608,-0.023158,0.758825,0.282793,0.573613,-0.123212,0.718492,0.339422,0.575641,-0.192873,0.980479,-0.196045,-0.011166,-0.010102,0.747810,-0.324061,0.561336,0.143754,0.715965,-0.334519,0.570099,0.224673
0.999927,0.003180,-0.011649,0.000076,0.996645,0.054255,-0.061207,0.003054,0.988946,0.030458,0.094933,0.109752,0.994186,-0.007322,0.006467,0.107229,0.996374,-0.039294,-0.075387,-0.003341,0.993408,-0.023658,0.089040,-0.068206,0.997805,0.003183,-0.010948,-0.065229,0.999428,-0.000032,0.027712,-0.019397,0.980744,0.189654,0.040621,-0.022873,0.758831,0.282750,0.573718,-0.122785,0.718078,0.339705,0.575929,-0.193055,0.980490,-0.196000,-0.011073,-0.010017,0.747951,-0.323970,0.561165,0.143902,0.716367,-0.333840,0.570027,0.224582
0.999926,0.003215,-0.011745,0.000222,0.996638,0.054180,-0.061374,0.003200,0.988949,0.030378,0.095116,0.109592,0.994206,-0.007103,0.006457,0.107064,0.996385,-0.039358,-0.075216,-0.003197,0.993378,-0.023666,0.089197,-0.068434,0.997791,0.003234,-0.010948,-0.065449,0.999441,-0.000040,0.027362,-0.019214,0.980708,0.189866,0.040652,-0.022605,0.758811,0.282740,0.573842,-0.122352,0.717622,0.340139,0.576231,-0.193084,0.980494,-0.195989,-0.010973,-0.009945,0.748025,-0.323943,0.561035,0.144080,0.716725,-0.333242,0.569962,0.224496
0.999925,0.003230,-0.011802,0.000499,0.996627,0.054150,-0.061560,0.003481,0.988953,0.030334,0.095104,0.109579,0.994210,-0.006945,0.006350,0.107043,0.996394,-0.039396,-0.075094,-0.002921,0.993369,-0.023703,0.089332,-0.068378,0.997794,0.003236,-0.011004,-0.065382,0.999452,-0.000087,0.027113,-0.018991,0.980668,0.190106,0.040625,-0.022336,0.758702,0.282823,0.574033,-0.121937,0.717556,0.340173,0.576491,-0.192496,0.980529,-0.195833,-0.010803,-0.009809,0.748116,-0.323790,0.560934,0.144345,0.717022,-0.332741,0.569894,0.224464
0.999924,0.003246,-0.011862,0.000770,0.996617,0.054117,-0.061739,0.003757,0.988958,0.030293,0.095093,0.109548,0.994216,-0.006792,0.006236,0.107003,0.996402,-0.039438,-0.074971,-0.002651,0.993365,-0.023757,0.089437,-0.068278,0.997801,0.003216,-0.011081,-0.065269,0.999463,-0.000150,0.026870,-0.018749,0.980627,0.190368,0.040557,-0.022054,0.758633,0.282922,0.574166,-0.121509,0.717552,0.340236,0.576658,-0.191897,0.980554,-0.195722,-0.010631,-0.009653,0.748129,-0.323729,0.560871,0.144657,0.717240,-0.332323,0.569852,0.224493
0.999923,0.003267,-0.011926,0.001027,0.996608,0.054084,-0.061901,0.004016,0.988967,0.030263,0.095084,0.109483,0.994226,-0.006646,0.006110,0.106928,0.996411,-0.039484,-0.074842,-0.002396,0.993372,-0.023845,0.089482,-0.068090,0.997813,0.003153,-0.011196,-0.065064,0.999474,-0.000241,0.026643,-0.018469,0.980596,0.190592,0.040413,-0.021749,0.758664,0.282988,0.574179,-0.121102,0.717697,0.340297,0.576632,-0.191324,0.980563,-0.195699,-0.010454,-0.009457,0.747987,-0.323851,0.560885,0.145062,0.717302,-0.332064,0.569865,0.224645
0.999922,0.003290,-0.011953,0.001178,0.996601,0.054015,-0.062068,0.004168,0.988997,0.030224,0.095003,0.109294,0.994248,-0.006565,0.005996,0.106734,0.996415,-0.039554,-0.074747,-0.002249,0.993379,-0.023932,0.089421,-0.068041,0.997816,0.003058,-0.011334,-0.065000,0.999480,-0.000330,0.026488,-0.018373,0.980530,0.190951,0.040374,-0.021635,0.758502,0.283241,0.574345,-0.120736,0.717652,0.340445,0.576754,-0.190860,0.980571,-0.195675,-0.010156,-0.009427,0.747788,-0.323843,0.561099,0.145285,0.717290,-0.331915,0.569900,0.224813
0.999922,0.003314,-0.011962,0.001275,0.996594,0.053927,-0.062237,0.004264,0.989037,0.030180,0.094887,0.109043,0.994276,-0.006515,0.005888,0.106480,0.996418,-0.039635,-0.074669,-0.002159,0.993385,-0.024019,0.089308,-0.068062,0.997814,0.002948,-0.011483,-0.065006,0.999483,-0.000417,0.026369,-0.018368,0.980451,0.191356,0.040389,-0.021617,0.758250,0.283569,0.574586,-0.120403,0.717520,0.340620,0.576946,-0.190462,0.980581,-0.195642,-0.009799,-0.009481,0.747562,-0.323764,0.561410,0.145420,0.717246,-0.331816,0.569944,0.224991
0.999922,0.003336,-0.011935,0.001518,0.996578,0.053864,-0.062539,0.004514,0.989064,0.030105,0.094691,0.108995,0.994283,-0.006477,0.005727,0.106430,0.996429,-0.039674,-0.074508,-0.001916,0.993399,-0.024120,0.089321,-0.067818,0.997831,0.002904,-0.011558,-0.064747,0.999486,-0.000521,0.026331,-0.018254,0.980386,0.191699,0.040402,-0.021515,0.758135,0.283731,0.574754,-0.119941,0.717598,0.340459,0.577094,-0.190008,0.980577,-0.195680,-0.009469,-0.009405,0.747272,-0.323776,0.561772,0.145486,0.716840,-0.332071,0.570190,0.225282
0.999922,0.003359,-0.011907,0.001732,0.996565,0.053794,-0.062791,0.004732,0.989086,0.030027,0.094544,0.108944,0.994289,-0.006444,0.005578,0.106378,0.996438,-0.039720,-0.074368,-0.001703,0.993412,-0.024222,0.089314,-0.067599,0.997845,0.002878,-0.011614,-0.064515,0.999489,-0.000623,0.026310,-0.018158,0.980330,0.191995,0.040400,-0.021434,0.758011,0.283865,0.574947,-0.119482,0.717722,0.340214,0.577238,-0.189540,0.980580,-0.195685,-0.009123,-0.009343,0.746977,-0.323746,0.562169,0.145531,0.716463,-0.332184,0.570485,0.225571
0.999922,0.003384,-0.011880,0.001889,0.996559,0.053712,-0.062946,0.004888,0.989099,0.029944,0.094492,0.108889,0.994296,-0.006418,0.005446,0.106319,0.996443,-0.039777,-0.074271,-0.001550,0.993425,-0.024326,0.089268,-0.067430,0.997856,0.002890,-0.011636,-0.064336,0.999489,-0.000722,0.026319,-0.018099,0.980283,0.192247,0.040367,-0.021398,0.757858,0.283981,0.575192,-0.118997,0.717926,0.339840,0.577378,-0.189013,0.980593,-0.195639,-0.008747,-0.009311,0.746671,-0.323640,0.562638,0.145529,0.716136,-0.332021,0.570880,0.225847
0.999922,0.003406,-0.011868,0.001973,0.996558,0.053600,-0.063051,0.004967,0.989121,0.029851,0.094456,0.108752,0.994312,-0.006415,0.005356,0.106183,0.996447,-0.039853,-0.074189,-0.001471,0.993423,-0.024417,0.089294,-0.067384,0.997860,0.002877,-0.011604,-0.064281,0.999488,-0.000805,0.026370,-0.018075,0.980258,0.192356,0.040437,-0.021392,0.757759,0.283981,0.575380,-0.118718,0.718104,0.339465,0.577503,-0.188631,0.980612,-0.195561,-0.008333,-0.009304,0.746382,-0.323457,0.563138,0.145479,0.715950,-0.331594,0.571387,0.225782
0.999922,0.003427,-0.011863,0.002020,0.996559,0.053471,-0.063132,0.005007,0.989146,0.029754,0.094428,0.108575,0.994330,-0.006425,0.005287,0.106008,0.996449,-0.039936,-0.074113,-0.001430,0.993414,-0.024501,0.089358,-0.067399,0.997860,0.002852,-0.011545,-0.064289,0.999487,-0.000880,0.026443,-0.018070,0.980251,0.192364,0.040560,-0.021401,0.757697,0.283898,0.575535,-0.118559,0.718279,0.339065,0.577615,-0.188338,0.980635,-0.195465,-0.007898,-0.009311,0.746104,-0.323233,0.563655,0.145407,0.715835,-0.331034,0.571948,0.225549
0.999922,0.003437,-0.011842,0.002124,0.996562,0.053388,-0.063153,0.005105,0.989146,0.029669,0.094429,0.108595,0.994328,-0.006420,0.005252,0.106031,0.996444,-0.039996,-0.074143,-0.001334,0.993417,-0.024557,0.089330,-0.067379,0.997862,0.002804,-0.011500,-0.064268,0.999484,-0.000907,0.026555,-0.018044,0.980235,0.192422,0.040674,-0.021401,0.757661,0.283853,0.575637,-0.118400,0.718466,0.338739,0.577704,-0.187939,0.980631,-0.195495,-0.007607,-0.009279,0.745907,-0.323180,0.563950,0.145390,0.716060,-0.330410,0.572224,0.225046
0.999922,0.003442,-0.011813,0.002186,0.996567,0.053306,-0.063134,0.005160,0.989151,0.029599,0.094415,0.108577,0.994330,-0.006417,0.005208,0.106015,0.996440,-0.040051,-0.074176,-0.001279,0.993420,-0.024607,0.089281,-0.067382,0.997863,0.002734,-0.011477,-0.064269,0.999481,-0.000938,0.026675,-0.018054,0.980220,0.192477,0.040756,-0.021441,0.757639,0.283854,0.575679,-0.118337,0.718628,0.338515,0.577720,-0.187674,0.980620,-0.195562,-0.007301,-0.009281,0.745725,-0.323130,0.564230,0.145350,0.716288,-0.329766,0.572514,0.224532
0.999923,0.003434,-0.011768,0.002163,0.996578,0.053221,-0.063036,0.005128,0.989167,0.029557,0.094370,0.108486,0.994340,-0.006416,0.005147,0.105923,0.996435,-0.040103,-0.074216,-0.001306,0.993423,-0.024649,0.089193,-0.067435,0.997860,0.002615,-0.011496,-0.064320,0.999475,-0.000980,0.026811,-0.018139,0.980197,0.192578,0.040775,-0.021566,0.757629,0.283992,0.575603,-0.118437,0.718724,0.338532,0.577599,-0.187648,0.980593,-0.195709,-0.006968,-0.009353,0.745571,-0.323089,0.564481,0.145257,0.716519,-0.329084,0.572829,0.223990
0.999923,0.003439,-0.011707,0.002140,0.996588,0.053143,-0.062943,0.005095,0.989169,0.029496,0.094377,0.108479,0.994339,-0.006432,0.005231,0.105927,0.996428,-0.040128,-0.074293,-0.001336,0.993431,-0.024690,0.089152,-0.067358,0.997865,0.002478,-0.011460,-0.064244,0.999469,-0.001000,0.026972,-0.018229,0.980176,0.192660,0.040807,-0.021699,0.757665,0.284123,0.575453,-0.118623,0.718851,0.338584,0.577410,-0.187650,0.980561,-0.195875,-0.006670,-0.009420,0.745353,-0.323129,0.564758,0.145205,0.716589,-0.328781,0.573112,0.223487
0.999924,0.003449,-0.011638,0.002118,0.996598,0.053066,-0.062853,0.005063,0.989164,0.029421,0.094411,0.108516,0.994332,-0.006456,0.005388,0.105982,0.996420,-0.040142,-0.074387,-0.001365,0.993441,-0.024731,0.089135,-0.067216,0.997875,0.002331,-0.011396,-0.064104,0.999463,-0.001010,0.027146,-0.018321,0.980162,0.192710,0.040847,-0.021835,0.757729,0.284230,0.575266,-0.118865,0.719001,0.338635,0.577184,-0.187678,0.980527,-0.196051,-0.006391,-0.009485,0.745104,-0.323211,0.565049,0.145174,0.716578,-0.328667,0.573378,0.223004
0.999926,0.003451,-0.011514,0.001975,0.996607,0.053040,-0.062753,0.004913,0.989175,0.029410,0.094258,0.108555,0.994328,-0.006414,0.005384,0.106027,0.996412,-0.040114,-0.074512,-0.001512,0.993456,-0.024743,0.089086,-0.067052,0.997887,0.002233,-0.011301,-0.063947,0.999457,-0.001029,0.027265,-0.018469,0.980150,0.192770,0.040755,-0.022021,0.757805,0.284362,0.575077,-0.118977,0.719226,0.338965,0.576744,-0.187573,0.980488,-0.196247,-0.006237,-0.009607,0.745025,-0.323262,0.565152,0.145059,0.716573,-0.328751,0.573436,0.222751
0.999928,0.003452,-0.011388,0.001814,0.996614,0.053006,-0.062681,0.004747,0.989184,0.029386,0.094151,0.108569,0.994326,-0.006374,0.005420,0.106048,0.996402,-0.040102,-0.074647,-0.001678,0.993467,-0.024757,0.089039,-0.066946,0.997894,0.002143,-0.011227,-0.063847,0.999450,-0.001042,0.027419,-0.018649,0.980150,0.192754,0.040701,-0.022242,0.757875,0.284455,0.574894,-0.119200,0.719411,0.339245,0.576343,-0.187589,0.980448,-0.196440,-0.006088,-0.009751,0.744936,-0.323305,0.565284,0.144909,0.716521,-0.328892,0.573506,0.222528
0.999929,0.003453,-0.011255,0.001615,0.996618,0.052961,-0.062661,0.004544,0.989190,0.029340,0.094140,0.108531,0.994328,-0.006337,0.005539,0.106024,0.996389,-0.040120,-0.074801,-0.001885,0.993470,-0.024773,0.088999,-0.066959,0.997894,0.002072,-0.011192,-0.063863,0.999439,-0.001044,0.027645,-0.018892,0.980166,0.192635,0.040727,-0.022533,0.757914,0.284513,0.574725,-0.119621,0.719497,0.339465,0.576031,-0.187820,0.980410,-0.196629,-0.005949,-0.009936,0.744820,-0.323328,0.565480,0.144686,0.716375,-0.329149,0.573602,0.222369
0.999931,0.003469,-0.011114,0.001444,0.996620,0.052928,-0.062669,0.004370,0.989208,0.029316,0.094015,0.108485,0.994333,-0.006269,0.005555,0.105984,0.996377,-0.040134,-0.074947,-0.002066,0.993483,-0.024809,0.088902,-0.066884,0.997899,0.001951,-0.011219,-0.063787,0.999428,-0.001061,0.027876,-0.019109,0.980199,0.192424,0.040772,-0.022794,0.757897,0.284492,0.574675,-0.120023,0.719600,0.339564,0.575806,-0.187938,0.980372,-0.196813,-0.005764,-0.010096,0.744660,-0.323351,0.565732,0.144477,0.716282,-0.329279,0.573719,0.222176
0.999933,0.003494,-0.010968,0.001288,0.996621,0.052904,-0.062688,0.004210,0.989231,0.029306,0.093834,0.108437,0.994338,-0.006183,0.005521,0.105939,0.996366,-0.040145,-0.075089,-0.002233,0.993501,-0.024854,0.088776,-0.066764,0.997906,0.001805,-0.011277,-0.063664,0.999418,-0.001083,0.028110,-0.019312,0.980249,0.192132,0.040828,-0.023040,0.757860,0.284402,0.574682,-0.120433,0.719720,0.339574,0.575622,-0.188021,0.980334,-0.197000,-0.005556,-0.010244,0.744474,-0.323378,0.566014,0.144271,0.716213,-0.329349,0.573848,0.221961
0.999934,0.003502,-0.010849,0.001071,0.996621,0.052845,-0.062753,0.003992,0.989259,0.029262,0.093706,0.108306,0.994352,-0.006227,0.005462,0.105812,0.996357,-0.040149,-0.075196,-0.002455,0.993506,-0.024884,0.088763,-0.066687,0.997911,0.001659,-0.011309,-0.063583,0.999405,-0.001107,0.028338,-0.019615,0.980325,0.191681,0.040941,-0.023369,0.757856,0.284138,0.574735,-0.120833,0.719996,0.339112,0.575512,-0.188135,0.980312,-0.197102,-0.005287,-0.010495,0.744286,-0.323281,0.566374,0.144043,0.716321,-0.329173,0.574066,0.221308
0.999936,0.003502,-0.010750,0.000834,0.996621,0.052800,-0.062800,0.003755,0.989284,0.029232,0.093605,0.108169,0.994366,-0.006277,0.005416,0.105678,0.996347,-0.040127,-0.075336,-0.002696,0.993517,-0.024885,0.088696,-0.066617,0.997915,0.001547,-0.011330,-0.063514,0.999393,-0.001143,0.028552,-0.019931,0.980405,0.191204,0.041063,-0.023705,0.757802,0.283878,0.574843,-0.121263,0.720216,0.338651,0.575453,-0.188304,0.980285,-0.197233,-0.005019,-0.010762,0.744126,-0.323178,0.566711,0.143773,0.716405,-0.329018,0.574301,0.220659
0.999937,0.003487,-0.010690,0.000558,0.996623,0.052780,-0.062811,0.003480,0.989304,0.029230,0.093562,0.108021,0.994381,-0.006337,0.005398,0.105531,0.996334,-0.040051,-0.075541,-0.002973,0.993537,-0.024831,0.088525,-0.066559,0.997918,0.001506,-0.011331,-0.063468,0.999381,-0.001204,0.028738,-0.020272,0.980479,0.190747,0.041200,-0.024059,0.757632,0.283685,0.575068,-0.121714,0.720297,0.338249,0.575508,-0.188547,0.980248,-0.197407,-0.004758,-0.011059,0.744028,-0.323053,0.566999,0.143428,0.716445,-0.328893,0.574566,0.220025
0.999937,0.003461,-0.010635,0.000223,0.996625,0.052790,-0.062783,0.003149,0.989322,0.029249,0.093447,0.107954,0.994389,-0.006349,0.005317,0.105460,0.996320,-0.040016,-0.075730,-0.003309,0.993551,-0.024801,0.088350,-0.066595,0.997915,0.001494,-0.011382,-0.063509,0.999367,-0.001282,0.028919,-0.020658,0.980561,0.190242,0.041344,-0.024453,0.757458,0.283488,0.575278,-0.122262,0.720308,0.337899,0.575578,-0.188922,0.980231,-0.197477,-0.004404,-0.011407,0.743831,-0.322850,0.567446,0.143136,0.716447,-0.328646,0.574909,0.219487
0.999938,0.003428,-0.010583,-0.000142,0.996628,0.052814,-0.062737,0.002788,0.989338,0.029278,0.093295,0.107928,0.994393,-0.006337,0.005202,0.105428,0.996305,-0.040001,-0.075911,-0.003674,0.993562,-0.024785,0.088174,-0.066677,0.997909,0.001496,-0.011458,-0.063594,0.999354,-0.001370,0.029095,-0.021066,0.980638,0.189760,0.041489,-0.024868,0.757269,0.283328,0.575483,-0.122835,0.720265,0.337612,0.575662,-0.189337,0.980223,-0.197503,-0.004003,-0.011781,0.743582,-0.322614,0.567975,0.142867,0.716428,-0.328344,0.575294,0.218994
0.999939,0.003401,-0.010478,-0.000420,0.996631,0.052865,-0.062657,0.002513,0.989337,0.029317,0.093230,0.107988,0.994387,-0.006333,0.005191,0.105487,0.996296,-0.039929,-0.076057,-0.003949,0.993574,-0.024727,0.088075,-0.066654,0.997910,0.001496,-0.011453,-0.063580,0.999340,-0.001420,0.029307,-0.021435,0.980671,0.189503,0.041659,-0.025260,0.756895,0.283418,0.575813,-0.123383,0.719948,0.337576,0.575900,-0.189887,0.980236,-0.197427,-0.003716,-0.012100,0.743516,-0.322270,0.568330,0.142572,0.716497,-0.328077,0.575478,0.218683
0.999940,0.003375,-0.010366,-0.000701,0.996634,0.052909,-0.062581,0.002235,0.989340,0.029358,0.093146,0.108019,0.994384,-0.006324,0.005168,0.105517,0.996287,-0.039851,-0.076201,-0.004225,0.993588,-0.024666,0.087949,-0.066633,0.997910,0.001509,-0.011468,-0.063569,0.999325,-0.001476,0.029530,-0.021795,0.980690,0.189317,0.041813,-0.025651,0.756474,0.283558,0.576202,-0.123823,0.719601,0.337578,0.576183,-0.190339,0.980253,-0.197328,-0.003433,-0.012406,0.743471,-0.321880,0.568698,0.142221,0.716578,-0.327759,0.575708,0.218290
0.999941,0.003354,-0.010238,-0.000988,0.996637,0.052944,-0.062511,0.001950,0.989353,0.029405,0.093026,0.107993,0.994387,-0.006302,0.005123,0.105487,0.996279,-0.039759,-0.076334,-0.004507,0.993606,-0.024595,0.087773,-0.066616,0.997910,0.001552,-0.011516,-0.063562,0.999310,-0.001543,0.029781,-0.022136,0.980703,0.189168,0.041941,-0.026036,0.755986,0.283710,0.576708,-0.124103,0.719230,0.337576,0.576545,-0.190648,0.980282,-0.197170,-0.003152,-0.012685,0.743471,-0.321388,0.569089,0.141770,0.716684,-0.327328,0.576029,0.217742
0.999943,0.003338,-0.010110,-0.001189,0.996638,0.052994,-0.062467,0.001752,0.989373,0.029471,0.092769,0.108008,0.994387,-0.006298,0.004989,0.105497,0.996274,-0.039665,-0.076432,-0.004702,0.993628,-0.024532,0.087605,-0.066542,0.997914,0.001594,-0.011586,-0.063495,0.999295,-0.001637,0.030057,-0.022456,0.980690,0.189147,0.042115,-0.026410,0.755531,0.283960,0.577110,-0.124437,0.718839,0.337812,0.576778,-0.191001,0.980312,-0.197012,-0.002798,-0.012943,0.743438,-0.320888,0.569514,0.141368,0.716739,-0.326928,0.576352,0.217306
0.999944,0.003324,-0.009982,-0.001345,0.996637,0.053050,-0.062438,0.001600,0.989397,0.029547,0.092443,0.108048,0.994385,-0.006305,0.004809,0.105529,0.996271,-0.039570,-0.076512,-0.004852,0.993650,-0.024474,0.087441,-0.066438,0.997919,0.001635,-0.011668,-0.063398,0.999279,-0.001746,0.030346,-0.022763,0.980655,0.189229,0.042311,-0.026779,0.755081,0.284290,0.577463,-0.124773,0.718424,0.338198,0.576952,-0.191351,0.980343,-0.196845,-0.002407,-0.013187,0.743390,-0.320382,0.569954,0.140996,0.716771,-0.326538,0.576674,0.216931
0.999945,0.003310,-0.009833,-0.001546,0.996639,0.053099,-0.062366,0.001401,0.989419,0.029628,0.092240,0.108004,0.994391,-0.006281,0.004717,0.105478,0.996264,-0.039477,-0.076643,-0.005049,0.993665,-0.024368,0.087228,-0.066536,0.997911,0.001697,-0.011712,-0.063510,0.999259,-0.001829,0.030734,-0.023098,0.980598,0.189446,0.042390,-0.027215,0.754680,0.284729,0.577730,-0.124960,0.718175,0.338629,0.576945,-0.191546,0.980397,-0.196565,-0.002087,-0.013426,0.743223,-0.319888,0.570532,0.140655,0.716631,-0.325985,0.577252,0.216689
0.999947,0.003292,-0.009654,-0.001705,0.996642,0.053135,-0.062295,0.001243,0.989440,0.029692,0.091995,0.108002,0.994391,-0.006279,0.004639,0.105475,0.996258,-0.039391,-0.076756,-0.005204,0.993683,-0.024285,0.087032,-0.066563,0.997908,0.001744,-0.011743,-0.063548,0.999239,-0.001916,0.031161,-0.023383,0.980530,0.189723,0.042457,-0.027619,0.754286,0.285229,0.577952,-0.125171,0.717943,0.339114,0.576899,-0.191694,0.980454,-0.196270,-0.001739,-0.013608,0.743013,-0.319418,0.571136,0.140382,0.716453,-0.325439,0.577850,0.216504
0.999949,0.003268,-0.009416,-0.001781,0.996645,0.053147,-0.062225,0.001167,0.989460,0.029727,0.091662,0.108085,0.994382,-0.006320,0.004588,0.105565,0.996254,-0.039316,-0.076835,-0.005274,0.993706,-0.024244,0.086869,-0.066446,0.997915,0.001764,-0.011752,-0.063441,0.999218,-0.002007,0.031670,-0.023571,0.980456,0.190048,0.042503,-0.027955,0.753927,0.285792,0.578077,-0.125473,0.717771,0.339650,0.576766,-0.191789,0.980515,-0.195961,-0.001333,-0.013679,0.742712,-0.319007,0.571793,0.140237,0.716197,-0.324917,0.578490,0.216427
0.999951,0.003255,-0.009145,-0.001831,0.996645,0.053161,-0.062216,0.001118,0.989494,0.029782,0.091325,0.108053,0.994385,-0.006322,0.004553,0.105538,0.996250,-0.039256,-0.076919,-0.005322,0.993734,-0.024215,0.086622,-0.066355,0.997920,0.001779,-0.011759,-0.063361,0.999197,-0.002096,0.032233,-0.023722,0.980389,0.190317,0.042632,-0.028261,0.753597,0.286224,0.578245,-0.125702,0.717582,0.340003,0.576751,-0.191915,0.980564,-0.195718,-0.000827,-0.013708,0.742297,-0.318686,0.572523,0.140185,0.715798,-0.324389,0.579238,0.216538
0.999954,0.003247,-0.008857,-0.001868,0.996643,0.053177,-0.062236,0.001083,0.989533,0.029847,0.090984,0.107962,0.994394,-0.006306,0.004526,0.105454,0.996245,-0.039206,-0.077004,-0.005359,0.993765,-0.024193,0.086335,-0.066279,0.997924,0.001790,-0.011766,-0.063295,0.999174,-0.002183,0.032826,-0.023854,0.980330,0.190540,0.042805,-0.028552,0.753285,0.286577,0.578432,-0.125904,0.717389,0.340254,0.576794,-0.192067,0.980607,-0.195504,-0.000270,-0.013716,0.741825,-0.318406,0.573290,0.140185,0.715328,-0.323854,0.580038,0.216748
0.999957,0.003248,-0.008477,-0.001921,0.996641,0.053172,-0.062275,0.001030,0.989571,0.029891,0.090728,0.107820,0.994406,-0.006304,0.004683,0.105331,0.996235,-0.039171,-0.077152,-0.005416,0.993794,-0.024161,0.085993,-0.066296,0.997922,0.001797,-0.011797,-0.063324,0.999148,-0.002284,0.033548,-0.023924,0.980281,0.190689,0.043086,-0.028806,0.752878,0.286854,0.578776,-0.126129,0.717054,0.340604,0.576899,-0.192382,0.980659,-0.195250,0.000390,-0.013637,0.741328,-0.318163,0.574000,0.140458,0.714965,-0.323439,0.580558,0.217174
0.999960,0.003258,-0.008063,-0.001944,0.996636,0.053167,-0.062355,0.001009,0.989604,0.029917,0.090468,0.107720,0.994413,-0.006290,0.004890,0.105256,0.996224,-0.039142,-0.077309,-0.005447,0.993825,-0.024142,0.085662,-0.066270,0.997922,0.001799,-0.011808,-0.063310,0.999120,-0.002370,0.034349,-0.023955,0.980228,0.190850,0.043436,-0.029040,0.752458,0.287106,0.579150,-0.126341,0.716691,0.340895,0.577046,-0.192776,0.980706,-0.195020,0.001018,-0.013496,0.740795,-0.317987,0.574715,0.140748,0.714531,-0.323134,0.581112,0.217574
0.999964,0.003284,-0.007580,-0.001909,0.996627,0.053158,-0.062517,0.001046,0.989630,0.029909,0.090205,0.107703,0.994410,-0.006255,0.005202,0.105275,0.996211,-0.039129,-0.077483,-0.005424,0.993858,-0.024152,0.085354,-0.066162,0.997929,0.001789,-0.011775,-0.063213,0.999087,-0.002427,0.035313,-0.023913,0.980159,0.191060,0.043923,-0.029235,0.752003,0.287332,0.579591,-0.126514,0.716262,0.341090,0.577281,-0.193321,0.980741,-0.194855,0.001583,-0.013235,0.740183,-0.317959,0.575441,0.141062,0.713949,-0.323066,0.581738,0.217914
0.999968,0.003322,-0.007047,-0.001879,0.996616,0.053144,-0.062705,0.001078,0.989660,0.029892,0.089887,0.107700,0.994405,-0.006206,0.005471,0.105306,0.996195,-0.039127,-0.077688,-0.005411,0.993900,-0.024174,0.084927,-0.066069,0.997934,0.001795,-0.011779,-0.063131,0.999049,-0.002466,0.036390,-0.023911,0.980102,0.191176,0.044515,-0.029488,0.751541,0.287465,0.580068,-0.126768,0.715868,0.341068,0.577595,-0.193881,0.980755,-0.194797,0.002137,-0.012980,0.739558,-0.318026,0.576134,0.141361,0.713310,-0.323218,0.582335,0.218187
0.999972,0.003366,-0.006488,-0.001852,0.996604,0.053127,-0.062904,0.001106,0.989692,0.029870,0.089541,0.107703,0.994401,-0.006152,0.005718,0.105343,0.996178,-0.039129,-0.077907,-0.005403,0.993947,-0.024201,0.084442,-0.065984,0.997939,0.001811,-0.011797,-0.063058,0.999006,-0.002494,0.037525,-0.023929,0.980053,0.191236,0.045160,-0.029770,0.751077,0.287546,0.580564,-0.127068,0.715492,0.340931,0.577948,-0.194455,0.980759,-0.194786,0.002685,-0.012729,0.738929,-0.318134,0.576809,0.141657,0.712644,-0.323475,0.582915,0.218430
0.999976,0.003413,-0.005837,-0.001810,0.996590,0.053050,-0.063191,0.001149,0.989731,0.029781,0.089163,0.107682,0.994397,-0.006089,0.005980,0.105363,0.996154,-0.039166,-0.078189,-0.005386,0.993980,-0.024240,0.084080,-0.065928,0.997942,0.001747,-0.011748,-0.063013,0.998955,-0.002554,0.038888,-0.023897,0.979991,0.191298,0.046052,-0.030046,0.750522,0.287518,0.581246,-0.127288,0.714892,0.340861,0.578513,-0.195107,0.980749,-0.194852,0.003230,-0.012363,0.738401,-0.318218,0.577402,0.141805,0.712231,-0.323664,0.583374,0.218273
0.999979,0.003466,-0.005132,-0.001738,0.996577,0.052956,-0.063474,0.001219,0.989774,0.029679,0.088729,0.107671,0.994393,-0.006057,0.006210,0.105392,0.996131,-0.039200,-0.078477,-0.005341,0.994021,-0.024285,0.083651,-0.065839,0.997948,0.001671,-0.011680,-0.062938,0.998897,-0.002603,0.040350,-0.023860,0.979930,0.191324,0.047028,-0.030336,0.749975,0.287438,0.581932,-0.127566,0.714345,0.340633,0.579118,-0.195708,0.980740,-0.194914,0.003881,-0.011975,0.737873,-0.318255,0.578010,0.141993,0.711848,-0.323783,0.583819,0.218156
0.999983,0.003529,-0.004320,-0.001607,0.996566,0.052823,-0.063752,0.001344,0.989827,0.029553,0.088181,0.107674,0.994387,-0.006086,0.006372,0.105437,0.996106,-0.039232,-0.078774,-0.005239,0.994077,-0.024346,0.083088,-0.065686,0.997958,0.001565,-0.011572,-0.062805,0.998830,-0.002633,0.042011,-0.023816,0.979871,0.191289,0.048171,-0.030657,0.749438,0.287264,0.582624,-0.127951,0.713903,0.340106,0.579807,-0.196199,0.980727,-0.194984,0.004744,-0.011545,0.737339,-0.318211,0.578652,0.142248,0.711521,-0.323774,0.584241,0.218109
0.999987,0.003587,-0.003416,-0.001525,0.996552,0.052682,-0.064086,0.001421,0.989879,0.029393,0.087554,0.107752,0.994373,-0.006169,0.006455,0.105556,0.996080,-0.039280,-0.079089,-0.005188,0.994125,-0.024404,0.082549,-0.065616,0.997962,0.001410,-0.011470,-0.062753,0.998750,-0.002663,0.043872,-0.023790,0.979803,0.191281,0.049329,-0.031050,0.748821,0.287225,0.583304,-0.128552,0.713336,0.339951,0.580269,-0.197164,0.980714,-0.195056,0.005617,-0.011075,0.736785,-0.318214,0.579269,0.142600,0.711236,-0.323691,0.584630,0.218117
0.999989,0.003643,-0.002465,-0.001468,0.996536,0.052538,-0.064448,0.001475,0.989930,0.029218,0.086889,0.107868,0.994356,-0.006278,0.006497,0.105712,0.996052,-0.039336,-0.079410,-0.005163,0.994169,-0.024460,0.082024,-0.065587,0.997964,0.001230,-0.011370,-0.062742,0.998662,-0.002694,0.045835,-0.023773,0.979730,0.191280,0.050494,-0.031480,0.748166,0.287248,0.583975,-0.129266,0.712707,0.339975,0.580616,-0.198370,0.980702,-0.195115,0.006499,-0.010588,0.736225,-0.318227,0.579872,0.143009,0.710977,-0.323560,0.585002,0.218160
0.999991,0.003721,-0.001290,-0.001380,0.996516,0.052382,-0.064874,0.001558,0.989990,0.029034,0.086160,0.107951,0.994341,-0.006303,0.006585,0.105840,0.996016,-0.039430,-0.079821,-0.005119,0.994219,-0.024548,0.081407,-0.065560,0.997966,0.001031,-0.011344,-0.062729,0.998554,-0.002731,0.048181,-0.023684,0.979626,0.191388,0.051811,-0.031940,0.747452,0.287360,0.584651,-0.130091,0.712033,0.339757,0.581176,-0.199521,0.980666,-0.195290,0.007572,-0.009939,0.735515,-0.318500,0.580402,0.143904,0.710545,-0.323606,0.585289,0.218729
0.999992,0.003808,-0.000033,-0.001281,0.996495,0.052230,-0.065320,0.001651,0.990049,0.028849,0.085407,0.108054,0.994325,-0.006308,0.006692,0.105990,0.995979,-0.039521,-0.080239,-0.005066,0.994270,-0.024633,0.080789,-0.065527,0.997968,0.000864,-0.011276,-0.062713,0.998432,-0.002763,0.050694,-0.023582,0.979516,0.191501,0.053129,-0.032433,0.746720,0.287520,0.585300,-0.131013,0.711347,0.339537,0.581699,-0.200814,0.980638,-0.195419,0.008662,-0.009233,0.734755,-0.318776,0.580975,0.144862,0.710146,-0.323586,0.585578,0.219278
0.999991,0.003910,0.001387,-0.001160,0.996470,0.052084,-0.065808,0.001765,0.990108,0.028659,0.084602,0.108197,0.994303,-0.006272,0.006837,0.106184,0.995941,-0.039609,-0.080672,-0.004995,0.994321,-0.024714,0.080165,-0.065483,0.997971,0.000757,-0.011125,-0.062691,0.998287,-0.002788,0.053537,-0.023455,0.979399,0.191636,0.054444,-0.032995,0.745955,0.287786,0.585896,-0.132125,0.710636,0.339325,0.582148,-0.202383,0.980621,-0.195489,0.009784,-0.008414,0.733887,-0.319086,0.581636,0.145922,0.709802,-0.323459,0.585881,0.219771
0.999987,0.004019,0.002990,-0.001024,0.996442,0.051930,-0.066357,0.001894,0.990191,0.028488,0.083613,0.108256,0.994291,-0.006178,0.006958,0.106295,0.995895,-0.039708,-0.081191,-0.004917,0.994393,-0.024824,0.079319,-0.065380,0.997977,0.000685,-0.011033,-0.062610,0.998117,-0.002862,0.056673,-0.023299,0.979263,0.191798,0.055937,-0.033601,0.744974,0.288075,0.586753,-0.133219,0.709682,0.339212,0.582831,-0.203949,0.980590,-0.195615,0.011066,-0.007497,0.732675,-0.319673,0.582469,0.147402,0.708930,-0.323769,0.586305,0.220992
0.999980,0.004131,0.004684,-0.000881,0.996411,0.051772,-0.066935,0.002029,0.990285,0.028327,0.082531,0.108272,0.994284,-0.006054,0.007067,0.106365,0.995845,-0.039814,-0.081755,-0.004837,0.994475,-0.024950,0.078359,-0.065248,0.997984,0.000631,-0.010974,-0.062501,0.997929,-0.002962,0.059955,-0.023130,0.979114,0.191979,0.057518,-0.034229,0.743884,0.288376,0.587741,-0.134301,0.708604,0.339148,0.583631,-0.205510,0.980549,-0.195769,0.012428,-0.006531,0.731286,-0.320397,0.583384,0.149093,0.707792,-0.324296,0.586790,0.222578
0.999969,0.004244,0.006597,-0.000563,0.996373,0.051545,-0.067661,0.002338,0.990383,0.028089,0.081447,0.108252,0.994277,-0.005949,0.007314,0.106413,0.995785,-0.039861,-0.082471,-0.004588,0.994566,-0.025029,0.077441,-0.064927,0.998004,0.000739,-0.010808,-0.062211,0.997704,-0.003139,0.063672,-0.022845,0.978966,0.192122,0.059150,-0.034865,0.742639,0.288614,0.588994,-0.135186,0.707238,0.339044,0.584829,-0.206976,0.980518,-0.195873,0.013777,-0.005329,0.729787,-0.321242,0.584307,0.150997,0.706537,-0.324915,0.587305,0.224296
0.999954,0.004360,0.008593,-0.000195,0.996333,0.051307,-0.068420,0.002695,0.990490,0.027850,0.080248,0.108233,0.994271,-0.005877,0.007508,0.106462,0.995724,-0.039930,-0.083195,-0.004293,0.994660,-0.025131,0.076472,-0.064592,0.998025,0.000823,-0.010624,-0.061908,0.997456,-0.003340,0.067549,-0.022513,0.978804,0.192291,0.060878,-0.035496,0.741300,0.288858,0.590359,-0.136057,0.705762,0.338944,0.586107,-0.208559,0.980472,-0.196029,0.015206,-0.004041,0.728143,-0.322216,0.585280,0.153073,0.705131,-0.325703,0.587824,0.226210
0.999932,0.004481,0.010754,0.000274,0.996288,0.051045,-0.069246,0.003150,0.990613,0.027603,0.078819,0.108217,0.994265,-0.005874,0.007591,0.106513,0.995659,-0.040043,-0.083934,-0.003906,0.994761,-0.025281,0.075404,-0.064231,0.998047,0.000859,-0.010402,-0.061582,0.997172,-0.003593,0.071744,-0.022086,0.978619,0.192501,0.062800,-0.036113,0.739781,0.289103,0.591947,-0.136904,0.704073,0.338838,0.587545,-0.210383,0.980400,-0.196283,0.016793,-0.002582,0.726219,-0.323447,0.586353,0.155494,0.703429,-0.326824,0.588349,0.228517
0.999904,0.004616,0.013007,0.000899,0.996234,0.050770,-0.070192,0.003759,0.990741,0.027338,0.077303,0.108209,0.994258,-0.005817,0.007671,0.106574,0.995583,-0.040168,-0.084797,-0.003377,0.994863,-0.025428,0.074355,-0.063816,0.998074,0.000891,-0.010120,-0.061205,0.996846,-0.003882,0.076324,-0.021399,0.978432,0.192729,0.064710,-0.036591,0.738249,0.289249,0.593661,-0.137441,0.702391,0.338486,0.589191,-0.211961,0.980294,-0.196678,0.018445,-0.000765,0.724040,-0.325099,0.587341,0.158454,0.701403,-0.328358,0.588739,0.231520
0.999870,0.004759,0.015306,0.001603,0.996173,0.050491,-0.071199,0.004446,0.990869,0.027069,0.075742,0.108205,0.994251,-0.005728,0.007747,0.106639,0.995500,-0.040297,-0.085723,-0.002777,0.994965,-0.025570,0.073315,-0.063375,0.998101,0.000925,-0.009809,-0.060804,0.996485,-0.004190,0.081095,-0.020581,0.978238,0.192987,0.066613,-0.037000,0.736703,0.289361,0.595439,-0.137812,0.700704,0.338024,0.590942,-0.213402,0.980163,-0.197165,0.020126,0.001234,0.721717,-0.326972,0.588281,0.161673,0.699201,-0.330105,0.589058,0.234860
0.999831,0.004928,0.017530,0.002365,0.996090,0.050262,-0.072466,0.005197,0.990978,0.026773,0.074322,0.108269,0.994238,-0.005564,0.007825,0.106766,0.995389,-0.040429,-0.086957,-0.002143,0.995037,-0.025634,0.072609,-0.063032,0.998123,0.000985,-0.009486,-0.060499,0.996055,-0.004511,0.086445,-0.019513,0.978026,0.193333,0.068502,-0.037334,0.734909,0.289621,0.597453,-0.138126,0.699021,0.337393,0.592931,-0.214401,0.980018,-0.197670,0.021841,0.003636,0.719134,-0.329210,0.589131,0.165506,0.696769,-0.332506,0.589019,0.238764
0.999789,0.005119,0.019653,0.003222,0.995995,0.050056,-0.073838,0.006042,0.991079,0.026476,0.072882,0.108392,0.994219,-0.005380,0.007875,0.106950,0.995262,-0.040613,-0.088332,-0.001434,0.995094,-0.025722,0.072112,-0.062659,0.998147,0.000953,-0.009167,-0.060155,0.995583,-0.004842,0.091944,-0.018382,0.977809,0.193700,0.070374,-0.037651,0.733153,0.289887,0.599405,-0.138443,0.697511,0.336696,0.594828,-0.215160,0.979840,-0.198300,0.023508,0.006151,0.716518,-0.331623,0.589839,0.169466,0.694314,-0.335098,0.588812,0.242772
0.999744,0.005356,0.021574,0.004269,0.995878,0.049892,-0.075418,0.007075,0.991169,0.026173,0.071401,0.108636,0.994187,-0.005159,0.007870,0.107251,0.995102,-0.040902,-0.089994,-0.000574,0.995124,-0.025863,0.072028,-0.062227,0.998175,0.000735,-0.008859,-0.059735,0.995051,-0.005187,0.097739,-0.017124,0.977591,0.194070,0.072212,-0.037932,0.731490,0.290135,0.601234,-0.138784,0.696367,0.335846,0.596538,-0.215461,0.979612,-0.199130,0.025080,0.008889,0.713869,-0.334362,0.590271,0.173707,0.691838,-0.338054,0.588273,0.247011
0.999699,0.005703,0.023255,0.005379,0.995730,0.049770,-0.077313,0.008163,0.991241,0.025837,0.070232,0.108819,0.994165,-0.004870,0.007828,0.107478,0.994870,-0.041247,-0.092369,0.000276,0.995099,-0.025901,0.072583,-0.061964,0.998193,0.000423,-0.008550,-0.059473,0.994442,-0.005498,0.103962,-0.015682,0.977369,0.194527,0.073838,-0.038172,0.729709,0.290509,0.603198,-0.138857,0.695402,0.335008,0.598274,-0.215067,0.979363,-0.199984,0.026686,0.011923,0.711421,-0.337016,0.590450,0.177959,0.689669,-0.340959,0.587420,0.251082
0.999652,0.006104,0.024816,0.006520,0.995564,0.049671,-0.079365,0.009273,0.991305,0.025490,0.069221,0.108966,0.994147,-0.004540,0.007767,0.107662,0.994597,-0.041617,-0.095100,0.001116,0.995046,-0.025880,0.073456,-0.061791,0.998206,0.000071,-0.008243,-0.059296,0.993770,-0.005801,0.110395,-0.014150,0.977151,0.194998,0.075357,-0.038389,0.727875,0.290920,0.605223,-0.138810,0.694536,0.334158,0.600016,-0.214334,0.979100,-0.200835,0.028305,0.015105,0.709070,-0.339608,0.590492,0.182224,0.687652,-0.343812,0.586397,0.255081
0.999606,0.006700,0.026113,0.007849,0.995329,0.049626,-0.082130,0.010556,0.991345,0.025039,0.068598,0.109101,0.994132,-0.004172,0.007626,0.107820,0.994176,-0.042240,-0.099126,0.001987,0.994875,-0.025851,0.075786,-0.061742,0.998214,-0.000609,-0.007980,-0.059196,0.992969,-0.006043,0.117558,-0.012526,0.976929,0.195521,0.076693,-0.038730,0.725785,0.291561,0.607445,-0.138705,0.693618,0.333563,0.601895,-0.212963,0.978824,-0.201668,0.029813,0.018589,0.707210,-0.342015,0.590013,0.186451,0.686608,-0.346551,0.584590,0.258315
0.999555,0.007380,0.027358,0.009329,0.995042,0.049647,-0.085345,0.011981,0.991357,0.024535,0.068314,0.109285,0.994113,-0.003752,0.007520,0.108022,0.993676,-0.042929,-0.103714,0.002924,0.994655,-0.025770,0.078641,-0.061742,0.998219,-0.001305,-0.007714,-0.059133,0.992068,-0.006271,0.125075,-0.010836,0.976708,0.196043,0.077975,-0.039106,0.723586,0.292301,0.609711,-0.138692,0.692615,0.333053,0.603836,-0.211522,0.978530,-0.202480,0.031405,0.022230,0.705393,-0.344335,0.589474,0.190722,0.685747,-0.349250,0.582635,0.261365
0.999498,0.008229,0.028499,0.011109,0.994651,0.049797,-0.089459,0.013691,0.991313,0.023921,0.068711,0.109571,0.994083,-0.003236,0.007485,0.108313,0.993023,-0.043756,-0.109425,0.003998,0.994338,-0.025593,0.082548,-0.061835,0.998220,-0.002041,-0.007441,-0.059139,0.991013,-0.006456,0.133305,-0.009012,0.976480,0.196618,0.079148,-0.039554,0.721159,0.293286,0.612076,-0.138836,0.691429,0.332747,0.605918,-0.209925,0.978209,-0.203277,0.033177,0.026183,0.703665,-0.346524,0.588836,0.195062,0.685249,-0.351916,0.580415,0.264021
0.999434,0.009162,0.029628,0.013071,0.994118,0.050141,-0.094725,0.015591,0.991195,0.023186,0.070080,0.109926,0.994048,-0.002619,0.007523,0.108656,0.992233,-0.044707,-0.115970,0.005116,0.993954,-0.025341,0.086915,-0.062121,0.998209,-0.002691,-0.007177,-0.059329,0.989783,-0.006571,0.142253,-0.007048,0.976273,0.197193,0.079994,-0.040079,0.718575,0.294587,0.614392,-0.139254,0.689874,0.332957,0.607975,-0.208759,0.977921,-0.203776,0.034894,0.030463,0.702039,-0.348547,0.588062,0.199598,0.685105,-0.354468,0.577832,0.266635
0.999361,0.010137,0.030750,0.015123,0.993487,0.050598,-0.100567,0.017568,0.991039,0.022419,0.071929,0.110299,0.994010,-0.001922,0.007592,0.109007,0.991343,-0.045698,-0.122930,0.006221,0.993525,-0.025008,0.091509,-0.062527,0.998191,-0.003260,-0.006921,-0.059639,0.988415,-0.006670,0.151547,-0.005014,0.976089,0.197713,0.080674,-0.040632,0.715924,0.296001,0.616672,-0.139826,0.688151,0.333388,0.610008,-0.207825,0.977647,-0.204083,0.036576,0.034902,0.700471,-0.350443,0.587206,0.204253,0.685157,-0.356906,0.575052,0.269247
0.999270,0.011045,0.032165,0.017383,0.992664,0.051184,-0.107736,0.019774,0.990801,0.021446,0.074802,0.110719,0.993964,-0.001399,0.007959,0.109409,0.990344,-0.046687,-0.130324,0.007449,0.993048,-0.024530,0.096343,-0.063024,0.998168,-0.003472,-0.006502,-0.060056,0.986726,-0.006653,0.162230,-0.002919,0.975913,0.198354,0.080768,-0.041542,0.713017,0.298260,0.618611,-0.141309,0.685889,0.334754,0.611787,-0.207877,0.977416,-0.204020,0.038115,0.039771,0.698890,-0.352236,0.586334,0.209035,0.685305,-0.359272,0.572329,0.271517
0.999165,0.011905,0.033775,0.019645,0.991750,0.051836,-0.115164,0.021968,0.990553,0.020520,0.077743,0.111085,0.993923,-0.000842,0.008382,0.109759,0.989267,-0.047612,-0.137875,0.008621,0.992565,-0.023956,0.101040,-0.063493,0.998146,-0.003525,-0.006107,-0.060461,0.984846,-0.006638,0.173303,-0.000765,0.975764,0.198902,0.080729,-0.042498,0.710107,0.300624,0.620397,-0.143109,0.683559,0.336163,0.613500,-0.208230,0.977211,-0.203689,0.039542,0.044794,0.697145,-0.354030,0.585534,0.214012,0.685191,-0.361654,0.569688,0.274181
0.999039,0.012668,0.035779,0.021908,0.990704,0.052587,-0.123110,0.024168,0.990291,0.019632,0.080831,0.111376,0.993887,-0.000274,0.008923,0.110037,0.988088,-0.048448,-0.145742,0.009737,0.992096,-0.023276,0.105472,-0.063873,0.998128,-0.003332,-0.005752,-0.060798,0.982682,-0.006591,0.185177,0.001498,0.975645,0.199373,0.080429,-0.043564,0.707161,0.303289,0.621904,-0.145515,0.681055,0.337733,0.615105,-0.209156,0.977066,-0.202899,0.040762,0.050128,0.695060,-0.355909,0.584903,0.219336,0.684517,-0.364169,0.567240,0.277590
0.998886,0.013372,0.038408,0.023922,0.989564,0.053362,-0.131277,0.026101,0.990030,0.018735,0.083823,0.111643,0.993853,0.000127,0.009470,0.110299,0.986803,-0.049292,-0.153878,0.010530,0.991624,-0.022555,0.109689,-0.064360,0.998103,-0.003044,-0.005444,-0.061253,0.980194,-0.006480,0.197905,0.003461,0.975578,0.199559,0.079919,-0.045134,0.704387,0.306127,0.622890,-0.148776,0.678627,0.339395,0.616259,-0.210951,0.977011,-0.201646,0.041466,0.055404,0.692921,-0.357803,0.584226,0.224760,0.683368,-0.366842,0.564944,0.281554
0.998713,0.014047,0.041348,0.025810,0.988339,0.054166,-0.139549,0.027884,0.989765,0.017865,0.086764,0.111884,0.993821,0.000476,0.010017,0.110540,0.985431,-0.050117,-0.162144,0.011127,0.991142,-0.021772,0.113799,-0.064917,0.998072,-0.002670,-0.005160,-0.061792,0.977443,-0.006354,0.211039,0.005276,0.975554,0.199505,0.079306,-0.046934,0.701721,0.308970,0.623594,-0.152495,0.676269,0.341032,0.617170,-0.213209,0.977023,-0.199985,0.041919,0.060625,0.690808,-0.359559,0.583490,0.230308,0.682047,-0.369444,0.562674,0.285869
0.998498,0.014692,0.045171,0.027304,0.987005,0.055125,-0.148073,0.029270,0.989476,0.017019,0.089719,0.112239,0.993776,0.000660,0.010553,0.110897,0.983894,-0.050890,-0.170986,0.011222,0.990708,-0.021114,0.117511,-0.065131,0.998062,-0.002278,-0.004994,-0.061984,0.974349,-0.006311,0.224848,0.006973,0.975632,0.198964,0.078456,-0.048986,0.699977,0.311391,0.623288,-0.156779,0.675118,0.342257,0.616925,-0.215593,0.977086,-0.198053,0.041592,0.065940,0.688752,-0.361666,0.582257,0.236210,0.680011,-0.372976,0.560139,0.291064
0.998255,0.015376,0.049362,0.028527,0.985607,0.056118,-0.156554,0.030347,0.989177,0.016185,0.092719,0.112564,0.993733,0.000884,0.011073,0.111224,0.982250,-0.051582,-0.180013,0.010959,0.990278,-0.020425,0.121095,-0.065327,0.998052,-0.001815,-0.004759,-0.062172,0.970995,-0.006307,0.238866,0.008428,0.975758,0.198071,0.077690,-0.051274,0.698592,0.313450,0.622656,-0.161301,0.674631,0.343167,0.616136,-0.217912,0.977195,-0.195826,0.041149,0.071048,0.687119,-0.363395,0.580644,0.242207,0.678269,-0.376358,0.557194,0.296380
0.997967,0.016140,0.054290,0.029209,0.984161,0.057138,-0.164957,0.030834,0.988864,0.015301,0.095814,0.112844,0.993696,0.001122,0.011565,0.111507,0.980458,-0.052165,-0.189420,0.010045,0.989871,-0.019758,0.124421,-0.065458,0.998046,-0.001290,-0.004385,-0.062312,0.967309,-0.006332,0.253346,0.009400,0.975941,0.196652,0.077087,-0.054078,0.697881,0.314926,0.621406,-0.166246,0.675412,0.343569,0.614295,-0.220047,0.977359,-0.193359,0.040453,0.075792,0.686238,-0.364644,0.578343,0.248256,0.676998,-0.379729,0.553538,0.301789
0.997622,0.016979,0.059912,0.029535,0.982626,0.058275,-0.173472,0.030929,0.988554,0.014446,0.098741,0.113152,0.993656,0.001511,0.011946,0.111816,0.978504,-0.052528,-0.199235,0.008672,0.989488,-0.019118,0.127636,-0.065252,0.998060,-0.000712,-0.003856,-0.062129,0.963350,-0.006497,0.267993,0.009757,0.976169,0.194739,0.076628,-0.057432,0.697742,0.315907,0.619590,-0.171660,0.677584,0.343274,0.611430,-0.221801,0.977566,-0.190793,0.039560,0.079988,0.686843,-0.365017,0.574730,0.254352,0.677989,-0.381970,0.548145,0.306541
0.997226,0.017856,0.065879,0.029682,0.981008,0.059461,-0.182038,0.030811,0.988243,0.013593,0.101586,0.113448,0.993618,0.001964,0.012276,0.112114,0.976414,-0.052783,-0.209238,0.007036,0.989108,-0.018521,0.130798,-0.064923,0.998082,-0.000142,-0.003247,-0.061827,0.959137,-0.006728,0.282690,0.009811,0.976456,0.192348,0.076253,-0.061007,0.697951,0.316418,0.617474,-0.177398,0.680524,0.342390,0.608051,-0.223451,0.977876,-0.187707,0.038608,0.083867,0.688320,-0.364537,0.570401,0.260712,0.680272,-0.383205,0.541803,0.311180
0.996765,0.018996,0.072284,0.029571,0.979250,0.060583,-0.191002,0.030285,0.987933,0.012637,0.104721,0.113408,0.993615,0.002549,0.012665,0.112083,0.974132,-0.052868,-0.219654,0.004938,0.988751,-0.018086,0.133844,-0.064260,0.998123,0.000479,-0.002577,-0.061182,0.954901,-0.007214,0.296695,0.009125,0.976833,0.189410,0.075457,-0.065015,0.698396,0.316711,0.615089,-0.183311,0.684449,0.340685,0.604083,-0.224827,0.978237,-0.184691,0.037243,0.086916,0.691501,-0.363238,0.564281,0.267343,0.685628,-0.382765,0.532689,0.315671
0.996241,0.020150,0.078934,0.029443,0.977314,0.061795,-0.200390,0.029709,0.987578,0.011650,0.108200,0.113347,0.993613,0.003176,0.013148,0.112032,0.971646,-0.052983,-0.230412,0.002679,0.988365,-0.017756,0.137003,-0.063632,0.998163,0.000942,-0.001944,-0.060554,0.950551,-0.007720,0.310362,0.008342,0.977385,0.185734,0.073936,-0.068954,0.699015,0.316690,0.612611,-0.189194,0.688575,0.338489,0.600069,-0.226290,0.978807,-0.180600,0.035575,0.089751,0.694897,-0.361246,0.557978,0.274371,0.691320,-0.381235,0.523313,0.320750
0.995629,0.021333,0.086079,0.029286,0.975086,0.063204,-0.210633,0.029080,0.987128,0.010601,0.112371,0.113305,0.993605,0.003895,0.013818,0.112000,0.968849,-0.053150,-0.241880,0.000172,0.987935,-0.017592,0.140385,-0.062985,0.998204,0.001142,-0.001387,-0.059875,0.946191,-0.008272,0.323419,0.007363,0.978201,0.181058,0.070938,-0.072860,0.699850,0.316500,0.609985,-0.194824,0.692950,0.335811,0.595971,-0.227750,0.979614,-0.175338,0.033218,0.092249,0.698468,-0.358746,0.551442,0.281701,0.697370,-0.378484,0.513587,0.326578
0.994926,0.022463,0.093647,0.029130,0.972586,0.064664,-0.221552,0.028439,0.986577,0.009381,0.117265,0.113252,0.993592,0.004401,0.014733,0.111975,0.965800,-0.053411,-0.253714,-0.002484,0.987399,-0.017445,0.144289,-0.062606,0.998230,0.001351,-0.000902,-0.059443,0.941783,-0.008660,0.336050,0.006397,0.979142,0.175886,0.066872,-0.076638,0.700634,0.316533,0.607230,-0.200476,0.696922,0.333639,0.591786,-0.229724,0.980660,-0.168656,0.030160,0.094608,0.701753,-0.355886,0.545231,0.289156,0.702603,-0.375676,0.504317,0.332989
0.994142,0.023567,0.101425,0.028975,0.969878,0.066131,-0.232791,0.027771,0.985961,0.008067,0.122522,0.113153,0.993581,0.004789,0.015773,0.111918,0.962544,-0.053721,-0.265697,-0.005263,0.986793,-0.017329,0.148461,-0.062440,0.998244,0.001533,-0.000443,-0.059209,0.937271,-0.008972,0.348444,0.005447,0.980200,0.169933,0.062332,-0.080284,0.701518,0.316247,0.604371,-0.206386,0.700829,0.331271,0.587524,-0.232194,0.981847,-0.160838,0.026809,0.096891,0.704966,-0.352505,0.539093,0.296886,0.707512,-0.372467,0.495163,0.339866
0.993170,0.024519,0.110352,0.028902,0.966687,0.067871,-0.245292,0.027253,0.985225,0.006662,0.128352,0.113198,0.993551,0.005218,0.016801,0.112009,0.958817,-0.053819,-0.278761,-0.008107,0.986083,-0.017055,0.153252,-0.062162,0.998263,0.001708,0.000180,-0.058882,0.932998,-0.009068,0.359738,0.004634,0.981384,0.163499,0.056268,-0.083592,0.702637,0.316367,0.600911,-0.212411,0.704713,0.329628,0.582648,-0.235044,0.983172,-0.151902,0.022061,0.099055,0.707859,-0.349422,0.533265,0.304087,0.711686,-0.369531,0.486672,0.346554
0.992083,0.025472,0.119552,0.028813,0.963223,0.069632,-0.258146,0.026692,0.984420,0.005171,0.134457,0.113192,0.993526,0.005631,0.017798,0.112062,0.954816,-0.053866,-0.292065,-0.011092,0.985316,-0.016790,0.158200,-0.061994,0.998276,0.001837,0.000817,-0.058660,0.928720,-0.009101,0.370649,0.003966,0.982604,0.156514,0.049811,-0.086664,0.704081,0.316156,0.597144,-0.218483,0.708882,0.327812,0.577358,-0.238081,0.984455,-0.142489,0.016947,0.101278,0.710576,-0.346394,0.527438,0.311290,0.715662,-0.366357,0.478358,0.353249
0.990838,0.026427,0.129303,0.028693,0.959357,0.071475,-0.271743,0.026086,0.983499,0.003525,0.141110,0.113157,0.993502,0.006035,0.018724,0.112100,0.950432,-0.053806,-0.305909,-0.014266,0.984469,-0.016489,0.163453,-0.061905,0.998284,0.001946,0.001472,-0.058515,0.924587,-0.008990,0.380848,0.003570,0.983795,0.149512,0.042447,-0.089395,0.705929,0.316147,0.592856,-0.224137,0.713363,0.326559,0.571308,-0.240999,0.985636,-0.132906,0.010997,0.103620,0.712837,-0.344103,0.521795,0.318097,0.719107,-0.363406,0.470616,0.359641
0.989454,0.027334,0.139319,0.028703,0.955032,0.073517,-0.286096,0.025649,0.982450,0.001883,0.148265,0.113167,0.993477,0.006529,0.019389,0.112181,0.945592,-0.053658,-0.320422,-0.017486,0.983486,-0.016088,0.169305,-0.061899,0.998287,0.001913,0.002024,-0.058449,0.920397,-0.008837,0.390872,0.003288,0.984867,0.142742,0.034503,-0.092034,0.707973,0.316636,0.587959,-0.229825,0.718012,0.325689,0.564575,-0.244213,0.986624,-0.123692,0.004422,0.106080,0.714833,-0.342591,0.516318,0.324131,0.722325,-0.360440,0.463654,0.365178
0.987946,0.028215,0.149459,0.028776,0.950351,0.075626,-0.300789,0.025289,0.981307,0.000221,0.155666,0.113161,0.993455,0.007043,0.019923,0.112257,0.940394,-0.053466,-0.335214,-0.020773,0.982406,-0.015663,0.175460,-0.062030,0.998282,0.001765,0.002531,-0.058512,0.916125,-0.008671,0.400786,0.003065,0.985785,0.136331,0.026252,-0.094622,0.710036,0.317603,0.582745,-0.235341,0.722656,0.325213,0.557495,-0.247395,0.987381,-0.115233,-0.002517,0.108597,0.716540,-0.341952,0.510993,0.329431,0.725239,-0.357951,0.457181,0.369981
0.986255,0.028880,0.160129,0.028748,0.945175,0.077896,-0.316147,0.025049,0.980027,-0.001381,0.163563,0.113106,0.993449,0.007606,0.019900,0.112275,0.934629,-0.053079,-0.350813,-0.024133,0.981258,-0.015029,0.181751,-0.062229,0.998273,0.001614,0.002676,-0.058659,0.911700,-0.008586,0.410757,0.002800,0.986401,0.131277,0.018020,-0.097237,0.712399,0.319420,0.576713,-0.240542,0.727777,0.325921,0.548909,-0.250628,0.987862,-0.108066,-0.009951,0.111139,0.718179,-0.342301,0.506125,0.332998,0.728817,-0.354994,0.451699,0.372522
0.984416,0.029510,0.170969,0.028707,0.939660,0.080186,-0.331649,0.024861,0.978663,-0.003059,0.171519,0.113095,0.993441,0.008082,0.019619,0.112363,0.928510,-0.052630,-0.366525,-0.027551,0.980027,-0.014388,0.188227,-0.062537,0.998258,0.001397,0.002830,-0.058914,0.907098,-0.008580,0.420825,0.002449,0.986794,0.127150,0.009680,-0.099879,0.714635,0.322092,0.570329,-0.245515,0.732866,0.327346,0.539861,-0.253578,0.988101,-0.102168,-0.017573,0.113620,0.719692,-0.343549,0.501378,0.335616,0.732563,-0.352495,0.446399,0.373935
0.982391,0.030073,0.182164,0.028645,0.933703,0.082589,-0.347510,0.024785,0.977189,-0.004861,0.179599,0.113233,0.993423,0.008428,0.018819,0.112628,0.921939,-0.052045,-0.382569,-0.031010,0.978677,-0.013677,0.195064,-0.062890,0.998240,0.001135,0.002992,-0.059221,0.902245,-0.008720,0.431131,0.001927,0.986927,0.124302,0.001165,-0.102583,0.716783,0.325965,0.563246,-0.250445,0.738081,0.329752,0.529884,-0.256366,0.988110,-0.097649,-0.025464,0.115999,0.721253,-0.345635,0.496716,0.337052,0.737003,-0.349950,0.441234,0.373730
0.980149,0.030597,0.193803,0.028502,0.927305,0.085128,-0.363653,0.024789,0.975618,-0.006782,0.187710,0.113526,0.993387,0.008694,0.017811,0.113089,0.914891,-0.051353,-0.398926,-0.034566,0.977284,-0.012967,0.201838,-0.063317,0.998218,0.000848,0.002911,-0.059595,0.897104,-0.009132,0.441723,0.001141,0.986829,0.122586,-0.007131,-0.105307,0.718576,0.330678,0.556160,-0.254925,0.743270,0.332859,0.519645,-0.258309,0.987902,-0.094524,-0.033665,0.118244,0.722801,-0.348668,0.491984,0.337550,0.741982,-0.347758,0.435835,0.372257
0.977722,0.031101,0.205648,0.028317,0.920537,0.087674,-0.379877,0.024866,0.973966,-0.008843,0.195827,0.113859,0.993343,0.008840,0.016697,0.113638,0.907443,-0.050625,-0.415364,-0.038181,0.975841,-0.012296,0.208577,-0.063871,0.998189,0.000489,0.002712,-0.060087,0.891750,-0.009695,0.452424,0.000238,0.986560,0.121742,-0.015365,-0.107897,0.720135,0.335991,0.549105,-0.258843,0.748376,0.336459,0.509293,-0.259518,0.987524,-0.092392,-0.042062,0.120376,0.724293,-0.352379,0.487266,0.337343,0.747174,-0.345953,0.430337,0.369943
0.975003,0.031441,0.218148,0.028145,0.913392,0.090207,-0.396161,0.025172,0.972365,-0.011047,0.203258,0.114324,0.993282,0.008782,0.015234,0.114379,0.899694,-0.049735,-0.431679,-0.041591,0.974412,-0.011282,0.215020,-0.064505,0.998151,0.000313,0.002406,-0.060736,0.885880,-0.010563,0.463793,-0.000887,0.986124,0.121727,-0.023488,-0.110409,0.721643,0.341751,0.541863,-0.262338,0.753464,0.340526,0.498740,-0.259987,0.986953,-0.091297,-0.050872,0.122478,0.726350,-0.356357,0.482198,0.336021,0.753403,-0.344320,0.424365,0.365709
0.972095,0.031751,0.230740,0.027975,0.905927,0.092627,-0.412387,0.025573,0.970759,-0.013329,0.210467,0.114689,0.993221,0.008686,0.014007,0.115071,0.891630,-0.048829,-0.447874,-0.044960,0.973006,-0.010275,0.221129,-0.065233,0.998106,0.000055,0.002017,-0.061488,0.879771,-0.011543,0.475253,-0.002036,0.985613,0.121999,-0.031547,-0.112641,0.723247,0.347397,0.534677,-0.265234,0.758615,0.344430,0.488324,-0.259635,0.986262,-0.090618,-0.059782,0.124507,0.728444,-0.360508,0.477195,0.334199,0.759874,-0.342705,0.418469,0.360593
0.968962,0.032006,0.243546,0.027816,0.898108,0.094940,-0.428611,0.026104,0.969199,-0.015606,0.217248,0.114944,0.993159,0.008670,0.013252,0.115692,0.883239,-0.047856,-0.463975,-0.048233,0.971710,-0.009218,0.226578,-0.066001,0.998056,-0.000264,0.001456,-0.062305,0.873324,-0.012713,0.486963,-0.003251,0.985067,0.122308,-0.039392,-0.114594,0.725149,0.352503,0.527552,-0.267561,0.764027,0.347769,0.478167,-0.258215,0.985455,-0.090226,-0.068819,0.126500,0.730700,-0.364648,0.472227,0.331829,0.766932,-0.340762,0.412685,0.354102
0.965769,0.032194,0.255872,0.027996,0.889958,0.097184,-0.444749,0.026972,0.967753,-0.017871,0.223265,0.115273,0.993080,0.008795,0.012696,0.116416,0.874698,-0.046652,-0.479703,-0.051100,0.970440,-0.008090,0.231864,-0.066489,0.998019,-0.000565,0.001260,-0.062896,0.866898,-0.013945,0.498272,-0.004267,0.984528,0.122534,-0.047207,-0.116026,0.727538,0.356954,0.520323,-0.269325,0.769862,0.350092,0.468221,-0.255963,0.984545,-0.089874,-0.077973,0.128507,0.733146,-0.368593,0.467348,0.328971,0.774621,-0.338007,0.407342,0.346102
0.962476,0.032348,0.267938,0.028343,0.881497,0.099354,-0.460766,0.028026,0.966352,-0.020173,0.228895,0.115607,0.992995,0.008947,0.012241,0.117179,0.865948,-0.045329,-0.495166,-0.053766,0.969164,-0.006935,0.237064,-0.066880,0.997986,-0.000877,0.001247,-0.063417,0.860414,-0.015226,0.509341,-0.005175,0.983980,0.122707,-0.055007,-0.117045,0.730191,0.360994,0.513063,-0.270686,0.775907,0.351781,0.458389,-0.253175,0.983546,-0.089523,-0.087187,0.130468,0.735708,-0.372365,0.462507,0.325830,0.782605,-0.334730,0.402137,0.337299
0.959451,0.032201,0.278558,0.028661,0.872918,0.101121,-0.476370,0.029338,0.965023,-0.022271,0.234216,0.115656,0.992940,0.009046,0.012150,0.117647,0.857186,-0.044228,-0.510031,-0.056077,0.967982,-0.005774,0.241736,-0.067382,0.997943,-0.001493,0.001488,-0.064080,0.854726,-0.016166,0.518801,-0.005286,0.983503,0.122374,-0.063286,-0.117223,0.733721,0.364185,0.505177,-0.271697,0.782950,0.351316,0.448458,-0.249902,0.982473,-0.088652,-0.096568,0.132525,0.738906,-0.375327,0.457156,0.322731,0.791066,-0.330001,0.396807,0.328418
0.956456,0.031933,0.288671,0.028991,0.864128,0.102781,-0.491697,0.030852,0.963652,-0.024419,0.239552,0.115733,0.992879,0.009022,0.012033,0.118174,0.848216,-0.043128,-0.524674,-0.058196,0.966795,-0.004575,0.246333,-0.067865,0.997898,-0.002091,0.001786,-0.064743,0.849195,-0.016932,0.527783,-0.005068,0.983006,0.122008,-0.071568,-0.117012,0.737465,0.367080,0.497133,-0.272501,0.790219,0.350072,0.438535,-0.246354,0.981340,-0.087559,-0.105866,0.134524,0.742268,-0.377908,0.451598,0.319818,0.799595,-0.324662,0.391194,0.319702
0.953657,0.031425,0.297809,0.029353,0.855208,0.104320,-0.506623,0.032717,0.962220,-0.026583,0.244926,0.115920,0.992804,0.008840,0.011864,0.118835,0.839102,-0.042020,-0.539026,-0.059936,0.965630,-0.003294,0.250787,-0.068212,0.997859,-0.002618,0.002199,-0.065310,0.844102,-0.017322,0.535886,-0.004206,0.982504,0.121575,-0.079853,-0.116313,0.741608,0.369524,0.488731,-0.273151,0.797956,0.347491,0.428609,-0.242510,0.980171,-0.086047,-0.114993,0.136515,0.745912,-0.379873,0.445638,0.317362,0.808292,-0.318322,0.385177,0.311405
0.951066,0.030664,0.306022,0.029718,0.846121,0.105679,-0.521241,0.034909,0.960838,-0.028606,0.249969,0.116140,0.992729,0.008673,0.011380,0.119519,0.829850,-0.041070,-0.553077,-0.061387,0.964498,-0.001991,0.255023,-0.068583,0.997817,-0.003296,0.002539,-0.065914,0.839516,-0.017326,0.543052,-0.002814,0.981963,0.121152,-0.088215,-0.115279,0.746245,0.371599,0.479622,-0.273854,0.806175,0.344007,0.417948,-0.238873,0.978942,-0.084393,-0.124121,0.138362,0.749991,-0.381392,0.438817,0.315425,0.817289,-0.311367,0.377900,0.303779
0.948557,0.029775,0.313764,0.030084,0.836828,0.106925,-0.535624,0.037313,0.959461,-0.030606,0.254843,0.116417,0.992646,0.008482,0.010741,0.120274,0.820415,-0.040178,-0.566901,-0.062669,0.963374,-0.000673,0.259145,-0.068942,0.997773,-0.004042,0.002842,-0.066518,0.835160,-0.017123,0.549740,-0.001172,0.981362,0.120743,-0.096609,-0.114089,0.751050,0.373511,0.470131,-0.274572,0.814512,0.340032,0.406878,-0.235371,0.977657,-0.082628,-0.133243,0.140023,0.754307,-0.382578,0.431570,0.313690,0.826371,-0.303924,0.369949,0.296443
0.946451,0.028848,0.320125,0.030307,0.827695,0.107829,-0.549291,0.039656,0.958082,-0.032129,0.259793,0.116427,0.992604,0.008563,0.010113,0.120670,0.810963,-0.039489,-0.580253,-0.063918,0.962218,0.000653,0.263267,-0.069469,0.997717,-0.004809,0.003084,-0.067292,0.831504,-0.016467,0.555274,0.001079,0.980704,0.120386,-0.105051,-0.112654,0.755902,0.375413,0.460246,-0.275410,0.822848,0.335152,0.395989,-0.231920,0.976376,-0.080720,-0.141947,0.141509,0.759014,-0.383147,0.423273,0.312949,0.835799,-0.295633,0.360530,0.289929
0.944437,0.027977,0.326069,0.030590,0.818555,0.108691,-0.562485,0.042008,0.956671,-0.033689,0.264704,0.116521,0.992548,0.008573,0.009575,0.121171,0.801547,-0.038808,-0.593105,-0.065143,0.961034,0.001905,0.267414,-0.069999,0.997660,-0.005620,0.003408,-0.068060,0.828070,-0.015746,0.560394,0.003350,0.979982,0.119972,-0.113444,-0.111232,0.760559,0.377319,0.450427,-0.276215,0.830849,0.330068,0.385281,-0.228699,0.975077,-0.078856,-0.150429,0.142754,0.763693,-0.383539,0.414877,0.312326,0.845020,-0.287047,0.350789,0.283711
0.942660,0.027218,0.331197,0.030998,0.809649,0.109528,-0.574901,0.044284,0.955242,-0.035238,0.269544,0.116694,0.992481,0.008503,0.009209,0.121757,0.792443,-0.038170,-0.605120,-0.066380,0.959809,0.003014,0.271618,-0.070576,0.997599,-0.006518,0.003895,-0.068844,0.825137,-0.014928,0.564707,0.005689,0.979210,0.119424,-0.121755,-0.109823,0.764985,0.379194,0.440781,-0.276987,0.838420,0.324669,0.374993,-0.225880,0.973788,-0.077157,-0.158490,0.143754,0.768277,-0.383810,0.406274,0.312060,0.853972,-0.278248,0.340475,0.278184
0.941136,0.026542,0.335524,0.031346,0.801298,0.110237,-0.586189,0.046387,0.953828,-0.036692,0.274249,0.116846,0.992419,0.008295,0.008710,0.122313,0.783696,-0.037642,-0.616302,-0.067639,0.958573,0.004160,0.275756,-0.071262,0.997527,-0.007457,0.004447,-0.069750,0.822654,-0.014341,0.568310,0.007681,0.978474,0.118439,-0.129521,-0.108560,0.768868,0.380781,0.432158,-0.277645,0.845229,0.319088,0.366067,-0.223083,0.972567,-0.075734,-0.165783,0.144547,0.772498,-0.383987,0.398143,0.311902,0.862260,-0.269522,0.330555,0.273130
0.939734,0.025909,0.339449,0.031665,0.793166,0.110869,-0.596868,0.048417,0.952408,-0.038118,0.278883,0.117002,0.992356,0.008004,0.008147,0.122879,0.775064,-0.037154,-0.627014,-0.068908,0.957323,0.005352,0.279859,-0.071994,0.997448,-0.008393,0.005035,-0.070718,0.820391,-0.013863,0.571556,0.009497,0.977727,0.117244,-0.137010,-0.107385,0.772445,0.382241,0.424035,-0.278234,0.851595,0.313402,0.357801,-0.220325,0.971368,-0.074433,-0.172686,0.145200,0.776522,-0.384082,0.390242,0.311780,0.870119,-0.260749,0.320809,0.268300
0.938452,0.025427,0.342968,0.032158,0.785995,0.111682,-0.605977,0.050310,0.951023,-0.039674,0.283179,0.117437,0.992254,0.007694,0.007533,0.123758,0.767329,-0.036468,-0.636380,-0.069978,0.956067,0.006319,0.283986,-0.072437,0.997392,-0.009343,0.005523,-0.071350,0.818429,-0.013959,0.574338,0.010684,0.977110,0.115518,-0.143555,-0.106321,0.775107,0.383462,0.417708,-0.278722,0.856629,0.308592,0.351559,-0.217632,0.970341,-0.073658,-0.178165,0.145842,0.779230,-0.384910,0.383442,0.312438,0.875939,-0.254162,0.312537,0.265429
0.937211,0.025008,0.346335,0.032577,0.779078,0.112472,-0.614550,0.052115,0.949612,-0.041205,0.287484,0.117868,0.992150,0.007335,0.007063,0.124637,0.759841,-0.035743,-0.645231,-0.070999,0.954805,0.007294,0.288080,-0.072826,0.997337,-0.010294,0.006099,-0.071937,0.816495,-0.014273,0.577059,0.011571,0.976524,0.113560,-0.149696,-0.105341,0.777430,0.384552,0.412012,-0.279228,0.861328,0.303641,0.345958,-0.215010,0.969359,-0.073029,-0.183211,0.146436,0.781566,-0.385885,0.376977,0.313266,0.881130,-0.248016,0.304739,0.263120
0.936069,0.024719,0.349406,0.032851,0.772802,0.113241,-0.622147,0.053718,0.948174,-0.042635,0.291819,0.118282,0.992049,0.006913,0.006881,0.125475,0.752980,-0.034972,-0.653165,-0.071923,0.953550,0.008235,0.292114,-0.073102,0.997287,-0.011286,0.006849,-0.072413,0.814631,-0.015030,0.579664,0.011873,0.976060,0.111129,-0.155038,-0.104500,0.779155,0.385345,0.407605,-0.279795,0.865475,0.298437,0.341677,-0.212474,0.968492,-0.072716,-0.187403,0.147024,0.783181,-0.387225,0.371184,0.314494,0.885219,-0.242909,0.297914,0.261974
0.934880,0.024580,0.352566,0.033043,0.767102,0.114080,-0.628887,0.055151,0.946794,-0.043811,0.295892,0.118781,0.991942,0.006795,0.006844,0.126324,0.746694,-0.034109,-0.660294,-0.072773,0.952348,0.009122,0.295949,-0.073246,0.997245,-0.012179,0.007790,-0.072755,0.812652,-0.016567,0.582402,0.011457,0.975775,0.108170,-0.159457,-0.103614,0.780499,0.385535,0.404429,-0.280393,0.869437,0.292603,0.338882,-0.208857,0.967794,-0.073126,-0.190221,0.147795,0.783966,-0.388988,0.365886,0.316563,0.888503,-0.238825,0.291691,0.261614
0.933662,0.024517,0.355770,0.033193,0.761672,0.114941,-0.635178,0.056504,0.945435,-0.044882,0.299835,0.119320,0.991832,0.006810,0.006885,0.127184,0.740672,-0.033204,-0.666999,-0.073580,0.951164,0.009979,0.299684,-0.073331,0.997205,-0.013028,0.008827,-0.073037,0.810605,-0.018498,0.585204,0.010690,0.975573,0.104952,-0.163406,-0.102668,0.781667,0.385412,0.401881,-0.280973,0.873276,0.286428,0.336846,-0.204652,0.967179,-0.073889,-0.192349,0.148682,0.784307,-0.390957,0.360834,0.319082,0.891352,-0.235231,0.285795,0.261685
0.932674,0.024794,0.358338,0.033136,0.757498,0.115882,-0.639900,0.057419,0.944233,-0.045626,0.303267,0.119883,0.991729,0.006914,0.007109,0.127965,0.735937,-0.032166,-0.672196,-0.074261,0.950084,0.010512,0.303098,-0.073223,0.997186,-0.013647,0.009876,-0.073049,0.808911,-0.021164,0.587481,0.008983,0.975572,0.101566,-0.166080,-0.101789,0.782704,0.384419,0.400404,-0.281553,0.877398,0.278692,0.335719,-0.199491,0.966756,-0.074961,-0.193260,0.149714,0.784655,-0.392270,0.355804,0.322248,0.894196,-0.230565,0.280234,0.262150
0.931673,0.025153,0.360919,0.033014,0.753783,0.116753,-0.644048,0.058149,0.943069,-0.046247,0.306586,0.120364,0.991639,0.007126,0.007394,0.128631,0.731669,-0.031226,-0.676805,-0.074967,0.949050,0.010987,0.306309,-0.073201,0.997158,-0.014256,0.011127,-0.073131,0.807164,-0.024132,0.589792,0.007039,0.975649,0.098142,-0.168265,-0.100814,0.783839,0.382958,0.399215,-0.282076,0.881526,0.270469,0.334841,-0.194011,0.966409,-0.076084,-0.193623,0.150915,0.784864,-0.393351,0.350875,0.325808,0.896963,-0.225687,0.274761,0.262736
0.930653,0.025675,0.363528,0.032761,0.751032,0.117510,-0.647087,0.058492,0.941998,-0.046575,0.309684,0.120689,0.991578,0.007596,0.007795,0.129054,0.728390,-0.030473,-0.680281,-0.075736,0.948123,0.011356,0.309122,-0.073329,0.997115,-0.014829,0.012783,-0.073333,0.805321,-0.027701,0.592174,0.004608,0.975899,0.094633,-0.169484,-0.099703,0.785151,0.380576,0.398586,-0.282540,0.885734,0.261317,0.334451,-0.187968,0.966220,-0.077321,-0.192894,0.152418,0.784849,-0.393973,0.346156,0.330111,0.899662,-0.220418,0.269439,0.263490
0.929772,0.026265,0.365746,0.032629,0.749272,0.118338,-0.648959,0.058655,0.941039,-0.047017,0.312376,0.121065,0.991506,0.007928,0.008197,0.129558,0.726096,-0.029703,-0.682694,-0.076358,0.947325,0.011504,0.311553,-0.073332,0.997089,-0.015268,0.014133,-0.073354,0.803791,-0.031463,0.594076,0.002033,0.976202,0.091534,-0.170151,-0.098484,0.786711,0.377787,0.397896,-0.282916,0.889612,0.252296,0.334115,-0.182495,0.966127,-0.078288,-0.191628,0.154107,0.784869,-0.393965,0.341795,0.334587,0.902291,-0.214544,0.264470,0.264383
0.928959,0.026890,0.367767,0.032556,0.748010,0.119199,-0.650250,0.058724,0.940134,-0.047514,0.314862,0.121458,0.991430,0.008192,0.008597,0.130095,0.724295,-0.028926,-0.684577,-0.076908,0.946590,0.011542,0.313790,-0.073279,0.997070,-0.015641,0.015328,-0.073291,0.802397,-0.035327,0.595744,-0.000602,0.976534,0.088643,-0.170520,-0.097198,0.788385,0.374781,0.397194,-0.283239,0.893265,0.243320,0.333831,-0.177284,0.966080,-0.079111,-0.190070,0.155895,0.784884,-0.393609,0.337631,0.339167,0.904839,-0.208317,0.259740,0.265342
0.928175,0.027497,0.369744,0.032007,0.748073,0.119592,-0.650138,0.058364,0.939501,-0.047507,0.316738,0.121480,0.991419,0.008704,0.009050,0.130117,0.723844,-0.028724,-0.685003,-0.077432,0.946101,0.011396,0.315196,-0.073580,0.997024,-0.016092,0.016708,-0.073524,0.800824,-0.039215,0.597603,-0.003547,0.976951,0.086300,-0.169966,-0.096075,0.789909,0.371580,0.396946,-0.283561,0.896313,0.234772,0.334125,-0.172814,0.966246,-0.079738,-0.187536,0.157606,0.784882,-0.392435,0.334456,0.343649,0.907114,-0.201394,0.256164,0.266391
0.927377,0.028062,0.371751,0.031382,0.748511,0.119865,-0.649622,0.057921,0.938970,-0.047519,0.318338,0.121404,0.991419,0.009199,0.009517,0.130047,0.723776,-0.028636,-0.685028,-0.077881,0.945732,0.011277,0.316238,-0.073876,0.996979,-0.016423,0.017945,-0.073763,0.799232,-0.042971,0.599450,-0.006412,0.977338,0.084141,-0.169445,-0.094970,0.791391,0.368531,0.396645,-0.283825,0.899064,0.226700,0.334412,-0.168700,0.966455,-0.080112,-0.184864,0.159285,0.784836,-0.391020,0.331722,0.347990,0.909176,-0.194468,0.253282,0.267262
0.926555,0.028544,0.373824,0.030606,0.749702,0.119905,-0.648294,0.057310,0.938644,-0.047564,0.319392,0.121136,0.991443,0.009668,0.010017,0.129799,0.724476,-0.028768,-0.684248,-0.078180,0.945604,0.011215,0.316558,-0.074148,0.996942,-0.016503,0.018899,-0.074006,0.797646,-0.046448,0.601265,-0.009137,0.977663,0.082347,-0.169032,-0.093930,0.792815,0.365812,0.396197,-0.283997,0.901358,0.219613,0.334629,-0.165370,0.966751,-0.079996,-0.181962,0.160881,0.784748,-0.389193,0.329829,0.352011,0.910906,-0.187636,0.251665,0.267784
0.925657,0.028830,0.376089,0.029747,0.751388,0.119773,-0.646414,0.056738,0.938567,-0.047540,0.319725,0.120860,0.991470,0.010086,0.010548,0.129515,0.725866,-0.029119,-0.682751,-0.078243,0.945688,0.011091,0.316258,-0.074374,0.996915,-0.016592,0.019501,-0.074193,0.795848,-0.049880,0.603323,-0.011758,0.978025,0.080814,-0.168270,-0.092854,0.793733,0.363535,0.396227,-0.284315,0.902990,0.213393,0.335485,-0.162854,0.967106,-0.079650,-0.178743,0.162520,0.784402,-0.387284,0.328655,0.355964,0.912147,-0.181286,0.251083,0.268478
0.924717,0.029020,0.378449,0.028845,0.753316,0.119555,-0.644255,0.056182,0.938616,-0.047479,0.319697,0.120581,0.991499,0.010481,0.011094,0.129214,0.727597,-0.029577,-0.680892,-0.078192,0.945877,0.010940,0.315649,-0.074578,0.996893,-0.016684,0.019928,-0.074354,0.793928,-0.053290,0.605503,-0.014318,0.978406,0.079418,-0.167318,-0.091752,0.794393,0.361475,0.396512,-0.284700,0.904277,0.207608,0.336672,-0.160732,0.967486,-0.079182,-0.175349,0.164173,0.783922,-0.385309,0.327855,0.359880,0.913129,-0.175159,0.251052,0.269234
0.923829,0.029090,0.380717,0.027369,0.756225,0.118778,-0.641058,0.055312,0.938901,-0.047345,0.319163,0.119823,0.991591,0.010688,0.011821,0.128425,0.730475,-0.030397,-0.677810,-0.077819,0.946369,0.010688,0.314137,-0.074762,0.996880,-0.016552,0.020217,-0.074481,0.792148,-0.056191,0.607504,-0.016830,0.978653,0.078495,-0.166773,-0.090905,0.794572,0.360508,0.396643,-0.285243,0.904966,0.203271,0.338071,-0.159453,0.967933,-0.078569,-0.171956,0.165419,0.783285,-0.383421,0.327959,0.363174,0.913537,-0.169849,0.252349,0.270039
0.922929,0.029103,0.383000,0.025820,0.759279,0.117932,-0.637671,0.054440,0.939295,-0.047199,0.318313,0.119054,0.991685,0.010900,0.012474,0.127619,0.733553,-0.031312,-0.674483,-0.077402,0.946960,0.010400,0.312307,-0.074983,0.996868,-0.016348,0.020394,-0.074640,0.790330,-0.058979,0.609530,-0.019315,0.978912,0.077656,-0.166056,-0.090143,0.794507,0.359711,0.397087,-0.285814,0.905427,0.199269,0.339719,-0.158385,0.968407,-0.077847,-0.168462,0.166577,0.782481,-0.381578,0.328472,0.366372,0.913664,-0.164898,0.254210,0.270933
0.922014,0.029005,0.385314,0.024123,0.762632,0.116945,-0.633913,0.053566,0.939908,-0.047024,0.316825,0.118252,0.991785,0.011125,0.012976,0.126771,0.737039,-0.032423,-0.670679,-0.076893,0.947749,0.010034,0.309844,-0.075282,0.996858,-0.016008,0.020346,-0.074862,0.788467,-0.061530,0.611604,-0.021767,0.979191,0.076977,-0.165029,-0.089579,0.793958,0.359270,0.398116,-0.286460,0.905463,0.195955,0.341830,-0.157767,0.968943,-0.076920,-0.164795,0.167558,0.781351,-0.379865,0.329779,0.369377,0.913265,-0.160694,0.257140,0.272037
0.921057,0.028804,0.387722,0.022279,0.766228,0.115809,-0.629848,0.052676,0.940637,-0.046816,0.315006,0.117391,0.991891,0.011304,0.013667,0.125845,0.740936,-0.033463,-0.666414,-0.076069,0.948685,0.009582,0.306976,-0.075309,0.996868,-0.015424,0.020483,-0.074813,0.786518,-0.063880,0.613774,-0.024306,0.979445,0.076329,-0.164016,-0.089215,0.793088,0.359253,0.399155,-0.287443,0.905217,0.193581,0.343929,-0.157550,0.969464,-0.075973,-0.161371,0.168309,0.780222,-0.378298,0.331344,0.371962,0.912826,-0.156764,0.260278,0.272818
0.920073,0.028552,0.390175,0.020360,0.769929,0.114599,-0.625617,0.051769,0.941421,-0.046591,0.313022,0.116502,0.992000,0.011464,0.014452,0.124883,0.745025,-0.034456,-0.661899,-0.075104,0.949684,0.009113,0.303908,-0.075210,0.996886,-0.014698,0.020720,-0.074646,0.784514,-0.066129,0.615989,-0.026884,0.979688,0.075700,-0.163003,-0.088946,0.792056,0.359443,0.400206,-0.288590,0.904825,0.191677,0.346031,-0.157525,0.969974,-0.075009,-0.158059,0.168940,0.779090,-0.376792,0.333042,0.374338,0.912356,-0.152966,0.263524,0.273428
0.919229,0.028170,0.392293,0.018164,0.773784,0.113058,-0.621206,0.050788,0.942472,-0.046326,0.310305,0.115378,0.992145,0.011553,0.014699,0.123690,0.749309,-0.035801,-0.657079,-0.074173,0.950931,0.008565,0.299950,-0.075416,0.996887,-0.013978,0.020753,-0.074764,0.782852,-0.067678,0.617823,-0.029277,0.979794,0.075388,-0.162454,-0.089040,0.791039,0.360108,0.400873,-0.289623,0.904370,0.190452,0.347739,-0.157863,0.970461,-0.074140,-0.155335,0.169056,0.777868,-0.375834,0.334816,0.376255,0.911338,-0.151094,0.266949,0.274538
0.918405,0.027752,0.394344,0.015942,0.777581,0.111516,-0.616805,0.049842,0.943512,-0.046124,0.307568,0.114281,0.992282,0.011555,0.015076,0.122535,0.753602,-0.037116,-0.652187,-0.073200,0.952192,0.007968,0.295893,-0.075596,0.996890,-0.013175,0.020835,-0.074850,0.781192,-0.069008,0.619659,-0.031602,0.979886,0.075068,-0.161926,-0.089269,0.790002,0.360807,0.401502,-0.290707,0.903838,0.189482,0.349417,-0.158374,0.970929,-0.073277,-0.152837,0.169020,0.776662,-0.375011,0.336610,0.377963,0.910193,-0.149611,0.270410,0.275762
0.917629,0.027261,0.396266,0.013667,0.781293,0.109970,-0.612444,0.048985,0.944540,-0.046042,0.304800,0.113233,0.992407,0.011380,0.015716,0.121453,0.757943,-0.038390,-0.647184,-0.072117,0.953500,0.007237,0.291641,-0.075704,0.996899,-0.012234,0.021009,-0.074845,0.779557,-0.069898,0.621500,-0.033806,0.979943,0.074725,-0.161455,-0.089779,0.788932,0.361583,0.402042,-0.291903,0.903158,0.189025,0.351019,-0.159251,0.971367,-0.072436,-0.150804,0.168691,0.775493,-0.374481,0.338441,0.379252,0.908807,-0.148925,0.273935,0.277220
0.916972,0.026595,0.397901,0.011394,0.784888,0.108429,-0.608158,0.048348,0.945606,-0.046041,0.301814,0.112332,0.992515,0.011134,0.016194,0.120534,0.762191,-0.039798,-0.642216,-0.070986,0.954835,0.006433,0.287205,-0.075911,0.996904,-0.011434,0.020922,-0.074920,0.778245,-0.070535,0.622958,-0.035831,0.979919,0.074527,-0.161392,-0.090319,0.788164,0.362438,0.401942,-0.293048,0.902524,0.188848,0.352074,-0.160721,0.971688,-0.072017,-0.149485,0.168196,0.774469,-0.374484,0.339634,0.380273,0.907316,-0.149397,0.276724,0.279073
0.916371,0.025841,0.399392,0.009123,0.788411,0.106893,-0.603900,0.047809,0.946684,-0.046075,0.298720,0.111508,0.992612,0.010859,0.016592,0.119697,0.766379,-0.041265,-0.637246,-0.069850,0.956168,0.005611,0.282679,-0.076178,0.996907,-0.010692,0.020709,-0.075051,0.777092,-0.071047,0.624223,-0.037766,0.979854,0.074399,-0.161534,-0.090869,0.787551,0.363331,0.401524,-0.294165,0.901911,0.188808,0.352855,-0.162484,0.971950,-0.071811,-0.148524,0.167621,0.773517,-0.374755,0.340507,0.381162,0.905768,-0.150448,0.279143,0.281121
0.915892,0.024901,0.400593,0.006825,0.791456,0.105289,-0.600211,0.047527,0.947745,-0.046146,0.295620,0.110720,0.992707,0.010456,0.016873,0.118907,0.770298,-0.042619,-0.632564,-0.068469,0.957520,0.004607,0.278066,-0.076244,0.996929,-0.010138,0.020314,-0.074943,0.776063,-0.071308,0.625359,-0.039589,0.979771,0.074045,-0.161802,-0.091577,0.787171,0.364020,0.400586,-0.295604,0.901152,0.189186,0.353251,-0.165368,0.972067,-0.072331,-0.148399,0.166826,0.772877,-0.375624,0.340583,0.381537,0.903990,-0.152894,0.281177,0.283487
0.915476,0.023934,0.401635,0.004564,0.794345,0.103699,-0.596679,0.047290,0.948778,-0.046193,0.292569,0.109958,0.992800,0.010075,0.017072,0.118135,0.774015,-0.043972,-0.628060,-0.067143,0.958823,0.003636,0.273522,-0.076356,0.996948,-0.009605,0.019828,-0.074891,0.775102,-0.071512,0.626416,-0.041306,0.979688,0.073682,-0.162072,-0.092273,0.786945,0.364564,0.399438,-0.297087,0.900484,0.189424,0.353452,-0.168284,0.972140,-0.073021,-0.148483,0.166027,0.772430,-0.376507,0.340341,0.381788,0.902306,-0.155391,0.282823,0.285847
0.915192,0.022916,0.402360,0.002375,0.796947,0.102135,-0.593481,0.047161,0.949766,-0.046197,0.289615,0.109238,0.992890,0.009725,0.017104,0.117397,0.777357,-0.045344,-0.623954,-0.065888,0.960059,0.002681,0.269110,-0.076547,0.996964,-0.009150,0.019144,-0.074918,0.774281,-0.071606,0.627319,-0.042813,0.979607,0.073301,-0.162348,-0.092954,0.787022,0.364824,0.397870,-0.298663,0.900003,0.189385,0.353262,-0.171271,0.972123,-0.074049,-0.148987,0.165215,0.772375,-0.377419,0.339458,0.381786,0.900829,-0.157996,0.283689,0.288208
0.915056,0.021848,0.402735,0.000297,0.799215,0.100655,-0.590675,0.047190,0.950709,-0.046232,0.286733,0.108623,0.992968,0.009390,0.017076,0.116771,0.780475,-0.046583,-0.620097,-0.064567,0.961200,0.001775,0.264996,-0.076607,0.996987,-0.008876,0.018447,-0.074824,0.773891,-0.071740,0.627679,-0.044332,0.979450,0.073000,-0.163084,-0.093550,0.787556,0.364946,0.395726,-0.299953,0.899856,0.189189,0.352376,-0.174061,0.971938,-0.075551,-0.150353,0.164388,0.772667,-0.378769,0.337727,0.381392,0.899494,-0.161080,0.283823,0.290533
0.914993,0.020756,0.402933,-0.001725,0.801312,0.099219,-0.588064,0.047289,0.951626,-0.046278,0.283884,0.108059,0.993039,0.009067,0.017017,0.116195,0.783473,-0.047751,-0.616354,-0.063230,0.962285,0.000912,0.261033,-0.076609,0.997012,-0.008677,0.017747,-0.074683,0.773718,-0.071895,0.627765,-0.045855,0.979256,0.072736,-0.164051,-0.094100,0.788315,0.364996,0.393291,-0.301097,0.899873,0.188918,0.351138,-0.176748,0.971662,-0.077290,-0.152150,0.163554,0.773124,-0.380342,0.335573,0.380801,0.898218,-0.164415,0.283598,0.292821
0.915095,0.019562,0.402747,-0.003593,0.802746,0.097771,-0.586321,0.047624,0.952493,-0.046289,0.281174,0.107496,0.993118,0.008807,0.016364,0.115636,0.785877,-0.048956,-0.613322,-0.061946,0.963268,0.000051,0.257357,-0.076697,0.997032,-0.008811,0.016788,-0.074613,0.773788,-0.071878,0.627596,-0.046994,0.979050,0.072455,-0.165125,-0.094577,0.789439,0.364721,0.390482,-0.302141,0.900087,0.188479,0.349443,-0.179468,0.971310,-0.079061,-0.154299,0.162782,0.773986,-0.381727,0.332982,0.379938,0.897216,-0.167577,0.282824,0.294844
0.915277,0.018339,0.402372,-0.005309,0.804058,0.096403,-0.584712,0.048046,0.953265,-0.046328,0.278723,0.107017,0.993185,0.008501,0.015699,0.115170,0.788077,-0.050090,-0.610530,-0.060659,0.964173,-0.000780,0.253933,-0.076737,0.997054,-0.008916,0.015932,-0.074503,0.774026,-0.071884,0.627223,-0.048033,0.978849,0.072091,-0.166226,-0.095005,0.790685,0.364279,0.387565,-0.303168,0.900325,0.187826,0.347695,-0.182329,0.970923,-0.080836,-0.156544,0.162075,0.774928,-0.383078,0.330247,0.379045,0.896276,-0.170521,0.281972,0.296822
0.915623,0.017056,0.401619,-0.006718,0.805134,0.095194,-0.583378,0.048659,0.953856,-0.046430,0.276794,0.106711,0.993231,0.008094,0.015006,0.114899,0.789880,-0.051087,-0.608242,-0.059333,0.964944,-0.001582,0.251006,-0.076658,0.997080,-0.008986,0.015276,-0.074285,0.774601,-0.071940,0.626442,-0.048867,0.978659,0.071560,-0.167383,-0.095336,0.792187,0.363504,0.384437,-0.304159,0.900624,0.186737,0.345843,-0.185466,0.970472,-0.082616,-0.158981,0.161505,0.776040,-0.384360,0.327220,0.378095,0.895477,-0.173017,0.280955,0.298748
0.916077,0.015793,0.400613,-0.007879,0.805890,0.094107,-0.582449,0.049375,0.954406,-0.046585,0.274947,0.106501,0.993267,0.007585,0.014027,0.114747,0.791299,-0.052105,-0.606423,-0.058159,0.965586,-0.002274,0.248505,-0.076702,0.997095,-0.009191,0.014573,-0.074200,0.775274,-0.072026,0.625543,-0.049577,0.978502,0.070827,-0.168435,-0.095640,0.793942,0.362267,0.381167,-0.305171,0.900902,0.185054,0.344030,-0.189139,0.970029,-0.084177,-0.161311,0.161047,0.777157,-0.385444,0.324277,0.377232,0.894701,-0.174825,0.280121,0.300796
0.916584,0.014539,0.399478,-0.008916,0.806487,0.093080,-0.581722,0.050140,0.954934,-0.046765,0.273141,0.106337,0.993297,0.007025,0.012906,0.114653,0.792522,-0.053134,-0.604838,-0.057066,0.966163,-0.002912,0.246212,-0.076810,0.997103,-0.009464,0.013844,-0.074186,0.775996,-0.072128,0.624585,-0.050223,0.978361,0.069993,-0.169436,-0.095930,0.795817,0.360796,0.377823,-0.306189,0.901157,0.183082,0.342226,-0.193076,0.969587,-0.085627,-0.163589,0.160645,0.778270,-0.386431,0.321370,0.376415,0.893932,-0.176294,0.279381,0.302904
0.917131,0.013489,0.398244,-0.009515,0.806857,0.092427,-0.581245,0.050922,0.955188,-0.047073,0.272173,0.106403,0.993292,0.006341,0.012217,0.114813,0.793185,-0.054136,-0.603946,-0.056355,0.966547,-0.003337,0.244590,-0.077149,0.997089,-0.009877,0.013286,-0.074434,0.776850,-0.072524,0.623424,-0.050855,0.978248,0.069088,-0.170410,-0.096008,0.798030,0.358917,0.374075,-0.307237,0.901825,0.179953,0.339942,-0.196894,0.969121,-0.086774,-0.165833,0.160545,0.779435,-0.387171,0.318399,0.375768,0.893288,-0.177001,0.278461,0.305233
0.917696,0.012497,0.396962,-0.009963,0.807097,0.091821,-0.580941,0.051680,0.955477,-0.047334,0.271084,0.106475,0.993287,0.005758,0.011441,0.114965,0.793733,-0.055024,-0.603209,-0.055674,0.966906,-0.003675,0.243073,-0.077420,0.997076,-0.010323,0.012734,-0.074633,0.777735,-0.073060,0.622210,-0.051439,0.978154,0.068161,-0.171352,-0.095958,0.800345,0.356870,0.370259,-0.308221,0.902545,0.176481,0.337651,-0.200648,0.968633,-0.087895,-0.168034,0.160591,0.780570,-0.387882,0.315380,0.375225,0.892692,-0.177457,0.277564,0.307518
0.918300,0.011621,0.395586,-0.010110,0.807078,0.091311,-0.580983,0.052399,0.955836,-0.047507,0.269749,0.106561,0.993283,0.005375,0.010488,0.115111,0.794055,-0.055684,-0.602783,-0.055044,0.967223,-0.003838,0.241767,-0.077551,0.997070,-0.010837,0.012196,-0.074729,0.778679,-0.073874,0.620891,-0.051928,0.978097,0.067189,-0.172230,-0.095654,0.802882,0.354488,0.366315,-0.309084,0.903390,0.172309,0.335360,-0.204276,0.968111,-0.088964,-0.170149,0.160925,0.781660,-0.388529,0.312270,0.374888,0.892208,-0.177396,0.276704,0.309726
0.918858,0.010953,0.394302,-0.010265,0.807157,0.090953,-0.580881,0.052944,0.956109,-0.047395,0.268761,0.106659,0.993280,0.005407,0.009971,0.115179,0.794226,-0.056369,-0.602524,-0.054705,0.967465,-0.003928,0.240686,-0.077884,0.997044,-0.011416,0.011883,-0.075039,0.779472,-0.074635,0.619761,-0.052425,0.978078,0.066420,-0.172758,-0.095433,0.805313,0.352031,0.362737,-0.309785,0.904471,0.167271,0.333351,-0.206955,0.967675,-0.089961,-0.171829,0.161203,0.782762,-0.388842,0.309494,0.374565,0.892022,-0.176514,0.275889,0.311488
0.919393,0.010388,0.393064,-0.010422,0.807284,0.090670,-0.580706,0.053402,0.956339,-0.047139,0.267945,0.106764,0.993278,0.005647,0.009674,0.115209,0.794323,-0.057066,-0.602348,-0.054510,0.967671,-0.003983,0.239717,-0.078317,0.997008,-0.012029,0.011684,-0.075456,0.780190,-0.075370,0.618725,-0.052924,0.978078,0.065754,-0.173113,-0.095250,0.807686,0.349535,0.359335,-0.310397,0.905650,0.161798,0.331464,-0.209168,0.967282,-0.090922,-0.173291,0.161456,0.783867,-0.388989,0.306883,0.374251,0.891980,-0.175223,0.275090,0.313039
0.920048,0.009865,0.391542,-0.010439,0.807267,0.090345,-0.580743,0.053801,0.956652,-0.046866,0.266866,0.106782,0.993287,0.005797,0.009415,0.115147,0.794572,-0.057423,-0.602020,-0.054122,0.967941,-0.003788,0.238608,-0.078368,0.997002,-0.012408,0.011183,-0.075551,0.781178,-0.075803,0.617409,-0.053122,0.978126,0.065173,-0.173040,-0.095284,0.809996,0.346851,0.356086,-0.311134,0.906809,0.155798,0.330365,-0.210437,0.966988,-0.091554,-0.174441,0.161622,0.785022,-0.388709,0.304364,0.374176,0.892343,-0.172758,0.274399,0.313981
0.920714,0.009332,0.389987,-0.010472,0.807365,0.090030,-0.580621,0.054190,0.956968,-0.046595,0.265763,0.106826,0.993292,0.005994,0.009214,0.115106,0.794908,-0.057760,-0.601583,-0.053694,0.968233,-0.003620,0.237420,-0.078378,0.996998,-0.012774,0.010753,-0.075604,0.782198,-0.076160,0.616061,-0.053237,0.978164,0.064594,-0.173019,-0.095325,0.812251,0.344230,0.352908,-0.311786,0.907934,0.149665,0.329416,-0.211522,0.966715,-0.092179,-0.175499,0.161755,0.786193,-0.388351,0.301975,0.374025,0.892803,-0.170098,0.273777,0.314666
0.921403,0.008780,0.388367,-0.010539,0.807691,0.089736,-0.580178,0.054557,0.957289,-0.046327,0.264614,0.106920,0.993291,0.006286,0.009130,0.115109,0.795415,-0.058058,-0.600929,-0.053189,0.968568,-0.003502,0.236076,-0.078307,0.996999,-0.013113,0.010463,-0.075576,0.783289,-0.076365,0.614652,-0.053190,0.978182,0.064017,-0.173099,-0.095382,0.814414,0.341736,0.349889,-0.312290,0.909026,0.143270,0.328792,-0.212230,0.966487,-0.092790,-0.176373,0.161822,0.787406,-0.387836,0.299851,0.373717,0.893470,-0.167048,0.273301,0.314822
0.922090,0.008256,0.386745,-0.010529,0.808283,0.089454,-0.579371,0.054821,0.957680,-0.046030,0.263203,0.107021,0.993290,0.006545,0.009027,0.115109,0.796263,-0.058280,-0.599831,-0.052634,0.968933,-0.003321,0.234629,-0.078147,0.997005,-0.013231,0.010399,-0.075485,0.784465,-0.076550,0.613135,-0.053114,0.978210,0.063260,-0.173166,-0.095483,0.816162,0.339539,0.347553,-0.312729,0.909828,0.137178,0.328802,-0.212801,0.966309,-0.093314,-0.177016,0.161879,0.788411,-0.387354,0.298049,0.373539,0.894114,-0.163870,0.273104,0.314834
0.922774,0.007747,0.385122,-0.010480,0.809009,0.089176,-0.578380,0.055031,0.958106,-0.045718,0.261662,0.107125,0.993290,0.006786,0.008917,0.115106,0.797281,-0.058465,-0.598510,-0.052056,0.969311,-0.003107,0.233131,-0.077948,0.997013,-0.013237,0.010449,-0.075367,0.785680,-0.076724,0.611563,-0.053021,0.978242,0.062414,-0.173223,-0.095605,0.817702,0.337488,0.345561,-0.313134,0.910471,0.131229,0.329121,-0.213309,0.966157,-0.093794,-0.177543,0.161931,0.789312,-0.386889,0.296407,0.373426,0.894741,-0.160624,0.273045,0.314778
0.923436,0.007267,0.383546,-0.010261,0.810127,0.089009,-0.576826,0.055166,0.958527,-0.045504,0.260057,0.107356,0.993274,0.007022,0.008535,0.115261,0.798754,-0.058518,-0.596596,-0.051385,0.969742,-0.002947,0.231455,-0.077586,0.997038,-0.013085,0.010352,-0.075079,0.786663,-0.077087,0.610254,-0.052993,0.978248,0.061114,-0.173689,-0.095538,0.818877,0.335875,0.343766,-0.313772,0.910662,0.126639,0.329409,-0.214820,0.966119,-0.094118,-0.177410,0.162114,0.789625,-0.386580,0.295805,0.373559,0.894862,-0.157988,0.274051,0.314893
0.924082,0.006819,0.382001,-0.010070,0.811448,0.088858,-0.574983,0.055226,0.958959,-0.045235,0.258411,0.107593,0.993257,0.007278,0.008321,0.115402,0.800350,-0.058618,-0.594497,-0.050766,0.970173,-0.002861,0.229744,-0.077296,0.997057,-0.012965,0.010342,-0.074849,0.787618,-0.077551,0.608961,-0.053008,0.978232,0.059879,-0.174305,-0.095364,0.819974,0.334465,0.342076,-0.314261,0.910804,0.122482,0.329738,-0.216119,0.966086,-0.094429,-0.177201,0.162358,0.789803,-0.386358,0.295312,0.373803,0.894821,-0.155719,0.275171,0.315162
0.924698,0.006437,0.380518,-0.009935,0.813174,0.088746,-0.572567,0.055132,0.959412,-0.044853,0.256682,0.107847,0.993241,0.007582,0.008442,0.115517,0.802196,-0.058809,-0.592029,-0.050255,0.970605,-0.002918,0.227961,-0.077141,0.997065,-0.012903,0.010504,-0.074725,0.788519,-0.078213,0.607700,-0.053114,0.978173,0.058774,-0.175218,-0.094980,0.820919,0.333463,0.340600,-0.314460,0.910879,0.119201,0.330166,-0.216980,0.966064,-0.094709,-0.176838,0.162724,0.789711,-0.386305,0.295036,0.374271,0.894467,-0.154186,0.276529,0.315733
0.925297,0.006119,0.379065,-0.009871,0.815085,0.088582,-0.569892,0.054882,0.959923,-0.044421,0.254769,0.108011,0.993236,0.007839,0.008552,0.115530,0.804265,-0.058998,-0.589235,-0.049784,0.971068,-0.002938,0.226025,-0.077018,0.997071,-0.012777,0.010730,-0.074645,0.789337,-0.078991,0.606513,-0.053375,0.978087,0.057551,-0.176335,-0.094550,0.821754,0.332618,0.339420,-0.314454,0.910948,0.115859,0.330747,-0.217615,0.966039,-0.095041,-0.176450,0.163101,0.789405,-0.386481,0.294826,0.374899,0.894032,-0.153122,0.277814,0.316355
0.925887,0.005833,0.377628,-0.009843,0.817085,0.088389,-0.567084,0.054554,0.960461,-0.043965,0.252766,0.108127,0.993238,0.008071,0.008659,0.115491,0.806442,-0.059187,-0.586272,-0.049334,0.971542,-0.002939,0.224012,-0.076918,0.997074,-0.012619,0.010990,-0.074594,0.790112,-0.079826,0.605364,-0.053717,0.977985,0.056267,-0.177552,-0.094099,0.822532,0.331848,0.338385,-0.314347,0.911008,0.112481,0.331400,-0.218145,0.966013,-0.095398,-0.176047,0.163480,0.788993,-0.386770,0.294652,0.375606,0.893556,-0.152288,0.279066,0.316999
0.926493,0.005673,0.376140,-0.009813,0.819313,0.088245,-0.563931,0.054047,0.961029,-0.043445,0.250644,0.108228,0.993244,0.008252,0.008715,0.115424,0.808670,-0.059351,-0.583205,-0.049014,0.972063,-0.002956,0.221753,-0.076883,0.997073,-0.012533,0.011050,-0.074601,0.790946,-0.080638,0.604136,-0.054059,0.977872,0.055240,-0.178733,-0.093649,0.823025,0.331507,0.337669,-0.314185,0.911107,0.109416,0.332218,-0.218043,0.966067,-0.095304,-0.175412,0.163898,0.788384,-0.386893,0.294754,0.376675,0.893050,-0.151267,0.280753,0.317425
0.927117,0.005543,0.374604,-0.009796,0.821567,0.088080,-0.560721,0.053485,0.961612,-0.042907,0.248463,0.108289,0.993255,0.008378,0.008741,0.115315,0.810939,-0.059472,-0.580061,-0.048692,0.972594,-0.002979,0.219431,-0.076821,0.997076,-0.012444,0.011040,-0.074580,0.791822,-0.081443,0.602846,-0.054425,0.977746,0.054239,-0.179950,-0.093214,0.823524,0.331182,0.337027,-0.313911,0.911218,0.106276,0.333100,-0.217787,0.966097,-0.095154,-0.174937,0.164312,0.787832,-0.387022,0.294657,0.377772,0.892682,-0.150095,0.282179,0.317752
0.927775,0.005470,0.372971,-0.009803,0.823885,0.087877,-0.557407,0.052813,0.962230,-0.042331,0.246166,0.108275,0.993277,0.008396,0.008706,0.115128,0.813298,-0.059504,-0.576773,-0.048365,0.973153,-0.003013,0.216987,-0.076692,0.997086,-0.012351,0.010889,-0.074489,0.792785,-0.082241,0.601434,-0.054833,0.977599,0.053289,-0.181240,-0.092800,0.824035,0.330885,0.336536,-0.313410,0.911362,0.102985,0.334117,-0.217209,0.966079,-0.094895,-0.174784,0.164735,0.787387,-0.387168,0.294162,0.378934,0.892591,-0.148630,0.283083,0.317891
0.928495,0.005470,0.371176,-0.009772,0.826379,0.087752,-0.553793,0.052059,0.962910,-0.041772,0.243561,0.108339,0.993291,0.008328,0.008514,0.115024,0.815794,-0.059523,-0.573256,-0.048105,0.973731,-0.003036,0.214409,-0.076603,0.997090,-0.012271,0.010902,-0.074446,0.793757,-0.082890,0.600021,-0.055254,0.977466,0.052490,-0.182316,-0.092549,0.824468,0.330589,0.336304,-0.312832,0.911458,0.099632,0.335283,-0.216570,0.966086,-0.094610,-0.174625,0.165022,0.786798,-0.387445,0.293703,0.380229,0.892542,-0.147094,0.284022,0.317906
0.929244,0.005507,0.369299,-0.009721,0.828952,0.087663,-0.550023,0.051265,0.963615,-0.041222,0.240802,0.108446,0.993301,0.008216,0.008244,0.114968,0.818350,-0.059531,-0.569620,-0.047875,0.974315,-0.003054,0.211762,-0.076537,0.997091,-0.012198,0.010998,-0.074428,0.794734,-0.083464,0.598608,-0.055682,0.977340,0.051764,-0.183284,-0.092381,0.824861,0.330291,0.336202,-0.312218,0.911527,0.096239,0.336514,-0.215904,0.966108,-0.094314,-0.174463,0.165239,0.786136,-0.387786,0.293263,0.381588,0.892511,-0.145523,0.284982,0.317856
0.930141,0.005567,0.367035,-0.009600,0.831629,0.087586,-0.546058,0.050425,0.964273,-0.040714,0.238185,0.108567,0.993310,0.007808,0.007837,0.114944,0.820894,-0.059424,-0.565983,-0.047599,0.974806,-0.003097,0.209558,-0.076349,0.997104,-0.012071,0.011031,-0.074277,0.796247,-0.083762,0.596526,-0.055964,0.977106,0.051476,-0.184654,-0.092282,0.825766,0.329878,0.335431,-0.311090,0.911859,0.093520,0.337001,-0.214936,0.966049,-0.093677,-0.175004,0.165369,0.785772,-0.388098,0.292302,0.382756,0.892764,-0.143747,0.285345,0.317628
0.931051,0.005647,0.364721,-0.009476,0.834342,0.087563,-0.541984,0.049591,0.964911,-0.040158,0.235601,0.108747,0.993313,0.007427,0.007464,0.114968,0.823505,-0.059358,-0.562203,-0.047365,0.975292,-0.003225,0.207331,-0.076216,0.997112,-0.012020,0.011088,-0.074164,0.797745,-0.084003,0.594463,-0.056216,0.976901,0.051287,-0.185810,-0.092247,0.826683,0.329363,0.334669,-0.310021,0.912195,0.090929,0.337338,-0.214092,0.966025,-0.093103,-0.175381,0.165437,0.785390,-0.388359,0.291476,0.383903,0.892973,-0.142072,0.285760,0.317420
0.931994,0.005769,0.362307,-0.009347,0.837143,0.087655,-0.537709,0.048760,0.965518,-0.039496,0.233078,0.109038,0.993306,0.007108,0.007152,0.115075,0.826265,-0.059377,-0.558149,-0.047216,0.975773,-0.003525,0.205061,-0.076183,0.997113,-0.012118,0.011189,-0.074118,0.799223,-0.084130,0.592439,-0.056406,0.976752,0.051296,-0.186544,-0.092337,0.827626,0.328652,0.333920,-0.309063,0.912550,0.088613,0.337384,-0.213476,0.966068,-0.092651,-0.175436,0.165382,0.784978,-0.388515,0.290915,0.385012,0.893102,-0.140594,0.286272,0.317256
0.933018,0.005932,0.359663,-0.009216,0.840006,0.087757,-0.533288,0.047871,0.966127,-0.038774,0.230531,0.109321,0.993299,0.006808,0.006958,0.115160,0.829097,-0.059280,-0.553961,-0.047027,0.976229,-0.003792,0.202928,-0.076042,0.997123,-0.012088,0.011315,-0.073972,0.800853,-0.084136,0.590221,-0.056530,0.976663,0.051429,-0.186841,-0.092599,0.828631,0.327656,0.333166,-0.308242,0.912850,0.086387,0.337554,-0.212835,0.966086,-0.092230,-0.175684,0.165250,0.784790,-0.388580,0.290176,0.385887,0.893282,-0.139178,0.286668,0.317015
0.934077,0.006115,0.356903,-0.009083,0.842889,0.087862,-0.528785,0.046959,0.966731,-0.038024,0.227973,0.109605,0.993293,0.006517,0.006825,0.115240,0.831952,-0.059124,-0.549698,-0.046816,0.976670,-0.004041,0.200865,-0.075843,0.997137,-0.011995,0.011456,-0.073774,0.802554,-0.084082,0.587904,-0.056620,0.976605,0.051624,-0.186918,-0.092945,0.829664,0.326518,0.332411,-0.307484,0.913121,0.084204,0.337786,-0.212180,0.966091,-0.091825,-0.176027,0.165079,0.784713,-0.388599,0.289349,0.386644,0.893486,-0.137792,0.287010,0.316736
0.935221,0.006250,0.353896,-0.008942,0.845773,0.088005,-0.524210,0.046129,0.967373,-0.037113,0.225214,0.109958,0.993281,0.006415,0.006720,0.115352,0.834767,-0.058922,-0.545462,-0.046520,0.977189,-0.004388,0.198432,-0.075545,0.997158,-0.011940,0.011673,-0.073468,0.804545,-0.083886,0.585205,-0.056628,0.976559,0.052324,-0.186745,-0.093381,0.830847,0.325327,0.331444,-0.306596,0.913635,0.082608,0.337441,-0.211143,0.966117,-0.091644,-0.176296,0.164738,0.785036,-0.388259,0.288330,0.387091,0.893863,-0.136030,0.287054,0.316394
0.936386,0.006386,0.350803,-0.008828,0.848673,0.088128,-0.519555,0.045282,0.968011,-0.036249,0.222423,0.110309,0.993268,0.006295,0.006640,0.115476,0.837620,-0.058720,-0.541117,-0.046219,0.977705,-0.004754,0.195982,-0.075243,0.997180,-0.011848,0.011845,-0.073158,0.806572,-0.083662,0.582437,-0.056652,0.976558,0.053046,-0.186284,-0.093914,0.832025,0.323956,0.330616,-0.305743,0.914157,0.080797,0.337193,-0.209977,0.966175,-0.091614,-0.176400,0.164306,0.785410,-0.387852,0.287514,0.387347,0.894287,-0.134182,0.287238,0.315818
0.937601,0.006528,0.347541,-0.008767,0.851629,0.088223,-0.514756,0.044390,0.968651,-0.035471,0.219569,0.110660,0.993253,0.006150,0.006608,0.115620,0.840572,-0.058517,-0.536569,-0.045914,0.978221,-0.005152,0.193500,-0.074936,0.997204,-0.011678,0.011930,-0.072837,0.808683,-0.083380,0.579538,-0.056704,0.976642,0.053812,-0.185244,-0.094649,0.833197,0.322229,0.330071,-0.304964,0.914695,0.078560,0.337147,-0.208548,0.966294,-0.091883,-0.176173,0.163695,0.785887,-0.387311,0.287102,0.387227,0.894808,-0.132161,0.287700,0.314771
0.938828,0.006704,0.344212,-0.008718,0.854593,0.088278,-0.509893,0.043434,0.969277,-0.034788,0.216737,0.110981,0.993238,0.005930,0.006602,0.115758,0.843530,-0.058322,-0.531950,-0.045653,0.978745,-0.005480,0.190920,-0.074681,0.997226,-0.011388,0.011922,-0.072580,0.810740,-0.083147,0.576676,-0.056848,0.976775,0.054437,-0.183935,-0.095468,0.834522,0.320096,0.329363,-0.304356,0.915361,0.076022,0.336926,-0.206919,0.966480,-0.092283,-0.175582,0.163007,0.786384,-0.386613,0.287118,0.386902,0.895399,-0.129986,0.288408,0.313343
0.940054,0.006897,0.340845,-0.008675,0.857545,0.088311,-0.504991,0.042451,0.969891,-0.034151,0.213912,0.111294,0.993223,0.005675,0.006607,0.115902,0.846478,-0.058128,-0.527290,-0.045411,0.979270,-0.005772,0.188292,-0.074450,0.997247,-0.011036,0.011866,-0.072357,0.812766,-0.082940,0.573828,-0.057038,0.976931,0.055001,-0.182492,-0.096321,0.835920,0.317769,0.328574,-0.303810,0.916087,0.073343,0.336615,-0.205171,0.966698,-0.092751,-0.174811,0.162273,0.786896,-0.385837,0.287349,0.386465,0.896025,-0.127735,0.289236,0.311715
0.941396,0.006994,0.337122,-0.008563,0.860613,0.088211,-0.499843,0.041487,0.970502,-0.033564,0.211073,0.111565,0.993211,0.005265,0.006704,0.116015,0.849588,-0.057844,-0.522333,-0.044973,0.979806,-0.006106,0.185637,-0.074033,0.997285,-0.010401,0.011761,-0.071945,0.815034,-0.082633,0.570634,-0.057162,0.977133,0.055650,-0.180680,-0.097313,0.837379,0.315214,0.327659,-0.303442,0.916820,0.070531,0.336163,-0.203619,0.967036,-0.093356,-0.173470,0.161351,0.787483,-0.384734,0.288191,0.385742,0.896707,-0.125245,0.290754,0.309340
0.942753,0.007057,0.333310,-0.008432,0.863749,0.088059,-0.494511,0.040526,0.971120,-0.032928,0.208175,0.111822,0.993202,0.004859,0.006785,0.116108,0.852783,-0.057589,-0.517170,-0.044495,0.980331,-0.006429,0.182998,-0.073631,0.997320,-0.009762,0.011736,-0.071553,0.817366,-0.082281,0.567333,-0.057232,0.977340,0.056351,-0.178788,-0.098311,0.838900,0.312583,0.326632,-0.303068,0.917563,0.067725,0.335592,-0.202161,0.967384,-0.093996,-0.172080,0.160382,0.788112,-0.383586,0.289116,0.384907,0.897383,-0.122786,0.292298,0.306901
0.944153,0.007053,0.329328,-0.008261,0.867048,0.087809,-0.488828,0.039562,0.971761,-0.032192,0.205165,0.112034,0.993199,0.004462,0.006834,0.116140,0.856173,-0.057395,-0.511608,-0.043940,0.980839,-0.006739,0.180393,-0.073260,0.997350,-0.009120,0.011873,-0.071199,0.819836,-0.081840,0.563826,-0.057195,0.977564,0.057142,-0.176739,-0.099337,0.840547,0.309786,0.325384,-0.302718,0.918330,0.064913,0.334791,-0.200925,0.967752,-0.094700,-0.170590,0.159335,0.788819,-0.382347,0.290205,0.383870,0.898051,-0.120385,0.293900,0.304358
0.945595,0.006921,0.325175,-0.007957,0.870333,0.087380,-0.483103,0.038692,0.972449,-0.031414,0.201936,0.112149,0.993210,0.003984,0.006652,0.116076,0.859608,-0.057207,-0.505900,-0.043204,0.981374,-0.007094,0.177640,-0.072796,0.997386,-0.008501,0.011984,-0.070748,0.822380,-0.081220,0.560220,-0.057000,0.977841,0.058019,-0.174257,-0.100473,0.842045,0.306981,0.324239,-0.302641,0.918846,0.062382,0.334290,-0.200200,0.968174,-0.095462,-0.168854,0.158160,0.789542,-0.380957,0.291331,0.382913,0.898587,-0.118078,0.295739,0.301889
0.947048,0.006726,0.320933,-0.007585,0.873592,0.086850,-0.477346,0.037878,0.973155,-0.030628,0.198595,0.112215,0.993227,0.003455,0.006354,0.115967,0.863044,-0.057025,-0.500108,-0.042375,0.981916,-0.007474,0.174812,-0.072290,0.997425,-0.007896,0.012084,-0.070254,0.824952,-0.080512,0.556557,-0.056719,0.978140,0.059011,-0.171559,-0.101627,0.843466,0.304223,0.323167,-0.302616,0.919250,0.060045,0.333935,-0.199651,0.968614,-0.096305,-0.167004,0.156912,0.790264,-0.379534,0.292481,0.381957,0.899055,-0.115864,0.297692,0.299424
0.948601,0.006544,0.316324,-0.007306,0.876941,0.086313,-0.471332,0.037012,0.973856,-0.029579,0.195302,0.112189,0.993258,0.003124,0.006219,0.115718,0.866660,-0.056906,-0.493895,-0.041585,0.982428,-0.007963,0.172079,-0.071841,0.997457,-0.007274,0.012404,-0.069807,0.827859,-0.079164,0.552486,-0.056049,0.978340,0.060629,-0.169079,-0.102894,0.844847,0.302117,0.321309,-0.302851,0.919563,0.059255,0.332953,-0.200086,0.969080,-0.097004,-0.165352,0.155345,0.791669,-0.377472,0.293209,0.380530,0.899614,-0.113758,0.299000,0.297243
0.950198,0.006345,0.311503,-0.006988,0.880282,0.085758,-0.465231,0.036185,0.974534,-0.028563,0.192051,0.112183,0.993285,0.002773,0.006131,0.115501,0.870260,-0.056845,-0.487599,-0.040789,0.982918,-0.008428,0.169397,-0.071458,0.997484,-0.006631,0.012724,-0.069431,0.830870,-0.077687,0.548233,-0.055326,0.978507,0.062488,-0.166656,-0.104143,0.846236,0.300217,0.319219,-0.303074,0.919881,0.058824,0.331719,-0.200803,0.969519,-0.097930,-0.163809,0.153651,0.793133,-0.375547,0.293888,0.378860,0.900152,-0.111838,0.300408,0.294914
0.951904,0.006109,0.306265,-0.006590,0.883645,0.085186,-0.458978,0.035424,0.975175,-0.027594,0.188885,0.112228,0.993303,0.002401,0.006136,0.115347,0.873869,-0.056899,-0.481162,-0.039979,0.983374,-0.008855,0.166817,-0.071203,0.997501,-0.005956,0.013039,-0.069188,0.834106,-0.075948,0.543625,-0.054505,0.978617,0.064684,-0.164345,-0.105428,0.847641,0.298626,0.316630,-0.303436,0.920178,0.059002,0.329987,-0.202238,0.969921,-0.099192,-0.162465,0.151719,0.794733,-0.373794,0.294454,0.376793,0.900646,-0.110180,0.302028,0.292363
0.953658,0.005863,0.300773,-0.006141,0.886966,0.084699,-0.452668,0.034761,0.975789,-0.026581,0.185734,0.112388,0.993309,0.002105,0.006265,0.115301,0.877380,-0.056870,-0.474808,-0.039094,0.983837,-0.009213,0.164187,-0.070867,0.997525,-0.005342,0.013152,-0.068869,0.837463,-0.073969,0.538816,-0.053484,0.978715,0.067299,-0.161885,-0.106684,0.848768,0.297584,0.313878,-0.304166,0.920219,0.060547,0.328306,-0.204319,0.970302,-0.100723,-0.161166,0.149645,0.796609,-0.371931,0.294807,0.374395,0.901232,-0.108863,0.303245,0.289780
0.955418,0.005610,0.295150,-0.005666,0.890247,0.084242,-0.446315,0.034159,0.976385,-0.025559,0.182593,0.112603,0.993307,0.001833,0.006459,0.115313,0.880818,-0.056804,-0.468484,-0.038167,0.984300,-0.009545,0.161532,-0.070498,0.997552,-0.004770,0.013167,-0.068518,0.840860,-0.071879,0.533899,-0.052346,0.978798,0.070225,-0.159347,-0.107853,0.849755,0.296869,0.311086,-0.304978,0.920145,0.062843,0.326650,-0.206600,0.970657,-0.102465,-0.159892,0.147513,0.798590,-0.370089,0.295056,0.371792,0.901858,-0.107799,0.304260,0.287153
0.957332,0.005387,0.288895,-0.005131,0.893574,0.083783,-0.439749,0.033553,0.977021,-0.024446,0.179173,0.112827,0.993305,0.001572,0.006549,0.115325,0.884360,-0.056821,-0.461835,-0.037260,0.984736,-0.009931,0.158950,-0.070218,0.997572,-0.004376,0.013185,-0.068246,0.844643,-0.069454,0.528349,-0.051004,0.978758,0.073603,-0.157317,-0.108931,0.850674,0.296867,0.307479,-0.306072,0.920026,0.066235,0.324387,-0.209614,0.970890,-0.104796,-0.159150,0.145125,0.800851,-0.368617,0.294876,0.368521,0.902884,-0.106497,0.304830,0.283792
0.959240,0.005161,0.282510,-0.004567,0.896932,0.083254,-0.433009,0.032945,0.977613,-0.023362,0.175944,0.113005,0.993307,0.001255,0.006765,0.115303,0.887878,-0.056864,-0.455103,-0.036331,0.985160,-0.010312,0.156389,-0.069973,0.997589,-0.003974,0.013222,-0.068012,0.848448,-0.066924,0.522692,-0.049509,0.978690,0.077218,-0.155354,-0.109858,0.851555,0.297079,0.303822,-0.307066,0.919911,0.069725,0.322049,-0.212572,0.971100,-0.107286,-0.158381,0.142722,0.803105,-0.367219,0.294602,0.365215,0.903927,-0.105165,0.305365,0.280372
0.961173,0.004928,0.275876,-0.003944,0.900391,0.082604,-0.425945,0.032314,0.978136,-0.022321,0.173095,0.113097,0.993314,0.000847,0.007227,0.115210,0.891400,-0.056951,-0.448233,-0.035367,0.985565,-0.010666,0.153873,-0.069788,0.997601,-0.003535,0.013294,-0.067842,0.852337,-0.064171,0.516842,-0.047736,0.978578,0.081104,-0.153530,-0.110613,0.852369,0.297608,0.299998,-0.308054,0.919781,0.073273,0.319571,-0.215659,0.971293,-0.109952,-0.157551,0.140275,0.805399,-0.365830,0.294131,0.361922,0.905015,-0.103632,0.305838,0.276895
0.963140,0.004696,0.268939,-0.003235,0.903792,0.081904,-0.418860,0.031742,0.978710,-0.021269,0.169895,0.113185,0.993323,0.000347,0.007516,0.115120,0.894965,-0.057001,-0.441148,-0.034313,0.985959,-0.011063,0.151424,-0.069524,0.997618,-0.003200,0.013437,-0.067590,0.856370,-0.061333,0.510653,-0.045846,0.978435,0.084987,-0.151888,-0.111231,0.853269,0.298127,0.295919,-0.309005,0.919635,0.076685,0.317022,-0.218833,0.971417,-0.112928,-0.156882,0.137784,0.807900,-0.364478,0.293130,0.358508,0.906316,-0.102341,0.305429,0.273553
0.965097,0.004465,0.261842,-0.002484,0.907139,0.081158,-0.411750,0.031213,0.979302,-0.020234,0.166520,0.113269,0.993331,-0.000220,0.007721,0.115035,0.898519,-0.057044,-0.433944,-0.033207,0.986343,-0.011498,0.149006,-0.069228,0.997635,-0.002933,0.013613,-0.067302,0.860440,-0.058464,0.504281,-0.043875,0.978285,0.088793,-0.150309,-0.111717,0.854228,0.298546,0.291728,-0.309936,0.919479,0.079945,0.314445,-0.222018,0.971505,-0.115960,-0.156262,0.135326,0.810486,-0.363101,0.291827,0.355116,0.907695,-0.101122,0.304574,0.270367
0.967065,0.004311,0.254487,-0.001714,0.910723,0.080365,-0.403968,0.030579,0.979874,-0.019059,0.163251,0.113284,0.993349,-0.000732,0.007961,0.114868,0.902191,-0.057183,-0.426319,-0.032156,0.986690,-0.011914,0.146717,-0.069107,0.997638,-0.002640,0.013981,-0.067198,0.864492,-0.055566,0.497806,-0.041901,0.978119,0.092487,-0.148857,-0.112117,0.855397,0.298705,0.287352,-0.310644,0.919271,0.082233,0.311747,-0.225814,0.971656,-0.119043,-0.155156,0.132814,0.813214,-0.361316,0.290475,0.351793,0.908881,-0.099637,0.304107,0.267445
0.968991,0.004181,0.247058,-0.000891,0.914291,0.079505,-0.396047,0.029965,0.980445,-0.017950,0.159905,0.113300,0.993364,-0.001281,0.008127,0.114719,0.905845,-0.057317,-0.418563,-0.031063,0.987039,-0.012372,0.144375,-0.068966,0.997643,-0.002330,0.014286,-0.067070,0.868569,-0.052686,0.491149,-0.039799,0.977964,0.096126,-0.147413,-0.112316,0.856620,0.298758,0.282925,-0.311288,0.919053,0.084454,0.308959,-0.229681,0.971787,-0.121965,-0.154075,0.130444,0.815984,-0.359410,0.288726,0.348758,0.910015,-0.098214,0.303290,0.265033
0.970889,0.004101,0.239495,0.000036,0.917888,0.078544,-0.387880,0.029356,0.981025,-0.016929,0.156402,0.113324,0.993377,-0.001863,0.008140,0.114598,0.909526,-0.057421,-0.410574,-0.029901,0.987401,-0.012872,0.141926,-0.068772,0.997654,-0.001946,0.014464,-0.066885,0.872761,-0.049816,0.484150,-0.037495,0.977811,0.099813,-0.146039,-0.112234,0.857910,0.298789,0.278371,-0.311808,0.918817,0.086715,0.305971,-0.233745,0.971878,-0.124770,-0.153104,0.128240,0.818871,-0.357362,0.286252,0.346124,0.911101,-0.097031,0.301786,0.263447
0.972736,0.004100,0.231876,0.000860,0.921457,0.077485,-0.379596,0.028633,0.981642,-0.015805,0.152735,0.113145,0.993414,-0.002394,0.008070,0.114267,0.913143,-0.057508,-0.402532,-0.028821,0.987756,-0.013272,0.139441,-0.068693,0.997655,-0.001462,0.014682,-0.066831,0.876834,-0.047117,0.477161,-0.035479,0.977663,0.103260,-0.144677,-0.112165,0.859212,0.298646,0.273834,-0.312378,0.918539,0.088937,0.303011,-0.237823,0.971975,-0.127320,-0.152196,0.126062,0.821980,-0.354972,0.283137,0.343769,0.912199,-0.095451,0.299966,0.262303
0.974528,0.004139,0.224221,0.001632,0.924973,0.076356,-0.371237,0.027876,0.982268,-0.014662,0.148984,0.112867,0.993463,-0.002930,0.007960,0.113842,0.916690,-0.057593,-0.394450,-0.027772,0.988102,-0.013645,0.136937,-0.068675,0.997651,-0.000949,0.014921,-0.066846,0.880817,-0.044511,0.470162,-0.033587,0.977531,0.106502,-0.143302,-0.112052,0.860539,0.298321,0.269305,-0.312972,0.918239,0.091058,0.300064,-0.241884,0.972081,-0.129639,-0.151300,0.123939,0.825186,-0.352360,0.279656,0.341619,0.913286,-0.093623,0.297967,0.261456
0.976245,0.004270,0.216616,0.002365,0.928627,0.075260,-0.362293,0.027046,0.982809,-0.013587,0.145587,0.112719,0.993490,-0.003493,0.008267,0.113564,0.920272,-0.057625,-0.386087,-0.026752,0.988460,-0.014179,0.134342,-0.068548,0.997655,-0.000397,0.015161,-0.066740,0.884652,-0.042195,0.463244,-0.031849,0.977440,0.109613,-0.141771,-0.111793,0.861792,0.297904,0.265147,-0.313473,0.918036,0.092829,0.297228,-0.245456,0.972191,-0.131721,-0.150364,0.122000,0.828431,-0.349539,0.275815,0.339781,0.914319,-0.091661,0.295790,0.261010
0.977902,0.004449,0.208994,0.003102,0.932240,0.074075,-0.353206,0.026204,0.983390,-0.012532,0.141856,0.112533,0.993521,-0.004130,0.008452,0.113258,0.923807,-0.057658,-0.377617,-0.025735,0.988826,-0.014761,0.131624,-0.068419,0.997659,0.000106,0.015406,-0.066632,0.888430,-0.039988,0.456267,-0.030230,0.977366,0.112649,-0.140138,-0.111474,0.863030,0.297390,0.261108,-0.313945,0.917763,0.094680,0.294662,-0.248841,0.972302,-0.133617,-0.149495,0.120108,0.831719,-0.346599,0.271635,0.338123,0.915398,-0.089469,0.293355,0.260741
0.979500,0.004723,0.201351,0.003844,0.935853,0.072749,-0.343872,0.025288,0.984060,-0.011469,0.137454,0.112257,0.993563,-0.004867,0.008386,0.112870,0.927322,-0.057679,-0.368964,-0.024746,0.989214,-0.015402,0.128665,-0.068288,0.997662,0.000553,0.015663,-0.066524,0.892159,-0.037976,0.449195,-0.028890,0.977302,0.115702,-0.138347,-0.111151,0.864195,0.296873,0.257298,-0.314375,0.917349,0.096861,0.292634,-0.251902,0.972405,-0.135323,-0.148805,0.118207,0.835126,-0.343501,0.266854,0.336690,0.916597,-0.086889,0.290427,0.260677
0.981049,0.005076,0.193642,0.004457,0.939480,0.071341,-0.334215,0.024250,0.984745,-0.010437,0.132798,0.111948,0.993605,-0.005627,0.008352,0.112459,0.930899,-0.057768,-0.359891,-0.023863,0.989600,-0.016173,0.125597,-0.068238,0.997658,0.000887,0.016022,-0.066495,0.895814,-0.036057,0.442092,-0.027769,0.977215,0.118653,-0.136697,-0.110845,0.865368,0.296362,0.253587,-0.314644,0.916885,0.099266,0.290706,-0.254869,0.972532,-0.136763,-0.148183,0.116270,0.838583,-0.340229,0.261822,0.335369,0.917766,-0.084328,0.287396,0.260763
0.982542,0.005470,0.185895,0.005004,0.943059,0.069878,-0.324376,0.023184,0.985423,-0.009447,0.128014,0.111646,0.993645,-0.006418,0.008336,0.112069,0.934456,-0.057893,-0.350587,-0.023016,0.989978,-0.017027,0.122476,-0.068217,0.997651,0.001148,0.016433,-0.066495,0.899402,-0.034186,0.434961,-0.026750,0.977123,0.121505,-0.135108,-0.110510,0.866560,0.295804,0.249923,-0.314823,0.916402,0.101741,0.288824,-0.257755,0.972677,-0.138006,-0.147587,0.114331,0.842047,-0.336837,0.256631,0.334123,0.918912,-0.081754,0.284290,0.260953
0.983974,0.005969,0.178121,0.005644,0.946639,0.068322,-0.314194,0.022134,0.986116,-0.008569,0.122778,0.111482,0.993665,-0.007289,0.008351,0.111836,0.937956,-0.057660,-0.341218,-0.022021,0.990405,-0.017725,0.119083,-0.067848,0.997668,0.001688,0.016668,-0.066170,0.902867,-0.032469,0.427911,-0.025870,0.977000,0.124475,-0.133634,-0.110089,0.867939,0.295181,0.246012,-0.314687,0.915717,0.104964,0.286650,-0.261298,0.972866,-0.138512,-0.147237,0.112549,0.845637,-0.332997,0.251002,0.333181,0.920113,-0.078901,0.280935,0.261231
0.985345,0.006459,0.170340,0.006198,0.950155,0.066732,-0.303822,0.021100,0.986789,-0.007681,0.117439,0.111344,0.993682,-0.008171,0.008249,0.111633,0.941390,-0.057525,-0.331710,-0.021068,0.990827,-0.018486,0.115550,-0.067594,0.997678,0.002166,0.016830,-0.065958,0.906269,-0.030742,0.420837,-0.025058,0.976874,0.127371,-0.132166,-0.109663,0.869405,0.294430,0.242066,-0.314403,0.915056,0.108235,0.284371,-0.264748,0.973093,-0.138687,-0.146929,0.110763,0.849276,-0.328922,0.245285,0.332228,0.921263,-0.075888,0.277626,0.261608
0.986652,0.006932,0.162561,0.006578,0.953650,0.065121,-0.293107,0.020010,0.987457,-0.006709,0.111898,0.111191,0.993702,-0.009024,0.007912,0.111410,0.944787,-0.057571,-0.321954,-0.020235,0.991247,-0.019346,0.111744,-0.067592,0.997675,0.002553,0.016848,-0.065991,0.909602,-0.028987,0.413750,-0.024406,0.976730,0.130227,-0.130730,-0.109312,0.871014,0.293534,0.238061,-0.313844,0.914435,0.111688,0.281891,-0.268088,0.973382,-0.138330,-0.146716,0.108931,0.853050,-0.324442,0.239467,0.331209,0.922332,-0.072606,0.274457,0.262116
0.987887,0.007283,0.154856,0.006824,0.956991,0.063428,-0.282462,0.018965,0.988073,-0.005846,0.106528,0.111037,0.993719,-0.009959,0.007606,0.111204,0.948067,-0.057625,-0.312205,-0.019386,0.991642,-0.020149,0.107988,-0.067671,0.997667,0.002964,0.016783,-0.066112,0.912826,-0.027236,0.406751,-0.023685,0.976573,0.133096,-0.129402,-0.108838,0.872735,0.292610,0.233992,-0.312988,0.913844,0.114933,0.279397,-0.271322,0.973714,-0.137411,-0.146611,0.107262,0.856651,-0.319825,0.233678,0.330538,0.923207,-0.069453,0.271321,0.263154
0.989055,0.007574,0.147183,0.007002,0.960197,0.061684,-0.271836,0.017964,0.988648,-0.005047,0.101243,0.110906,0.993730,-0.010941,0.007317,0.111031,0.951240,-0.057680,-0.302445,-0.018527,0.992016,-0.020939,0.104256,-0.067793,0.997656,0.003372,0.016677,-0.066277,0.915968,-0.025493,0.399785,-0.022919,0.976412,0.135956,-0.128122,-0.108261,0.874514,0.291661,0.229882,-0.311951,0.913274,0.118080,0.276894,-0.274441,0.974065,-0.136190,-0.146560,0.105690,0.860140,-0.315129,0.227882,0.330036,0.923979,-0.066372,0.268178,0.264457
0.990148,0.007767,0.139635,0.006975,0.963211,0.060054,-0.261399,0.016964,0.989135,-0.004283,0.096423,0.110892,0.993729,-0.011724,0.006989,0.110976,0.954314,-0.057749,-0.292634,-0.017746,0.992374,-0.021689,0.100451,-0.068062,0.997644,0.003839,0.016124,-0.066574,0.919022,-0.023598,0.392862,-0.022391,0.976199,0.138840,-0.126956,-0.107896,0.876306,0.290747,0.225416,-0.311034,0.912797,0.120541,0.274096,-0.277748,0.974463,-0.134575,-0.146669,0.103922,0.863508,-0.310394,0.222259,0.329562,0.924566,-0.063732,0.265502,0.265752
0.991169,0.007924,0.132186,0.006889,0.966047,0.058472,-0.251155,0.016008,0.989574,-0.003543,0.091764,0.110949,0.993721,-0.012434,0.006582,0.110996,0.957245,-0.057787,-0.282937,-0.016989,0.992709,-0.022478,0.096758,-0.068273,0.997639,0.004261,0.015396,-0.066800,0.921999,-0.021683,0.385965,-0.021869,0.975975,0.141720,-0.125839,-0.107487,0.878166,0.289779,0.220713,-0.310062,0.912415,0.122910,0.271073,-0.280912,0.974850,-0.132873,-0.146883,0.102165,0.866791,-0.305708,0.216590,0.329098,0.925123,-0.061392,0.262794,0.267054
0.992109,0.008010,0.124945,0.006685,0.968649,0.057007,-0.241332,0.015083,0.989952,-0.002832,0.087432,0.111097,0.993706,-0.012983,0.006017,0.111104,0.959996,-0.057770,-0.273505,-0.016294,0.993015,-0.023299,0.093292,-0.068372,0.997647,0.004635,0.014318,-0.066886,0.924880,-0.019719,0.379145,-0.021387,0.975724,0.144615,-0.124830,-0.107083,0.880153,0.288716,0.215541,-0.309056,0.912212,0.125082,0.267609,-0.283918,0.975218,-0.131039,-0.147305,0.100400,0.869957,-0.301131,0.210883,0.328670,0.925628,-0.059629,0.260075,0.268360
0.992984,0.008057,0.117804,0.006364,0.971060,0.055665,-0.231827,0.014152,0.990254,-0.002137,0.083688,0.111308,0.993685,-0.013286,0.005597,0.111278,0.962521,-0.057702,-0.264531,-0.015708,0.993295,-0.024135,0.090052,-0.068365,0.997663,0.005023,0.013188,-0.066859,0.927690,-0.017797,0.372336,-0.020980,0.975460,0.147609,-0.123759,-0.106647,0.882385,0.287453,0.210104,-0.307609,0.912393,0.126695,0.263678,-0.286290,0.975541,-0.129357,-0.147867,0.098596,0.873153,-0.296615,0.204790,0.328154,0.926156,-0.058505,0.256940,0.269805
0.993802,0.008084,0.110710,0.005985,0.973332,0.054386,-0.222470,0.013224,0.990512,-0.001435,0.080239,0.111560,0.993660,-0.013449,0.005250,0.111495,0.964899,-0.057599,-0.255778,-0.015184,0.993557,-0.024972,0.086926,-0.068303,0.997681,0.005426,0.012033,-0.066772,0.930439,-0.015902,0.365522,-0.020599,0.975173,0.150744,-0.122664,-0.106144,0.884712,0.286190,0.204526,-0.305857,0.912773,0.128148,0.259501,-0.288242,0.975826,-0.127833,-0.148513,0.096775,0.876316,-0.292212,0.198497,0.327539,0.926706,-0.057810,0.253575,0.271245
0.994535,0.008032,0.103938,0.005616,0.975327,0.053267,-0.213883,0.012426,0.990700,-0.000842,0.077231,0.112021,0.993611,-0.013597,0.004872,0.111927,0.967013,-0.057366,-0.247749,-0.014652,0.993779,-0.025729,0.084373,-0.067986,0.997709,0.005882,0.011266,-0.066445,0.933095,-0.014183,0.358761,-0.020577,0.974923,0.153686,-0.121281,-0.105816,0.887433,0.284243,0.198320,-0.303872,0.913639,0.128485,0.254996,-0.289366,0.976069,-0.126480,-0.149357,0.094791,0.879998,-0.287294,0.190746,0.326621,0.927736,-0.057595,0.248607,0.272366
0.995209,0.007982,0.097302,0.005255,0.977183,0.052200,-0.205552,0.011665,0.990868,-0.000225,0.074342,0.112489,0.993562,-0.013684,0.004525,0.112366,0.968998,-0.057125,-0.239959,-0.014153,0.993977,-0.026454,0.082054,-0.067656,0.997734,0.006301,0.010753,-0.066117,0.935706,-0.012581,0.351954,-0.020610,0.974657,0.156795,-0.119793,-0.105393,0.890162,0.282376,0.192088,-0.301625,0.914650,0.128806,0.250585,-0.289882,0.976268,-0.125343,-0.150261,0.092801,0.883704,-0.282409,0.182568,0.325549,0.928935,-0.057522,0.243168,0.273203
0.995812,0.007937,0.090946,0.004911,0.978850,0.051240,-0.197753,0.010964,0.991010,0.000407,0.071695,0.112952,0.993514,-0.013678,0.004238,0.112801,0.970797,-0.056882,-0.232659,-0.013704,0.994134,-0.027132,0.080205,-0.067297,0.997754,0.006634,0.010753,-0.065783,0.938275,-0.011207,0.345083,-0.020779,0.974391,0.160060,-0.118081,-0.104884,0.892966,0.280472,0.185825,-0.299027,0.915939,0.128853,0.246387,-0.289391,0.976411,-0.124487,-0.151260,0.090796,0.887553,-0.277436,0.173558,0.324279,0.930445,-0.057522,0.236840,0.273625
0.996362,0.007847,0.084731,0.004580,0.980409,0.050311,-0.190161,0.010317,0.991144,0.001070,0.069116,0.113386,0.993467,-0.013785,0.004113,0.113213,0.972514,-0.056563,-0.225480,-0.013228,0.994296,-0.027796,0.078387,-0.066773,0.997783,0.006795,0.010902,-0.065295,0.940924,-0.009968,0.337818,-0.020998,0.974123,0.163354,-0.116343,-0.104230,0.895939,0.278377,0.178904,-0.296298,0.917286,0.129028,0.241833,-0.288887,0.976483,-0.123966,-0.152448,0.088724,0.891563,-0.272373,0.163369,0.322861,0.932140,-0.057850,0.229482,0.274055
0.996868,0.007734,0.078586,0.004256,0.981885,0.049398,-0.182668,0.009697,0.991269,0.001761,0.066569,0.113806,0.993419,-0.013938,0.004069,0.113614,0.974166,-0.056201,-0.218355,-0.012748,0.994458,-0.028441,0.076585,-0.066169,0.997817,0.006882,0.011128,-0.064732,0.943581,-0.008799,0.330344,-0.021237,0.973834,0.166761,-0.114602,-0.103463,0.898940,0.276328,0.171625,-0.293419,0.918663,0.129420,0.237077,-0.288276,0.976505,-0.123704,-0.153742,0.086600,0.895551,-0.267378,0.152563,0.321281,0.933932,-0.058485,0.221560,0.274340
0.997293,0.007659,0.073014,0.004068,0.983231,0.048411,-0.175584,0.009189,0.991427,0.002467,0.063887,0.113953,0.993398,-0.014298,0.004087,0.113749,0.975677,-0.055768,-0.211647,-0.012205,0.994643,-0.029025,0.074587,-0.065423,0.997864,0.006707,0.011104,-0.064018,0.946426,-0.007793,0.322108,-0.021504,0.973502,0.170699,-0.112563,-0.102402,0.901954,0.274582,0.164485,-0.289878,0.919829,0.132074,0.232578,-0.287015,0.976453,-0.124314,-0.154881,0.084246,0.899360,-0.262823,0.141040,0.319661,0.935711,-0.059178,0.213123,0.274813
0.997666,0.007565,0.067751,0.003880,0.984501,0.047426,-0.168621,0.008699,0.991588,0.003203,0.061208,0.114004,0.993388,-0.014672,0.004063,0.113790,0.977130,-0.055334,-0.204983,-0.011673,0.994824,-0.029569,0.072541,-0.064723,0.997911,0.006444,0.010971,-0.063345,0.949311,-0.006789,0.313516,-0.021700,0.973123,0.174891,-0.110520,-0.101139,0.904963,0.273041,0.157049,-0.286053,0.920987,0.135643,0.227775,-0.285486,0.976336,-0.125371,-0.156078,0.081797,0.902862,-0.258769,0.129352,0.318036,0.937383,-0.060251,0.204566,0.275384
0.997972,0.007431,0.063109,0.003693,0.985677,0.046445,-0.161911,0.008238,0.991763,0.003979,0.058537,0.113858,0.993400,-0.015097,0.003954,0.113632,0.978514,-0.054906,-0.198421,-0.011151,0.995003,-0.030060,0.070397,-0.064110,0.997955,0.005981,0.010614,-0.062748,0.952332,-0.005791,0.304232,-0.021761,0.972704,0.179371,-0.108452,-0.099549,0.908066,0.271612,0.149067,-0.281821,0.922115,0.140730,0.222398,-0.283617,0.976116,-0.127127,-0.157367,0.079200,0.905937,-0.255480,0.117384,0.316589,0.938831,-0.061798,0.195854,0.276440
0.998225,0.007198,0.059009,0.003615,0.986751,0.045514,-0.155523,0.007937,0.991940,0.004795,0.055857,0.113631,0.993422,-0.015553,0.003680,0.113389,0.979856,-0.054438,-0.191858,-0.010497,0.995185,-0.030453,0.068135,-0.063540,0.998001,0.005527,0.009886,-0.062176,0.955612,-0.004816,0.293788,-0.021704,0.972248,0.184257,-0.106164,-0.097529,0.911325,0.270202,0.140256,-0.277138,0.923257,0.146902,0.216159,-0.281588,0.975786,-0.129665,-0.158746,0.076340,0.908680,-0.252885,0.104938,0.315180,0.940168,-0.062954,0.186922,0.277815
0.998446,0.006916,0.055181,0.003592,0.987756,0.044606,-0.149293,0.007716,0.992114,0.005623,0.053175,0.113357,0.993449,-0.016032,0.003327,0.113099,0.981153,-0.053948,-0.185289,-0.009786,0.995365,-0.030794,0.065814,-0.063002,0.998046,0.005079,0.008974,-0.061628,0.958945,-0.003849,0.282742,-0.021592,0.971728,0.189486,-0.103776,-0.095233,0.914552,0.269043,0.130979,-0.272130,0.924374,0.153879,0.209476,-0.279236,0.975373,-0.132742,-0.160174,0.073296,0.911137,-0.250806,0.092264,0.313708,0.941421,-0.064115,0.177876,0.279243
0.998654,0.006420,0.051361,0.003385,0.988682,0.043905,-0.143265,0.007430,0.992258,0.006563,0.051062,0.113019,0.993484,-0.016566,0.002718,0.112727,0.982424,-0.053399,-0.178627,-0.009162,0.995526,-0.030976,0.063516,-0.062724,0.998077,0.004932,0.007614,-0.061318,0.962371,-0.003033,0.270893,-0.021203,0.971319,0.194335,-0.101145,-0.092434,0.918044,0.267043,0.119806,-0.267451,0.925618,0.160057,0.200346,-0.278343,0.974872,-0.136657,-0.161308,0.070202,0.913044,-0.249529,0.079691,0.312626,0.942348,-0.063760,0.169792,0.281220
0.998855,0.005911,0.047362,0.003156,0.989560,0.043284,-0.137284,0.007132,0.992375,0.007510,0.049272,0.112727,0.993515,-0.017003,0.002162,0.112401,0.983660,-0.052846,-0.171891,-0.008574,0.995660,-0.031109,0.061470,-0.062572,0.998099,0.004831,0.006174,-0.061124,0.965659,-0.002297,0.258978,-0.020700,0.970951,0.199012,-0.098243,-0.089419,0.921344,0.265014,0.108569,-0.262880,0.926785,0.166292,0.191112,-0.277294,0.974382,-0.140784,-0.162027,0.067128,0.914648,-0.248522,0.067825,0.311536,0.943104,-0.063454,0.162726,0.282928
0.999056,0.005373,0.043005,0.002887,0.990380,0.042822,-0.131402,0.006821,0.992443,0.008476,0.048130,0.112553,0.993536,-0.017246,0.001706,0.112187,0.984870,-0.052294,-0.165019,-0.008032,0.995748,-0.031156,0.059927,-0.062646,0.998108,0.004811,0.004577,-0.061130,0.968815,-0.001724,0.246973,-0.019954,0.970758,0.203064,-0.094780,-0.086081,0.924517,0.262435,0.097315,-0.258700,0.927897,0.172077,0.181692,-0.276377,0.973974,-0.145038,-0.161914,0.064201,0.915905,-0.247724,0.057347,0.310583,0.943594,-0.062837,0.157699,0.284278
0.999242,0.004871,0.038522,0.002701,0.991145,0.042482,-0.125629,0.006586,0.992463,0.009432,0.047600,0.112530,0.993545,-0.017187,0.001388,0.112122,0.985994,-0.051688,-0.158395,-0.007463,0.995802,-0.031096,0.058942,-0.062740,0.998111,0.004858,0.003149,-0.061156,0.971793,-0.001337,0.235069,-0.018972,0.970792,0.205976,-0.091267,-0.082503,0.927635,0.259174,0.086419,-0.254664,0.928992,0.177109,0.172809,-0.275216,0.973616,-0.148909,-0.161564,0.061610,0.916854,-0.247095,0.048266,0.309828,0.943585,-0.064389,0.154563,0.285678
0.999410,0.004386,0.033975,0.002557,0.991867,0.042201,-0.119909,0.006384,0.992459,0.010386,0.047375,0.112572,0.993549,-0.016975,0.001140,0.112119,0.987054,-0.051053,-0.151892,-0.006892,0.995840,-0.030989,0.058237,-0.062860,0.998111,0.004932,0.001806,-0.061208,0.974608,-0.001040,0.223199,-0.017867,0.970978,0.208091,-0.087715,-0.078777,0.930697,0.255440,0.075634,-0.250665,0.930101,0.181650,0.164149,-0.273809,0.973305,-0.152396,-0.161083,0.059203,0.917650,-0.246386,0.039841,0.309234,0.943332,-0.066876,0.152345,0.287128
0.999552,0.003931,0.029554,0.002734,0.992475,0.042149,-0.114782,0.006519,0.992378,0.011291,0.047814,0.113017,0.993515,-0.016331,0.001067,0.112517,0.987963,-0.050450,-0.146103,-0.006100,0.995866,-0.030913,0.058035,-0.062669,0.998130,0.004772,0.000530,-0.060932,0.977247,-0.000964,0.211450,-0.016604,0.971464,0.208635,-0.084362,-0.074913,0.933812,0.250781,0.065561,-0.246586,0.931426,0.184695,0.156416,-0.271787,0.973103,-0.155010,-0.160539,0.057186,0.918364,-0.245211,0.032026,0.308956,0.942657,-0.072129,0.150578,0.289000
0.999671,0.003494,0.025222,0.002996,0.993027,0.042120,-0.109896,0.006731,0.992288,0.012166,0.048415,0.113453,0.993482,-0.015647,0.000981,0.112902,0.988810,-0.049854,-0.140503,-0.005265,0.995887,-0.030853,0.058015,-0.062378,0.998154,0.004585,-0.000675,-0.060556,0.979732,-0.000940,0.199726,-0.015297,0.972047,0.208503,-0.081321,-0.070981,0.936923,0.245789,0.055331,-0.242283,0.932945,0.186891,0.148477,-0.269519,0.972924,-0.157066,-0.160275,0.055325,0.919091,-0.243599,0.023699,0.308820,0.941963,-0.077399,0.148158,0.291142
0.999767,0.003094,0.021068,0.003430,0.993501,0.042143,-0.105493,0.007115,0.992182,0.012973,0.049338,0.113896,0.993450,-0.014884,0.000868,0.113288,0.989570,-0.049271,-0.135293,-0.004319,0.995900,-0.030820,0.058358,-0.061861,0.998190,0.004355,-0.001735,-0.059950,0.982054,-0.001024,0.188085,-0.013901,0.972745,0.207491,-0.078930,-0.066964,0.940070,0.240409,0.044928,-0.237598,0.934789,0.187648,0.140218,-0.267013,0.972740,-0.158412,-0.160603,0.053751,0.919836,-0.241467,0.014440,0.308848,0.941234,-0.083025,0.144505,0.293775
0.999842,0.002783,0.017083,0.004040,0.993882,0.042259,-0.101750,0.007677,0.992056,0.013711,0.050685,0.114311,0.993421,-0.014120,0.000760,0.113639,0.990219,-0.048711,-0.130705,-0.003282,0.995903,-0.030754,0.059007,-0.061236,0.998232,0.004127,-0.002576,-0.059245,0.984168,-0.001178,0.176800,-0.012378,0.973463,0.206032,-0.077234,-0.062886,0.943106,0.235061,0.034379,-0.232628,0.936951,0.187731,0.131280,-0.263904,0.972485,-0.159317,-0.161660,0.052509,0.920529,-0.239135,0.004313,0.308905,0.940580,-0.088170,0.139509,0.296770
0.999899,0.002516,0.013183,0.004738,0.994214,0.042416,-0.098336,0.008326,0.991920,0.014408,0.052245,0.114710,0.993394,-0.013361,0.000657,0.113970,0.990804,-0.048168,-0.126425,-0.002202,0.995899,-0.030678,0.059810,-0.060562,0.998275,0.003894,-0.003305,-0.058494,0.986119,-0.001358,0.165682,-0.010789,0.974223,0.204149,-0.075887,-0.058773,0.946031,0.229603,0.023698,-0.227477,0.939257,0.187360,0.121957,-0.260422,0.972222,-0.159826,-0.163075,0.051449,0.921151,-0.236546,-0.006296,0.309010,0.939954,-0.092953,0.133794,0.299909
0.999937,0.002204,0.009506,0.005635,0.994453,0.042636,-0.095708,0.009210,0.991789,0.015040,0.053997,0.114951,0.993381,-0.012868,0.000574,0.114142,0.991295,-0.047723,-0.122701,-0.000968,0.995868,-0.030600,0.061013,-0.059900,0.998317,0.003603,-0.003515,-0.057779,0.987857,-0.001570,0.155062,-0.009616,0.974775,0.202576,-0.075738,-0.055137,0.948501,0.225103,0.012914,-0.222505,0.941487,0.187357,0.112023,-0.256806,0.971808,-0.160155,-0.165568,0.050264,0.921981,-0.234075,-0.017679,0.307974,0.939978,-0.097040,0.126735,0.301601
0.999960,0.001897,0.005889,0.006440,0.994673,0.042853,-0.093219,0.010004,0.991658,0.015634,0.055810,0.115134,0.993372,-0.012501,0.000547,0.114257,0.991752,-0.047273,-0.119139,0.000159,0.995830,-0.030474,0.062199,-0.059371,0.998350,0.003348,-0.003686,-0.057205,0.989442,-0.001795,0.144665,-0.008543,0.975249,0.201113,-0.076005,-0.051627,0.950693,0.220996,0.002036,-0.217579,0.943556,0.187784,0.102051,-0.253029,0.971366,-0.160327,-0.168329,0.049086,0.922761,-0.231582,-0.029213,0.306642,0.940100,-0.101069,0.119360,0.302902
0.999971,0.001599,0.002392,0.007061,0.994861,0.043080,-0.091010,0.010620,0.991530,0.016170,0.057742,0.115210,0.993372,-0.012367,0.000627,0.114272,0.992157,-0.046796,-0.115907,0.001081,0.995781,-0.030237,0.063350,-0.059097,0.998368,0.003177,-0.003777,-0.056900,0.990850,-0.002063,0.134735,-0.007674,0.975509,0.200241,-0.077103,-0.048384,0.952441,0.217895,-0.008917,-0.212834,0.945331,0.189277,0.092089,-0.249083,0.970814,-0.160518,-0.171639,0.047893,0.923530,-0.229336,-0.040949,0.304664,0.940425,-0.105221,0.111449,0.303493
0.999972,0.001301,-0.000882,0.007348,0.995040,0.043375,-0.088853,0.010910,0.991394,0.016720,0.059603,0.115350,0.993364,-0.012278,0.000753,0.114351,0.992536,-0.046347,-0.112789,0.001658,0.995726,-0.029996,0.064359,-0.059062,0.998371,0.003095,-0.003751,-0.056849,0.992087,-0.002347,0.125328,-0.007101,0.975622,0.199725,-0.078731,-0.045528,0.953818,0.215427,-0.019971,-0.208384,0.946713,0.191943,0.082192,-0.245228,0.970247,-0.160682,-0.175024,0.046574,0.924254,-0.227200,-0.052434,0.302301,0.940810,-0.109873,0.103882,0.303335
0.999963,0.001005,-0.004043,0.007468,0.995212,0.043707,-0.086722,0.011032,0.991254,0.017281,0.061428,0.115517,0.993353,-0.012208,0.000903,0.114457,0.992899,-0.045908,-0.109727,0.002058,0.995666,-0.029752,0.065301,-0.059152,0.998367,0.003057,-0.003662,-0.056929,0.993202,-0.002638,0.116178,-0.006674,0.975674,0.199306,-0.080616,-0.042869,0.954945,0.213227,-0.031093,-0.204078,0.947861,0.195142,0.072328,-0.241345,0.969678,-0.160751,-0.178440,0.045203,0.924890,-0.225060,-0.063822,0.299755,0.941219,-0.114715,0.096470,0.302722
0.999951,0.000632,-0.006862,0.007078,0.995367,0.044113,-0.084760,0.010669,0.991126,0.017870,0.063193,0.115569,0.993357,-0.011993,0.001011,0.114444,0.993223,-0.045350,-0.106993,0.001958,0.995623,-0.029393,0.065949,-0.059350,0.998355,0.003049,-0.003656,-0.057130,0.994159,-0.002991,0.107678,-0.006719,0.975538,0.199370,-0.083143,-0.040786,0.955688,0.211752,-0.042473,-0.200044,0.948731,0.198879,0.062674,-0.237546,0.969159,-0.160842,-0.181559,0.043562,0.925442,-0.222989,-0.074662,0.297082,0.941527,-0.119784,0.089614,0.301907
0.999933,0.000259,-0.009546,0.006582,0.995513,0.044530,-0.082872,0.010196,0.990994,0.018438,0.064901,0.115670,0.993356,-0.011725,0.001060,0.114475,0.993526,-0.044825,-0.104373,0.001733,0.995580,-0.029073,0.066544,-0.059561,0.998343,0.003048,-0.003693,-0.057340,0.995011,-0.003381,0.099472,-0.006896,0.975407,0.199334,-0.085640,-0.038895,0.956251,0.210264,-0.053704,-0.196184,0.949452,0.202531,0.053306,-0.233837,0.968675,-0.160779,-0.184562,0.041904,0.925850,-0.220876,-0.085212,0.294540,0.941724,-0.124758,0.082903,0.301195
0.999911,-0.000117,-0.011965,0.005875,0.995643,0.044964,-0.081136,0.009515,0.990854,0.018959,0.066493,0.115875,0.993346,-0.011359,0.000990,0.114605,0.993795,-0.044371,-0.101989,0.001272,0.995541,-0.028830,0.067024,-0.059781,0.998331,0.003059,-0.003821,-0.057552,0.995738,-0.003847,0.091858,-0.007339,0.975260,0.199277,-0.088088,-0.037381,0.956597,0.208864,-0.064598,-0.192680,0.949958,0.206134,0.044523,-0.230447,0.968246,-0.160584,-0.187345,0.040187,0.926106,-0.218807,-0.095125,0.292235,0.941713,-0.129664,0.076516,0.300847
0.999887,-0.000458,-0.014188,0.005046,0.995754,0.045378,-0.079613,0.008709,0.990731,0.019439,0.067935,0.116013,0.993344,-0.010912,0.000837,0.114667,0.994029,-0.043908,-0.099891,0.000662,0.995502,-0.028553,0.067488,-0.060041,0.998315,0.003076,-0.003951,-0.057806,0.996351,-0.004373,0.084856,-0.008010,0.975135,0.199021,-0.090497,-0.036236,0.956767,0.207354,-0.075229,-0.189581,0.950369,0.209295,0.035663,-0.227424,0.967878,-0.160276,-0.189861,0.038436,0.926217,-0.216670,-0.104684,0.290203,0.941615,-0.134322,0.070420,0.300599
0.999858,-0.000781,-0.016313,0.004156,0.995855,0.045785,-0.078196,0.007837,0.990615,0.019903,0.069302,0.116116,0.993346,-0.010420,0.000642,0.114690,0.994244,-0.043436,-0.097938,-0.000026,0.995463,-0.028254,0.067941,-0.060324,0.998298,0.003101,-0.004084,-0.058086,0.996890,-0.004932,0.078158,-0.008793,0.975037,0.198570,-0.092882,-0.035284,0.956808,0.205710,-0.085740,-0.186683,0.950712,0.212153,0.026755,-0.224549,0.967551,-0.159819,-0.192241,0.036688,0.926216,-0.214423,-0.114092,0.288321,0.941473,-0.138781,0.064452,0.300358
0.999828,-0.001072,-0.018194,0.003325,0.995937,0.046152,-0.077004,0.007022,0.990499,0.020287,0.070709,0.116189,0.993352,-0.009856,0.000592,0.114696,0.994403,-0.043081,-0.096468,-0.000699,0.995425,-0.028030,0.068366,-0.060577,0.998284,0.003061,-0.004390,-0.058321,0.997313,-0.005546,0.072420,-0.009570,0.974987,0.197945,-0.094995,-0.034563,0.956690,0.203932,-0.095720,-0.184374,0.950882,0.214511,0.018028,-0.222451,0.967310,-0.159171,-0.194259,0.035203,0.926089,-0.212069,-0.122846,0.286872,0.941325,-0.142358,0.058690,0.300327
0.999796,-0.001339,-0.019980,0.002503,0.996011,0.046510,-0.075896,0.006213,0.990391,0.020660,0.072027,0.116240,0.993359,-0.009293,0.000528,0.114680,0.994544,-0.042736,-0.095148,-0.001380,0.995384,-0.027794,0.068815,-0.060844,0.998268,0.003021,-0.004637,-0.058573,0.997682,-0.006157,0.066981,-0.010342,0.974961,0.197149,-0.097114,-0.033934,0.956454,0.202041,-0.105578,-0.182288,0.950914,0.216809,0.009297,-0.220615,0.967112,-0.158409,-0.196110,0.033798,0.925898,-0.209578,-0.131493,0.285482,0.941215,-0.145607,0.052937,0.300185
0.999765,-0.001557,-0.021576,0.001700,0.996071,0.046844,-0.074957,0.005418,0.990298,0.021004,0.073169,0.116251,0.993370,-0.008741,0.000438,0.114627,0.994654,-0.042416,-0.094131,-0.002069,0.995339,-0.027542,0.069310,-0.061134,0.998251,0.002975,-0.004767,-0.058856,0.997983,-0.006759,0.062142,-0.011107,0.974952,0.196206,-0.099254,-0.033474,0.956070,0.200077,-0.115169,-0.180653,0.950709,0.219149,0.000580,-0.219378,0.966979,-0.157602,-0.197628,0.032514,0.925658,-0.206963,-0.139874,0.284181,0.941181,-0.148347,0.047237,0.299900
0.999733,-0.001738,-0.022998,0.001095,0.996117,0.047147,-0.074198,0.004821,0.990213,0.021305,0.074168,0.116291,0.993375,-0.008266,0.000450,0.114617,0.994743,-0.042124,-0.093302,-0.002580,0.995294,-0.027284,0.069816,-0.061408,0.998234,0.002886,-0.004871,-0.059126,0.998230,-0.007341,0.057836,-0.011753,0.974961,0.195198,-0.101276,-0.033047,0.955603,0.198149,-0.124081,-0.179341,0.950348,0.221128,-0.007569,-0.218822,0.966919,-0.156803,-0.198729,0.031407,0.925461,-0.204350,-0.147541,0.282834,0.941200,-0.150360,0.042256,0.299581
0.999702,-0.001900,-0.024332,0.000589,0.996155,0.047437,-0.073528,0.004322,0.990130,0.021585,0.075099,0.116346,0.993377,-0.007828,0.000516,0.114628,0.994822,-0.041846,-0.092566,-0.003003,0.995249,-0.027023,0.070328,-0.061675,0.998219,0.002776,-0.004960,-0.059390,0.998444,-0.007913,0.053797,-0.012337,0.974975,0.194167,-0.103238,-0.032637,0.955061,0.196251,-0.132646,-0.178184,0.949885,0.222948,-0.015423,-0.218572,0.966896,-0.156012,-0.199623,0.030386,0.925258,-0.201755,-0.154850,0.281449,0.941248,-0.152022,0.037635,0.299206
0.999675,-0.002003,-0.025414,0.000117,0.996191,0.047639,-0.072937,0.003847,0.990069,0.021793,0.075773,0.116394,0.993377,-0.007640,0.000613,0.114649,0.994873,-0.041646,-0.092100,-0.003420,0.995203,-0.026818,0.070845,-0.061916,0.998205,0.002747,-0.004919,-0.059632,0.998608,-0.008434,0.050440,-0.012894,0.975036,0.192968,-0.104970,-0.032397,0.954482,0.194271,-0.140331,-0.177565,0.949319,0.224084,-0.022741,-0.219233,0.966949,-0.155405,-0.199983,0.029431,0.925138,-0.199307,-0.161284,0.279973,0.941388,-0.152882,0.033637,0.298804
0.999649,-0.002076,-0.026421,-0.000284,0.996224,0.047815,-0.072392,0.003438,0.990018,0.021987,0.076335,0.116425,0.993376,-0.007508,0.000724,0.114657,0.994919,-0.041469,-0.091666,-0.003776,0.995159,-0.026635,0.071340,-0.062129,0.998192,0.002734,-0.004860,-0.059847,0.998753,-0.008930,0.047251,-0.013409,0.975088,0.191812,-0.106662,-0.032164,0.953851,0.192374,-0.147729,-0.177023,0.948693,0.225188,-0.029796,-0.219966,0.967019,-0.154910,-0.200162,0.028493,0.925025,-0.196995,-0.167328,0.278431,0.941542,-0.153806,0.029857,0.298248
0.999626,-0.002089,-0.027280,-0.000544,0.996251,0.047936,-0.071941,0.003164,0.989989,0.022150,0.076672,0.116419,0.993378,-0.007491,0.000864,0.114640,0.994957,-0.041339,-0.091296,-0.004008,0.995120,-0.026499,0.071792,-0.062285,0.998183,0.002750,-0.004762,-0.060005,0.998874,-0.009377,0.044395,-0.013842,0.975132,0.190716,-0.108280,-0.031942,0.953189,0.190612,-0.154567,-0.176653,0.948008,0.226174,-0.036339,-0.220920,0.967131,-0.154611,-0.199977,0.027598,0.924990,-0.194914,-0.172595,0.276789,0.941723,-0.154821,0.026509,0.297465
0.999604,-0.002058,-0.028047,-0.000826,0.996280,0.048022,-0.071491,0.002860,0.989973,0.022301,0.076973,0.116325,0.993390,-0.007519,0.001049,0.114540,0.994991,-0.041242,-0.090961,-0.004273,0.995091,-0.026410,0.072115,-0.062416,0.998175,0.002751,-0.004726,-0.060135,0.998974,-0.009682,0.041866,-0.014264,0.975183,0.189724,-0.109593,-0.031805,0.952550,0.188964,-0.160797,-0.176311,0.947389,0.226795,-0.042195,-0.221897,0.967276,-0.154215,-0.199701,0.026737,0.925051,-0.192895,-0.177261,0.275048,0.942026,-0.155248,0.023745,0.296516
0.999583,-0.002005,-0.028769,-0.001119,0.996310,0.048090,-0.071042,0.002541,0.989964,0.022445,0.077255,0.116187,0.993405,-0.007570,0.001254,0.114399,0.995022,-0.041161,-0.090646,-0.004554,0.995067,-0.026343,0.072372,-0.062534,0.998168,0.002745,-0.004722,-0.060250,0.999062,-0.009918,0.039500,-0.014681,0.975216,0.188894,-0.110757,-0.031698,0.951889,0.187483,-0.166709,-0.175971,0.946771,0.227349,-0.047690,-0.222854,0.967419,-0.153876,-0.199382,0.025870,0.925137,-0.191024,-0.181601,0.273225,0.942387,-0.155483,0.021297,0.295428
0.999565,-0.001926,-0.029417,-0.001295,0.996334,0.048042,-0.070751,0.002336,0.989977,0.022476,0.077322,0.116027,0.993424,-0.007629,0.001228,0.114235,0.995036,-0.041081,-0.090520,-0.004730,0.995057,-0.026297,0.072569,-0.062476,0.998172,0.002667,-0.004711,-0.060190,0.999132,-0.009996,0.037503,-0.015099,0.975275,0.188224,-0.111388,-0.031679,0.951321,0.186193,-0.171448,-0.175859,0.946174,0.227872,-0.051961,-0.223894,0.967615,-0.153651,-0.198721,0.024955,0.925375,-0.189256,-0.185349,0.271125,0.942994,-0.154871,0.018978,0.293967
0.999547,-0.001845,-0.030014,-0.001515,0.996356,0.047981,-0.070479,0.002088,0.989998,0.022502,0.077358,0.115816,0.993448,-0.007661,0.001187,0.114019,0.995048,-0.041031,-0.090401,-0.004953,0.995050,-0.026275,0.072675,-0.062472,0.998173,0.002567,-0.004751,-0.060183,0.999195,-0.010019,0.035617,-0.015508,0.975320,0.187676,-0.111913,-0.031674,0.950739,0.185026,-0.175979,-0.175759,0.945565,0.228338,-0.056114,-0.224988,0.967855,-0.153413,-0.197846,0.024023,0.925675,-0.187475,-0.188792,0.268953,0.943678,-0.153867,0.016944,0.292421
0.999531,-0.001761,-0.030507,-0.001823,0.996378,0.047893,-0.070240,0.001752,0.990036,0.022517,0.077336,0.115504,0.993485,-0.007642,0.001122,0.113701,0.995055,-0.041039,-0.090297,-0.005270,0.995048,-0.026302,0.072600,-0.062578,0.998167,0.002424,-0.004890,-0.060279,0.999248,-0.009936,0.033953,-0.015902,0.975383,0.187164,-0.112215,-0.031721,0.950194,0.183892,-0.180121,-0.175702,0.944988,0.228471,-0.060070,-0.226254,0.968219,-0.152941,-0.196536,0.023102,0.926150,-0.185441,-0.191666,0.266689,0.944522,-0.151871,0.015437,0.290818
0.999516,-0.001692,-0.030982,-0.002080,0.996390,0.047818,-0.070132,0.001476,0.990080,0.022531,0.077286,0.115160,0.993526,-0.007575,0.001039,0.113352,0.995053,-0.041017,-0.090313,-0.005535,0.995048,-0.026270,0.072495,-0.062727,0.998157,0.002372,-0.005023,-0.060426,0.999292,-0.009809,0.032495,-0.016253,0.975494,0.186640,-0.112103,-0.031770,0.949765,0.182743,-0.183586,-0.175636,0.944522,0.228434,-0.063446,-0.227313,0.968601,-0.152431,-0.195146,0.022249,0.926638,-0.183378,-0.194435,0.264404,0.945449,-0.149652,0.013528,0.289045
0.999501,-0.001631,-0.031448,-0.002312,0.996397,0.047748,-0.070090,0.001230,0.990126,0.022544,0.077223,0.114799,0.993568,-0.007486,0.000949,0.112985,0.995046,-0.040980,-0.090388,-0.005775,0.995047,-0.026208,0.072375,-0.062899,0.998146,0.002365,-0.005154,-0.060597,0.999331,-0.009662,0.031142,-0.016584,0.975628,0.186122,-0.111783,-0.031817,0.949388,0.181600,-0.186709,-0.175564,0.944106,0.228329,-0.066529,-0.228262,0.968988,-0.151916,-0.193715,0.021425,0.927123,-0.181328,-0.197149,0.262097,0.946410,-0.147344,0.011421,0.287173
0.999489,-0.001578,-0.031831,-0.002562,0.996402,0.047607,-0.070112,0.000965,0.990192,0.022499,0.076999,0.114386,0.993616,-0.007436,0.000795,0.112571,0.995038,-0.041006,-0.090448,-0.006037,0.995051,-0.026230,0.072201,-0.063024,0.998138,0.002399,-0.005242,-0.060721,0.999363,-0.009494,0.029936,-0.016953,0.975840,0.185510,-0.110922,-0.031920,0.949221,0.180383,-0.188819,-0.175468,0.943749,0.228118,-0.068414,-0.229390,0.969494,-0.151024,-0.191959,0.020625,0.927806,-0.178932,-0.199360,0.259643,0.947509,-0.144023,0.009458,0.285298
0.999477,-0.001536,-0.032196,-0.002748,0.996406,0.047481,-0.070143,0.000767,0.990256,0.022470,0.076817,0.113963,0.993665,-0.007355,0.000630,0.112143,0.995033,-0.040994,-0.090495,-0.006230,0.995061,-0.026223,0.072004,-0.063099,0.998133,0.002458,-0.005377,-0.060793,0.999392,-0.009345,0.028777,-0.017317,0.976099,0.184750,-0.109878,-0.032029,0.949153,0.179034,-0.190583,-0.175312,0.943464,0.227704,-0.070036,-0.230483,0.970030,-0.149986,-0.190136,0.019865,0.928513,-0.176440,-0.201410,0.257228,0.948590,-0.140623,0.007485,0.283453
0.999466,-0.001514,-0.032525,-0.002804,0.996407,0.047388,-0.070192,0.000704,0.990314,0.022477,0.076719,0.113519,0.993717,-0.007203,0.000444,0.111688,0.995035,-0.040904,-0.090514,-0.006282,0.995082,-0.026155,0.071761,-0.063071,0.998133,0.002571,-0.005601,-0.060763,0.999417,-0.009226,0.027716,-0.017670,0.976456,0.183670,-0.108467,-0.032155,0.949293,0.177395,-0.191657,-0.175045,0.943333,0.226852,-0.071138,-0.231519,0.970634,-0.148627,-0.188177,0.019192,0.929290,-0.173697,-0.203143,0.254917,0.949654,-0.137017,0.005490,0.281697
0.999457,-0.001502,-0.032808,-0.002842,0.996406,0.047290,-0.070278,0.000662,0.990375,0.022476,0.076575,0.113085,0.993768,-0.007098,0.000184,0.111240,0.995037,-0.040871,-0.090504,-0.006318,0.995096,-0.026127,0.071540,-0.063109,0.998130,0.002610,-0.005864,-0.060793,0.999437,-0.009131,0.026739,-0.018099,0.976926,0.182207,-0.106622,-0.032379,0.949636,0.175349,-0.192270,-0.174575,0.943370,0.225499,-0.071512,-0.232570,0.971321,-0.146886,-0.186053,0.018525,0.930232,-0.170592,-0.204681,0.252335,0.950840,-0.132746,0.003769,0.279765
0.999448,-0.001494,-0.033069,-0.002870,0.996403,0.047191,-0.070385,0.000631,0.990437,0.022471,0.076406,0.112658,0.993818,-0.007015,-0.000114,0.110798,0.995039,-0.040864,-0.090481,-0.006346,0.995107,-0.026119,0.071328,-0.063180,0.998124,0.002613,-0.006148,-0.060853,0.999454,-0.009046,0.025805,-0.018565,0.977458,0.180491,-0.104559,-0.032653,0.950087,0.173042,-0.192657,-0.173993,0.943504,0.223838,-0.071532,-0.233625,0.972054,-0.144887,-0.183849,0.017867,0.931252,-0.167253,-0.206136,0.249606,0.952075,-0.128088,0.002166,0.277746
0.999442,-0.001467,-0.033256,-0.002769,0.996401,0.047170,-0.070430,0.000729,0.990479,0.022533,0.076287,0.112356,0.993855,-0.006897,-0.000447,0.110472,0.995044,-0.040881,-0.090429,-0.006250,0.995109,-0.026129,0.071275,-0.063204,0.998122,0.002617,-0.006465,-0.060857,0.999469,-0.009025,0.025067,-0.018778,0.978138,0.177936,-0.102516,-0.032806,0.950864,0.170054,-0.192669,-0.172679,0.944166,0.220298,-0.071405,-0.234352,0.972968,-0.142394,-0.180974,0.017496,0.932542,-0.163379,-0.206681,0.246893,0.953664,-0.121584,0.001317,0.275210
0.999437,-0.001432,-0.033418,-0.002636,0.996398,0.047142,-0.070481,0.000859,0.990512,0.022570,0.076199,0.112117,0.993884,-0.006815,-0.000741,0.110212,0.995048,-0.040895,-0.090382,-0.006123,0.995111,-0.026139,0.071254,-0.063200,0.998121,0.002631,-0.006793,-0.060832,0.999482,-0.009002,0.024407,-0.018925,0.978863,0.174985,-0.100608,-0.032957,0.951723,0.166743,-0.192672,-0.171165,0.945012,0.216164,-0.071148,-0.234868,0.973966,-0.139583,-0.177794,0.017200,0.933938,-0.159159,-0.206937,0.244143,0.955322,-0.114209,0.000778,0.272607
0.999434,-0.001377,-0.033527,-0.002440,0.996395,0.047105,-0.070543,0.001049,0.990527,0.022565,0.076177,0.112000,0.993899,-0.006800,-0.000953,0.110082,0.995053,-0.040901,-0.090342,-0.005935,0.995111,-0.026143,0.071302,-0.063142,0.998124,0.002668,-0.007139,-0.060750,0.999495,-0.008972,0.023905,-0.018937,0.979663,0.171375,-0.098974,-0.033099,0.952730,0.162908,-0.192646,-0.169275,0.946202,0.210963,-0.070602,-0.234973,0.975123,-0.136269,-0.173998,0.017038,0.935550,-0.154355,-0.206590,0.241332,0.957136,-0.105198,0.000891,0.269859
0.999433,-0.001313,-0.033564,-0.002213,0.996391,0.047111,-0.070599,0.001272,0.990543,0.022615,0.076214,0.111823,0.993920,-0.006719,-0.001047,0.109894,0.995057,-0.040919,-0.090305,-0.005719,0.995101,-0.026141,0.071454,-0.063125,0.998124,0.002618,-0.007520,-0.060703,0.999503,-0.008904,0.023545,-0.018982,0.980475,0.167352,-0.097713,-0.033378,0.953821,0.158806,-0.192465,-0.167223,0.947678,0.204654,-0.069781,-0.234848,0.976368,-0.132702,-0.169747,0.016812,0.937356,-0.149304,-0.205583,0.238343,0.959066,-0.095054,0.001819,0.266748
0.999434,-0.001244,-0.033564,-0.001972,0.996386,0.047139,-0.070650,0.001509,0.990559,0.022694,0.076281,0.111616,0.993945,-0.006603,-0.001081,0.109676,0.995060,-0.040945,-0.090267,-0.005491,0.995086,-0.026137,0.071660,-0.063128,0.998123,0.002524,-0.007917,-0.060675,0.999509,-0.008815,0.023258,-0.019046,0.981294,0.163056,-0.096634,-0.033729,0.954952,0.154504,-0.192198,-0.165089,0.949276,0.197716,-0.068831,-0.234618,0.977645,-0.128935,-0.165266,0.016545,0.939250,-0.144076,-0.204245,0.235236,0.960990,-0.084283,0.003162,0.263409
0.999436,-0.001167,-0.033509,-0.001766,0.996377,0.047147,-0.070767,0.001713,0.990567,0.022713,0.076331,0.111511,0.993959,-0.006479,-0.001245,0.109557,0.995059,-0.040929,-0.090301,-0.005297,0.995078,-0.026119,0.071894,-0.063000,0.998130,0.002454,-0.008258,-0.060519,0.999520,-0.008626,0.023008,-0.018859,0.981993,0.158786,-0.096561,-0.033956,0.955959,0.150447,-0.192340,-0.162829,0.950608,0.191665,-0.068306,-0.234400,0.978896,-0.125179,-0.160698,0.016430,0.941016,-0.138937,-0.202522,0.232746,0.962493,-0.073930,0.004945,0.260993
0.999438,-0.001095,-0.033454,-0.001582,0.996370,0.047151,-0.070852,0.001893,0.990572,0.022728,0.076401,0.111418,0.993971,-0.006396,-0.001375,0.109451,0.995056,-0.040905,-0.090354,-0.005125,0.995073,-0.026098,0.072097,-0.062858,0.998137,0.002390,-0.008554,-0.060354,0.999531,-0.008401,0.022729,-0.018743,0.982634,0.154706,-0.096566,-0.034237,0.956920,0.146605,-0.192263,-0.160765,0.951774,0.186270,-0.067573,-0.234229,0.980033,-0.121664,-0.156431,0.016211,0.942633,-0.134180,-0.200838,0.230439,0.963710,-0.064596,0.006621,0.258932
0.999440,-0.001030,-0.033400,-0.001442,0.996368,0.047149,-0.070873,0.002027,0.990572,0.022739,0.076508,0.111342,0.993980,-0.006395,-0.001440,0.109367,0.995050,-0.040859,-0.090449,-0.004995,0.995074,-0.026064,0.072235,-0.062690,0.998147,0.002343,-0.008761,-0.060171,0.999540,-0.008100,0.022391,-0.018767,0.983160,0.151135,-0.096731,-0.034617,0.957795,0.143330,-0.191761,-0.159101,0.952643,0.182330,-0.066391,-0.234136,0.980972,-0.118760,-0.152773,0.015804,0.943975,-0.130274,-0.199245,0.228565,0.964489,-0.057406,0.008057,0.257683
0.999442,-0.000965,-0.033357,-0.001340,0.996367,0.047137,-0.070901,0.002122,0.990576,0.022740,0.076532,0.111289,0.993985,-0.006497,-0.001486,0.109311,0.995042,-0.040858,-0.090537,-0.004906,0.995072,-0.026063,0.072345,-0.062599,0.998151,0.002370,-0.008959,-0.060064,0.999550,-0.007781,0.022040,-0.018820,0.983592,0.148119,-0.096875,-0.034969,0.958532,0.140579,-0.191120,-0.157882,0.953088,0.179803,-0.065206,-0.234611,0.981673,-0.116517,-0.150017,0.015404,0.945019,-0.127303,-0.198010,0.226992,0.965013,-0.052155,0.009136,0.256802
0.999444,-0.000899,-0.033321,-0.001258,0.996365,0.047121,-0.070934,0.002197,0.990582,0.022735,0.076512,0.111245,0.993989,-0.006650,-0.001525,0.109266,0.995034,-0.040879,-0.090624,-0.004840,0.995068,-0.026077,0.072438,-0.062548,0.998154,0.002432,-0.009153,-0.059997,0.999559,-0.007451,0.021684,-0.018888,0.983972,0.145406,-0.097009,-0.035305,0.959195,0.138115,-0.190408,-0.156888,0.953319,0.178004,-0.064014,-0.235371,0.982251,-0.114626,-0.147714,0.015003,0.945911,-0.124821,-0.196953,0.225568,0.965411,-0.047894,0.010035,0.256101
0.999443,-0.000820,-0.033357,-0.001147,0.996362,0.047170,-0.070946,0.002304,0.990571,0.022775,0.076643,0.111252,0.993986,-0.006966,-0.001453,0.109274,0.995027,-0.040859,-0.090719,-0.004743,0.995064,-0.026047,0.072563,-0.062484,0.998156,0.002515,-0.009319,-0.059920,0.999567,-0.007122,0.021301,-0.018994,0.984234,0.143521,-0.097051,-0.035575,0.959643,0.136396,-0.189771,-0.156424,0.953107,0.177855,-0.062982,-0.236618,0.982484,-0.113771,-0.146858,0.014664,0.946313,-0.123696,-0.196882,0.224564,0.965528,-0.046272,0.009888,0.255963
0.999440,-0.000739,-0.033442,-0.001029,0.996362,0.047196,-0.070919,0.002413,0.990556,0.022793,0.076778,0.111289,0.993980,-0.007291,-0.001357,0.109313,0.995020,-0.040856,-0.090798,-0.004641,0.995059,-0.026042,0.072705,-0.062394,0.998161,0.002580,-0.009453,-0.059817,0.999577,-0.006796,0.020851,-0.019079,0.984458,0.141853,-0.097159,-0.035794,0.959995,0.134865,-0.189351,-0.156097,0.952764,0.177970,-0.062157,-0.238125,0.982636,-0.113182,-0.146326,0.014345,0.946590,-0.122899,-0.197066,0.223670,0.965595,-0.045040,0.009643,0.255938
0.999434,-0.000649,-0.033625,-0.000897,0.996370,0.047182,-0.070813,0.002529,0.990534,0.022773,0.076923,0.111385,0.993966,-0.007632,-0.001212,0.109418,0.995015,-0.040882,-0.090848,-0.004528,0.995055,-0.026081,0.072880,-0.062248,0.998170,0.002616,-0.009525,-0.059658,0.999591,-0.006473,0.020266,-0.019123,0.984613,0.140576,-0.097398,-0.035912,0.960167,0.133673,-0.189376,-0.156039,0.952168,0.178580,-0.061761,-0.240146,0.982634,-0.113081,-0.146441,0.014073,0.946625,-0.122707,-0.197773,0.223002,0.965564,-0.044541,0.009191,0.256159
0.999426,-0.000545,-0.033856,-0.000742,0.996378,0.047198,-0.070686,0.002667,0.990506,0.022779,0.077109,0.111503,0.993951,-0.007853,-0.001066,0.109541,0.995007,-0.040922,-0.090929,-0.004396,0.995045,-0.026117,0.073095,-0.062138,0.998177,0.002628,-0.009565,-0.059536,0.999606,-0.006160,0.019697,-0.019044,0.984728,0.139542,-0.097721,-0.035901,0.960232,0.132689,-0.189761,-0.156008,0.951478,0.179331,-0.061746,-0.242316,0.982529,-0.113305,-0.146986,0.013952,0.946466,-0.122883,-0.198939,0.222542,0.965519,-0.044120,0.008452,0.256428
0.999418,-0.000433,-0.034112,-0.000577,0.996385,0.047230,-0.070551,0.002815,0.990475,0.022799,0.077315,0.111631,0.993935,-0.008014,-0.000920,0.109673,0.994996,-0.040969,-0.091026,-0.004257,0.995032,-0.026152,0.073327,-0.062049,0.998183,0.002631,-0.009592,-0.059435,0.999621,-0.005852,0.019135,-0.018907,0.984826,0.138611,-0.098088,-0.035830,0.960246,0.131793,-0.190329,-0.155992,0.950739,0.180139,-0.061924,-0.244561,0.982372,-0.113674,-0.147748,0.013907,0.946210,-0.123226,-0.200340,0.222184,0.965465,-0.043723,0.007563,0.256726
0.999403,-0.000352,-0.034532,-0.000376,0.996383,0.047232,-0.070569,0.003008,0.990458,0.022790,0.077560,0.111616,0.993936,-0.008030,-0.000757,0.109663,0.994991,-0.040953,-0.091101,-0.004071,0.995017,-0.026097,0.073554,-0.062047,0.998183,0.002670,-0.009570,-0.059431,0.999639,-0.005598,0.018499,-0.018648,0.984882,0.137901,-0.098606,-0.035608,0.960091,0.131061,-0.191471,-0.156162,0.950061,0.180554,-0.062718,-0.246681,0.982152,-0.114232,-0.148772,0.013989,0.945727,-0.123737,-0.202206,0.222268,0.965299,-0.042420,0.006677,0.257593
0.999388,-0.000281,-0.034982,-0.000141,0.996381,0.047258,-0.070579,0.003237,0.990437,0.022805,0.077821,0.111619,0.993936,-0.008003,-0.000613,0.109667,0.994988,-0.040944,-0.091147,-0.003849,0.995000,-0.026049,0.073806,-0.062037,0.998184,0.002710,-0.009512,-0.059421,0.999658,-0.005352,0.017851,-0.018328,0.984934,0.137192,-0.099169,-0.035330,0.959898,0.130314,-0.192828,-0.156306,0.949403,0.180787,-0.063806,-0.248756,0.981930,-0.114729,-0.149834,0.014142,0.945219,-0.124192,-0.204118,0.222424,0.965116,-0.040788,0.005967,0.258558
0.999370,-0.000227,-0.035493,0.000161,0.996377,0.047333,-0.070574,0.003537,0.990408,0.022866,0.078110,0.111657,0.993934,-0.007890,-0.000507,0.109698,0.994990,-0.040946,-0.091132,-0.003557,0.994980,-0.026014,0.074106,-0.062011,0.998187,0.002753,-0.009378,-0.059398,0.999679,-0.005118,0.017176,-0.017887,0.984974,0.136527,-0.099827,-0.034934,0.959623,0.129579,-0.194610,-0.156397,0.948784,0.180698,-0.065479,-0.250738,0.981702,-0.115146,-0.150976,0.014429,0.944666,-0.124573,-0.206115,0.222720,0.964904,-0.038534,0.005617,0.259700
0.999351,-0.000198,-0.036029,0.000440,0.996369,0.047441,-0.070588,0.003821,0.990398,0.022988,0.078282,0.111607,0.993943,-0.007706,-0.000564,0.109629,0.994991,-0.040964,-0.091126,-0.003285,0.994959,-0.025980,0.074367,-0.062058,0.998185,0.002802,-0.009235,-0.059448,0.999701,-0.004938,0.016457,-0.017378,0.985029,0.135926,-0.100284,-0.034419,0.959404,0.128901,-0.196193,-0.156326,0.948370,0.180205,-0.067070,-0.252235,0.981494,-0.115548,-0.151989,0.014763,0.944110,-0.124889,-0.208081,0.223071,0.964646,-0.036028,0.005227,0.261024
0.999331,-0.000181,-0.036576,0.000708,0.996361,0.047566,-0.070611,0.004097,0.990395,0.023142,0.078398,0.111514,0.993957,-0.007485,-0.000701,0.109511,0.994991,-0.040990,-0.091123,-0.003023,0.994937,-0.025946,0.074608,-0.062140,0.998181,0.002852,-0.009087,-0.059535,0.999723,-0.004784,0.015717,-0.016833,0.985083,0.135416,-0.100643,-0.033839,0.959204,0.128312,-0.197670,-0.156172,0.948048,0.179570,-0.068609,-0.253481,0.981287,-0.116002,-0.152939,0.015112,0.943548,-0.125229,-0.210017,0.223444,0.964359,-0.033456,0.004834,0.262428
0.999310,-0.000148,-0.037116,0.001003,0.996357,0.047666,-0.070579,0.004393,0.990379,0.023253,0.078540,0.111534,0.993959,-0.007276,-0.000828,0.109509,0.995000,-0.040939,-0.091058,-0.002728,0.994915,-0.025860,0.074943,-0.062116,0.998182,0.002995,-0.009039,-0.059510,0.999745,-0.004667,0.014964,-0.016279,0.985138,0.135026,-0.100840,-0.033203,0.959044,0.127823,-0.199128,-0.155706,0.947910,0.178943,-0.070315,-0.253972,0.981063,-0.116514,-0.153947,0.015477,0.942931,-0.125621,-0.212062,0.223899,0.964000,-0.031115,0.004038,0.264045
0.999290,-0.000104,-0.037646,0.001324,0.996357,0.047773,-0.070484,0.004712,0.990354,0.023369,0.078695,0.111623,0.993953,-0.007108,-0.000950,0.109575,0.995011,-0.040898,-0.090963,-0.002407,0.994891,-0.025778,0.075299,-0.062114,0.998183,0.003130,-0.008960,-0.059508,0.999765,-0.004572,0.014223,-0.015695,0.985177,0.134803,-0.100978,-0.032513,0.958869,0.127489,-0.200581,-0.155192,0.947759,0.178671,-0.072088,-0.254229,0.980817,-0.117127,-0.155010,0.015873,0.942284,-0.126131,-0.214078,0.224417,0.963610,-0.029208,0.003147,0.265695
0.999270,-0.000040,-0.038157,0.001696,0.996365,0.047892,-0.070265,0.005075,0.990311,0.023491,0.078877,0.111848,0.993931,-0.007018,-0.001060,0.109777,0.995027,-0.040879,-0.090808,-0.002038,0.994860,-0.025705,0.075694,-0.062159,0.998181,0.003247,-0.008824,-0.059556,0.999785,-0.004525,0.013504,-0.015054,0.985205,0.134779,-0.100992,-0.031727,0.958682,0.127331,-0.202040,-0.154581,0.947604,0.178977,-0.074021,-0.254035,0.980541,-0.117812,-0.156180,0.016349,0.941590,-0.126754,-0.216063,0.225075,0.963165,-0.028039,0.002031,0.267436
0.999252,0.000031,-0.038607,0.002007,0.996377,0.047972,-0.070014,0.005372,0.990277,0.023591,0.079027,0.112025,0.993913,-0.006974,-0.001112,0.109939,0.995046,-0.040877,-0.090608,-0.001730,0.994825,-0.025643,0.076081,-0.062271,0.998174,0.003323,-0.008776,-0.059664,0.999802,-0.004495,0.012863,-0.014494,0.985226,0.134808,-0.100966,-0.031024,0.958505,0.127229,-0.203329,-0.154073,0.947405,0.179748,-0.076129,-0.253613,0.980291,-0.118559,-0.157139,0.016727,0.940961,-0.127409,-0.217807,0.225652,0.962830,-0.027617,0.000981,0.268691
0.999236,0.000105,-0.039027,0.002289,0.996392,0.048034,-0.069746,0.005637,0.990247,0.023679,0.079161,0.112181,0.993897,-0.006953,-0.001136,0.110082,0.995066,-0.040884,-0.090386,-0.001451,0.994788,-0.025588,0.076463,-0.062416,0.998166,0.003378,-0.008774,-0.059801,0.999817,-0.004473,0.012262,-0.013974,0.985235,0.134930,-0.100922,-0.030354,0.958324,0.127225,-0.204527,-0.153616,0.947169,0.180818,-0.078311,-0.253067,0.980046,-0.119406,-0.157993,0.017047,0.940359,-0.128148,-0.219418,0.226184,0.962552,-0.027634,-0.000025,0.269684
0.999220,0.000169,-0.039409,0.002664,0.996393,0.048148,-0.069618,0.006007,0.990220,0.023804,0.079209,0.112358,0.993879,-0.006876,-0.001122,0.110250,0.995088,-0.040886,-0.090151,-0.001077,0.994747,-0.025513,0.076890,-0.062575,0.998157,0.003403,-0.008678,-0.059959,0.999832,-0.004478,0.011691,-0.013415,0.985218,0.135217,-0.100916,-0.029638,0.958161,0.127420,-0.205635,-0.152991,0.947039,0.182125,-0.080443,-0.251944,0.979783,-0.120179,-0.158991,0.017454,0.939768,-0.128855,-0.221089,0.226611,0.962376,-0.027916,-0.001290,0.270281
0.999204,0.000222,-0.039769,0.003041,0.996390,0.048259,-0.069549,0.006383,0.990198,0.023921,0.079222,0.112516,0.993864,-0.006796,-0.001120,0.110399,0.995111,-0.040870,-0.089906,-0.000698,0.994713,-0.025430,0.077238,-0.062719,0.998149,0.003455,-0.008611,-0.060103,0.999845,-0.004487,0.011119,-0.012872,0.985181,0.135582,-0.100987,-0.028937,0.957997,0.127719,-0.206699,-0.152332,0.946891,0.183431,-0.082546,-0.250873,0.979522,-0.121003,-0.159929,0.017827,0.939201,-0.129601,-0.222700,0.226957,0.962223,-0.028218,-0.002458,0.270786
0.999191,0.000254,-0.040081,0.003423,0.996380,0.048360,-0.069594,0.006771,0.990186,0.024021,0.079165,0.112638,0.993851,-0.006706,-0.001141,0.110513,0.995137,-0.040818,-0.089639,-0.000306,0.994693,-0.025328,0.077436,-0.062831,0.998142,0.003560,-0.008598,-0.060219,0.999858,-0.004504,0.010546,-0.012359,0.985124,0.135975,-0.101205,-0.028277,0.957849,0.128099,-0.207681,-0.151605,0.946730,0.184610,-0.084616,-0.249922,0.979284,-0.121803,-0.160741,0.018156,0.938696,-0.130297,-0.224216,0.227155,0.962112,-0.028442,-0.003456,0.271145
0.999178,0.000273,-0.040374,0.003759,0.996365,0.048474,-0.069690,0.007117,0.990184,0.024139,0.079068,0.112702,0.993846,-0.006571,-0.001155,0.110570,0.995160,-0.040772,-0.089406,0.000040,0.994682,-0.025241,0.077516,-0.062936,0.998135,0.003687,-0.008566,-0.060330,0.999870,-0.004525,0.009981,-0.011826,0.985043,0.136534,-0.101427,-0.027583,0.957739,0.128685,-0.208462,-0.150732,0.946640,0.185676,-0.086393,-0.248863,0.979049,-0.122596,-0.161524,0.018501,0.938183,-0.130965,-0.225753,0.227368,0.961922,-0.028509,-0.004621,0.271792
0.999165,0.000284,-0.040657,0.004074,0.996348,0.048593,-0.069812,0.007445,0.990186,0.024264,0.078951,0.112740,0.993844,-0.006415,-0.001166,0.110601,0.995182,-0.040731,-0.089188,0.000365,0.994676,-0.025164,0.077537,-0.063036,0.998128,0.003823,-0.008523,-0.060439,0.999882,-0.004549,0.009421,-0.011281,0.984950,0.137181,-0.101648,-0.026869,0.957646,0.129379,-0.209140,-0.149783,0.946583,0.186692,-0.088021,-0.247748,0.978815,-0.123394,-0.162294,0.018855,0.937664,-0.131630,-0.227297,0.227589,0.961692,-0.028509,-0.005866,0.272584
0.999152,0.000294,-0.040948,0.004228,0.996330,0.048672,-0.069995,0.007612,0.990212,0.024369,0.078807,0.112589,0.993862,-0.006277,-0.001231,0.110442,0.995207,-0.040625,-0.088956,0.000537,0.994700,-0.025064,0.077198,-0.063118,0.998121,0.004116,-0.008574,-0.060535,0.999891,-0.004590,0.008916,-0.010823,0.984844,0.137953,-0.101797,-0.026225,0.957595,0.130204,-0.209706,-0.148603,0.946596,0.187017,-0.089955,-0.246757,0.978556,-0.124218,-0.163189,0.019165,0.937073,-0.132233,-0.229435,0.227525,0.961498,-0.028420,-0.007920,0.273224
0.999140,0.000304,-0.041240,0.004352,0.996310,0.048725,-0.070236,0.007751,0.990248,0.024453,0.078636,0.112375,0.993887,-0.006181,-0.001267,0.110225,0.995229,-0.040501,-0.088762,0.000679,0.994731,-0.024960,0.076803,-0.063149,0.998116,0.004412,-0.008683,-0.060578,0.999900,-0.004665,0.008405,-0.010420,0.984740,0.138751,-0.101880,-0.025614,0.957555,0.131044,-0.210265,-0.147323,0.946632,0.187042,-0.092020,-0.245835,0.978299,-0.124979,-0.164112,0.019446,0.936460,-0.132757,-0.231718,0.227433,0.961250,-0.028219,-0.010213,0.274039
0.999127,0.000318,-0.041532,0.004414,0.996284,0.048733,-0.070589,0.007829,0.990303,0.024500,0.078415,0.112034,0.993924,-0.006160,-0.001240,0.109889,0.995246,-0.040338,-0.088645,0.000758,0.994778,-0.024847,0.076297,-0.063078,0.998116,0.004721,-0.008907,-0.060517,0.999906,-0.004804,0.007885,-0.010129,0.984641,0.139587,-0.101828,-0.025073,0.957544,0.131900,-0.210810,-0.145846,0.946722,0.186451,-0.094352,-0.245053,0.978052,-0.125596,-0.165086,0.019675,0.935806,-0.133104,-0.234291,0.227283,0.960897,-0.027775,-0.012985,0.275204
0.999116,0.000334,-0.041799,0.004414,0.996253,0.048795,-0.070980,0.007851,0.990343,0.024556,0.078171,0.111837,0.993944,-0.006134,-0.001063,0.109709,0.995259,-0.040185,-0.088569,0.000773,0.994813,-0.024734,0.075916,-0.063023,0.998115,0.005018,-0.009189,-0.060464,0.999909,-0.004951,0.007522,-0.010030,0.984556,0.140286,-0.101768,-0.024768,0.957508,0.132573,-0.211626,-0.144282,0.946895,0.185240,-0.096915,-0.244300,0.977842,-0.125863,-0.166103,0.019838,0.935148,-0.133079,-0.237170,0.227022,0.960499,-0.026828,-0.015904,0.276530
0.999106,0.000352,-0.042054,0.004383,0.996219,0.048884,-0.071391,0.007844,0.990375,0.024617,0.077914,0.111714,0.993956,-0.006106,-0.000812,0.109608,0.995270,-0.040036,-0.088515,0.000755,0.994843,-0.024620,0.075597,-0.062976,0.998114,0.005310,-0.009499,-0.060415,0.999911,-0.005102,0.007235,-0.010026,0.984477,0.140916,-0.101704,-0.024581,0.957457,0.133157,-0.212581,-0.142673,0.947104,0.183723,-0.099600,-0.243557,0.977650,-0.125958,-0.167142,0.019970,0.934481,-0.132869,-0.240200,0.226706,0.960070,-0.025636,-0.018898,0.277941
0.999094,0.000375,-0.042346,0.004111,0.996185,0.049088,-0.071750,0.007603,0.990342,0.024660,0.077958,0.111974,0.993925,-0.006007,-0.000420,0.109891,0.995281,-0.039846,-0.088475,0.000500,0.994865,-0.024473,0.075384,-0.062950,0.998109,0.005861,-0.009961,-0.060375,0.999910,-0.005346,0.007003,-0.010134,0.984459,0.141412,-0.101216,-0.024459,0.957508,0.133550,-0.213349,-0.140803,0.947387,0.182651,-0.101425,-0.242508,0.977601,-0.125558,-0.167715,0.020055,0.933953,-0.132181,-0.242491,0.226843,0.959537,-0.024914,-0.021207,0.279674
0.999085,0.000410,-0.042593,0.003845,0.996155,0.049293,-0.072055,0.007363,0.990294,0.024684,0.077976,0.112371,0.993879,-0.005885,0.000010,0.110316,0.995294,-0.039649,-0.088418,0.000251,0.994885,-0.024338,0.075251,-0.062841,0.998108,0.006437,-0.010409,-0.060249,0.999908,-0.005592,0.006790,-0.010360,0.984465,0.141846,-0.100552,-0.024440,0.957617,0.133873,-0.213886,-0.138928,0.947750,0.181837,-0.102848,-0.241097,0.977598,-0.124915,-0.168214,0.020069,0.933530,-0.131322,-0.244454,0.226978,0.959027,-0.024312,-0.023299,0.281307
0.999079,0.000468,-0.042752,0.003587,0.996132,0.049496,-0.072254,0.007124,0.990222,0.024668,0.077941,0.113039,0.993802,-0.005719,0.000515,0.111020,0.995311,-0.039438,-0.088324,0.000009,0.994903,-0.024227,0.075279,-0.062570,0.998117,0.007059,-0.010828,-0.059956,0.999902,-0.005841,0.006617,-0.010825,0.984519,0.142154,-0.099540,-0.024632,0.957847,0.134048,-0.213959,-0.137044,0.948282,0.181524,-0.103455,-0.238969,0.977684,-0.123790,-0.168563,0.019933,0.933323,-0.130124,-0.245763,0.227103,0.958575,-0.023943,-0.024952,0.282735
