body_0_vel_x,body_0_vel_y,body_0_vel_z,body_1_vel_x,body_1_vel_y,body_1_vel_z,body_2_vel_x,body_2_vel_y,body_2_vel_z,body_3_vel_x,body_3_vel_y,body_3_vel_z,body_4_vel_x,body_4_vel_y,body_4_vel_z,body_5_vel_x,body_5_vel_y,body_5_vel_z,body_6_vel_x,body_6_vel_y,body_6_vel_z,body_7_vel_x,body_7_vel_y,body_7_vel_z,body_8_vel_x,body_8_vel_y,body_8_vel_z,body_9_vel_x,body_9_vel_y,body_9_vel_z,body_10_vel_x,body_10_vel_y,body_10_vel_z,body_11_vel_x,body_11_vel_y,body_11_vel_z,body_12_vel_x,body_12_vel_y,body_12_vel_z,body_13_vel_x,body_13_vel_y,body_13_vel_z
-0.011700,0.014600,-0.001350,-0.009634,0.014617,-0.001301,-0.009170,0.014807,-0.001318,-0.004704,0.016055,-0.001990,-0.011761,0.014613,-0.001322,-0.019142,0.013950,-0.001154,-0.026129,0.014536,-0.000041,-0.012286,0.014555,-0.001416,-0.027498,0.013755,0.000510,-0.027871,0.017320,0.001907,-0.030349,0.023831,0.002378,-0.024664,0.013639,-0.001332,-0.027240,0.011893,-0.000895,-0.025620,0.010960,-0.000297
-0.010875,0.011625,-0.001500,-0.009379,0.011698,-0.001410,-0.008364,0.011631,-0.001466,-0.004720,0.012191,-0.002025,-0.010540,0.011698,-0.001520,-0.017977,0.010977,-0.001346,-0.025154,0.011323,-0.000178,-0.011413,0.011550,-0.001561,-0.026166,0.010736,0.000320,-0.026559,0.014423,0.001763,-0.028598,0.020977,0.002378,-0.022770,0.010603,-0.001552,-0.025069,0.009359,-0.001288,-0.022938,0.009437,-0.000719
-0.008350,0.002625,-0.001950,-0.008555,0.002874,-0.001733,-0.005851,0.002026,-0.001906,-0.004607,0.000524,-0.002141,-0.006807,0.002887,-0.002120,-0.014365,0.001990,-0.001931,-0.022068,0.001618,-0.000606,-0.008746,0.002458,-0.001995,-0.022161,0.001600,-0.000233,-0.022603,0.005313,0.001218,-0.023303,0.011660,0.002200,-0.017077,0.001414,-0.002205,-0.018499,0.001920,-0.002554,-0.014787,0.005292,-0.002108
-0.005300,-0.002450,-0.002575,-0.006255,-0.002054,-0.002244,-0.002139,-0.003086,-0.002483,-0.004002,-0.005877,-0.002205,-0.003017,-0.002033,-0.002872,-0.009733,-0.002532,-0.002720,-0.016700,-0.002875,-0.001483,-0.005643,-0.002681,-0.002615,-0.017861,-0.003052,-0.001258,-0.018603,0.000464,0.000112,-0.019055,0.006711,0.001150,-0.012075,-0.003257,-0.002655,-0.013144,-0.001978,-0.003272,-0.009253,0.003078,-0.003069
-0.003275,-0.001025,-0.003050,-0.003660,-0.000587,-0.002678,0.000855,-0.001118,-0.002899,-0.003302,-0.003781,-0.002165,-0.001095,-0.000568,-0.003386,-0.006448,-0.000304,-0.003300,-0.011792,0.000104,-0.002352,-0.003677,-0.001258,-0.003096,-0.015423,-0.000845,-0.002245,-0.016557,0.002875,-0.000795,-0.017966,0.009701,0.000065,-0.010262,-0.001026,-0.002665,-0.011705,-0.000468,-0.003024,-0.009161,0.003683,-0.003045
-0.005450,0.002525,-0.002825,-0.006572,0.002840,-0.002572,-0.001648,0.002876,-0.002775,-0.003754,0.000931,-0.002408,-0.002678,0.002863,-0.003055,-0.006844,0.002977,-0.002981,-0.011220,0.002784,-0.002164,-0.005786,0.002323,-0.002864,-0.016305,0.003468,-0.002555,-0.017075,0.007663,-0.000912,-0.019255,0.015250,-0.000109,-0.010874,0.003281,-0.002096,-0.012931,0.004850,-0.002913,-0.011495,0.009778,-0.003444
-0.005300,0.005250,-0.002200,-0.007308,0.005433,-0.002073,-0.002227,0.005902,-0.002255,-0.001511,0.004719,-0.002405,-0.001926,0.005463,-0.002317,-0.005420,0.004923,-0.002217,-0.008913,0.003511,-0.001500,-0.005556,0.005074,-0.002230,-0.015031,0.006895,-0.002414,-0.014960,0.011440,-0.000624,-0.016885,0.019277,0.000329,-0.008882,0.006688,-0.001178,-0.011450,0.009184,-0.002412,-0.011118,0.014827,-0.003438
0.003625,0.004250,-0.001425,0.001731,0.004473,-0.001259,0.006428,0.005062,-0.001411,0.007127,0.004165,-0.001543,0.006909,0.004505,-0.001576,0.003235,0.003249,-0.001428,0.001134,0.000765,-0.000915,0.003353,0.004050,-0.001457,-0.006153,0.006449,-0.001980,-0.005088,0.010830,-0.000247,-0.004926,0.017715,0.001134,0.000708,0.006224,-0.000120,-0.001954,0.007752,-0.000969,-0.002998,0.012299,-0.002197
0.007675,0.002775,-0.000800,0.006285,0.003049,-0.000587,0.010802,0.003400,-0.000743,0.012568,0.002867,-0.001071,0.010146,0.003076,-0.001005,0.006854,0.001290,-0.000834,0.007207,-0.001812,-0.000740,0.007475,0.002591,-0.000823,0.000082,0.005169,-0.001644,0.001194,0.010356,0.000411,0.001111,0.017656,0.001822,0.004884,0.005011,0.000651,0.000811,0.005767,-0.000017,-0.002603,0.008686,-0.001633
0.004850,0.001525,-0.000650,0.004112,0.001826,-0.000414,0.008758,0.001667,-0.000606,0.012163,0.001358,-0.001253,0.006197,0.001844,-0.000893,0.003669,-0.000040,-0.000735,0.006311,-0.003021,-0.001062,0.004772,0.001393,-0.000659,0.000548,0.003685,-0.001599,0.000770,0.010412,0.001064,-0.001736,0.019450,0.002140,0.001556,0.003647,0.000751,-0.004520,0.004263,-0.000046,-0.010091,0.005887,-0.002042
0.004575,0.005375,-0.000250,0.003236,0.005665,-0.000043,0.009972,0.005270,-0.000348,0.015131,0.004381,-0.001360,0.006070,0.005689,-0.000485,0.002509,0.003737,-0.000294,0.004065,0.000362,-0.000415,0.004616,0.005240,-0.000246,0.001747,0.007701,-0.001405,0.001581,0.014404,0.001247,-0.000630,0.023375,0.002413,0.003009,0.007657,0.001178,-0.003224,0.007681,0.000603,-0.010201,0.007353,-0.001462
0.003925,0.007825,-0.000050,0.001848,0.008103,0.000132,0.009887,0.007489,-0.000249,0.015515,0.005830,-0.001379,0.005805,0.008134,-0.000273,0.001263,0.006075,-0.000048,0.001227,0.002265,0.000126,0.004048,0.007671,-0.000037,0.001830,0.010356,-0.001385,0.001743,0.016238,0.000944,0.000431,0.024506,0.002248,0.004341,0.010275,0.001400,-0.001539,0.009967,0.000991,-0.009505,0.008099,-0.001101
0.000000,0.002325,-0.000550,-0.001805,0.002626,-0.000332,0.004066,0.001539,-0.000645,0.007564,-0.000473,-0.001371,0.001485,0.002653,-0.000799,-0.002092,0.000389,-0.000585,-0.001332,-0.003407,-0.000568,0.000122,0.002177,-0.000537,-0.001082,0.004759,-0.001916,-0.000632,0.009853,0.000103,-0.002510,0.017999,0.001247,0.000605,0.004704,0.000846,-0.005719,0.005047,0.000141,-0.014563,0.003130,-0.002195
0.000400,0.000100,-0.001025,-0.000798,0.000400,-0.000791,0.002888,-0.001355,-0.001047,0.004761,-0.003660,-0.001471,0.001311,0.000419,-0.001278,-0.001389,-0.001965,-0.001079,-0.001246,-0.005321,-0.000981,0.000487,-0.000028,-0.001016,0.000663,0.002252,-0.002343,0.000539,0.005717,-0.000974,-0.001711,0.011907,-0.000321,0.001361,0.002228,0.000191,-0.005619,0.003191,-0.000816,-0.015428,0.001086,-0.003411
0.004900,0.002325,-0.001275,0.004335,0.002604,-0.001048,0.006899,0.000319,-0.001286,0.008441,-0.002075,-0.001655,0.005325,0.002615,-0.001510,0.002944,0.000265,-0.001323,0.001352,-0.002430,-0.000946,0.004938,0.002220,-0.001271,0.006209,0.004142,-0.002489,0.004650,0.005465,-0.001978,0.002378,0.008355,-0.002006,0.006224,0.004139,-0.000278,-0.001305,0.005456,-0.001470,-0.011690,0.003192,-0.004220
0.001175,0.006675,-0.001725,0.000321,0.006872,-0.001564,0.001684,0.004476,-0.001762,0.002556,0.001903,-0.002016,0.001838,0.006886,-0.001895,0.001201,0.004928,-0.001775,0.000442,0.002764,-0.001572,0.001233,0.006596,-0.001719,0.003235,0.007822,-0.002600,0.001259,0.008675,-0.002278,-0.000560,0.010437,-0.002415,0.003372,0.007816,-0.001162,-0.003039,0.008246,-0.001898,-0.011217,0.006309,-0.004014
-0.003025,0.009175,-0.001650,-0.004238,0.009265,-0.001580,-0.004308,0.006970,-0.001713,-0.003788,0.004561,-0.001897,-0.002233,0.009280,-0.001734,-0.001185,0.007750,-0.001680,-0.000209,0.005982,-0.001805,-0.002914,0.009134,-0.001638,-0.000172,0.009805,-0.002266,-0.001748,0.010987,-0.001808,-0.002631,0.012365,-0.001764,-0.000209,0.009804,-0.001417,-0.005511,0.008883,-0.001513,-0.011108,0.007180,-0.002861
0.000025,0.005900,-0.000350,-0.000758,0.005877,-0.000370,-0.002619,0.003674,-0.000417,-0.001421,0.002196,-0.000693,-0.000020,0.005881,-0.000343,0.001142,0.004474,-0.000297,0.003059,0.002952,-0.000592,0.000188,0.005924,-0.000331,0.004079,0.006692,-0.001119,0.003518,0.008061,-0.000577,0.004080,0.008282,-0.000358,0.002424,0.006742,-0.000001,-0.003449,0.004741,0.000286,-0.008487,0.002565,-0.000800
0.000625,0.000725,0.000250,0.000056,0.000706,0.000238,-0.002850,-0.001674,0.000223,-0.002086,-0.003093,0.000015,-0.000006,0.000704,0.000245,0.001734,-0.000753,0.000285,0.003567,-0.002213,0.000003,0.000859,0.000767,0.000277,0.005860,0.001323,-0.000490,0.005857,0.002786,0.000097,0.007954,0.001591,0.000462,0.003081,0.001408,0.000509,-0.002880,-0.001434,0.001130,-0.007965,-0.004349,0.000171
-0.001525,-0.003725,-0.000175,-0.002212,-0.003625,-0.000084,-0.004903,-0.006377,-0.000139,-0.005497,-0.008662,-0.000147,-0.002191,-0.003626,-0.000289,0.000297,-0.005278,-0.000251,0.001060,-0.006890,-0.000343,-0.001239,-0.003721,-0.000142,0.004278,-0.003578,-0.000719,0.004054,-0.002601,-0.000325,0.006968,-0.005190,-0.000013,0.001450,-0.003492,-0.000166,-0.004086,-0.006486,0.000559,-0.009809,-0.009996,-0.000480
-0.003675,-0.004600,-0.000625,-0.004002,-0.004514,-0.000549,-0.006680,-0.006906,-0.000590,-0.004935,-0.008191,-0.001007,-0.005280,-0.004524,-0.000740,-0.002159,-0.005968,-0.000723,-0.001268,-0.007242,-0.000860,-0.003251,-0.004574,-0.000577,0.002209,-0.004479,-0.001124,0.003237,-0.003683,-0.000800,0.006936,-0.006134,-0.000221,-0.001405,-0.004367,-0.000562,-0.005738,-0.007656,0.000386,-0.009480,-0.010933,-0.000092
-0.005375,-0.002325,-0.000425,-0.005163,-0.002291,-0.000400,-0.007475,-0.004215,-0.000433,-0.003620,-0.004432,-0.001204,-0.008008,-0.002313,-0.000506,-0.004323,-0.003540,-0.000511,-0.002967,-0.004368,-0.000753,-0.004826,-0.002258,-0.000363,0.001048,-0.002184,-0.000939,0.003087,-0.001960,-0.000841,0.006963,-0.004537,-0.000223,-0.003754,-0.002031,-0.000288,-0.007005,-0.005559,0.000848,-0.008767,-0.008676,0.000948
-0.006175,0.002725,0.001100,-0.005563,0.002756,0.001116,-0.006651,0.000748,0.001023,-0.004906,-0.000163,0.000624,-0.009132,0.002730,0.001020,-0.004973,0.001318,0.001011,-0.003765,0.000652,0.000798,-0.005606,0.002814,0.001165,0.002232,0.002582,0.000583,0.003282,0.001172,0.000026,0.006099,-0.003571,-0.000100,-0.003806,0.002778,0.001056,-0.007019,-0.000742,0.002194,-0.009452,-0.004679,0.002263
-0.008375,0.003925,0.001300,-0.007661,0.004056,0.001397,-0.007564,0.002292,0.001268,-0.005506,0.001503,0.000816,-0.011448,0.004031,0.001131,-0.007122,0.002295,0.001137,-0.005124,0.001263,0.000811,-0.007773,0.003989,0.001368,0.001247,0.003749,0.000678,0.001401,0.000617,-0.000570,0.002300,-0.005412,-0.001501,-0.005257,0.003963,0.001229,-0.008816,0.000504,0.002316,-0.012221,-0.003992,0.002222
-0.010850,0.000700,0.000150,-0.010393,0.000987,0.000381,-0.009748,-0.000317,0.000257,-0.005125,-0.000223,-0.000639,-0.013761,0.000968,-0.000155,-0.009650,-0.001070,-0.000123,-0.006296,-0.002822,-0.000650,-0.010219,0.000701,0.000221,-0.001400,0.000737,-0.000616,-0.001642,-0.003869,-0.002453,-0.002595,-0.010183,-0.003960,-0.007362,0.000936,0.000209,-0.011472,-0.002492,0.001242,-0.015653,-0.007057,0.000947
-0.005175,0.000625,0.000700,-0.004253,0.000861,0.000885,-0.002761,-0.000609,0.000714,0.002030,-0.000698,-0.000210,-0.008296,0.000840,0.000444,-0.004808,-0.001161,0.000491,-0.002670,-0.002741,0.000181,-0.004592,0.000662,0.000766,0.004740,0.000711,-0.000133,0.003997,-0.005871,-0.002761,0.002044,-0.013463,-0.004786,-0.002426,0.000953,0.000819,-0.007450,-0.001824,0.001520,-0.012804,-0.006282,0.000848
-0.000100,0.001300,0.001625,0.001573,0.001374,0.001671,0.003486,-0.000245,0.001473,0.007163,-0.000649,0.000756,-0.003447,0.001347,0.001515,-0.000003,-0.000120,0.001534,0.001262,-0.000892,0.001346,0.000380,0.001416,0.001679,0.010195,0.001544,0.000684,0.009022,-0.006564,-0.002551,0.006062,-0.015124,-0.005033,0.001473,0.001843,0.001865,-0.004272,-0.000535,0.002351,-0.010265,-0.005038,0.001483
-0.004300,0.000425,0.001750,-0.002064,0.000349,0.001675,-0.000943,-0.000711,0.001546,0.001373,-0.000584,0.001110,-0.007534,0.000319,0.001773,-0.002610,0.000068,0.001691,0.001031,0.000501,0.001017,-0.003950,0.000599,0.001790,0.005584,0.001161,0.000564,0.004188,-0.007056,-0.002704,-0.000685,-0.014957,-0.005589,-0.003623,0.001485,0.002279,-0.009334,-0.001597,0.003053,-0.014499,-0.006601,0.002523
-0.006375,-0.000575,0.001050,-0.003460,-0.000821,0.000839,-0.003357,-0.001498,0.000771,-0.000901,-0.000671,0.000340,-0.009872,-0.000854,0.001221,-0.004221,-0.000698,0.001101,0.001039,0.000261,0.000115,-0.006122,-0.000328,0.001079,0.003439,0.000692,-0.000421,0.001881,-0.007850,-0.003805,-0.004389,-0.015718,-0.007072,-0.006750,0.001058,0.001902,-0.013381,-0.001537,0.002412,-0.019661,-0.006473,0.001543
-0.005250,-0.001175,-0.000200,-0.001865,-0.001538,-0.000506,-0.002474,-0.002222,-0.000553,0.001585,-0.000890,-0.001263,-0.009254,-0.001574,0.000072,-0.003976,-0.002052,-0.000004,0.001340,-0.001533,-0.000970,-0.005014,-0.000874,-0.000173,0.004870,0.000410,-0.001863,0.003302,-0.008413,-0.005347,-0.003142,-0.016788,-0.008758,-0.006320,0.000820,0.000855,-0.014381,-0.000469,0.000737,-0.023175,-0.004931,-0.000950
-0.003825,-0.000425,0.000575,-0.001106,-0.000799,0.000257,-0.002492,-0.001212,0.000259,0.000685,0.000173,-0.000288,-0.007825,-0.000828,0.000853,-0.003173,-0.000805,0.000765,0.001022,0.000155,-0.000022,-0.003479,-0.000126,0.000614,0.006676,0.000812,-0.000911,0.004856,-0.005962,-0.003577,-0.002878,-0.012136,-0.006918,-0.004232,0.001220,0.001418,-0.011559,0.001149,0.000872,-0.019286,-0.001986,-0.000749
-0.003700,0.001175,0.001250,-0.001820,0.000843,0.000963,-0.003705,0.000714,0.001007,-0.001658,0.002085,0.000665,-0.007586,0.000821,0.001489,-0.003491,0.001663,0.001368,-0.000019,0.003259,0.000680,-0.003222,0.001447,0.001304,0.007197,0.002018,-0.000045,0.005298,-0.002248,-0.001717,-0.004045,-0.005169,-0.004871,-0.002971,0.002406,0.001839,-0.008992,0.003319,0.000999,-0.014887,0.001208,-0.000280
-0.006450,0.003250,-0.000350,-0.004620,0.002957,-0.000605,-0.006386,0.002894,-0.000559,-0.003482,0.004597,-0.001047,-0.010525,0.002938,-0.000147,-0.006623,0.004094,-0.000281,-0.001951,0.005835,-0.001181,-0.005921,0.003503,-0.000291,0.004831,0.004285,-0.001804,0.003385,0.001049,-0.003073,-0.007147,0.000705,-0.006043,-0.004963,0.004668,0.000326,-0.010735,0.006171,-0.000733,-0.016896,0.003611,-0.002015
-0.011050,-0.000050,-0.001050,-0.009714,-0.000280,-0.001256,-0.011058,-0.000039,-0.001205,-0.005545,0.002383,-0.002154,-0.014818,-0.000294,-0.000899,-0.011575,0.001118,-0.001033,-0.006208,0.002773,-0.002044,-0.010486,0.000171,-0.000987,0.000661,0.001430,-0.002826,-0.000947,-0.000346,-0.003522,-0.011327,0.000667,-0.006174,-0.008595,0.001801,-0.000157,-0.014847,0.003764,-0.001436,-0.021624,0.001226,-0.002908
-0.015200,-0.007100,-0.000575,-0.014560,-0.007288,-0.000751,-0.015353,-0.006698,-0.000702,-0.006754,-0.003578,-0.002198,-0.018299,-0.007297,-0.000454,-0.015836,-0.005855,-0.000573,-0.010609,-0.004517,-0.001538,-0.014635,-0.006905,-0.000512,-0.003275,-0.005122,-0.002685,-0.005502,-0.004932,-0.002610,-0.014389,-0.003659,-0.004792,-0.012071,-0.004761,0.000570,-0.019265,-0.002694,-0.000815,-0.026681,-0.004747,-0.002563
0.001575,-0.010050,0.000600,0.002065,-0.010225,0.000435,0.000802,-0.009396,0.000525,0.008550,-0.006060,-0.000800,-0.001582,-0.010232,0.000708,0.001457,-0.008135,0.000535,0.007310,-0.005946,-0.000579,0.002186,-0.009856,0.000668,0.015131,-0.008264,-0.001571,0.013993,-0.005989,-0.000677,0.007125,-0.003314,-0.002010,0.006096,-0.007887,0.001583,-0.000778,-0.004694,-0.000221,-0.010033,-0.007044,-0.002445
0.015350,-0.009950,0.001575,0.015534,-0.010151,0.001384,0.013617,-0.009487,0.001496,0.020122,-0.006408,0.000391,0.011965,-0.010158,0.001701,0.015571,-0.007687,0.001493,0.021847,-0.004953,0.000275,0.016073,-0.009752,0.001655,0.030734,-0.008464,-0.000601,0.030909,-0.004506,0.000955,0.025966,-0.000666,0.000397,0.021945,-0.008090,0.002293,0.015525,-0.003676,0.000044,0.004224,-0.006320,-0.002715
0.002125,-0.007875,0.001300,0.001135,-0.008144,0.001033,-0.000763,-0.008328,0.001092,0.007657,-0.005959,-0.000414,-0.001082,-0.008151,0.001486,0.001718,-0.006504,0.001344,0.007232,-0.005009,0.000308,0.003043,-0.007687,0.001401,0.018272,-0.006212,-0.001042,0.018510,-0.001431,0.000846,0.014798,0.002022,0.000548,0.011435,-0.005914,0.001958,0.004496,-0.001104,-0.000477,-0.008065,-0.003264,-0.003684
-0.008175,-0.003125,0.001500,-0.010171,-0.003363,0.001242,-0.011237,-0.003526,0.001271,-0.001471,-0.001128,-0.000492,-0.011276,-0.003368,0.001658,-0.008909,-0.002343,0.001561,-0.002684,-0.001902,0.000437,-0.007055,-0.002978,0.001622,0.008960,-0.001414,-0.000976,0.008451,0.003310,0.000892,0.005136,0.006180,0.000585,0.003911,-0.001187,0.002034,-0.004263,0.003348,-0.000368,-0.018618,0.001264,-0.004085
-0.010375,0.001950,0.002100,-0.012715,0.001817,0.001923,-0.012560,0.002514,0.001959,-0.002683,0.005646,0.000212,-0.013498,0.001814,0.002165,-0.010999,0.002701,0.002071,-0.002977,0.002774,0.000643,-0.009145,0.002050,0.002234,0.007490,0.003575,-0.000430,0.005803,0.007575,0.001148,0.001859,0.010145,0.000607,0.003188,0.003772,0.002512,-0.006329,0.007606,0.000309,-0.022131,0.005267,-0.003743
-0.010350,-0.000500,0.002625,-0.013158,-0.000540,0.002517,-0.012342,0.000304,0.002538,-0.003757,0.003246,0.001008,-0.013953,-0.000542,0.002600,-0.010440,0.000362,0.002483,-0.001022,0.000524,0.000812,-0.008882,-0.000448,0.002783,0.009111,0.001257,-0.000156,0.005933,0.004305,0.001044,0.000117,0.006537,-0.000065,0.005949,0.001408,0.002975,-0.004866,0.005523,0.000589,-0.020878,0.005212,-0.003880
-0.009650,-0.003600,0.003150,-0.013092,-0.003520,0.003132,-0.011370,-0.002930,0.003097,-0.004103,-0.000756,0.001757,-0.013711,-0.003521,0.003013,-0.009079,-0.002753,0.002881,0.000979,-0.002619,0.001103,-0.007906,-0.003608,0.003337,0.011949,-0.001892,0.000158,0.007037,0.000675,0.001168,-0.000722,0.002781,-0.000480,0.010264,-0.001801,0.003286,-0.001015,0.002625,0.000764,-0.016913,0.003979,-0.003964
-0.009825,-0.000400,0.003700,-0.014114,-0.000157,0.003808,-0.010478,0.000091,0.003662,-0.003209,0.001260,0.002263,-0.013870,-0.000155,0.003418,-0.008839,-0.000049,0.003318,0.000657,-0.000695,0.001666,-0.007855,-0.000487,0.003909,0.014194,0.000726,0.000742,0.007356,0.003926,0.002003,-0.001264,0.006303,0.000190,0.014253,0.000743,0.003271,0.004110,0.004510,0.001103,-0.012291,0.004465,-0.003471
-0.009775,0.002125,0.003625,-0.014816,0.002552,0.003881,-0.009518,0.002406,0.003632,-0.001393,0.002839,0.002038,-0.014054,0.002557,0.003179,-0.008287,0.002083,0.003099,0.002599,0.000628,0.001240,-0.007543,0.001969,0.003860,0.017650,0.002559,0.000653,0.008671,0.005482,0.001810,-0.001147,0.007189,-0.000444,0.018382,0.002548,0.002584,0.009055,0.004915,0.001038,-0.007369,0.003253,-0.003201
-0.009525,0.002675,0.003000,-0.014853,0.003222,0.003359,-0.008964,0.002832,0.003068,0.000468,0.003173,0.001240,-0.014173,0.003228,0.002449,-0.007719,0.002576,0.002368,0.005813,0.000713,0.000079,-0.007126,0.002492,0.003250,0.020592,0.002617,-0.000034,0.010307,0.004313,0.000647,-0.000474,0.004571,-0.002137,0.020593,0.002638,0.001564,0.011350,0.003695,0.000554,-0.004610,0.001141,-0.003349
-0.010575,0.003550,0.004500,-0.016423,0.004156,0.004902,-0.009018,0.002879,0.004493,0.001427,0.002201,0.002442,-0.015643,0.004163,0.003895,-0.007992,0.003027,0.003822,0.004498,0.001009,0.001722,-0.007916,0.003340,0.004773,0.023044,0.003670,0.000918,0.010122,0.005093,0.001508,-0.002992,0.005463,-0.001869,0.023711,0.003669,0.002871,0.014824,0.003555,0.002351,0.000259,0.000302,-0.000994
-0.013450,0.003325,0.006225,-0.020176,0.003989,0.006670,-0.011514,0.001636,0.006145,0.000382,-0.000137,0.003793,-0.018907,0.003998,0.005569,-0.010184,0.002417,0.005504,0.001393,0.000163,0.003570,-0.010470,0.003083,0.006527,0.024066,0.003618,0.002039,0.008205,0.004933,0.002614,-0.007130,0.005317,-0.001341,0.025692,0.003581,0.004326,0.016234,0.002720,0.004069,0.002699,-0.000447,0.001026
-0.018700,0.000575,0.006325,-0.026777,0.001343,0.006864,-0.018286,-0.001830,0.006304,-0.003733,-0.003930,0.003472,-0.024454,0.001353,0.005581,-0.015480,-0.000297,0.005521,-0.000957,-0.003197,0.003108,-0.015365,0.000295,0.006659,0.022754,0.000388,0.001876,0.004663,0.000949,0.002196,-0.011335,-0.000433,-0.002256,0.024482,0.000346,0.003813,0.012311,-0.000577,0.003425,-0.001863,-0.002312,-0.000051
-0.020800,0.001775,0.006150,-0.029874,0.002575,0.006718,-0.020539,-0.001679,0.006057,-0.002961,-0.004482,0.002675,-0.027483,0.002587,0.005382,-0.018089,0.000807,0.005327,-0.001985,-0.002371,0.002664,-0.017027,0.001486,0.006521,0.026159,0.001226,0.001168,0.006515,0.001421,0.001399,-0.009910,-0.002007,-0.003513,0.027725,0.001193,0.002970,0.013668,0.000217,0.002508,-0.000815,-0.000116,-0.001301
-0.018700,0.006300,0.005800,-0.027930,0.007056,0.006335,-0.017169,0.002023,0.005563,0.002278,-0.001479,0.001849,-0.026488,0.007067,0.005081,-0.016727,0.005190,0.005030,-0.001213,0.002267,0.002478,-0.014621,0.006033,0.006194,0.032586,0.005662,0.000217,0.012822,0.005948,0.000539,-0.003598,0.001091,-0.004579,0.033804,0.005649,0.002141,0.019617,0.004846,0.001629,0.005291,0.005377,-0.002282
-0.019750,0.008025,0.006875,-0.030259,0.008914,0.007535,-0.018089,0.003627,0.006698,0.002911,-0.000110,0.002721,-0.028753,0.008927,0.006052,-0.017499,0.006465,0.006019,-0.000801,0.003038,0.003317,-0.015075,0.007701,0.007317,0.037798,0.007327,0.000372,0.016657,0.008554,0.001137,-0.000290,0.003284,-0.004164,0.039891,0.007284,0.002487,0.024002,0.005911,0.002141,0.009466,0.008640,-0.002248
-0.024125,0.008300,0.008150,-0.036311,0.009392,0.009006,-0.022883,0.004123,0.008133,-0.000609,0.000372,0.003953,-0.034319,0.009408,0.007168,-0.021581,0.006442,0.007150,-0.003503,0.002472,0.004264,-0.018776,0.007891,0.008643,0.040435,0.007458,0.000603,0.017987,0.009627,0.001818,0.000647,0.003994,-0.003627,0.043710,0.007374,0.002838,0.026118,0.005713,0.002551,0.010796,0.010534,-0.002438
-0.032025,0.008475,0.008575,-0.045556,0.009723,0.009603,-0.031144,0.004461,0.008703,-0.007798,0.000649,0.004359,-0.043262,0.009743,0.007487,-0.030172,0.006889,0.007469,-0.012089,0.003029,0.004580,-0.026136,0.008006,0.009103,0.039142,0.007323,0.000015,0.016811,0.009570,0.001325,-0.000113,0.002620,-0.004211,0.042938,0.007226,0.002200,0.025181,0.006557,0.001549,0.008264,0.011871,-0.003902
-0.034925,0.008025,0.008450,-0.050280,0.009415,0.009648,-0.034356,0.004358,0.008721,-0.007532,0.001195,0.003833,-0.047582,0.009439,0.007278,-0.032939,0.006239,0.007273,-0.011487,0.001674,0.003882,-0.028273,0.007497,0.009027,0.044463,0.007217,-0.001795,0.020701,0.009854,-0.000234,0.001199,0.003279,-0.006292,0.049058,0.007104,0.001116,0.029687,0.006829,0.000280,0.008936,0.012686,-0.006214
-0.031325,0.007200,0.007825,-0.048067,0.008653,0.009138,-0.030866,0.003938,0.008209,0.000095,0.001847,0.002703,-0.045074,0.008679,0.006648,-0.028461,0.004870,0.006672,-0.001969,-0.000831,0.002555,-0.024069,0.006643,0.008431,0.053763,0.007217,-0.004142,0.027728,0.010363,-0.002257,0.003922,0.005667,-0.008975,0.059056,0.007094,-0.000114,0.037422,0.006533,-0.000883,0.012485,0.012830,-0.008474
-0.035350,0.006350,0.010275,-0.054453,0.007813,0.011688,-0.034717,0.002698,0.010679,-0.002298,-0.000215,0.004944,-0.049359,0.007846,0.009138,-0.029685,0.004396,0.009133,-0.002089,-0.001107,0.004869,-0.027408,0.005761,0.010911,0.056780,0.007585,-0.003975,0.029609,0.010740,-0.001979,0.001611,0.008786,-0.009147,0.064058,0.007413,0.001510,0.042159,0.007295,0.000613,0.015101,0.014145,-0.007550
-0.039525,0.005150,0.012850,-0.061192,0.006616,0.014385,-0.038880,0.000914,0.013292,-0.004651,-0.003034,0.007277,-0.053563,0.006660,0.011762,-0.031364,0.003516,0.011742,-0.003649,-0.001817,0.007490,-0.030915,0.004526,0.013507,0.059544,0.007650,-0.003821,0.031114,0.010888,-0.001667,-0.000774,0.011484,-0.009208,0.069275,0.007414,0.003067,0.047194,0.007496,0.002145,0.018453,0.014824,-0.006438
-0.036250,0.003375,0.012700,-0.059898,0.004870,0.014408,-0.036148,-0.001067,0.013296,0.003332,-0.004593,0.006530,-0.050674,0.004928,0.011649,-0.028058,0.000968,0.011703,0.001796,-0.005636,0.007218,-0.027090,0.002714,0.013361,0.068157,0.006876,-0.006155,0.037088,0.010812,-0.003532,0.001802,0.012675,-0.011488,0.080035,0.006590,0.001722,0.055993,0.005671,0.001189,0.024374,0.013221,-0.008015
-0.038000,0.002275,0.013050,-0.064155,0.003855,0.015022,-0.037709,-0.002121,0.013874,0.006615,-0.005542,0.006444,-0.052072,0.003938,0.011972,-0.027190,-0.000640,0.012082,0.003771,-0.008097,0.007512,-0.028271,0.001516,0.013710,0.073220,0.007096,-0.008607,0.040342,0.011753,-0.005517,0.002020,0.016252,-0.013517,0.090151,0.006664,0.000224,0.064642,0.004196,0.000335,0.030730,0.012983,-0.009515
-0.043925,0.002400,0.013725,-0.071861,0.004080,0.015989,-0.042815,-0.001618,0.014838,0.003524,-0.005201,0.007219,-0.057087,0.004195,0.012596,-0.029224,-0.000401,0.012734,0.001280,-0.007771,0.008290,-0.033888,0.001533,0.014360,0.072078,0.008276,-0.010415,0.039168,0.013551,-0.006951,-0.000297,0.020972,-0.014482,0.094474,0.007698,-0.001213,0.068733,0.003653,-0.000396,0.034188,0.013805,-0.010492
-0.045600,0.002650,0.013525,-0.073681,0.004514,0.016128,-0.039768,-0.000286,0.014958,0.005195,-0.004596,0.007673,-0.057274,0.004666,0.012258,-0.023633,0.000466,0.012416,0.001808,-0.005163,0.008717,-0.035624,0.001650,0.014111,0.077304,0.009303,-0.013650,0.044365,0.015575,-0.009651,0.002089,0.026160,-0.017001,0.105060,0.008619,-0.004428,0.079446,0.004051,-0.003308,0.044074,0.016420,-0.013835
-0.047975,0.003175,0.012500,-0.075474,0.005311,0.015502,-0.036001,0.001653,0.014333,0.007231,-0.003430,0.007433,-0.057193,0.005512,0.010983,-0.016553,0.000922,0.011241,0.000871,-0.003262,0.008724,-0.038384,0.002025,0.013019,0.081381,0.010453,-0.017790,0.048545,0.017573,-0.013317,0.004493,0.030017,-0.020472,0.113610,0.009721,-0.008705,0.088753,0.004256,-0.007119,0.053758,0.018599,-0.017741
-0.056100,0.004175,0.010675,-0.083212,0.006694,0.014178,-0.039035,0.004163,0.013078,0.005161,-0.001104,0.006165,-0.061490,0.006973,0.008744,-0.014162,0.000091,0.009277,-0.005990,-0.004827,0.008189,-0.047170,0.002863,0.011119,0.076655,0.012039,-0.022334,0.044202,0.019332,-0.017677,0.002133,0.030795,-0.024350,0.111707,0.011343,-0.013394,0.088567,0.003213,-0.010621,0.056563,0.018255,-0.020514
-0.063450,0.003375,0.007275,-0.088953,0.006863,0.011742,-0.036907,0.006241,0.010742,0.003410,-0.000088,0.004502,-0.063622,0.007250,0.004392,-0.000819,-0.001513,0.005322,-0.008243,-0.004561,0.006481,-0.055488,0.001681,0.007635,0.075207,0.011240,-0.029054,0.044916,0.019259,-0.024098,0.003453,0.032735,-0.030006,0.114513,0.010566,-0.021042,0.092921,0.000415,-0.017360,0.065350,0.017582,-0.026507
-0.066325,0.001150,0.004000,-0.089797,0.005683,0.009468,-0.030657,0.006904,0.008647,0.002887,-0.000715,0.003470,-0.062512,0.006179,0.000153,0.016820,-0.002960,0.001574,-0.004742,-0.002322,0.004698,-0.059151,-0.000944,0.004293,0.077551,0.008767,-0.035494,0.050128,0.017617,-0.030259,0.007583,0.035019,-0.035373,0.120455,0.008160,-0.028788,0.099514,-0.002519,-0.024827,0.075456,0.017003,-0.033510
-0.066750,0.000225,0.000850,-0.088182,0.006350,0.007814,-0.015908,0.009873,0.007248,0.009880,-0.000348,0.003181,-0.057250,0.007021,-0.004436,0.047540,-0.005774,-0.001818,-0.000323,-0.002267,0.005270,-0.060411,-0.002432,0.001081,0.086666,0.006985,-0.042983,0.062078,0.016295,-0.037641,0.017006,0.037489,-0.042250,0.131979,0.006523,-0.037876,0.113106,-0.004377,-0.033743,0.095794,0.019353,-0.041600
-0.069600,-0.001650,-0.002375,-0.089589,0.006248,0.006305,0.000275,0.012867,0.006182,0.015596,-0.000987,0.003538,-0.053783,0.007156,-0.009232,0.079674,-0.009878,-0.004841,0.002460,-0.003462,0.006907,-0.063941,-0.004924,-0.002198,0.095358,0.004133,-0.051362,0.073151,0.013695,-0.045986,0.025080,0.037893,-0.050301,0.142711,0.003859,-0.047985,0.125269,-0.007109,-0.043761,0.113782,0.020921,-0.051008
-0.079725,-0.006725,-0.005800,-0.099461,0.002750,0.004545,0.010828,0.013663,0.005291,0.011216,-0.004528,0.004646,-0.058057,0.003977,-0.013995,0.101548,-0.015094,-0.007223,0.001082,-0.004756,0.008642,-0.074388,-0.010555,-0.005661,0.096422,-0.001438,-0.060566,0.075732,0.008280,-0.055149,0.025166,0.034014,-0.059301,0.146237,-0.001504,-0.058873,0.127536,-0.012563,-0.054587,0.116771,0.018058,-0.062015
-0.090750,-0.011075,-0.011100,-0.109552,-0.000007,0.000996,0.031842,0.017708,0.003342,0.008030,-0.006926,0.005983,-0.062868,0.001597,-0.020537,0.127103,-0.019770,-0.010383,0.004404,-0.004984,0.009835,-0.085641,-0.015471,-0.010996,0.100773,-0.006769,-0.073134,0.084020,0.002843,-0.067962,0.031550,0.030165,-0.071797,0.153870,-0.006576,-0.074130,0.135424,-0.015280,-0.070763,0.125829,0.019974,-0.078577
-0.097200,-0.012525,-0.015675,-0.114855,-0.000655,-0.002500,0.052765,0.023494,0.002124,0.007642,-0.005944,0.007814,-0.065879,0.001282,-0.025536,0.143482,-0.020907,-0.011701,0.010822,-0.002587,0.011245,-0.092107,-0.017204,-0.015597,0.105599,-0.008524,-0.084558,0.093201,0.000073,-0.080059,0.040390,0.027626,-0.083531,0.161188,-0.008018,-0.087968,0.144462,-0.012688,-0.086191,0.135659,0.027475,-0.094460
-0.108225,-0.014050,-0.022375,-0.126177,-0.002365,-0.008764,0.070294,0.027653,-0.000788,0.003061,-0.008083,0.008259,-0.075491,-0.000106,-0.031705,0.147115,-0.021093,-0.013970,0.007720,0.001623,0.011324,-0.102475,-0.018646,-0.022300,0.115339,-0.010638,-0.101572,0.109908,-0.002470,-0.097707,0.058620,0.023947,-0.100805,0.172109,-0.009704,-0.108006,0.158021,-0.009704,-0.108096,0.148359,0.033297,-0.116837
-0.119825,-0.015700,-0.029775,-0.139070,-0.004780,-0.016096,0.081400,0.030422,-0.004093,-0.001947,-0.009670,0.007691,-0.087605,-0.002241,-0.037988,0.144179,-0.020950,-0.016262,0.003528,0.005892,0.010467,-0.112976,-0.020005,-0.029692,0.125196,-0.012343,-0.120599,0.126391,-0.004975,-0.117507,0.077494,0.019002,-0.120407,0.183015,-0.010917,-0.129960,0.172036,-0.005424,-0.132255,0.159389,0.039105,-0.141674
-0.128100,-0.017450,-0.036425,-0.149171,-0.007477,-0.022762,0.082925,0.032088,-0.006392,-0.003768,-0.006943,0.006525,-0.098265,-0.004728,-0.043265,0.140635,-0.020998,-0.017299,0.006415,0.008581,0.009401,-0.119936,-0.021407,-0.036338,0.130281,-0.012718,-0.138114,0.134801,-0.007510,-0.136133,0.088132,0.012736,-0.139203,0.190126,-0.010766,-0.149614,0.182207,0.001280,-0.154532,0.163930,0.046780,-0.165009
-0.136650,-0.017875,-0.045500,-0.160300,-0.008893,-0.031657,0.083041,0.033424,-0.010565,-0.004468,-0.005181,0.003085,-0.112677,-0.006094,-0.050679,0.134832,-0.021490,-0.019837,0.008086,0.010084,0.006483,-0.126230,-0.021378,-0.045406,0.143864,-0.013295,-0.161380,0.153076,-0.011943,-0.161315,0.111544,0.000400,-0.165090,0.200919,-0.010746,-0.175180,0.199051,0.009821,-0.183474,0.176315,0.055731,-0.194692
-0.141125,-0.016775,-0.052475,-0.166804,-0.008332,-0.038038,0.081642,0.034667,-0.012385,-0.003670,-0.003403,0.001507,-0.123604,-0.005564,-0.056329,0.129543,-0.021184,-0.020525,0.007848,0.012090,0.005800,-0.128636,-0.019928,-0.052404,0.157676,-0.012903,-0.182332,0.170449,-0.016490,-0.184553,0.134428,-0.013261,-0.189311,0.208510,-0.009798,-0.197551,0.212377,0.018835,-0.208977,0.188204,0.066190,-0.220456
-0.149575,-0.019025,-0.060400,-0.177654,-0.010925,-0.044937,0.076497,0.033708,-0.014276,-0.008299,-0.003647,0.000127,-0.140195,-0.008320,-0.062783,0.122886,-0.025987,-0.020759,0.008928,0.005442,0.004910,-0.134452,-0.021923,-0.060394,0.163890,-0.013804,-0.205453,0.180106,-0.023818,-0.210553,0.155919,-0.034198,-0.216418,0.211501,-0.010085,-0.220475,0.223607,0.025412,-0.234433,0.201433,0.075134,-0.245663
-0.157775,-0.019550,-0.068400,-0.187892,-0.011343,-0.051411,0.069784,0.034184,-0.015825,-0.015866,-0.002864,-0.000671,-0.157586,-0.009014,-0.069465,0.115978,-0.029013,-0.020620,0.009931,-0.000105,0.004195,-0.139895,-0.022335,-0.068508,0.168028,-0.012871,-0.229042,0.186142,-0.029937,-0.237147,0.174986,-0.055760,-0.244336,0.211383,-0.008585,-0.242733,0.230341,0.032684,-0.258692,0.213544,0.087831,-0.269383
-0.161500,-0.013325,-0.075650,-0.192519,-0.004287,-0.056527,0.063799,0.039497,-0.016706,-0.023685,0.001696,-0.000598,-0.170908,-0.002359,-0.075808,0.109952,-0.023698,-0.020136,0.009561,0.004905,0.004062,-0.141188,-0.016200,-0.075948,0.175447,-0.007385,-0.251903,0.192432,-0.031448,-0.262740,0.190329,-0.072015,-0.271542,0.209467,-0.002732,-0.263593,0.230033,0.043413,-0.281133,0.221909,0.109367,-0.291199
-0.162925,-0.008800,-0.085175,-0.195688,0.001277,-0.063347,0.061752,0.043794,-0.018862,-0.024386,0.005796,-0.002390,-0.183777,0.002712,-0.084136,0.107420,-0.019940,-0.020477,0.012336,0.006859,0.003104,-0.139466,-0.011777,-0.085745,0.187111,-0.004107,-0.279024,0.202911,-0.036263,-0.292978,0.212202,-0.095492,-0.303605,0.207442,0.000775,-0.285623,0.230128,0.049956,-0.303957,0.241378,0.135983,-0.311987
-0.161350,-0.008200,-0.092175,-0.195772,0.002570,-0.067891,0.064327,0.045211,-0.018266,-0.017936,0.008065,-0.001941,-0.189859,0.003706,-0.089726,0.108853,-0.019361,-0.018173,0.016089,0.005328,0.005485,-0.135605,-0.011225,-0.093080,0.194361,-0.004214,-0.301661,0.208931,-0.044315,-0.318560,0.225748,-0.119443,-0.330660,0.203576,0.000855,-0.302691,0.226577,0.055365,-0.322608,0.256818,0.166399,-0.328472
-0.157225,-0.003475,-0.101775,-0.192087,0.009178,-0.073831,0.074867,0.050293,-0.018099,-0.010110,0.011743,-0.000615,-0.191620,0.010134,-0.098803,0.114475,-0.014733,-0.018638,0.024035,0.005671,0.005097,-0.129751,-0.006960,-0.103088,0.194534,-0.000481,-0.321958,0.212509,-0.049473,-0.342307,0.234301,-0.135971,-0.354947,0.191523,0.004668,-0.314603,0.216283,0.063357,-0.335560,0.270072,0.204931,-0.337326
-0.154650,0.000075,-0.113950,-0.189789,0.014417,-0.082249,0.089405,0.055347,-0.018686,-0.004623,0.014178,0.001361,-0.193285,0.015292,-0.110135,0.122440,-0.012887,-0.020021,0.031910,0.002670,0.004461,-0.125668,-0.003849,-0.115719,0.187824,0.001808,-0.340871,0.215626,-0.059063,-0.365958,0.240710,-0.152696,-0.378318,0.175012,0.007131,-0.326005,0.203210,0.075314,-0.349669,0.273579,0.244303,-0.346980
-0.157850,-0.002850,-0.128700,-0.194185,0.011610,-0.094119,0.103692,0.056645,-0.019866,-0.005465,0.012306,0.004316,-0.199196,0.012475,-0.122388,0.130615,-0.020716,-0.019890,0.035142,-0.009191,0.006739,-0.127244,-0.006766,-0.130987,0.174174,-0.002686,-0.359637,0.219990,-0.080430,-0.391308,0.247537,-0.177114,-0.402663,0.157548,0.003111,-0.341873,0.191188,0.092294,-0.371860,0.259847,0.276554,-0.366315
-0.159925,-0.002850,-0.150925,-0.198054,0.011263,-0.113321,0.122102,0.059821,-0.026238,-0.007550,0.009487,0.003695,-0.204745,0.012085,-0.141342,0.139244,-0.026435,-0.025279,0.033005,-0.016710,0.005295,-0.127312,-0.006610,-0.153823,0.161275,-0.005872,-0.382873,0.227960,-0.099174,-0.420011,0.258069,-0.195546,-0.429750,0.141498,0.000483,-0.365032,0.183870,0.114309,-0.401652,0.245940,0.306210,-0.393484
-0.159800,0.000050,-0.169525,-0.199305,0.013434,-0.129443,0.134793,0.062411,-0.030614,-0.010362,0.006237,0.004444,-0.207258,0.014211,-0.156592,0.142328,-0.028186,-0.028856,0.024746,-0.017613,0.006005,-0.125819,-0.003486,-0.173052,0.152369,-0.006505,-0.403383,0.230653,-0.113252,-0.443890,0.260705,-0.212706,-0.452899,0.132022,0.000412,-0.388123,0.180036,0.138413,-0.430230,0.231505,0.334705,-0.420046
-0.164450,0.004350,-0.195100,-0.208503,0.016274,-0.151588,0.147718,0.069484,-0.036503,-0.010535,0.008766,0.003696,-0.216745,0.017013,-0.176946,0.148611,-0.025663,-0.032851,0.018407,-0.012115,0.006958,-0.127514,0.001306,-0.199528,0.133415,-0.005351,-0.423429,0.226961,-0.126162,-0.466682,0.261799,-0.230195,-0.474301,0.113738,0.002121,-0.411967,0.174065,0.162474,-0.457384,0.218829,0.355403,-0.444450
-0.168825,0.007575,-0.222575,-0.217548,0.018175,-0.174965,0.160863,0.075684,-0.041901,-0.008984,0.010730,0.003537,-0.226260,0.018872,-0.198824,0.155673,-0.023249,-0.036750,0.014547,-0.006692,0.007775,-0.128810,0.004945,-0.228044,0.112966,-0.004395,-0.442831,0.221187,-0.137242,-0.487180,0.263788,-0.245905,-0.492659,0.095561,0.003611,-0.435703,0.169633,0.180766,-0.481504,0.210332,0.365697,-0.465446
-0.167850,0.007175,-0.246925,-0.218336,0.017448,-0.194844,0.174165,0.075450,-0.044734,-0.006633,0.005633,0.006357,-0.228847,0.018099,-0.218721,0.160979,-0.025503,-0.040209,0.013526,-0.007732,0.007967,-0.126090,0.004524,-0.253436,0.099655,-0.005724,-0.461447,0.217806,-0.145765,-0.504344,0.269384,-0.257511,-0.507022,0.086440,0.002778,-0.458630,0.170236,0.188046,-0.501486,0.208209,0.363995,-0.482651
-0.166875,0.008950,-0.281175,-0.219352,0.018533,-0.224230,0.192234,0.080722,-0.052877,-0.002633,0.006986,0.005329,-0.229939,0.019218,-0.247739,0.173467,-0.025128,-0.048736,0.013626,-0.004053,0.005471,-0.123404,0.006434,-0.288813,0.088966,-0.004462,-0.491492,0.219465,-0.145169,-0.530371,0.283577,-0.256121,-0.528936,0.079587,0.004613,-0.492719,0.176440,0.190650,-0.530082,0.214919,0.347993,-0.508891
-0.166375,0.012025,-0.308175,-0.219942,0.020728,-0.246961,0.203879,0.087429,-0.054982,-0.000756,0.012377,0.009625,-0.229156,0.021510,-0.269792,0.183429,-0.023857,-0.050635,0.011373,0.000480,0.010011,-0.122148,0.009745,-0.316856,0.083552,-0.001302,-0.520974,0.221616,-0.138946,-0.554491,0.294931,-0.247753,-0.549267,0.076024,0.008351,-0.523641,0.182597,0.186233,-0.553563,0.224406,0.322788,-0.530432
-0.166675,0.020100,-0.345275,-0.221503,0.026902,-0.280293,0.212379,0.097639,-0.066528,-0.001635,0.022426,0.004979,-0.231464,0.027503,-0.300060,0.191413,-0.017540,-0.058130,0.014243,0.011317,0.006911,-0.121157,0.018403,-0.355175,0.080194,0.007821,-0.564129,0.221691,-0.115985,-0.589729,0.308327,-0.220378,-0.579414,0.073582,0.018013,-0.565897,0.189955,0.178898,-0.586937,0.239381,0.287995,-0.562190
-0.168650,0.026800,-0.384000,-0.224821,0.031642,-0.315151,0.215655,0.105133,-0.079814,-0.004694,0.029083,-0.001920,-0.236321,0.031992,-0.331602,0.193654,-0.012707,-0.066975,0.013085,0.020286,0.002087,-0.121772,0.025709,-0.395215,0.077466,0.015777,-0.612184,0.221129,-0.088937,-0.629063,0.321623,-0.186658,-0.613214,0.070582,0.026503,-0.611092,0.195712,0.165375,-0.623087,0.255331,0.246705,-0.596766
-0.173075,0.025725,-0.415800,-0.230573,0.029487,-0.342300,0.211533,0.103692,-0.086482,-0.009350,0.024064,-0.003684,-0.243090,0.029727,-0.357367,0.186364,-0.015841,-0.072574,-0.001150,0.019343,0.002081,-0.125237,0.024952,-0.428359,0.073946,0.015474,-0.656320,0.221237,-0.071244,-0.665252,0.332437,-0.160709,-0.644214,0.065428,0.026785,-0.650751,0.197063,0.142673,-0.654484,0.267636,0.202397,-0.626168
-0.178475,0.028050,-0.456325,-0.237972,0.030662,-0.377354,0.206904,0.107003,-0.098808,-0.013922,0.022863,-0.011110,-0.252300,0.030734,-0.390816,0.178498,-0.015785,-0.083214,-0.012130,0.021148,-0.004176,-0.129122,0.027628,-0.470477,0.071460,0.019452,-0.713625,0.219719,-0.046967,-0.714755,0.338880,-0.125809,-0.688937,0.060831,0.031423,-0.700058,0.200191,0.123273,-0.695809,0.283988,0.162746,-0.664723
-0.182200,0.032600,-0.485325,-0.243200,0.034348,-0.400862,0.199796,0.111166,-0.101216,-0.019549,0.022587,-0.009112,-0.259559,0.034265,-0.413115,0.168176,-0.014904,-0.084056,-0.019932,0.021971,-0.002789,-0.131693,0.032395,-0.501091,0.068115,0.025678,-0.758213,0.215021,-0.023369,-0.752820,0.336383,-0.088948,-0.723477,0.056427,0.038265,-0.736824,0.202284,0.109591,-0.725634,0.296835,0.132353,-0.692013
-0.183750,0.031875,-0.514600,-0.248156,0.031972,-0.424699,0.188997,0.107933,-0.105652,-0.018600,0.015724,-0.013439,-0.265559,0.031732,-0.434832,0.153122,-0.015866,-0.088507,-0.028974,0.026137,-0.006718,-0.131688,0.032202,-0.532245,0.069495,0.027148,-0.808503,0.215814,-0.007142,-0.797403,0.340671,-0.062502,-0.764521,0.057878,0.040588,-0.779044,0.211383,0.094554,-0.761284,0.319742,0.104435,-0.723513
-0.185000,0.029725,-0.538825,-0.252698,0.028132,-0.443632,0.175998,0.102240,-0.106558,-0.017173,0.008087,-0.015953,-0.270606,0.027768,-0.451712,0.136004,-0.017548,-0.090307,-0.035934,0.029742,-0.010122,-0.131674,0.030600,-0.558372,0.069587,0.027127,-0.853530,0.214904,0.002732,-0.837978,0.342827,-0.046063,-0.801877,0.059132,0.041454,-0.817045,0.218934,0.083154,-0.793565,0.338978,0.083336,-0.751613
-0.187900,0.029975,-0.552750,-0.256779,0.027406,-0.452454,0.161996,0.098890,-0.098064,-0.021589,0.005217,-0.008075,-0.275096,0.026990,-0.459542,0.119068,-0.019006,-0.082763,-0.038008,0.028545,-0.006871,-0.134296,0.031102,-0.573984,0.062236,0.028843,-0.882321,0.205062,0.007914,-0.864032,0.334017,-0.037914,-0.825378,0.054165,0.043890,-0.841226,0.216574,0.079932,-0.813389,0.341221,0.072534,-0.768919
-0.181650,0.026650,-0.564650,-0.251197,0.022911,-0.460431,0.156306,0.094100,-0.088993,-0.010343,0.002664,-0.003662,-0.266049,0.022681,-0.467366,0.112928,-0.018296,-0.079029,-0.032071,0.029707,-0.006734,-0.128984,0.028210,-0.587072,0.057662,0.028222,-0.901363,0.197850,0.007868,-0.881065,0.329351,-0.038922,-0.839420,0.054280,0.043807,-0.857818,0.219240,0.077599,-0.825949,0.348154,0.063972,-0.778774
-0.169375,0.021400,-0.568525,-0.238557,0.016653,-0.461446,0.155527,0.088353,-0.074367,0.005535,-0.001808,0.005975,-0.248056,0.016749,-0.469125,0.113714,-0.017663,-0.072050,-0.027580,0.030526,0.000274,-0.118643,0.023386,-0.591660,0.054043,0.025552,-0.903921,0.192988,0.004874,-0.881637,0.327621,-0.043631,-0.836615,0.056180,0.041439,-0.860912,0.222599,0.075525,-0.825431,0.354022,0.057773,-0.775719
-0.163750,0.014000,-0.569900,-0.227176,0.007401,-0.465476,0.149150,0.076405,-0.068017,0.008575,-0.009181,0.009752,-0.234006,0.007423,-0.470116,0.107688,-0.025421,-0.067801,-0.024911,0.022826,0.001804,-0.116950,0.016514,-0.592571,0.032603,0.021709,-0.881058,0.173993,-0.003260,-0.856793,0.316162,-0.058582,-0.806451,0.043449,0.037210,-0.847806,0.211126,0.076764,-0.809212,0.346716,0.064372,-0.754884
-0.157850,0.008575,-0.570550,-0.214111,-0.000123,-0.470994,0.142416,0.066255,-0.066000,0.005800,-0.015592,0.011712,-0.219229,-0.000343,-0.470960,0.102894,-0.032681,-0.063719,-0.021087,0.016041,0.003038,-0.115455,0.011635,-0.592273,0.010122,0.019776,-0.850276,0.154027,-0.009227,-0.823859,0.304065,-0.072326,-0.767564,0.030033,0.034544,-0.831259,0.197211,0.081444,-0.790119,0.336131,0.079608,-0.730590
-0.144800,0.009300,-0.572225,-0.196460,-0.001168,-0.476341,0.140359,0.066286,-0.064119,0.004027,-0.016897,0.015999,-0.199107,-0.001558,-0.472287,0.107327,-0.030202,-0.057200,-0.013199,0.019656,0.009286,-0.105765,0.012865,-0.593222,0.002972,0.022974,-0.829366,0.145805,-0.005804,-0.800639,0.299927,-0.073757,-0.739146,0.029630,0.037041,-0.824184,0.192948,0.089957,-0.781235,0.331861,0.099647,-0.717433
-0.127675,0.010725,-0.573525,-0.173403,-0.001977,-0.483952,0.143017,0.067760,-0.066070,0.011523,-0.013323,0.013737,-0.172972,-0.002605,-0.474429,0.116928,-0.028044,-0.053166,0.001888,0.022688,0.011879,-0.092794,0.014972,-0.593115,-0.002943,0.027047,-0.797973,0.139554,-0.001123,-0.766691,0.301396,-0.078795,-0.697822,0.030582,0.040090,-0.810669,0.190657,0.098305,-0.765698,0.333020,0.125583,-0.694878
-0.115000,0.012150,-0.573800,-0.156594,-0.002218,-0.488588,0.141484,0.069384,-0.063665,0.017559,-0.008497,0.014125,-0.154028,-0.003020,-0.474975,0.119638,-0.027745,-0.047194,0.009714,0.023259,0.016533,-0.083190,0.016934,-0.592380,-0.006988,0.029885,-0.773077,0.135725,0.002674,-0.739021,0.304239,-0.084271,-0.662385,0.029994,0.042232,-0.798884,0.188467,0.102903,-0.751109,0.335674,0.145019,-0.672439
-0.103925,0.009075,-0.571450,-0.138963,-0.005585,-0.492259,0.137349,0.064322,-0.067904,0.014286,-0.004881,0.010414,-0.136056,-0.006542,-0.475881,0.119443,-0.033033,-0.045046,0.011677,0.018759,0.018953,-0.076023,0.013773,-0.588313,-0.013855,0.027861,-0.740189,0.128726,0.001860,-0.703374,0.299929,-0.090060,-0.620268,0.026362,0.039365,-0.780513,0.179440,0.101811,-0.731296,0.329857,0.163202,-0.644096
-0.088475,0.002875,-0.565350,-0.117556,-0.011152,-0.491637,0.135531,0.055933,-0.072607,0.011492,-0.005880,0.007209,-0.114348,-0.012111,-0.474749,0.120583,-0.041103,-0.046341,0.012935,0.010350,0.018978,-0.064305,0.007187,-0.580437,-0.014319,0.022127,-0.705562,0.127443,-0.003392,-0.666329,0.297261,-0.096529,-0.578546,0.027453,0.032896,-0.757010,0.173444,0.095245,-0.707030,0.324531,0.172762,-0.612383
-0.062600,-0.005075,-0.554500,-0.089382,-0.018002,-0.483563,0.141131,0.047872,-0.071799,0.019170,-0.014668,0.008772,-0.084053,-0.018666,-0.469397,0.128037,-0.048884,-0.051187,0.019364,-0.000401,0.015914,-0.040967,-0.001109,-0.568374,0.001142,0.013897,-0.675410,0.141113,-0.012876,-0.634420,0.305402,-0.104033,-0.544104,0.041350,0.024268,-0.729754,0.180717,0.083489,-0.678995,0.329080,0.166456,-0.579752
-0.040950,-0.008050,-0.535500,-0.063744,-0.019549,-0.470251,0.139833,0.042569,-0.078531,0.021042,-0.018141,0.001804,-0.057244,-0.020023,-0.458025,0.130306,-0.052191,-0.057446,0.022002,-0.004662,0.010703,-0.022568,-0.004528,-0.547573,0.011113,0.010622,-0.635125,0.144899,-0.020285,-0.594542,0.296176,-0.105329,-0.506606,0.048056,0.020309,-0.686019,0.176550,0.073486,-0.636475,0.317709,0.158356,-0.535902
-0.034325,-0.004550,-0.517825,-0.053833,-0.014983,-0.457683,0.125927,0.042846,-0.085564,0.010361,-0.015487,-0.005565,-0.047692,-0.015449,-0.445727,0.119736,-0.049101,-0.058258,0.013368,0.000266,0.010184,-0.018359,-0.001351,-0.528532,0.010095,0.013815,-0.605079,0.136116,-0.021760,-0.565785,0.272394,-0.099266,-0.482356,0.043105,0.022971,-0.648234,0.161297,0.070525,-0.600258,0.293627,0.152463,-0.500667
-0.019925,-0.012575,-0.486075,-0.039143,-0.021828,-0.429897,0.114938,0.034311,-0.086421,0.005956,-0.025921,-0.008333,-0.031338,-0.022076,-0.420121,0.114450,-0.051737,-0.057276,0.008505,-0.006010,0.012150,-0.005572,-0.009565,-0.495875,0.019072,0.006624,-0.568078,0.133764,-0.034010,-0.531874,0.249387,-0.099878,-0.458123,0.047902,0.015085,-0.597455,0.150166,0.054580,-0.554115,0.264835,0.130469,-0.462939
-0.002250,-0.021625,-0.452900,-0.021687,-0.029654,-0.399920,0.108932,0.025195,-0.085623,0.005290,-0.037139,-0.008871,-0.013035,-0.029707,-0.392609,0.112518,-0.053820,-0.056991,0.006827,-0.012731,0.013409,0.010986,-0.018828,-0.462092,0.033587,-0.001691,-0.535392,0.135884,-0.047487,-0.503072,0.230444,-0.102013,-0.440334,0.058010,0.006088,-0.548783,0.144073,0.037484,-0.510828,0.239793,0.106812,-0.430157
0.014275,-0.021300,-0.430975,-0.003434,-0.028092,-0.380850,0.110442,0.023680,-0.087996,0.006237,-0.036777,-0.009806,0.002419,-0.028201,-0.374703,0.112298,-0.049060,-0.060126,0.008017,-0.009093,0.010524,0.026606,-0.018914,-0.439678,0.049326,-0.002008,-0.518215,0.140672,-0.052736,-0.489611,0.219109,-0.100503,-0.435471,0.069285,0.005274,-0.517360,0.144249,0.031019,-0.483252,0.227238,0.095888,-0.409721
0.033150,-0.020700,-0.398500,0.016298,-0.025882,-0.350625,0.112216,0.023499,-0.086035,0.010564,-0.031595,-0.009118,0.018867,-0.026025,-0.346558,0.112658,-0.042405,-0.059941,0.011698,-0.004991,0.009444,0.045047,-0.018795,-0.407037,0.068458,-0.000098,-0.498919,0.144274,-0.057458,-0.476518,0.202329,-0.097230,-0.434690,0.083814,0.006600,-0.474343,0.140430,0.020884,-0.447717,0.206137,0.083718,-0.384548
0.044925,-0.020075,-0.371750,0.027443,-0.024104,-0.324142,0.110113,0.024660,-0.079370,0.013288,-0.024982,-0.005262,0.027818,-0.024236,-0.322055,0.109792,-0.037257,-0.055165,0.012717,-0.002209,0.012511,0.057041,-0.018476,-0.380580,0.080980,0.003071,-0.487347,0.144270,-0.059041,-0.469899,0.187616,-0.093163,-0.437406,0.094014,0.009508,-0.441561,0.133989,0.012420,-0.422051,0.185667,0.076678,-0.366708
0.054225,-0.020000,-0.325775,0.039610,-0.021683,-0.281868,0.106149,0.023434,-0.071325,0.016968,-0.019131,-0.002600,0.036070,-0.021809,-0.283117,0.103657,-0.030342,-0.051035,0.011738,-0.002156,0.013623,0.065195,-0.019222,-0.333894,0.087729,0.002814,-0.446542,0.136226,-0.060551,-0.434796,0.167434,-0.091786,-0.409743,0.096222,0.008834,-0.377871,0.121063,0.003730,-0.365258,0.163382,0.075166,-0.313268
0.062625,-0.020000,-0.276325,0.051145,-0.019278,-0.236664,0.102308,0.019936,-0.064072,0.020270,-0.014828,-0.000787,0.043434,-0.019406,-0.241242,0.096666,-0.025448,-0.048189,0.011087,-0.004021,0.012378,0.072399,-0.020100,-0.283676,0.093146,0.002179,-0.400879,0.127052,-0.060367,-0.394680,0.149139,-0.091144,-0.374932,0.097850,0.008068,-0.311141,0.108672,-0.002260,-0.305158,0.143071,0.078683,-0.254805
0.071700,-0.019475,-0.239200,0.060450,-0.017413,-0.201406,0.100758,0.014367,-0.059899,0.021988,-0.012746,0.000421,0.049739,-0.017556,-0.207935,0.091380,-0.026237,-0.047396,0.013158,-0.006803,0.008251,0.081534,-0.020059,-0.246697,0.101425,0.004266,-0.374917,0.123379,-0.056726,-0.373235,0.139894,-0.089047,-0.356539,0.106271,0.010818,-0.269491,0.103817,-0.002453,-0.269942,0.128426,0.087067,-0.222499
0.080450,-0.016125,-0.184175,0.069609,-0.012745,-0.150676,0.096209,0.011873,-0.051804,0.025072,-0.011238,0.003033,0.058302,-0.012763,-0.159554,0.087366,-0.020569,-0.042036,0.018831,-0.006709,0.006799,0.089592,-0.017075,-0.191233,0.106267,0.009004,-0.321797,0.116179,-0.046386,-0.324317,0.129313,-0.081312,-0.309271,0.111422,0.016222,-0.202453,0.095641,0.002647,-0.209492,0.110063,0.099791,-0.165376
0.084450,-0.011625,-0.138725,0.073979,-0.007624,-0.109735,0.090144,0.013515,-0.043505,0.027435,-0.011545,0.006337,0.064717,-0.007440,-0.120190,0.085572,-0.011499,-0.034385,0.024422,-0.004055,0.009354,0.092482,-0.012642,-0.144996,0.104882,0.013865,-0.268357,0.108459,-0.034478,-0.272506,0.122033,-0.071330,-0.256844,0.110807,0.021816,-0.143914,0.088084,0.010858,-0.154472,0.096055,0.110990,-0.112323
0.080400,-0.004875,-0.085125,0.071962,-0.000223,-0.061689,0.077763,0.010977,-0.034837,0.024007,-0.004689,0.007025,0.058513,-0.000296,-0.070630,0.068743,-0.007408,-0.024464,0.020438,-0.004044,0.009826,0.087956,-0.006206,-0.091093,0.100492,0.017409,-0.217203,0.094761,-0.022884,-0.224330,0.104624,-0.058854,-0.211164,0.104193,0.026211,-0.088408,0.070981,0.015820,-0.104024,0.070356,0.114714,-0.066960
0.074125,0.001725,-0.033850,0.067565,0.006735,-0.015521,0.064456,0.006629,-0.025318,0.020207,0.001519,0.007705,0.048672,0.006279,-0.021664,0.049082,-0.004609,-0.012646,0.015902,-0.003194,0.010482,0.081622,0.000112,-0.039836,0.095653,0.019609,-0.169936,0.083275,-0.013507,-0.179036,0.089743,-0.047089,-0.168441,0.096691,0.029251,-0.040639,0.054031,0.020318,-0.060742,0.044801,0.114462,-0.030382
0.071425,0.005775,0.004675,0.064778,0.010533,0.019848,0.055696,0.002809,-0.014456,0.021496,-0.000589,0.010963,0.044121,0.009901,0.015934,0.038834,0.000549,0.000619,0.019832,0.001988,0.013535,0.079070,0.004188,-0.001484,0.093086,0.020562,-0.128055,0.082364,-0.008113,-0.135814,0.090195,-0.039144,-0.124796,0.093425,0.030831,-0.005225,0.046938,0.027191,-0.027176,0.031270,0.113779,-0.003625
0.062250,0.006950,0.049925,0.054517,0.010780,0.061440,0.038097,-0.003690,-0.000246,0.019353,-0.003815,0.013077,0.032570,0.009923,0.060999,0.020123,0.003098,0.015098,0.018542,0.002758,0.015279,0.070331,0.005706,0.043367,0.084514,0.019904,-0.084121,0.071954,-0.003330,-0.092006,0.076231,-0.029354,-0.084276,0.085423,0.030776,0.032944,0.033521,0.032137,0.008496,0.009338,0.109731,0.022752
0.051150,0.004700,0.079300,0.041927,0.007400,0.088510,0.020350,-0.009633,0.010339,0.014818,-0.006572,0.013160,0.019778,0.006396,0.091087,0.002133,0.001750,0.023697,0.012578,-0.001217,0.015023,0.059722,0.003933,0.072293,0.073703,0.017571,-0.060525,0.056429,-0.001825,-0.069980,0.053810,-0.022600,-0.067736,0.076804,0.029326,0.054224,0.020214,0.032886,0.027892,-0.011023,0.104446,0.035091
0.049725,0.007450,0.116650,0.042554,0.009865,0.120782,0.013998,-0.017896,0.015838,0.018232,-0.009864,0.010204,0.014835,0.008459,0.127725,-0.010934,0.006038,0.029028,0.014904,-0.000303,0.008860,0.058246,0.006562,0.109610,0.073311,0.015307,-0.018918,0.057902,0.000134,-0.027061,0.052654,-0.015112,-0.027764,0.073490,0.027144,0.089039,0.014878,0.031739,0.062202,-0.021117,0.092277,0.061624
0.048600,0.013475,0.151350,0.044036,0.015802,0.150421,0.008696,-0.022730,0.020787,0.022290,-0.010100,0.007168,0.010313,0.014022,0.161587,-0.023549,0.012821,0.034353,0.017785,0.003232,0.002720,0.056921,0.012349,0.144395,0.073365,0.015282,0.022213,0.060050,0.003701,0.015397,0.052145,-0.005892,0.011762,0.069395,0.026917,0.122744,0.009294,0.032405,0.095705,-0.031217,0.081048,0.086995
0.038325,0.021050,0.172825,0.033991,0.022874,0.169692,-0.005798,-0.018430,0.029816,0.019810,-0.003611,0.007079,-0.001324,0.021014,0.183375,-0.040252,0.018896,0.042915,0.013409,0.007071,0.002549,0.046691,0.020036,0.165766,0.063739,0.019462,0.044448,0.046421,0.009796,0.036143,0.031535,0.005752,0.027087,0.058258,0.031156,0.140694,-0.004990,0.038373,0.112731,-0.051837,0.078319,0.095931
0.028950,0.027525,0.197200,0.024743,0.028688,0.191552,-0.020419,-0.016397,0.039234,0.017090,0.001066,0.007319,-0.012828,0.026723,0.208319,-0.057578,0.028640,0.050478,0.009142,0.012400,0.000722,0.037501,0.026675,0.189918,0.056543,0.020735,0.068585,0.036604,0.011932,0.059309,0.015128,0.011279,0.045432,0.047725,0.032460,0.160578,-0.015597,0.040907,0.133077,-0.065595,0.070673,0.109958
0.025175,0.029700,0.212225,0.020882,0.030371,0.205027,-0.028671,-0.017684,0.044544,0.014721,0.001469,0.008054,-0.018456,0.028395,0.224013,-0.067721,0.037186,0.053431,0.006349,0.017056,-0.001466,0.033941,0.028967,0.204687,0.054931,0.018203,0.082239,0.034850,0.008901,0.072937,0.010319,0.007961,0.057158,0.043135,0.030287,0.172055,-0.017422,0.038881,0.146268,-0.066042,0.062046,0.121832
0.014550,0.038975,0.226700,0.012444,0.039191,0.215999,-0.040398,-0.014607,0.049373,0.014400,0.007812,0.004624,-0.029722,0.037156,0.238315,-0.084340,0.044014,0.058853,0.004018,0.022036,-0.005367,0.022742,0.038193,0.219581,0.045220,0.021378,0.108271,0.029419,0.013611,0.100968,0.006998,0.013808,0.086361,0.028339,0.032515,0.188496,-0.026673,0.040466,0.165510,-0.073777,0.056141,0.138894
0.001525,0.048375,0.236725,0.001885,0.048147,0.222592,-0.053313,-0.010204,0.053407,0.011325,0.013810,0.002012,-0.042630,0.046114,0.247922,-0.102025,0.049259,0.063317,-0.000506,0.025437,-0.009063,0.008943,0.047519,0.230209,0.032808,0.024797,0.132106,0.021618,0.018361,0.126894,0.002194,0.019410,0.114057,0.010808,0.034557,0.200647,-0.037673,0.041875,0.180752,-0.082812,0.050342,0.152239
-0.009500,0.050925,0.238300,-0.008369,0.050247,0.222835,-0.065166,-0.007517,0.056175,0.000518,0.013259,0.005034,-0.053265,0.048377,0.249462,-0.115594,0.053001,0.063238,-0.010204,0.025633,-0.010788,-0.002464,0.050106,0.232065,0.022937,0.022886,0.139017,0.012583,0.015333,0.134075,-0.007239,0.015225,0.121162,-0.002097,0.031757,0.199119,-0.044876,0.039224,0.181791,-0.087273,0.041916,0.152764
-0.015625,0.047750,0.239650,-0.013339,0.046004,0.221378,-0.071555,-0.009385,0.058419,-0.001884,0.007737,0.005766,-0.057597,0.044244,0.250715,-0.122467,0.048363,0.065150,-0.011767,0.017479,-0.011151,-0.009367,0.047238,0.234069,0.016324,0.016865,0.153026,0.010221,0.009386,0.149875,-0.005287,0.006213,0.140114,-0.011431,0.024560,0.203563,-0.043808,0.029361,0.190673,-0.079424,0.027593,0.164233
-0.013775,0.040475,0.240075,-0.010632,0.037535,0.218956,-0.070351,-0.015063,0.059451,0.004472,-0.000258,0.004507,-0.053514,0.035893,0.251137,-0.120496,0.037501,0.068416,-0.005409,0.005422,-0.009088,-0.008311,0.040370,0.235181,0.016068,0.009630,0.167055,0.015441,0.003430,0.166303,0.006763,-0.003108,0.161319,-0.012514,0.016617,0.211649,-0.035071,0.017311,0.202910,-0.063346,0.014636,0.180938
-0.023025,0.042375,0.230550,-0.018478,0.038131,0.207289,-0.075599,-0.011753,0.059474,0.001416,0.001559,0.004162,-0.060503,0.036631,0.242109,-0.127052,0.039784,0.066598,-0.009121,0.003746,-0.011186,-0.018352,0.042689,0.226356,0.005717,0.010754,0.166818,0.007878,0.002542,0.167060,0.002991,-0.010673,0.165485,-0.023925,0.017136,0.206007,-0.035031,0.011038,0.202072,-0.053864,0.005914,0.184671
-0.033975,0.045450,0.216900,-0.027896,0.040120,0.192058,-0.081059,-0.007180,0.057993,-0.004048,0.005545,0.003649,-0.068963,0.038798,0.228810,-0.133620,0.043455,0.063594,-0.014892,0.004358,-0.013074,-0.030113,0.046093,0.213431,-0.006535,0.013637,0.160218,-0.003361,0.002955,0.160679,-0.005537,-0.017758,0.162042,-0.036315,0.019488,0.194580,-0.037129,0.006761,0.194956,-0.046251,0.000297,0.182772
-0.037150,0.041625,0.204800,-0.029838,0.035758,0.178814,-0.080460,-0.009165,0.054414,-0.004882,0.004031,0.001803,-0.069226,0.034653,0.216237,-0.131542,0.036663,0.063136,-0.014555,-0.001144,-0.010590,-0.034137,0.042404,0.202094,-0.012335,0.011658,0.155039,-0.008980,0.000893,0.155578,-0.007548,-0.025652,0.160307,-0.040218,0.016996,0.185172,-0.034648,0.000648,0.188211,-0.035586,-0.003360,0.182427
-0.040850,0.037425,0.188575,-0.031830,0.030861,0.161115,-0.077995,-0.009871,0.050370,-0.004001,0.002626,-0.000255,-0.068775,0.029974,0.198742,-0.127519,0.032033,0.058599,-0.015469,-0.004648,-0.010437,-0.039016,0.038485,0.186947,-0.019539,0.009844,0.152508,-0.011904,-0.000435,0.154883,-0.002493,-0.032490,0.165753,-0.046502,0.014960,0.180562,-0.028556,-0.006629,0.188722,-0.016558,-0.009238,0.191785
-0.043225,0.034975,0.176400,-0.032945,0.027833,0.147897,-0.075452,-0.009175,0.048258,-0.002223,0.001858,-0.000900,-0.067906,0.027169,0.185202,-0.124621,0.031634,0.052534,-0.018003,-0.003971,-0.011807,-0.042314,0.036313,0.175622,-0.024634,0.009068,0.153989,-0.010760,-0.000414,0.159058,0.006968,-0.034895,0.175833,-0.052061,0.014450,0.183160,-0.021971,-0.011401,0.196418,0.001196,-0.014449,0.206384
-0.043325,0.033500,0.157225,-0.031554,0.025475,0.128151,-0.066174,-0.007633,0.047105,0.005601,0.003385,-0.000162,-0.063919,0.024992,0.165480,-0.115273,0.028178,0.048480,-0.013809,-0.006272,-0.011436,-0.043402,0.035178,0.157361,-0.028224,0.010955,0.146987,-0.011214,0.001737,0.153429,0.012242,-0.036305,0.174810,-0.053606,0.015636,0.171518,-0.016156,-0.011402,0.187966,0.015085,-0.013167,0.203854
-0.043600,0.031250,0.136425,-0.030840,0.022274,0.106829,-0.057957,-0.006343,0.043237,0.009427,0.003971,-0.000253,-0.059432,0.021926,0.144073,-0.104207,0.023563,0.044718,-0.009414,-0.009783,-0.010150,-0.044685,0.033349,0.137495,-0.032537,0.013130,0.137660,-0.014276,0.003280,0.144624,0.012793,-0.038640,0.169422,-0.054760,0.016883,0.156614,-0.013125,-0.009700,0.174986,0.023556,-0.009448,0.195571
-0.046400,0.026425,0.119375,-0.033878,0.016659,0.088887,-0.058464,-0.006440,0.033070,-0.000640,0.000420,-0.003396,-0.056931,0.016385,0.125453,-0.096005,0.019689,0.039517,-0.011241,-0.012548,-0.008883,-0.048474,0.029050,0.121360,-0.039741,0.013283,0.132221,-0.020860,0.001534,0.139355,0.008229,-0.043731,0.166544,-0.059019,0.016643,0.149493,-0.014744,-0.009289,0.169224,0.025176,-0.007268,0.193043
-0.048350,0.019050,0.097625,-0.035949,0.008671,0.066935,-0.055575,-0.008302,0.023417,-0.004758,-0.004989,-0.007596,-0.052724,0.008434,0.101791,-0.084428,0.010947,0.033161,-0.011843,-0.018152,-0.007684,-0.051529,0.022185,0.100621,-0.046252,0.011054,0.120785,-0.027840,-0.003463,0.127562,0.003148,-0.053759,0.157504,-0.062193,0.013964,0.136193,-0.017291,-0.009581,0.156354,0.023935,-0.005484,0.182374
-0.048500,0.012825,0.082075,-0.036032,0.002250,0.051998,-0.050830,-0.011185,0.019207,-0.000867,-0.009687,-0.010478,-0.048990,0.002075,0.084977,-0.075674,0.001471,0.028957,-0.011169,-0.023807,-0.006717,-0.052349,0.016202,0.085666,-0.048868,0.007565,0.109108,-0.031796,-0.009210,0.115201,-0.000094,-0.063658,0.147073,-0.062754,0.010220,0.123394,-0.019608,-0.010410,0.142953,0.020273,-0.005000,0.169123
-0.045800,0.013300,0.062825,-0.034548,0.003342,0.035152,-0.045923,-0.004554,0.011050,-0.007109,-0.007629,-0.011040,-0.042189,0.003175,0.064124,-0.062158,-0.002091,0.024386,-0.009188,-0.021300,-0.004480,-0.050041,0.016749,0.066746,-0.049092,0.011920,0.092507,-0.032738,-0.005716,0.098293,0.002076,-0.065410,0.134317,-0.059871,0.015005,0.109440,-0.017833,-0.001497,0.128522,0.021156,0.006932,0.156010
-0.042950,0.014200,0.046775,-0.033265,0.005110,0.022086,-0.041338,0.002133,0.006092,-0.011786,-0.004063,-0.009902,-0.035561,0.004927,0.046332,-0.049096,-0.002788,0.021168,-0.006307,-0.015981,-0.001798,-0.047443,0.017653,0.050894,-0.049473,0.017530,0.077914,-0.033672,-0.000082,0.083529,0.004598,-0.064114,0.123905,-0.056232,0.021332,0.098931,-0.015072,0.008437,0.117637,0.023101,0.020313,0.146655
-0.042600,0.009300,0.040800,-0.033884,0.000757,0.018448,-0.037458,-0.000541,0.011430,-0.003023,-0.004248,-0.007667,-0.032289,0.000557,0.038693,-0.041608,-0.003672,0.021051,-0.002776,-0.013238,0.000495,-0.047345,0.012791,0.045114,-0.052518,0.017864,0.072221,-0.037567,0.000642,0.077556,0.002492,-0.064796,0.120468,-0.054482,0.022271,0.096457,-0.014374,0.010734,0.114853,0.022683,0.025233,0.144648
-0.039700,0.006950,0.034850,-0.031573,-0.000236,0.015282,-0.033508,0.000790,0.012206,-0.001256,0.002473,-0.006534,-0.028146,-0.000423,0.031295,-0.033774,-0.005398,0.021605,-0.000706,-0.010463,0.004295,-0.044454,0.010038,0.039132,-0.051214,0.017793,0.063465,-0.039457,0.002949,0.067602,0.000588,-0.060830,0.111193,-0.050294,0.022457,0.089316,-0.014565,0.011578,0.105943,0.020254,0.027998,0.135675
-0.035700,0.008275,0.031925,-0.027479,0.002545,0.014216,-0.031460,0.005347,0.008086,-0.007384,0.012668,-0.007003,-0.025193,0.002414,0.027877,-0.029529,-0.007199,0.022612,-0.001123,-0.009167,0.007815,-0.040220,0.010728,0.035956,-0.046263,0.017366,0.056055,-0.038441,0.005714,0.058694,-0.000267,-0.053990,0.101082,-0.045794,0.021824,0.081097,-0.015602,0.010588,0.095462,0.016889,0.027271,0.124421
-0.031300,0.007700,0.035825,-0.022412,0.002572,0.018527,-0.025018,0.005016,0.014788,-0.000330,0.015140,-0.001203,-0.019511,0.002456,0.029638,-0.023759,-0.001866,0.022573,0.005515,-0.000497,0.007595,-0.036266,0.009914,0.040213,-0.043497,0.017047,0.066642,-0.040373,0.007316,0.067339,-0.005233,-0.050884,0.107821,-0.043032,0.020109,0.085756,-0.017812,0.010948,0.097842,0.012211,0.030356,0.126808
-0.025450,0.005800,0.043550,-0.015850,0.000750,0.025578,-0.017798,0.002135,0.022632,0.010544,0.013082,0.004376,-0.012059,0.000634,0.035177,-0.017471,0.003742,0.022938,0.015205,0.006822,0.006424,-0.031008,0.007974,0.048422,-0.039887,0.016149,0.083928,-0.039718,0.007218,0.083376,-0.007200,-0.049477,0.122052,-0.039245,0.017570,0.095871,-0.017896,0.010413,0.106131,0.010261,0.031690,0.135045
-0.017050,0.003100,0.052075,-0.007250,-0.002075,0.032706,-0.013405,-0.001020,0.021921,0.015852,0.009644,0.003197,-0.003744,-0.002179,0.043055,-0.011621,0.002756,0.025114,0.023985,0.004002,0.007029,-0.022805,0.005239,0.057081,-0.032320,0.013938,0.096624,-0.030839,0.004850,0.096651,0.001084,-0.047777,0.134373,-0.031569,0.014430,0.104014,-0.012422,0.006704,0.113378,0.015260,0.025674,0.141335
-0.011700,-0.002325,0.066150,-0.002423,-0.007471,0.045578,-0.014432,-0.007785,0.023587,0.018877,0.003466,0.002481,0.001533,-0.007576,0.055632,-0.011472,0.000501,0.026148,0.027382,0.001137,0.006326,-0.017594,-0.000205,0.071237,-0.027967,0.009114,0.115412,-0.025994,-0.001853,0.115560,0.001442,-0.047078,0.148333,-0.027324,0.008795,0.119281,-0.011825,0.001100,0.127021,0.013101,0.017600,0.152201
-0.012050,-0.007750,0.078775,-0.003740,-0.012736,0.057822,-0.020349,-0.014781,0.026879,0.018170,-0.002372,0.002721,0.001171,-0.012850,0.066682,-0.017129,-0.001916,0.025595,0.023667,-0.000330,0.004799,-0.017962,-0.005623,0.083838,-0.029076,0.004131,0.130881,-0.027703,-0.009481,0.130631,-0.006433,-0.047531,0.157122,-0.028694,0.003531,0.134016,-0.016485,-0.003542,0.140229,0.004696,0.011565,0.162250
-0.011675,-0.010025,0.096150,-0.005210,-0.014869,0.074902,-0.028336,-0.017806,0.032045,0.013373,-0.006789,0.006611,0.001698,-0.015016,0.082217,-0.023186,-0.000505,0.026996,0.020727,-0.000144,0.004749,-0.017511,-0.007797,0.101113,-0.028381,0.002606,0.143371,-0.024620,-0.016289,0.143930,-0.008162,-0.051097,0.166185,-0.027391,0.002460,0.148512,-0.022205,-0.003769,0.151425,-0.009705,0.006712,0.164772
-0.009825,-0.010425,0.112350,-0.005038,-0.015016,0.090702,-0.035708,-0.018822,0.034344,0.007777,-0.008745,0.008308,0.003209,-0.015185,0.096853,-0.028350,0.000743,0.028451,0.018409,-0.001374,0.004892,-0.015527,-0.008175,0.117163,-0.025965,0.003123,0.152538,-0.018373,-0.019587,0.154654,-0.004660,-0.051259,0.174107,-0.024017,0.003828,0.161336,-0.025471,-0.001597,0.161118,-0.021870,0.004537,0.165582
-0.005775,-0.010250,0.121550,-0.001456,-0.014331,0.099236,-0.039867,-0.019764,0.029206,0.004616,-0.007133,0.002147,0.005760,-0.014474,0.105276,-0.031397,-0.002147,0.028097,0.016447,-0.006990,0.004006,-0.011319,-0.008235,0.126194,-0.021969,0.004217,0.158101,-0.010685,-0.016701,0.162029,0.003068,-0.041530,0.179385,-0.019226,0.005830,0.171073,-0.022861,0.000928,0.169810,-0.023698,0.006513,0.170486
-0.004675,-0.009050,0.132950,-0.000519,-0.012451,0.110098,-0.046309,-0.021078,0.026879,0.001127,-0.005376,-0.002262,0.004927,-0.012553,0.115588,-0.039007,-0.002581,0.027286,0.011696,-0.008721,0.001864,-0.010059,-0.007349,0.137426,-0.020114,0.005243,0.164400,-0.004747,-0.015635,0.170236,0.008537,-0.032703,0.184814,-0.017557,0.008020,0.182620,-0.022986,0.003107,0.180545,-0.028185,0.008192,0.177626
-0.007050,-0.007400,0.140850,-0.002668,-0.010305,0.117881,-0.051979,-0.022186,0.028624,-0.001090,-0.004470,-0.002490,0.001133,-0.010369,0.122682,-0.047665,-0.000421,0.026585,0.006272,-0.005735,-0.000187,-0.012358,-0.005934,0.145231,-0.021351,0.005722,0.168223,-0.003572,-0.016903,0.175149,0.008921,-0.029183,0.187717,-0.019889,0.009353,0.190161,-0.025834,0.003873,0.187914,-0.033145,0.008736,0.183391
-0.010150,-0.007525,0.149175,-0.005576,-0.009647,0.126155,-0.059412,-0.023795,0.029862,-0.005811,-0.004203,-0.002711,-0.002618,-0.009697,0.129778,-0.054610,-0.000690,0.029697,0.004043,-0.006038,0.001001,-0.015533,-0.006392,0.153585,-0.024379,0.004890,0.176549,-0.006059,-0.016116,0.183895,0.004768,-0.023327,0.193638,-0.023733,0.008701,0.199492,-0.032615,0.006742,0.195597,-0.044532,0.012813,0.188109
-0.011150,-0.008250,0.156550,-0.006196,-0.009605,0.133416,-0.063992,-0.025625,0.031462,-0.008057,-0.004285,-0.002287,-0.003806,-0.009648,0.135788,-0.058165,-0.001034,0.033284,0.005079,-0.006963,0.002807,-0.016729,-0.007438,0.161087,-0.025831,0.003631,0.186243,-0.007378,-0.014941,0.193855,0.002203,-0.017512,0.201173,-0.025961,0.007386,0.209110,-0.036348,0.009904,0.204141,-0.051161,0.018403,0.195616
-0.007175,-0.008400,0.161600,-0.001449,-0.009320,0.138153,-0.061095,-0.027439,0.034244,-0.002856,-0.004573,-0.000578,0.000127,-0.009348,0.139646,-0.056721,0.000886,0.034018,0.009343,-0.005823,0.002644,-0.013035,-0.007783,0.166331,-0.022301,0.002891,0.194111,-0.002688,-0.015020,0.202363,0.007337,-0.014133,0.208859,-0.023357,0.006806,0.217486,-0.029992,0.011631,0.214049,-0.041829,0.023597,0.209662
-0.006375,-0.009200,0.168300,0.000155,-0.009479,0.144097,-0.063714,-0.029222,0.034758,0.000523,-0.005395,-0.002886,0.001389,-0.009503,0.144147,-0.059541,0.001587,0.033047,0.010187,-0.005490,0.000351,-0.012729,-0.008831,0.173390,-0.021606,0.000275,0.203854,-0.002777,-0.015900,0.211887,0.006461,-0.011165,0.216526,-0.024518,0.003948,0.226137,-0.029003,0.010353,0.223563,-0.039771,0.024691,0.221344
-0.009200,-0.010250,0.173300,-0.002256,-0.009991,0.148339,-0.071119,-0.030069,0.033081,-0.000112,-0.006330,-0.007516,-0.000724,-0.010026,0.147084,-0.065746,0.000736,0.031173,0.006741,-0.006080,-0.002437,-0.016025,-0.010065,0.178723,-0.024164,-0.002953,0.210564,-0.007672,-0.017191,0.217657,-0.000090,-0.010185,0.220334,-0.029019,0.000208,0.230686,-0.034040,0.006641,0.227885,-0.046178,0.021018,0.224792
-0.006225,-0.010825,0.177775,0.001848,-0.010289,0.151219,-0.071168,-0.030911,0.031664,0.000456,-0.008046,-0.008510,0.004355,-0.010345,0.149210,-0.062488,0.001824,0.032091,0.004850,-0.005153,0.001240,-0.013947,-0.010722,0.183855,-0.023592,-0.004146,0.229123,-0.003749,-0.014086,0.237973,0.009631,-0.006283,0.244807,-0.030829,-0.002093,0.244547,-0.030579,0.008312,0.243822,-0.039063,0.024237,0.244345
-0.001050,-0.011850,0.181300,0.008131,-0.011112,0.153254,-0.068813,-0.031339,0.030317,0.000714,-0.008794,-0.008167,0.011441,-0.011186,0.150635,-0.057606,0.001374,0.032124,0.003876,-0.007038,0.004281,-0.009614,-0.011816,0.187980,-0.021152,-0.005298,0.246323,0.001149,-0.010590,0.256525,0.020564,-0.003657,0.268330,-0.030213,-0.004429,0.256910,-0.025810,0.008981,0.257837,-0.030823,0.025994,0.261610
0.002650,-0.014225,0.183500,0.012180,-0.013158,0.155022,-0.069151,-0.030845,0.028983,-0.000949,-0.006591,-0.008615,0.015266,-0.013226,0.151494,-0.059119,-0.003939,0.027729,0.003041,-0.015933,-0.000191,-0.006225,-0.014341,0.190350,-0.018085,-0.008412,0.249080,-0.000742,-0.010717,0.257105,0.017788,-0.006511,0.269391,-0.027426,-0.008284,0.257072,-0.026876,0.002258,0.256498,-0.033770,0.017928,0.258329
0.003700,-0.016050,0.186800,0.014311,-0.014545,0.157310,-0.071708,-0.030747,0.027640,-0.004243,-0.004302,-0.009483,0.017128,-0.014607,0.152691,-0.062284,-0.005684,0.023668,-0.001572,-0.019728,-0.003360,-0.005829,-0.016368,0.194073,-0.018855,-0.010867,0.257004,-0.008209,-0.009915,0.261996,0.008677,-0.009556,0.274390,-0.028614,-0.011733,0.261594,-0.028821,-0.003274,0.260854,-0.034690,0.011296,0.262909
0.001625,-0.016400,0.189525,0.013470,-0.014566,0.159050,-0.075901,-0.031004,0.027393,-0.008168,-0.003107,-0.009650,0.016148,-0.014623,0.153712,-0.066060,-0.002915,0.022388,-0.008156,-0.016415,-0.003099,-0.008590,-0.016868,0.197232,-0.023239,-0.011406,0.265978,-0.017724,-0.008542,0.268606,-0.002466,-0.011208,0.280680,-0.033348,-0.013015,0.268059,-0.030867,-0.004830,0.268570,-0.033357,0.009406,0.272883
0.003300,-0.015750,0.192675,0.016326,-0.014042,0.160846,-0.076036,-0.028820,0.028459,-0.005619,0.002118,-0.009810,0.019375,-0.014104,0.155843,-0.064136,-0.000483,0.024899,-0.002126,-0.015980,-0.002088,-0.007641,-0.016182,0.200826,-0.024623,-0.010509,0.278454,-0.022329,-0.002310,0.279733,-0.005489,-0.006427,0.293678,-0.035653,-0.013080,0.277566,-0.032315,-0.007593,0.278680,-0.030662,0.007245,0.286399
0.006100,-0.015125,0.196200,0.020318,-0.013633,0.162998,-0.074967,-0.027257,0.029943,-0.001385,0.005633,-0.009566,0.023468,-0.013695,0.158606,-0.061798,0.000898,0.027697,0.005563,-0.017086,-0.001262,-0.005515,-0.015494,0.204741,-0.024715,-0.009849,0.290282,-0.026218,0.003376,0.289932,-0.008269,-0.001616,0.305252,-0.036979,-0.013292,0.287104,-0.034757,-0.012264,0.288055,-0.029839,0.001501,0.297774
0.007500,-0.015475,0.200125,0.022961,-0.013905,0.165921,-0.075588,-0.029171,0.031075,-0.000361,0.001911,-0.008401,0.025183,-0.013948,0.161592,-0.064363,0.000719,0.027367,0.003860,-0.018115,-0.001508,-0.004645,-0.015918,0.208931,-0.025122,-0.010993,0.297373,-0.033519,0.003292,0.293807,-0.018614,-0.002893,0.307252,-0.038633,-0.014924,0.293665,-0.039672,-0.019428,0.293556,-0.034035,-0.010998,0.301281
0.012175,-0.014175,0.204375,0.028806,-0.012359,0.169500,-0.072752,-0.030023,0.033141,0.003455,-0.001479,-0.005895,0.030158,-0.012383,0.164856,-0.063384,0.002209,0.027998,0.006980,-0.016050,-0.001257,-0.000466,-0.014732,0.213408,-0.021687,-0.010726,0.302291,-0.036932,0.003231,0.295500,-0.024000,-0.007229,0.308975,-0.036596,-0.014837,0.299421,-0.042554,-0.025018,0.297516,-0.037180,-0.022625,0.302196
0.017775,-0.011900,0.206800,0.034919,-0.009790,0.172049,-0.068650,-0.029342,0.035751,0.007511,-0.002822,-0.002426,0.035919,-0.009806,0.166884,-0.060005,0.004660,0.029888,0.012801,-0.011878,0.000168,0.004887,-0.012552,0.215871,-0.016445,-0.009208,0.302449,-0.035060,0.003300,0.294067,-0.021926,-0.012147,0.309543,-0.032214,-0.013096,0.301361,-0.042266,-0.026315,0.297851,-0.037949,-0.027721,0.299983
0.015925,-0.012375,0.209325,0.033888,-0.010668,0.172940,-0.073876,-0.032471,0.034065,0.002577,-0.007206,-0.003549,0.035889,-0.010698,0.168203,-0.064490,0.006432,0.027736,0.009554,-0.010689,-0.001997,0.002227,-0.012827,0.218816,-0.021223,-0.009346,0.310451,-0.043914,0.003696,0.300260,-0.030810,-0.015913,0.317316,-0.038054,-0.013851,0.308273,-0.053913,-0.030775,0.302472,-0.051396,-0.036953,0.300811
0.012575,-0.012725,0.213375,0.031186,-0.011694,0.174802,-0.082573,-0.035623,0.031466,-0.005077,-0.010025,-0.006100,0.034635,-0.011746,0.170907,-0.072015,0.008196,0.024815,0.002222,-0.009840,-0.004549,-0.002040,-0.012872,0.223339,-0.028474,-0.008798,0.322686,-0.054706,0.005783,0.311013,-0.041112,-0.017153,0.329809,-0.045999,-0.014251,0.317894,-0.066642,-0.034341,0.310266,-0.065368,-0.044801,0.305449
0.013650,-0.010100,0.220300,0.032238,-0.009587,0.180196,-0.088974,-0.034951,0.031343,-0.009248,-0.006572,-0.006907,0.036702,-0.009655,0.176999,-0.077822,0.010651,0.024354,-0.004339,-0.006748,-0.004311,-0.001531,-0.010032,0.230471,-0.030652,-0.005221,0.335497,-0.058662,0.010976,0.323205,-0.043298,-0.014335,0.344479,-0.047905,-0.011447,0.327894,-0.069568,-0.032964,0.320039,-0.067678,-0.045754,0.314584
0.020325,-0.007750,0.226450,0.038603,-0.008294,0.184481,-0.088670,-0.035830,0.031962,-0.004321,-0.004245,-0.007901,0.045565,-0.008398,0.182466,-0.076158,0.013390,0.024378,-0.001089,-0.004722,-0.004460,0.004413,-0.007215,0.236922,-0.027805,-0.001925,0.348762,-0.060664,0.016259,0.334516,-0.046571,-0.012122,0.355976,-0.044543,-0.009493,0.336090,-0.069005,-0.033091,0.327303,-0.067883,-0.046644,0.320770
0.029275,-0.006900,0.228775,0.047145,-0.008507,0.185745,-0.082661,-0.037943,0.033959,0.006559,-0.004544,-0.007326,0.056840,-0.008647,0.184827,-0.068722,0.014948,0.025859,0.009606,-0.004779,-0.003709,0.012784,-0.005886,0.239426,-0.021883,-0.000612,0.355731,-0.060176,0.019776,0.339355,-0.049341,-0.009786,0.358647,-0.037998,-0.009417,0.338159,-0.065512,-0.035178,0.328380,-0.065910,-0.048025,0.320839
0.030750,-0.003475,0.232100,0.050332,-0.005353,0.187482,-0.084613,-0.035019,0.034142,0.005035,0.003094,-0.007087,0.059704,-0.005480,0.186919,-0.073300,0.017326,0.023670,0.004550,-0.004344,-0.005286,0.013276,-0.002487,0.243157,-0.024660,0.000944,0.372779,-0.062583,0.027488,0.357156,-0.049704,-0.004134,0.379014,-0.041736,-0.010413,0.343307,-0.068442,-0.036439,0.334069,-0.064459,-0.047179,0.330720
0.032775,-0.001900,0.234900,0.054801,-0.003800,0.188496,-0.085987,-0.033023,0.033221,0.001945,0.008721,-0.006984,0.063426,-0.003907,0.187978,-0.077277,0.016982,0.020769,-0.001657,-0.005480,-0.006935,0.014067,-0.001046,0.246486,-0.027457,-0.000111,0.391359,-0.062592,0.033474,0.377652,-0.045418,-0.000361,0.404109,-0.046258,-0.013966,0.349731,-0.070053,-0.041314,0.342056,-0.059746,-0.051888,0.343394
0.043350,-0.006650,0.235600,0.067162,-0.008879,0.187545,-0.078217,-0.038053,0.031854,0.008207,0.002103,-0.006844,0.077302,-0.008998,0.187224,-0.067938,0.010215,0.020080,0.005698,-0.010596,-0.006416,0.023302,-0.005645,0.247730,-0.021655,-0.006626,0.402892,-0.055007,0.031810,0.390565,-0.034349,-0.003630,0.420939,-0.042099,-0.021582,0.355518,-0.062711,-0.054112,0.349921,-0.048205,-0.069613,0.351766
0.049950,-0.005950,0.237325,0.075759,-0.008474,0.187678,-0.074058,-0.035717,0.032296,0.011095,0.003818,-0.005154,0.087669,-0.008607,0.187622,-0.059945,0.011116,0.022567,0.013375,-0.007855,-0.003275,0.028461,-0.004833,0.250009,-0.020888,-0.007586,0.416840,-0.054327,0.037266,0.405257,-0.033083,-0.000716,0.437405,-0.041983,-0.024090,0.361366,-0.059761,-0.062396,0.357789,-0.039637,-0.081244,0.362150
0.049275,-0.000150,0.239200,0.076356,-0.002797,0.189128,-0.076644,-0.027402,0.035575,0.008211,0.012508,-0.001125,0.089385,-0.002932,0.189335,-0.058433,0.019056,0.028347,0.016461,0.001226,0.002516,0.026904,0.000976,0.252062,-0.026608,-0.002566,0.425790,-0.061844,0.048890,0.414333,-0.042639,0.010658,0.445090,-0.046422,-0.020186,0.363765,-0.062933,-0.063128,0.361462,-0.038176,-0.083211,0.368918
0.051175,0.002550,0.241775,0.081051,0.000006,0.190288,-0.076902,-0.023770,0.036623,0.011821,0.018043,-0.000943,0.094912,-0.000120,0.189964,-0.058264,0.021295,0.028235,0.016124,0.003237,0.003063,0.027146,0.003603,0.255197,-0.032449,-0.001278,0.442469,-0.063867,0.056422,0.433598,-0.042323,0.016727,0.467317,-0.052225,-0.020087,0.372696,-0.063087,-0.069923,0.373874,-0.029966,-0.094705,0.385825
0.053550,0.004050,0.243400,0.086073,0.001639,0.190484,-0.078376,-0.023083,0.035141,0.011592,0.019987,-0.002245,0.100830,0.001524,0.189621,-0.059176,0.021478,0.026021,0.013893,0.003074,0.001735,0.027850,0.005014,0.257333,-0.038292,-0.001112,0.457969,-0.064622,0.062192,0.452242,-0.039541,0.021822,0.489762,-0.057483,-0.021025,0.380182,-0.063348,-0.077258,0.384593,-0.022999,-0.106203,0.400540
0.054300,0.006325,0.242325,0.087605,0.003847,0.188908,-0.084743,-0.023621,0.030703,-0.003002,0.017792,-0.002908,0.103721,0.003739,0.188327,-0.060814,0.023286,0.025286,0.011389,0.005699,0.001704,0.027689,0.007260,0.256291,-0.043956,0.000664,0.463226,-0.068336,0.068721,0.459324,-0.041674,0.030529,0.497917,-0.060108,-0.020064,0.378171,-0.066658,-0.079478,0.383102,-0.025057,-0.108078,0.400578
0.057800,0.004375,0.243175,0.092567,0.001844,0.189150,-0.085936,-0.027709,0.030095,-0.004525,0.013441,-0.002687,0.110314,0.001752,0.188304,-0.060338,0.021911,0.024356,0.010251,0.004174,0.001687,0.029918,0.005310,0.257316,-0.048601,-0.001817,0.473212,-0.070231,0.068735,0.471311,-0.041478,0.030729,0.512249,-0.062093,-0.023190,0.381426,-0.067510,-0.086916,0.387879,-0.021546,-0.113195,0.410494
0.062275,-0.000800,0.245600,0.098626,-0.003340,0.191660,-0.082352,-0.033643,0.035392,0.006936,0.008332,0.000561,0.117419,-0.003403,0.190254,-0.059184,0.017707,0.025777,0.009909,-0.001404,0.003964,0.033297,0.000145,0.259778,-0.051818,-0.007508,0.482131,-0.071526,0.062564,0.481603,-0.041202,0.023485,0.525001,-0.063170,-0.028790,0.387306,-0.066602,-0.095494,0.395526,-0.015667,-0.118530,0.424392
0.066075,-0.000525,0.246625,0.103460,-0.002610,0.192629,-0.088393,-0.034458,0.032472,0.001803,0.009779,-0.002067,0.122933,-0.002644,0.190544,-0.062556,0.017334,0.023711,0.004084,-0.001552,0.002985,0.036086,0.000243,0.260749,-0.053901,-0.008695,0.485354,-0.072064,0.060060,0.485911,-0.039318,0.020412,0.532520,-0.063944,-0.029630,0.388894,-0.071185,-0.098044,0.396311,-0.019920,-0.117794,0.427385
0.069900,0.001325,0.246925,0.107737,-0.000164,0.193230,-0.096561,-0.034227,0.028350,-0.006752,0.011350,-0.005349,0.128101,-0.000164,0.190304,-0.066543,0.018607,0.021316,-0.001061,-0.000191,0.001282,0.039075,0.001861,0.260879,-0.056396,-0.007618,0.487316,-0.073540,0.060194,0.488758,-0.038410,0.020418,0.538479,-0.064137,-0.028147,0.389553,-0.075644,-0.096115,0.395646,-0.025331,-0.110236,0.428888
0.074325,0.001025,0.247300,0.112072,-0.000029,0.194753,-0.099227,-0.036970,0.029986,-0.005385,0.006644,-0.004007,0.134051,0.000015,0.190811,-0.067314,0.019423,0.021957,0.000632,-0.001012,0.001603,0.042916,0.001391,0.260937,-0.061242,-0.006564,0.492468,-0.078042,0.061957,0.494729,-0.041486,0.022443,0.546581,-0.063807,-0.026788,0.392669,-0.074700,-0.091402,0.399007,-0.023257,-0.095398,0.438472
0.079225,0.000825,0.247425,0.117756,0.000550,0.196233,-0.100312,-0.039654,0.032026,-0.001594,0.005209,-0.002689,0.139557,0.000637,0.191189,-0.067616,0.020598,0.023476,0.002603,0.001041,0.002849,0.047277,0.000896,0.260710,-0.062312,-0.007386,0.492185,-0.078771,0.059825,0.494972,-0.041857,0.019839,0.548332,-0.063237,-0.026565,0.395076,-0.073270,-0.087221,0.401568,-0.019561,-0.079525,0.448964
0.082200,0.000800,0.247275,0.122136,0.001261,0.197629,-0.100547,-0.041345,0.035970,0.001662,0.006495,0.000914,0.142078,0.001383,0.192057,-0.068505,0.021187,0.027678,0.002672,0.003935,0.007144,0.049924,0.000576,0.260106,-0.061067,-0.009899,0.485517,-0.077969,0.053466,0.488110,-0.042305,0.011992,0.541960,-0.063364,-0.027541,0.394329,-0.073470,-0.083641,0.400385,-0.018267,-0.067108,0.453900
0.085875,0.002200,0.244425,0.125707,0.003483,0.196376,-0.107921,-0.040748,0.033480,-0.009605,0.005786,0.000521,0.144834,0.003635,0.190090,-0.072238,0.022979,0.026947,0.000465,0.003443,0.006410,0.053499,0.001664,0.256711,-0.059550,-0.008586,0.474816,-0.078374,0.052371,0.476780,-0.044536,0.011834,0.529415,-0.060906,-0.024825,0.390125,-0.071794,-0.076360,0.395352,-0.016705,-0.052501,0.453166
0.089625,0.005125,0.241950,0.128824,0.007279,0.195659,-0.116741,-0.039063,0.031324,-0.018537,0.005828,-0.000636,0.147782,0.007467,0.188369,-0.076694,0.026206,0.026058,-0.001023,0.002965,0.005170,0.057196,0.004287,0.253677,-0.058315,-0.005261,0.465027,-0.079732,0.054568,0.466265,-0.048153,0.016193,0.516488,-0.058645,-0.020218,0.387026,-0.069792,-0.067501,0.391625,-0.014702,-0.036990,0.453782
0.092900,0.009775,0.243050,0.131968,0.012826,0.198792,-0.121084,-0.037345,0.036311,-0.007870,0.009251,0.000991,0.150965,0.013057,0.190109,-0.079629,0.031228,0.029894,0.001318,0.005942,0.008084,0.060276,0.008673,0.254274,-0.057864,-0.001647,0.461332,-0.081657,0.058122,0.462111,-0.052646,0.021832,0.509262,-0.059478,-0.015493,0.389670,-0.069152,-0.058987,0.394386,-0.012207,-0.021626,0.463018
0.096700,0.013975,0.242725,0.136377,0.018129,0.200325,-0.126601,-0.036479,0.038612,0.000443,0.011479,0.000575,0.153700,0.018388,0.190065,-0.087515,0.034528,0.029527,-0.001662,0.006095,0.006981,0.063781,0.012500,0.253475,-0.055866,0.000674,0.455727,-0.079849,0.059740,0.456782,-0.052354,0.026652,0.501262,-0.060355,-0.012039,0.390758,-0.068656,-0.051211,0.395375,-0.010293,-0.007772,0.469936
0.099125,0.015600,0.241125,0.139901,0.020539,0.200297,-0.132236,-0.037179,0.040507,0.000729,0.010256,0.002287,0.154735,0.020809,0.189105,-0.097873,0.034258,0.028379,-0.009921,0.002535,0.005922,0.065875,0.013807,0.251405,-0.055214,0.000264,0.449707,-0.077598,0.057394,0.451493,-0.049962,0.026768,0.495425,-0.061697,-0.011659,0.388379,-0.069864,-0.046682,0.392354,-0.011715,-0.000242,0.470003
0.106125,0.017675,0.237900,0.146513,0.023552,0.199203,-0.135208,-0.037280,0.041697,0.006799,0.008359,0.002756,0.161850,0.023872,0.186549,-0.096852,0.041702,0.028488,-0.003792,0.010228,0.005430,0.072635,0.015586,0.247675,-0.049603,0.001583,0.440588,-0.070406,0.059034,0.443484,-0.040276,0.030496,0.489497,-0.056585,-0.009529,0.383190,-0.063273,-0.035721,0.385988,-0.005652,0.016637,0.468219
0.113700,0.018775,0.233325,0.153581,0.025282,0.196569,-0.137947,-0.037987,0.041809,0.012789,0.006629,0.002421,0.169456,0.025647,0.183115,-0.094075,0.047225,0.028821,0.005496,0.016388,0.004920,0.080042,0.016486,0.242572,-0.043273,0.001726,0.430570,-0.062850,0.059800,0.434482,-0.029481,0.033188,0.483524,-0.050748,-0.008698,0.376162,-0.055824,-0.024921,0.377514,0.001237,0.032749,0.464201
0.117875,0.017475,0.227600,0.158497,0.023870,0.191925,-0.143044,-0.040248,0.040620,0.012599,0.006367,0.001893,0.171889,0.024214,0.179430,-0.099491,0.041423,0.028483,0.006228,0.008261,0.004026,0.084113,0.015160,0.236302,-0.040383,-0.002228,0.421702,-0.059408,0.054928,0.426063,-0.023649,0.030325,0.477347,-0.049911,-0.012231,0.368058,-0.054538,-0.020949,0.367957,0.002257,0.037798,0.457295
0.116125,0.018100,0.217575,0.157650,0.023667,0.182647,-0.150102,-0.041832,0.036846,0.006529,0.004503,-0.000186,0.168005,0.023955,0.172356,-0.108988,0.038587,0.025949,0.000227,0.005077,0.001607,0.082438,0.015974,0.225695,-0.043054,-0.003060,0.407590,-0.060683,0.054045,0.412886,-0.021597,0.032829,0.466698,-0.052820,-0.012652,0.354086,-0.056621,-0.011288,0.352101,-0.002549,0.050224,0.442681
0.109350,0.020350,0.208325,0.151528,0.024799,0.174311,-0.157130,-0.042162,0.036529,-0.003667,0.001011,0.002167,0.159883,0.025037,0.166383,-0.119082,0.039970,0.026165,-0.010655,0.007802,0.002909,0.075808,0.018519,0.215857,-0.051572,-0.000513,0.394114,-0.067955,0.056966,0.400378,-0.026169,0.039055,0.456160,-0.058888,-0.009790,0.339998,-0.062002,0.000007,0.336445,-0.012048,0.064541,0.427121
0.115300,0.021800,0.192225,0.158515,0.025270,0.159327,-0.149088,-0.040691,0.030341,-0.003170,-0.000131,-0.000665,0.163686,0.025431,0.153460,-0.118081,0.040256,0.019035,-0.008378,0.009056,-0.003536,0.082025,0.020268,0.199161,-0.045194,-0.002280,0.374550,-0.060037,0.054977,0.381760,-0.016302,0.036459,0.441190,-0.054753,-0.011184,0.319563,-0.056915,0.004972,0.315037,-0.010280,0.069230,0.404402
0.123700,0.021800,0.174425,0.167867,0.024429,0.142953,-0.135908,-0.039118,0.023607,0.001298,-0.000676,-0.004037,0.169788,0.024511,0.138808,-0.112903,0.039012,0.010982,-0.003154,0.007878,-0.010609,0.090847,0.020544,0.180752,-0.035814,-0.006094,0.353437,-0.049061,0.050877,0.361591,-0.003250,0.030049,0.426018,-0.048405,-0.014604,0.297492,-0.049022,0.005903,0.292703,-0.004658,0.068500,0.380932
0.124225,0.019750,0.160175,0.168815,0.021692,0.130516,-0.127469,-0.039103,0.021524,0.003061,-0.002366,-0.003433,0.168492,0.021715,0.127682,-0.110441,0.035867,0.008263,-0.005155,0.003614,-0.011449,0.091985,0.018712,0.165888,-0.035280,-0.009687,0.335406,-0.047143,0.047321,0.344492,0.001702,0.024637,0.414997,-0.047821,-0.017822,0.278673,-0.046003,0.005106,0.274429,-0.002680,0.066588,0.363273
0.124200,0.018375,0.142425,0.169741,0.019609,0.114480,-0.116913,-0.037444,0.015930,0.000433,-0.002990,-0.005452,0.166805,0.019560,0.113196,-0.103202,0.032984,0.003796,-0.004143,0.000051,-0.013834,0.092583,0.017566,0.147551,-0.035149,-0.012256,0.313459,-0.046252,0.046054,0.323552,0.007848,0.023562,0.401879,-0.048088,-0.019966,0.257099,-0.043311,0.003153,0.254098,0.000820,0.063990,0.346109
0.123700,0.018325,0.130000,0.170278,0.019170,0.103680,-0.110606,-0.034936,0.013565,-0.006300,-0.002117,-0.004620,0.165686,0.019074,0.103343,-0.095783,0.031828,0.003142,-0.001547,-0.001249,-0.012851,0.092361,0.017650,0.134618,-0.036927,-0.012562,0.297262,-0.048312,0.048524,0.308375,0.011000,0.029597,0.392741,-0.049751,-0.019896,0.242162,-0.042753,0.000596,0.240688,0.003620,0.060363,0.337475
0.121525,0.019875,0.115375,0.167964,0.020059,0.090883,-0.100128,-0.030486,0.010535,-0.006417,-0.000644,-0.005114,0.162891,0.019938,0.091676,-0.085736,0.033334,0.001257,-0.001715,0.001848,-0.012394,0.090964,0.019516,0.119445,-0.038066,-0.011055,0.276806,-0.051603,0.050290,0.287631,0.012530,0.031277,0.380401,-0.053522,-0.017838,0.226167,-0.043630,-0.000606,0.226602,0.010023,0.061823,0.337882
0.118525,0.019975,0.102275,0.164176,0.019630,0.079795,-0.089327,-0.027266,0.008967,-0.003667,0.000183,-0.004739,0.159193,0.019503,0.081335,-0.076102,0.033486,0.000164,-0.004305,0.004324,-0.011012,0.088946,0.019903,0.105802,-0.040225,-0.010010,0.257605,-0.056690,0.051923,0.267985,0.011123,0.033521,0.367652,-0.058284,-0.016254,0.212709,-0.045584,-0.002885,0.215126,0.016193,0.062470,0.343219
0.115600,0.015575,0.094400,0.160314,0.015243,0.074095,-0.082086,-0.028318,0.010909,-0.001882,-0.000767,-0.001465,0.155421,0.015123,0.075408,-0.069844,0.028352,0.001687,-0.008972,0.001223,-0.007445,0.086916,0.015558,0.097438,-0.044994,-0.011695,0.245060,-0.064102,0.054012,0.256024,0.005528,0.041249,0.357156,-0.062854,-0.017595,0.205349,-0.048210,-0.008771,0.209528,0.018322,0.056354,0.349243
0.118450,0.010500,0.086100,0.162067,0.009877,0.067551,-0.069875,-0.030526,0.011268,0.005503,-0.002660,0.000040,0.157265,0.009759,0.069155,-0.059572,0.023040,0.001830,-0.006496,-0.002750,-0.005846,0.090678,0.010638,0.088681,-0.047537,-0.013467,0.235171,-0.068797,0.054810,0.246650,0.004011,0.044163,0.353868,-0.065197,-0.019136,0.200770,-0.047464,-0.015958,0.207414,0.025600,0.051296,0.364478
0.125650,0.007275,0.081525,0.168607,0.006184,0.064098,-0.059298,-0.032709,0.012671,0.014267,-0.004017,0.002091,0.163824,0.006062,0.066309,-0.051003,0.020285,0.002987,0.001373,-0.005165,-0.004376,0.098330,0.007602,0.083720,-0.047959,-0.014417,0.231575,-0.069667,0.055699,0.244063,0.006363,0.044984,0.359535,-0.064980,-0.020000,0.199801,-0.044252,-0.022277,0.208852,0.033502,0.045687,0.381232
0.115275,0.003100,0.075100,0.155015,0.002068,0.059653,-0.065912,-0.035795,0.013342,0.008958,-0.005975,0.002994,0.151687,0.001978,0.061462,-0.056527,0.017314,0.003155,-0.001075,-0.007263,-0.004466,0.089369,0.003454,0.076874,-0.069424,-0.015792,0.228745,-0.093720,0.061166,0.243085,-0.015016,0.058840,0.360296,-0.085580,-0.021531,0.199716,-0.064872,-0.034460,0.211004,0.014863,0.031844,0.394396
0.103825,0.001075,0.068375,0.139204,0.000127,0.054977,-0.074371,-0.036676,0.013560,0.002357,-0.005561,0.003401,0.137182,0.000067,0.056355,-0.064479,0.016296,0.002818,-0.004866,-0.007011,-0.005210,0.079864,0.001427,0.069741,-0.093678,-0.015263,0.227075,-0.120643,0.069883,0.243849,-0.038862,0.077752,0.362428,-0.108171,-0.021279,0.199439,-0.088089,-0.046440,0.213099,-0.009045,0.016869,0.403059
0.107850,0.004225,0.062825,0.139124,0.002862,0.050737,-0.069310,-0.032329,0.013465,0.007243,0.000178,0.003798,0.136681,0.002791,0.052659,-0.063162,0.019316,0.002465,-0.000995,-0.002474,-0.005702,0.085940,0.004693,0.063850,-0.102521,-0.010564,0.226739,-0.130193,0.080270,0.246130,-0.044191,0.093614,0.372115,-0.113955,-0.016861,0.197740,-0.092718,-0.052115,0.214220,-0.017210,0.007923,0.406308
0.111000,0.001350,0.056725,0.136630,-0.000956,0.045550,-0.063626,-0.033318,0.012694,0.013028,0.000724,0.003500,0.134665,-0.001030,0.048821,-0.063837,0.017085,0.001646,0.002222,-0.002362,-0.006848,0.091660,0.002115,0.057452,-0.121300,-0.010950,0.231532,-0.151794,0.087589,0.253707,-0.059429,0.105882,0.392158,-0.128897,-0.017800,0.201101,-0.106350,-0.066310,0.221320,-0.034025,-0.008317,0.417664
0.111675,-0.006100,0.053175,0.132960,-0.009406,0.042453,-0.060429,-0.039144,0.013473,0.016554,-0.004140,0.004734,0.132102,-0.009472,0.047181,-0.066603,0.010713,0.002573,0.002747,-0.006445,-0.006131,0.094135,-0.005007,0.053689,-0.142485,-0.016352,0.236745,-0.176529,0.090240,0.261888,-0.078911,0.113496,0.412458,-0.147095,-0.023666,0.205367,-0.123707,-0.084306,0.229115,-0.053833,-0.029260,0.430341
0.114950,-0.010325,0.046125,0.136086,-0.015363,0.034618,-0.052099,-0.040879,0.009040,0.016560,-0.004714,0.001662,0.133101,-0.015491,0.042397,-0.067340,0.006970,0.000040,0.003198,-0.006607,-0.008625,0.098023,-0.008733,0.046491,-0.160191,-0.016478,0.233706,-0.199002,0.091280,0.259201,-0.097103,0.107584,0.432623,-0.159353,-0.024208,0.202580,-0.138436,-0.097262,0.228777,-0.074863,-0.043869,0.428812
0.119000,-0.013350,0.038450,0.142574,-0.019878,0.026044,-0.041943,-0.040962,0.003487,0.013444,-0.004339,-0.002123,0.136633,-0.020071,0.036534,-0.066631,0.004321,-0.003686,0.000329,-0.005342,-0.011726,0.101689,-0.011365,0.038690,-0.173040,-0.014780,0.224668,-0.218653,0.089564,0.248231,-0.116530,0.096121,0.441495,-0.165777,-0.022835,0.194744,-0.151286,-0.105454,0.221210,-0.096448,-0.055001,0.412000
0.122000,-0.017175,0.033100,0.148942,-0.023987,0.020760,-0.033309,-0.041992,0.000833,0.007521,-0.006677,-0.003076,0.141690,-0.024187,0.031742,-0.065036,0.001124,-0.006240,-0.009110,-0.005399,-0.012756,0.103500,-0.015181,0.033202,-0.179804,-0.014707,0.211818,-0.235082,0.083922,0.231532,-0.139323,0.087231,0.427759,-0.166571,-0.022936,0.183801,-0.163038,-0.109152,0.207218,-0.117584,-0.065611,0.378759
0.125725,-0.019400,0.026050,0.155272,-0.026180,0.014177,-0.023735,-0.040542,-0.003108,-0.001806,-0.007329,-0.005022,0.148276,-0.026362,0.025102,-0.056931,0.000410,-0.009853,-0.016732,-0.001885,-0.014465,0.106156,-0.017519,0.025988,-0.184417,-0.011702,0.195472,-0.248109,0.072643,0.208176,-0.160130,0.072458,0.404291,-0.163330,-0.020003,0.170628,-0.169159,-0.103683,0.190109,-0.134499,-0.067464,0.334330
0.128325,-0.018925,0.020775,0.158446,-0.025379,0.009825,-0.018074,-0.037350,-0.005048,-0.009912,-0.005974,-0.005555,0.153075,-0.025522,0.020180,-0.046654,0.002500,-0.011201,-0.019008,0.003483,-0.014385,0.108341,-0.017222,0.020531,-0.186613,-0.007689,0.180300,-0.253772,0.060170,0.186418,-0.172231,0.060265,0.381182,-0.159473,-0.015788,0.158438,-0.168748,-0.091773,0.175132,-0.142500,-0.060290,0.298315
0.126825,-0.019400,0.015650,0.155599,-0.025576,0.005757,-0.010931,-0.033656,-0.006312,-0.017315,-0.005011,-0.005386,0.154558,-0.025650,0.015569,-0.032499,0.001469,-0.011458,-0.016476,0.003197,-0.013245,0.106987,-0.017834,0.015229,-0.191211,-0.004632,0.164860,-0.259499,0.042747,0.163042,-0.183905,0.045453,0.354085,-0.159130,-0.012411,0.146963,-0.170256,-0.076282,0.160065,-0.150671,-0.045737,0.270516
0.124100,-0.019750,0.010800,0.150780,-0.025642,0.001987,-0.002943,-0.030011,-0.007387,-0.021619,-0.004251,-0.005244,0.154386,-0.025642,0.011252,-0.018928,-0.000382,-0.011605,-0.013084,0.000870,-0.012130,0.104748,-0.018311,0.010215,-0.195783,-0.002290,0.149969,-0.261662,0.025302,0.141286,-0.190052,0.032099,0.331493,-0.159976,-0.009626,0.135953,-0.169313,-0.059704,0.146328,-0.154066,-0.026536,0.255930
0.123000,-0.018875,0.006275,0.148008,-0.024427,-0.001543,0.005244,-0.026908,-0.008804,-0.020407,-0.003478,-0.005923,0.154233,-0.024376,0.007148,-0.010340,-0.000700,-0.012644,-0.012678,0.000122,-0.012171,0.104247,-0.017582,0.005546,-0.197957,-0.000396,0.136399,-0.256682,0.012996,0.124357,-0.185800,0.024605,0.321813,-0.159662,-0.007165,0.125169,-0.161475,-0.044713,0.135471,-0.147656,-0.005517,0.259497
0.119900,-0.017075,0.000900,0.142942,-0.021817,-0.005538,0.017500,-0.020896,-0.010689,-0.018969,-0.000822,-0.006665,0.152850,-0.021693,0.001801,0.003718,0.000198,-0.014592,-0.008723,0.001480,-0.012945,0.101924,-0.016102,0.000050,-0.198080,0.002537,0.120456,-0.246044,0.003337,0.106584,-0.175854,0.020637,0.311531,-0.156136,-0.003537,0.112227,-0.146202,-0.028966,0.124310,-0.133143,0.016057,0.266668
0.116325,-0.015225,-0.002650,0.138114,-0.019103,-0.007802,0.027647,-0.015159,-0.011328,-0.018099,0.002139,-0.006258,0.150875,-0.018913,-0.001843,0.015980,0.001672,-0.015409,-0.003492,0.003924,-0.012968,0.098920,-0.014592,-0.003616,-0.197556,0.004408,0.106719,-0.237000,-0.003293,0.091948,-0.168683,0.019105,0.302952,-0.152506,-0.001028,0.100497,-0.132830,-0.017489,0.114341,-0.121063,0.031034,0.271387
0.111975,-0.017800,-0.003600,0.132281,-0.021699,-0.008328,0.038591,-0.014532,-0.010533,-0.012978,0.000517,-0.004708,0.147898,-0.021440,-0.002178,0.026335,-0.002680,-0.013383,-0.001917,0.000244,-0.009913,0.095261,-0.017110,-0.004656,-0.191607,0.000319,0.095161,-0.216807,-0.010609,0.083195,-0.152411,0.014530,0.297430,-0.151059,-0.004309,0.091771,-0.118888,-0.015138,0.109693,-0.102899,0.027358,0.282478
0.107775,-0.018650,-0.003475,0.127471,-0.022816,-0.008089,0.047731,-0.013457,-0.009332,-0.007458,-0.000319,-0.002949,0.143950,-0.022520,-0.001267,0.033438,-0.004888,-0.010611,-0.001018,-0.000689,-0.006429,0.091695,-0.017791,-0.004612,-0.183433,-0.002340,0.084909,-0.193298,-0.012164,0.077780,-0.133924,0.014830,0.292962,-0.149824,-0.006197,0.084394,-0.106055,-0.013994,0.106896,-0.084790,0.018495,0.292482
0.104475,-0.011500,-0.003900,0.125523,-0.015548,-0.008176,0.052272,-0.006222,-0.008923,-0.005554,0.005185,-0.002062,0.138881,-0.015291,-0.001290,0.035764,0.003155,-0.009423,0.001951,0.010166,-0.005408,0.088799,-0.010641,-0.005122,-0.176356,0.003842,0.075133,-0.174442,-0.001725,0.073095,-0.120321,0.027516,0.287548,-0.146972,0.000538,0.076846,-0.096149,-0.005955,0.102575,-0.073138,0.018255,0.294069
0.098275,-0.009075,-0.003425,0.121099,-0.013024,-0.007395,0.053275,-0.003693,-0.007754,-0.005302,0.006921,-0.000606,0.128612,-0.012872,-0.000445,0.032054,0.005637,-0.007486,0.000582,0.014768,-0.003839,0.083362,-0.008156,-0.004691,-0.166443,0.005091,0.065622,-0.151277,0.005516,0.069817,-0.103263,0.035049,0.282488,-0.144194,0.002348,0.069798,-0.088177,-0.004396,0.098481,-0.063203,0.009360,0.291462
0.092325,-0.012600,-0.002250,0.116467,-0.016502,-0.005964,0.050258,-0.007248,-0.006043,-0.006837,0.003817,0.001160,0.118304,-0.016463,0.001043,0.024085,0.001186,-0.005178,-0.004586,0.010603,-0.001872,0.078159,-0.011604,-0.003548,-0.159365,0.000403,0.058596,-0.136248,0.003315,0.066114,-0.094313,0.032288,0.278081,-0.143573,-0.001981,0.064328,-0.087016,-0.008285,0.093631,-0.062813,-0.002152,0.284271
0.087000,-0.013375,-0.004350,0.113042,-0.017737,-0.008259,0.050208,-0.008091,-0.008064,-0.005482,0.003801,-0.000795,0.107320,-0.017852,-0.000379,0.018582,0.000385,-0.005801,-0.004696,0.011566,-0.003258,0.073842,-0.012083,-0.005637,-0.148311,-0.000895,0.048238,-0.115870,0.005400,0.059939,-0.080017,0.033278,0.272028,-0.141680,-0.002954,0.056137,-0.088029,-0.009685,0.084633,-0.065662,-0.009565,0.270369
0.081075,-0.012625,-0.006825,0.108620,-0.017473,-0.010955,0.049901,-0.007712,-0.010531,-0.003933,0.004558,-0.003268,0.096058,-0.017718,-0.002233,0.013723,0.000516,-0.006853,-0.004268,0.012711,-0.005025,0.068972,-0.011025,-0.008081,-0.137487,-0.000052,0.037828,-0.098334,0.008154,0.052428,-0.068778,0.034496,0.263022,-0.139721,-0.001835,0.048090,-0.090279,-0.008370,0.074878,-0.071038,-0.011895,0.254148
0.073375,-0.011500,-0.006775,0.101053,-0.016373,-0.010726,0.046185,-0.007523,-0.010165,-0.004803,0.003854,-0.003084,0.084987,-0.016662,-0.002056,0.007789,-0.001040,-0.005858,-0.007712,0.009189,-0.004228,0.062159,-0.009793,-0.007999,-0.130996,0.001772,0.030875,-0.091714,0.008194,0.044978,-0.068639,0.032578,0.249936,-0.138814,0.000194,0.043243,-0.092735,-0.004141,0.068014,-0.078006,-0.008119,0.240237
0.064850,-0.010075,-0.007225,0.092642,-0.014745,-0.010825,0.043691,-0.006833,-0.010184,-0.002997,0.003580,-0.003513,0.072949,-0.015067,-0.002632,0.003540,-0.001326,-0.005674,-0.009981,0.008140,-0.004246,0.054656,-0.008315,-0.008390,-0.120364,0.004014,0.022978,-0.080731,0.007451,0.036132,-0.064543,0.027411,0.234997,-0.135143,0.002696,0.037776,-0.093722,0.000133,0.059917,-0.083891,-0.003088,0.224111
0.059775,-0.009100,-0.007925,0.087595,-0.013439,-0.011073,0.043643,-0.005903,-0.010355,0.000545,0.004087,-0.004029,0.065944,-0.013753,-0.003592,0.003040,-0.000079,-0.006135,-0.010032,0.010335,-0.004797,0.050235,-0.007367,-0.009061,-0.111163,0.005608,0.016585,-0.071291,0.004830,0.028227,-0.061243,0.020662,0.224226,-0.130854,0.004508,0.032899,-0.093165,0.003943,0.052727,-0.087910,0.001884,0.212825
0.049675,-0.008850,-0.007725,0.076250,-0.012886,-0.010490,0.037356,-0.005730,-0.009737,-0.005076,0.002854,-0.003413,0.055016,-0.013156,-0.003654,0.001719,-0.001404,-0.005612,-0.010682,0.008124,-0.004285,0.040893,-0.007188,-0.008808,-0.104101,0.006700,0.011085,-0.066313,0.002032,0.020629,-0.062495,0.012542,0.211028,-0.125399,0.005835,0.028544,-0.091778,0.008574,0.045374,-0.091473,0.009106,0.199545
0.040350,-0.008675,-0.007175,0.065256,-0.012369,-0.009555,0.031043,-0.005531,-0.008788,-0.010568,0.001737,-0.002503,0.045296,-0.012585,-0.003416,0.001747,-0.002905,-0.004864,-0.010531,0.005587,-0.003472,0.032318,-0.007125,-0.008199,-0.097043,0.007409,0.006769,-0.061262,-0.000902,0.014330,-0.063385,0.004217,0.198881,-0.118406,0.006760,0.024741,-0.088901,0.012596,0.038549,-0.092943,0.015311,0.187513
0.037650,-0.008050,-0.006750,0.061307,-0.011284,-0.008663,0.030950,-0.004607,-0.007897,-0.006597,0.002551,-0.002099,0.041977,-0.011461,-0.003422,0.005391,-0.002228,-0.004609,-0.008053,0.006826,-0.003084,0.030248,-0.006649,-0.007721,-0.087761,0.007773,0.004103,-0.051495,-0.004012,0.010528,-0.058895,-0.003300,0.191474,-0.109429,0.007288,0.021664,-0.083826,0.014498,0.033052,-0.090590,0.017125,0.180080
0.030600,-0.008075,-0.005975,0.051662,-0.010754,-0.007413,0.026529,-0.004302,-0.006693,-0.006226,0.002242,-0.001551,0.035059,-0.010882,-0.003161,0.006135,-0.002033,-0.004131,-0.008258,0.007449,-0.002489,0.023999,-0.006885,-0.006863,-0.080511,0.007274,0.001873,-0.044982,-0.007094,0.007162,-0.057078,-0.010935,0.179223,-0.100947,0.006927,0.018666,-0.081121,0.014488,0.026895,-0.089193,0.015394,0.166668
0.022700,-0.008700,-0.005250,0.041113,-0.011015,-0.006400,0.019946,-0.004679,-0.005715,-0.009718,0.001114,-0.001013,0.027959,-0.011097,-0.002755,0.003557,-0.002296,-0.003613,-0.011093,0.007345,-0.001926,0.016675,-0.007673,-0.006078,-0.079003,0.006326,0.000530,-0.045128,-0.009169,0.004997,-0.060485,-0.014919,0.167488,-0.097334,0.006049,0.016544,-0.082258,0.013506,0.022271,-0.090527,0.011462,0.153484
0.018375,-0.007700,-0.004425,0.034520,-0.009503,-0.005176,0.015866,-0.004495,-0.004575,-0.008913,0.000343,-0.000617,0.023219,-0.009563,-0.002425,0.004440,-0.002137,-0.003097,-0.010541,0.006667,-0.001322,0.013096,-0.006861,-0.005164,-0.071240,0.006411,-0.000487,-0.039768,-0.011329,0.002422,-0.058281,-0.020944,0.153699,-0.088717,0.006207,0.014441,-0.079511,0.011759,0.017593,-0.087117,0.006585,0.139211
0.014650,-0.006600,-0.003375,0.028687,-0.007814,-0.003671,0.011896,-0.004286,-0.003155,-0.007324,-0.000172,-0.000057,0.018895,-0.007860,-0.001942,0.004755,-0.002107,-0.002437,-0.010168,0.005404,-0.000613,0.010088,-0.005970,-0.004024,-0.064018,0.006379,-0.000813,-0.034744,-0.012994,0.000847,-0.055799,-0.025915,0.141367,-0.080893,0.006227,0.012865,-0.077443,0.008900,0.013794,-0.083714,0.000308,0.125543
0.008525,-0.007000,-0.001925,0.020399,-0.007608,-0.001767,0.005583,-0.004679,-0.001297,-0.008591,-0.000654,0.001017,0.013010,-0.007641,-0.001032,0.000423,-0.002834,-0.001442,-0.013606,0.003458,0.000315,0.004451,-0.006599,-0.002512,-0.064174,0.004956,0.000013,-0.035942,-0.013770,0.001749,-0.058310,-0.027023,0.134069,-0.079694,0.004810,0.012420,-0.080635,0.004570,0.011873,-0.084974,-0.007768,0.114289
0.003875,-0.004600,-0.000975,0.013961,-0.004512,-0.000281,0.000448,-0.002270,0.000152,-0.009833,0.001636,0.001846,0.007989,-0.004539,-0.000726,-0.003042,-0.001084,-0.001028,-0.014548,0.003489,0.000450,0.000326,-0.004447,-0.001492,-0.060717,0.004826,0.001021,-0.035666,-0.012614,0.002335,-0.058263,-0.025428,0.123442,-0.075106,0.004661,0.010653,-0.079694,0.003421,0.008426,-0.081531,-0.012747,0.099794
0.003000,-0.000600,-0.001050,0.012562,-0.000076,0.000011,-0.000978,0.001753,0.000443,-0.010446,0.005595,0.002006,0.006319,-0.000104,-0.001221,-0.003912,0.002296,-0.001442,-0.012501,0.005539,-0.000316,-0.000249,-0.000587,-0.001527,-0.055403,0.006111,0.001437,-0.034073,-0.008992,0.002534,-0.056451,-0.020340,0.114650,-0.069473,0.005928,0.008157,-0.075143,0.005008,0.005238,-0.075346,-0.013911,0.088891
-0.002975,-0.000300,-0.001200,0.005602,0.000548,0.000094,-0.005601,0.000752,0.000403,-0.011181,0.003220,0.001339,0.000675,0.000524,-0.001660,-0.006370,0.002120,-0.001799,-0.013038,0.004377,-0.000906,-0.005963,-0.000395,-0.001643,-0.054775,0.003494,0.001915,-0.039167,-0.008846,0.002228,-0.060240,-0.019541,0.099917,-0.068659,0.003255,0.005462,-0.077522,0.000373,0.001432,-0.075208,-0.022109,0.078727
-0.008900,-0.000400,-0.001500,-0.001121,0.000637,-0.000090,-0.009703,-0.000752,0.000085,-0.011185,0.000400,0.000364,-0.005160,0.000617,-0.002140,-0.009187,0.001384,-0.002203,-0.013563,0.002671,-0.001600,-0.011615,-0.000558,-0.001905,-0.054764,0.000729,0.002274,-0.044549,-0.009179,0.001746,-0.064297,-0.019687,0.086333,-0.068533,0.000415,0.002823,-0.082011,-0.003961,-0.003230,-0.077223,-0.029779,0.068243
-0.009700,0.002250,-0.002125,-0.001883,0.003309,-0.000703,-0.009686,0.001598,-0.000560,-0.009734,0.002849,-0.000501,-0.007478,0.003287,-0.002858,-0.011216,0.002954,-0.002852,-0.011548,0.002987,-0.002779,-0.012076,0.002088,-0.002482,-0.051363,0.001421,0.002251,-0.043880,-0.007081,0.001359,-0.063385,-0.017472,0.080913,-0.065036,0.001041,0.000429,-0.083866,-0.001677,-0.009020,-0.077440,-0.029617,0.056295
-0.008200,0.003325,-0.002600,-0.000544,0.004298,-0.001280,-0.005899,0.002836,-0.001188,-0.004571,0.004206,-0.001338,-0.006612,0.004279,-0.003302,-0.008267,0.003995,-0.003288,-0.005441,0.004153,-0.003681,-0.010309,0.003184,-0.002920,-0.044933,0.000711,0.002181,-0.042882,-0.007350,-0.000431,-0.060783,-0.016592,0.070120,-0.057724,0.000258,-0.001775,-0.080690,-0.000295,-0.014088,-0.073188,-0.029496,0.047624
-0.005150,0.002300,-0.002700,0.002236,0.003121,-0.001538,-0.000210,0.002355,-0.001490,0.001763,0.003803,-0.001737,-0.002989,0.003108,-0.003259,-0.001788,0.003984,-0.003301,0.001754,0.005572,-0.003865,-0.007200,0.002193,-0.003013,-0.038711,-0.001002,0.002007,-0.042055,-0.008776,-0.002380,-0.057988,-0.016221,0.059384,-0.050281,-0.001487,-0.002775,-0.074121,-0.001521,-0.015637,-0.066627,-0.031027,0.046336
-0.008475,0.001675,-0.000925,-0.001401,0.002387,0.000112,-0.001904,0.000871,0.000072,0.002837,0.001771,-0.000622,-0.006679,0.002377,-0.001415,-0.004811,0.002400,-0.001400,-0.000331,0.003045,-0.002069,-0.010324,0.001608,-0.001209,-0.039010,-0.002095,0.003627,-0.048772,-0.010276,-0.003163,-0.061502,-0.015052,0.046651,-0.050524,-0.002613,-0.001671,-0.077294,0.000502,-0.016991,-0.068552,-0.030665,0.042712
-0.013225,0.001675,0.000250,-0.006820,0.002262,0.001136,-0.006282,0.000211,0.001046,0.000374,0.000746,0.000048,-0.011728,0.002256,-0.000151,-0.010316,0.001630,-0.000097,-0.004697,0.001238,-0.000889,-0.014853,0.001653,-0.000002,-0.041305,-0.002100,0.004459,-0.057267,-0.012021,-0.005171,-0.066507,-0.013688,0.033091,-0.053000,-0.002641,-0.000836,-0.082931,0.004908,-0.019104,-0.072906,-0.027745,0.037348
-0.014475,0.002450,-0.001600,-0.009413,0.002847,-0.000947,-0.008651,0.002177,-0.000965,-0.003921,0.003366,-0.001630,-0.012205,0.002845,-0.001800,-0.011314,0.004026,-0.001862,-0.004419,0.004822,-0.002873,-0.015985,0.002479,-0.001835,-0.041069,-0.000651,0.001987,-0.061803,-0.014251,-0.010711,-0.068166,-0.012788,0.019917,-0.052257,-0.001194,-0.002587,-0.083771,0.010717,-0.022880,-0.073654,-0.021707,0.030892
-0.013700,0.001275,-0.002400,-0.009817,0.001486,-0.001978,-0.008318,0.001682,-0.001967,-0.004110,0.003261,-0.002524,-0.011089,0.001486,-0.002422,-0.010979,0.003299,-0.002531,-0.003586,0.004339,-0.003605,-0.015031,0.001371,-0.002608,-0.037870,-0.001145,0.000463,-0.065394,-0.020291,-0.016673,-0.067939,-0.013867,0.005316,-0.049561,-0.001678,-0.003263,-0.083416,0.016315,-0.026461,-0.071863,-0.018385,0.025072
-0.011325,-0.001250,-0.001775,-0.007861,-0.001130,-0.001464,-0.005482,-0.001018,-0.001483,-0.000108,0.000481,-0.002213,-0.008969,-0.001129,-0.001731,-0.009474,-0.000175,-0.001794,-0.002561,0.000040,-0.002750,-0.012506,-0.001104,-0.001961,-0.033371,-0.003299,0.000595,-0.066350,-0.027524,-0.020223,-0.066081,-0.016616,-0.003456,-0.046318,-0.003799,-0.002577,-0.082099,0.019473,-0.028136,-0.068597,-0.019224,0.022786
-0.013675,0.003600,-0.002450,-0.011569,0.003835,-0.002110,-0.009847,0.004965,-0.002061,-0.004929,0.007278,-0.002686,-0.011068,0.003836,-0.002497,-0.012144,0.004284,-0.002535,-0.007712,0.004043,-0.003097,-0.014649,0.003658,-0.002603,-0.034068,0.002522,-0.000828,-0.068979,-0.030472,-0.025450,-0.065023,-0.011424,-0.010934,-0.044361,0.001953,-0.003165,-0.085983,0.031957,-0.033358,-0.070516,-0.008494,0.011240
-0.015775,0.008025,-0.003450,-0.015189,0.008458,-0.003016,-0.014295,0.010348,-0.002909,-0.010718,0.012981,-0.003314,-0.012776,0.008457,-0.003654,-0.014141,0.008676,-0.003683,-0.012513,0.008251,-0.003817,-0.016536,0.007947,-0.003569,-0.034526,0.007770,-0.002441,-0.068420,-0.035380,-0.030293,-0.061134,-0.007780,-0.016071,-0.041120,0.007100,-0.004243,-0.090453,0.044452,-0.039981,-0.073143,0.003179,-0.003330
-0.012700,0.004125,-0.003750,-0.013039,0.004754,-0.003201,-0.011802,0.005891,-0.003145,-0.009698,0.007085,-0.003374,-0.009527,0.004754,-0.004124,-0.010678,0.005053,-0.004156,-0.010499,0.004727,-0.004077,-0.013292,0.003938,-0.003842,-0.029351,0.003737,-0.002794,-0.059855,-0.048571,-0.032537,-0.050818,-0.015299,-0.017703,-0.034055,0.003006,-0.005008,-0.090933,0.047523,-0.045809,-0.072063,0.004998,-0.014643
-0.010725,0.003550,-0.003950,-0.012243,0.004383,-0.003297,-0.010965,0.006035,-0.003215,-0.010907,0.007109,-0.003151,-0.007629,0.004383,-0.004515,-0.008584,0.004772,-0.004553,-0.010903,0.004759,-0.004112,-0.011045,0.003272,-0.003999,-0.023502,0.002469,-0.002808,-0.048319,-0.059547,-0.033776,-0.037369,-0.021045,-0.019976,-0.027966,0.001725,-0.005943,-0.093911,0.052549,-0.051954,-0.072035,0.007445,-0.029620
-0.010850,0.006625,-0.003950,-0.013206,0.007555,-0.003263,-0.012208,0.010722,-0.003094,-0.013749,0.013043,-0.002762,-0.008047,0.007558,-0.004623,-0.008924,0.007968,-0.004665,-0.013544,0.008297,-0.003891,-0.010932,0.006324,-0.003961,-0.019898,0.004659,-0.002490,-0.039700,-0.063974,-0.033604,-0.027649,-0.023089,-0.021890,-0.025916,0.003966,-0.006565,-0.098024,0.058393,-0.055289,-0.073249,0.010278,-0.040493
-0.007300,0.004925,-0.004250,-0.009917,0.005939,-0.003519,-0.007917,0.008810,-0.003398,-0.009553,0.010550,-0.003058,-0.004977,0.005943,-0.005033,-0.004810,0.006367,-0.005065,-0.010619,0.006910,-0.004127,-0.007183,0.004553,-0.004229,-0.015536,0.001515,-0.001801,-0.025168,-0.070016,-0.030053,-0.013478,-0.027595,-0.015584,-0.019433,0.000788,-0.007804,-0.094591,0.057601,-0.057230,-0.070460,0.012732,-0.049665
-0.005200,0.001925,-0.004400,-0.007723,0.002953,-0.003661,-0.005078,0.004858,-0.003614,-0.006586,0.005486,-0.003315,-0.003348,0.002958,-0.005229,-0.001858,0.003427,-0.005250,-0.007631,0.004099,-0.004333,-0.004963,0.001517,-0.004360,-0.013731,-0.003097,-0.000789,-0.014090,-0.073589,-0.025097,-0.003060,-0.031770,-0.009810,-0.015806,-0.003832,-0.008816,-0.089697,0.051864,-0.056034,-0.067792,0.012604,-0.054122
-0.009775,0.001050,-0.003925,-0.012058,0.001992,-0.003237,-0.010803,0.003465,-0.003175,-0.013255,0.003827,-0.002749,-0.008209,0.001996,-0.004696,-0.005845,0.002622,-0.004718,-0.010294,0.003430,-0.004019,-0.009539,0.000717,-0.003886,-0.017835,-0.005430,0.000556,-0.015937,-0.070737,-0.020688,-0.004695,-0.033062,-0.013318,-0.022431,-0.006036,-0.008771,-0.089477,0.042902,-0.050094,-0.069501,0.007787,-0.050931
-0.008750,0.000825,-0.002775,-0.010586,0.001713,-0.002104,-0.010104,0.002567,-0.002057,-0.011943,0.002699,-0.001747,-0.007544,0.001716,-0.003517,-0.004681,0.001943,-0.003510,-0.007882,0.002400,-0.002995,-0.008538,0.000549,-0.002740,-0.016502,-0.006877,0.002419,-0.013316,-0.063758,-0.015147,-0.002720,-0.032708,-0.015185,-0.022558,-0.007343,-0.007847,-0.077387,0.031569,-0.040603,-0.060259,0.001821,-0.043032
-0.002575,0.001425,-0.001525,-0.003969,0.002314,-0.000831,-0.003232,0.002671,-0.000820,-0.003203,0.002722,-0.000815,-0.001621,0.002316,-0.002278,0.001125,0.001779,-0.002226,-0.001513,0.001570,-0.001769,-0.002402,0.001160,-0.001496,-0.010338,-0.006640,0.003858,-0.007516,-0.056484,-0.011164,0.001867,-0.031157,-0.014529,-0.016069,-0.007020,-0.006487,-0.059556,0.024044,-0.032021,-0.044692,-0.002104,-0.034157
-0.004450,0.002900,-0.001975,-0.005516,0.003882,-0.001173,-0.004989,0.004989,-0.001123,-0.006756,0.005385,-0.000842,-0.003028,0.003885,-0.002781,-0.000173,0.003790,-0.002756,-0.003037,0.004093,-0.002291,-0.004449,0.002614,-0.001973,-0.012539,-0.005337,0.003444,-0.010698,-0.045659,-0.008612,-0.003218,-0.027160,-0.013847,-0.017635,-0.005609,-0.006618,-0.044956,0.014553,-0.022633,-0.034062,-0.006431,-0.019945
-0.005250,0.004050,-0.002825,-0.005997,0.005135,-0.001898,-0.006370,0.006682,-0.001803,-0.010629,0.007062,-0.001147,-0.003010,0.005139,-0.003671,-0.000264,0.005362,-0.003665,-0.003865,0.005981,-0.003111,-0.005513,0.003732,-0.002865,-0.014733,-0.004162,0.002588,-0.013254,-0.035618,-0.006638,-0.008182,-0.023580,-0.011063,-0.018835,-0.004352,-0.007079,-0.031003,0.005529,-0.014371,-0.024305,-0.010257,-0.005884
0.004175,0.003725,-0.002725,0.003877,0.004884,-0.001680,0.001752,0.005103,-0.001603,-0.002689,0.004413,-0.000958,0.007223,0.004890,-0.003581,0.009256,0.004099,-0.003517,0.004771,0.003589,-0.002793,0.003590,0.003369,-0.002816,-0.008548,-0.004352,0.002790,-0.005536,-0.030663,-0.004275,-0.003204,-0.023294,-0.003949,-0.011269,-0.004529,-0.006699,-0.015105,-0.000606,-0.009200,-0.011386,-0.012633,0.002557
0.010450,0.002850,-0.002225,0.010532,0.004165,-0.000998,0.006927,0.003961,-0.000900,0.001697,0.002904,-0.000144,0.014466,0.004173,-0.003157,0.016524,0.002693,-0.003051,0.010848,0.001572,-0.002132,0.009546,0.002408,-0.002366,-0.005134,-0.004992,0.003281,-0.000498,-0.025769,-0.001528,-0.000999,-0.022354,0.005024,-0.004996,-0.005189,-0.005920,0.000563,-0.007472,-0.003164,0.000262,-0.014379,0.013569
0.010500,0.001925,-0.001575,0.010718,0.003388,-0.000199,0.006670,0.003848,-0.000055,0.000474,0.003284,0.000873,0.015157,0.003399,-0.002601,0.017970,0.001870,-0.002487,0.011394,0.000932,-0.001446,0.009435,0.001395,-0.001742,-0.006135,-0.005691,0.003802,-0.000594,-0.023292,0.000277,-0.002625,-0.021168,0.011378,-0.003114,-0.005923,-0.005129,0.008211,-0.011608,0.000770,0.004848,-0.014633,0.021657
0.010275,0.001325,-0.000950,0.011422,0.002638,0.000344,0.009447,0.003559,0.000460,0.002450,0.002821,0.001516,0.016152,0.002654,-0.001764,0.018974,0.002598,-0.001744,0.012203,0.003242,-0.000748,0.008796,0.000805,-0.001184,-0.008770,-0.005409,0.004020,-0.001793,-0.020133,0.001838,-0.006384,-0.021120,0.018961,-0.003030,-0.005679,-0.004076,0.012511,-0.013493,0.004077,0.004669,-0.010065,0.028975
0.011600,0.001100,-0.001125,0.013568,0.002145,-0.000021,0.013653,0.003690,0.000076,0.005900,0.002922,0.001261,0.018787,0.002167,-0.001614,0.020916,0.003550,-0.001692,0.013840,0.005599,-0.000720,0.009697,0.000627,-0.001428,-0.010127,-0.004675,0.003427,-0.001702,-0.017399,0.002323,-0.008899,-0.021183,0.025981,-0.001763,-0.004991,-0.003828,0.016464,-0.013203,0.005571,0.004562,-0.003736,0.033077
0.016400,0.001350,-0.002875,0.018223,0.002223,-0.001913,0.017892,0.004966,-0.001742,0.009405,0.005173,-0.000399,0.024491,0.002255,-0.003148,0.025292,0.003554,-0.003233,0.017021,0.005340,-0.002081,0.014298,0.000891,-0.003212,-0.007207,-0.004033,0.001546,0.002226,-0.016150,0.000963,-0.006676,-0.020330,0.030748,0.003677,-0.004404,-0.005473,0.023107,-0.010871,0.004065,0.009418,0.001198,0.031571
0.014775,-0.000825,-0.003625,0.016802,-0.000228,-0.002883,0.016451,0.004138,-0.002627,0.009280,0.006284,-0.001409,0.023471,-0.000190,-0.003606,0.023521,0.001048,-0.003696,0.015009,0.002707,-0.002509,0.012484,-0.001235,-0.003995,-0.011325,-0.005186,0.000322,-0.003101,-0.015865,-0.000197,-0.012313,-0.018927,0.032101,0.002256,-0.005631,-0.005813,0.021443,-0.010873,0.003389,0.006272,0.003494,0.030905
0.007525,-0.004325,-0.003025,0.009983,-0.003976,-0.002477,0.009973,0.001632,-0.002164,0.005461,0.005715,-0.001284,0.016219,-0.003937,-0.002775,0.016459,-0.002727,-0.002863,0.008774,-0.001015,-0.001804,0.005155,-0.004674,-0.003411,-0.020412,-0.007554,0.000321,-0.015007,-0.016332,-0.000513,-0.022974,-0.017322,0.029326,-0.005292,-0.008048,-0.004713,0.012300,-0.013546,0.003942,-0.003327,0.001657,0.031294
0.005425,-0.003000,-0.001050,0.007738,-0.002623,-0.000476,0.007049,0.002605,-0.000163,0.003044,0.006505,0.000641,0.014143,-0.002579,-0.000809,0.013494,-0.000498,-0.000957,0.004855,0.002007,0.000233,0.003047,-0.003370,-0.001440,-0.023459,-0.005453,0.001801,-0.020383,-0.011793,0.000942,-0.027150,-0.009477,0.030269,-0.007518,-0.005958,-0.002315,0.010031,-0.012302,0.006579,-0.006332,0.003847,0.035038
0.005675,0.000225,0.000375,0.007410,0.000785,0.001096,0.005026,0.005082,0.001408,0.000428,0.008093,0.002281,0.014476,0.000838,0.000472,0.012430,0.003800,0.000261,0.002228,0.007061,0.001676,0.003335,-0.000219,-0.000011,-0.023628,-0.001561,0.002739,-0.022519,-0.004853,0.002139,-0.028402,0.000501,0.031855,-0.006881,-0.002062,-0.000471,0.011646,-0.009569,0.009175,-0.005420,0.007580,0.038481
0.005525,0.002350,-0.000825,0.006376,0.003120,0.000060,0.001239,0.007042,0.000429,-0.004050,0.009910,0.001408,0.014487,0.003185,-0.000894,0.011110,0.006139,-0.001118,-0.000093,0.009338,0.000449,0.003248,0.001812,-0.001203,-0.024001,0.001359,0.000967,-0.024623,0.001684,0.000865,-0.030210,0.008299,0.030860,-0.005793,0.000858,-0.001185,0.014192,-0.007756,0.009417,-0.003240,0.010394,0.037817
0.006050,0.000475,-0.000950,0.006301,0.001422,0.000073,-0.001153,0.004507,0.000468,-0.006428,0.007024,0.001424,0.014390,0.001492,-0.001202,0.009427,0.004265,-0.001429,-0.002275,0.007296,0.000236,0.003948,-0.000119,-0.001301,-0.021949,0.000145,0.000282,-0.023983,0.002793,0.000407,-0.029320,0.009523,0.029668,-0.004002,-0.000320,-0.000917,0.015039,-0.010116,0.009639,-0.001395,0.007227,0.035547
0.006900,-0.004425,0.000100,0.007122,-0.003420,0.001171,-0.001054,-0.001224,0.001546,-0.005615,0.000896,0.002363,0.014156,-0.003354,-0.000260,0.008155,-0.000848,-0.000476,-0.003294,0.001983,0.001187,0.004998,-0.005011,-0.000219,-0.018593,-0.004578,0.001052,-0.020974,-0.000865,0.001379,-0.026225,0.004703,0.028975,-0.002469,-0.004985,0.000224,0.013694,-0.016630,0.010065,-0.000790,-0.001546,0.032639
0.008125,-0.005050,-0.001100,0.007821,-0.004088,-0.000116,0.001477,-0.001175,0.000245,-0.001690,0.001486,0.000843,0.015345,-0.004012,-0.001426,0.008856,-0.001210,-0.001664,-0.003218,0.001915,0.000088,0.006372,-0.005627,-0.001396,-0.016301,-0.004812,-0.000445,-0.018472,0.001261,0.000631,-0.023021,0.007871,0.026787,-0.000168,-0.005183,-0.000739,0.016405,-0.017059,0.009394,0.002968,-0.003804,0.031651
0.009450,-0.006050,-0.002275,0.008602,-0.005223,-0.001469,0.005212,-0.001265,-0.001140,0.003760,0.002033,-0.000807,0.016869,-0.005132,-0.002476,0.010091,-0.001696,-0.002753,-0.001505,0.001854,-0.001094,0.007828,-0.006595,-0.002550,-0.014553,-0.005423,-0.001849,-0.015704,0.002894,0.000200,-0.019438,0.011136,0.025149,0.001883,-0.005764,-0.001682,0.019283,-0.017423,0.008815,0.006660,-0.005931,0.031457
0.010475,-0.012000,-0.001225,0.009500,-0.011386,-0.000644,0.008713,-0.007368,-0.000389,0.008924,-0.004208,-0.000328,0.017520,-0.011290,-0.001262,0.010267,-0.007111,-0.001582,0.002176,-0.003388,-0.000466,0.009007,-0.012467,-0.001475,-0.012932,-0.011211,-0.000862,-0.012017,-0.002083,0.002077,-0.015316,0.006770,0.026053,0.002607,-0.011516,-0.000563,0.018375,-0.023755,0.009423,0.007040,-0.014298,0.030795
0.009850,-0.012400,-0.000900,0.009028,-0.012015,-0.000543,0.010718,-0.007603,-0.000342,0.012582,-0.004128,-0.000538,0.016325,-0.011921,-0.000772,0.009205,-0.007481,-0.001101,0.005148,-0.003999,-0.000608,0.008528,-0.012787,-0.001126,-0.013143,-0.011435,-0.000604,-0.010856,-0.000555,0.003288,-0.012919,0.009973,0.024710,0.002055,-0.011717,-0.000180,0.016512,-0.023860,0.009261,0.005778,-0.015501,0.030554
0.007925,-0.007050,-0.001450,0.007462,-0.006808,-0.001216,0.010301,-0.001906,-0.001023,0.013023,0.002142,-0.001341,0.013936,-0.006721,-0.001223,0.007521,-0.002669,-0.001519,0.006041,0.000239,-0.001418,0.006666,-0.007392,-0.001666,-0.015069,-0.005957,-0.001225,-0.012788,0.007363,0.003397,-0.013443,0.019747,0.021814,0.000535,-0.006229,-0.000693,0.014663,-0.018309,0.008639,0.003570,-0.009576,0.030799
0.004425,-0.010625,-0.001400,0.005133,-0.010451,-0.001180,0.009289,-0.005682,-0.001031,0.012853,-0.001494,-0.001472,0.009380,-0.010390,-0.001161,0.002872,-0.005909,-0.001473,0.007678,-0.003197,-0.002353,0.003171,-0.010917,-0.001616,-0.017329,-0.009310,-0.001392,-0.015551,0.006089,0.003703,-0.015230,0.020422,0.021185,-0.002623,-0.009537,-0.000500,0.012501,-0.022117,0.009453,0.000646,-0.015003,0.037925
0.000575,-0.014875,-0.000875,0.002607,-0.014715,-0.000617,0.008554,-0.010426,-0.000543,0.013083,-0.006494,-0.001143,0.004514,-0.014683,-0.000668,-0.001755,-0.009629,-0.001002,0.009403,-0.006972,-0.002863,-0.000698,-0.015122,-0.001096,-0.019671,-0.013008,-0.001307,-0.018898,0.003923,0.003948,-0.017974,0.020181,0.021866,-0.006719,-0.013177,0.000392,0.009717,-0.025719,0.010973,-0.003217,-0.020448,0.047169
-0.002300,-0.011550,-0.000050,0.000523,-0.011365,0.000247,0.009017,-0.007606,0.000225,0.014753,-0.004271,-0.000600,0.001291,-0.011348,0.000116,-0.003331,-0.006236,-0.000205,0.010540,-0.003721,-0.002452,-0.003574,-0.011766,-0.000272,-0.021701,-0.008558,-0.001236,-0.022495,0.009158,0.003787,-0.021271,0.027240,0.022811,-0.010864,-0.008673,0.001927,0.006162,-0.019557,0.012404,-0.008066,-0.014588,0.053647
-0.007600,-0.009350,0.001000,-0.003964,-0.009129,0.001346,0.006952,-0.005544,0.001242,0.013635,-0.002588,0.000223,-0.004669,-0.009131,0.001093,-0.007594,-0.004248,0.000800,0.006255,-0.001679,-0.001408,-0.008819,-0.009509,0.000787,-0.023023,-0.005628,-0.000821,-0.024571,0.011212,0.003718,-0.023833,0.030999,0.026039,-0.016206,-0.005651,0.003478,0.001511,-0.012488,0.013263,-0.014364,-0.008439,0.061132
-0.012675,-0.009375,0.001750,-0.008606,-0.009132,0.002127,0.003420,-0.005322,0.001994,0.010352,-0.002386,0.000906,-0.010370,-0.009149,0.001782,-0.012371,-0.004685,0.001521,-0.001238,-0.001920,-0.000245,-0.013812,-0.009478,0.001551,-0.023012,-0.005662,-0.000286,-0.024125,0.009144,0.003789,-0.024478,0.029680,0.029957,-0.020098,-0.005594,0.004282,-0.001928,-0.008105,0.013187,-0.019112,-0.005136,0.065881
-0.014150,-0.007875,0.000975,-0.008440,-0.007601,0.001474,0.003610,-0.003952,0.001304,0.005985,-0.002252,0.000887,-0.013225,-0.007657,0.000912,-0.014833,-0.003227,0.000663,-0.006019,0.000238,-0.000738,-0.015341,-0.007929,0.000766,-0.021685,-0.003042,-0.001909,-0.026250,0.010236,0.000623,-0.025404,0.034482,0.025769,-0.021623,-0.002950,0.004044,-0.007464,0.000363,0.009631,-0.024553,0.004875,0.057631
-0.014000,-0.007825,-0.000075,-0.007147,-0.007455,0.000586,0.003831,-0.004592,0.000373,0.001908,-0.004553,0.000574,-0.014470,-0.007542,-0.000298,-0.016306,-0.003222,-0.000531,-0.010102,0.000671,-0.001521,-0.015173,-0.007851,-0.000282,-0.019363,-0.001919,-0.003769,-0.028912,0.009938,-0.003231,-0.025641,0.038339,0.017234,-0.022410,-0.001817,0.003521,-0.013157,0.007884,0.005222,-0.028570,0.013551,0.044604
-0.014200,-0.012250,-0.000075,-0.008363,-0.011654,0.000742,0.000486,-0.010459,0.000482,-0.000382,-0.011725,0.000454,-0.015346,-0.011732,-0.000559,-0.018098,-0.008064,-0.000751,-0.015454,-0.004773,-0.001168,-0.015081,-0.012282,-0.000231,-0.016360,-0.006490,-0.003867,-0.030044,0.003624,-0.005142,-0.024197,0.034105,0.008213,-0.024136,-0.006345,0.003554,-0.017130,0.009339,0.002693,-0.029154,0.012728,0.035101
-0.014350,-0.015200,-0.000050,-0.009178,-0.014454,0.000869,-0.001736,-0.014378,0.000574,-0.001890,-0.016515,0.000393,-0.015951,-0.014529,-0.000707,-0.019312,-0.011304,-0.000870,-0.019039,-0.008422,-0.000906,-0.015039,-0.015235,-0.000172,-0.014363,-0.009540,-0.003906,-0.030796,-0.000591,-0.006389,-0.023203,0.031261,0.002218,-0.025317,-0.009365,0.003600,-0.019810,0.010300,0.001032,-0.029519,0.012175,0.028806
