body_0_vel_x,body_0_vel_y,body_0_vel_z,body_1_vel_x,body_1_vel_y,body_1_vel_z,body_2_vel_x,body_2_vel_y,body_2_vel_z,body_3_vel_x,body_3_vel_y,body_3_vel_z,body_4_vel_x,body_4_vel_y,body_4_vel_z,body_5_vel_x,body_5_vel_y,body_5_vel_z,body_6_vel_x,body_6_vel_y,body_6_vel_z,body_7_vel_x,body_7_vel_y,body_7_vel_z,body_8_vel_x,body_8_vel_y,body_8_vel_z,body_9_vel_x,body_9_vel_y,body_9_vel_z,body_10_vel_x,body_10_vel_y,body_10_vel_z,body_11_vel_x,body_11_vel_y,body_11_vel_z,body_12_vel_x,body_12_vel_y,body_12_vel_z,body_13_vel_x,body_13_vel_y,body_13_vel_z
-0.011700,0.014600,-0.001350,-0.009634,0.014617,-0.001301,-0.009170,0.014807,-0.001318,-0.004704,0.016055,-0.001990,-0.011761,0.014613,-0.001322,-0.019142,0.013950,-0.001154,-0.026129,0.014536,-0.000041,-0.012286,0.014555,-0.001416,-0.027311,0.013812,0.000553,-0.024122,0.022301,0.002665,-0.013416,0.015700,0.021639,-0.024190,0.013633,-0.001292,-0.020866,0.008052,0.000430,-0.010928,0.018241,0.020228
-0.010875,0.011625,-0.001500,-0.009379,0.011698,-0.001410,-0.008364,0.011631,-0.001466,-0.004720,0.012191,-0.002025,-0.010540,0.011698,-0.001520,-0.017977,0.010977,-0.001346,-0.025154,0.011323,-0.000178,-0.011413,0.011550,-0.001561,-0.026235,0.010820,0.000331,-0.026255,0.022890,0.002361,-0.013634,0.012509,0.026957,-0.022559,0.010598,-0.001544,-0.022581,0.001884,0.000096,-0.010674,0.016266,0.025521
-0.008350,0.002625,-0.001950,-0.008555,0.002874,-0.001733,-0.005851,0.002026,-0.001906,-0.004607,0.000524,-0.002141,-0.006807,0.002887,-0.002120,-0.014365,0.001990,-0.001931,-0.022068,0.001618,-0.000606,-0.008746,0.002458,-0.001995,-0.022743,0.001741,-0.000284,-0.029173,0.020754,0.001568,-0.013057,0.003498,0.036668,-0.017394,0.001414,-0.002260,-0.023939,-0.013164,-0.000812,-0.008731,0.009528,0.035153
-0.005300,-0.002450,-0.002575,-0.006255,-0.002054,-0.002244,-0.002139,-0.003086,-0.002483,-0.004002,-0.005877,-0.002205,-0.003017,-0.002033,-0.002872,-0.009733,-0.002532,-0.002720,-0.016700,-0.002875,-0.001483,-0.005643,-0.002681,-0.002615,-0.018795,-0.002876,-0.001357,-0.029932,0.021683,0.000494,-0.010844,-0.002234,0.045626,-0.012780,-0.003255,-0.002756,-0.024295,-0.023565,-0.001171,-0.005937,0.005792,0.044550
-0.003275,-0.001025,-0.003050,-0.003660,-0.000587,-0.002678,0.000855,-0.001118,-0.002899,-0.003302,-0.003781,-0.002165,-0.001095,-0.000568,-0.003386,-0.006448,-0.000304,-0.003300,-0.011792,0.000104,-0.002352,-0.003677,-0.001258,-0.003096,-0.016513,-0.000662,-0.002371,-0.030059,0.027936,-0.000235,-0.008540,-0.002249,0.054373,-0.011163,-0.001029,-0.002790,-0.025563,-0.026605,-0.000689,-0.004079,0.007490,0.054042
-0.005450,0.002525,-0.002825,-0.006572,0.002840,-0.002572,-0.001648,0.002876,-0.002775,-0.003754,0.000931,-0.002408,-0.002678,0.002863,-0.003055,-0.006844,0.002977,-0.002981,-0.011220,0.002784,-0.002164,-0.005786,0.002323,-0.002864,-0.017602,0.003666,-0.002699,-0.033419,0.035376,-0.000367,-0.010571,0.000782,0.061388,-0.011895,0.003279,-0.002239,-0.028709,-0.026271,0.000273,-0.005795,0.011886,0.061724
-0.005300,0.005250,-0.002200,-0.007308,0.005433,-0.002073,-0.002227,0.005902,-0.002255,-0.001511,0.004719,-0.002405,-0.001926,0.005463,-0.002317,-0.005420,0.004923,-0.002217,-0.008913,0.003511,-0.001500,-0.005556,0.005074,-0.002230,-0.016510,0.007107,-0.002562,-0.033794,0.040856,-0.000021,-0.010395,0.003521,0.066962,-0.009952,0.006690,-0.001332,-0.028156,-0.025572,0.001587,-0.004944,0.015628,0.067881
0.003625,0.004250,-0.001425,0.001731,0.004473,-0.001259,0.006428,0.005062,-0.001411,0.007127,0.004165,-0.001543,0.006909,0.004505,-0.001576,0.003235,0.003249,-0.001428,0.001134,0.000765,-0.000915,0.003353,0.004050,-0.001457,-0.007711,0.006668,-0.002117,-0.024982,0.041330,0.000761,-0.001387,0.002686,0.071554,-0.000340,0.006230,-0.000269,-0.018358,-0.027558,0.003154,0.004692,0.015388,0.072938
0.007675,0.002775,-0.000800,0.006285,0.003049,-0.000587,0.010802,0.003400,-0.000743,0.012568,0.002867,-0.001071,0.010146,0.003076,-0.001005,0.006854,0.001290,-0.000834,0.007207,-0.001812,-0.000740,0.007475,0.002591,-0.000823,-0.001428,0.005359,-0.001781,-0.018386,0.039617,0.001251,0.003728,-0.000312,0.073447,0.003912,0.005009,0.000506,-0.014255,-0.029476,0.004213,0.008263,0.012628,0.075160
0.004850,0.001525,-0.000650,0.004112,0.001826,-0.000414,0.008758,0.001667,-0.000606,0.012163,0.001358,-0.001253,0.006197,0.001844,-0.000893,0.003669,-0.000040,-0.000735,0.006311,-0.003021,-0.001062,0.004772,0.001393,-0.000659,-0.000796,0.003824,-0.001746,-0.017084,0.036786,0.001333,0.002548,-0.004077,0.072946,0.000691,0.003628,0.000612,-0.017690,-0.030649,0.004404,0.004152,0.008769,0.074709
0.004575,0.005375,-0.000250,0.003236,0.005665,-0.000043,0.009972,0.005270,-0.000348,0.015131,0.004381,-0.001360,0.006070,0.005689,-0.000485,0.002509,0.003737,-0.000294,0.004065,0.000362,-0.000415,0.004616,0.005240,-0.000246,0.000458,0.007834,-0.001550,-0.015640,0.039241,0.001408,0.002314,0.000196,0.070884,0.002191,0.007642,0.001045,-0.015812,-0.025350,0.004796,0.004080,0.012520,0.072822
0.003925,0.007825,-0.000050,0.001848,0.008103,0.000132,0.009887,0.007489,-0.000249,0.015515,0.005830,-0.001379,0.005805,0.008134,-0.000273,0.001263,0.006075,-0.000048,0.001227,0.002265,0.000126,0.004048,0.007671,-0.000037,0.000556,0.010495,-0.001522,-0.015272,0.040000,0.001243,0.001276,0.003936,0.067406,0.003566,0.010268,0.001272,-0.013675,-0.020804,0.004898,0.003972,0.015383,0.069492
0.000000,0.002325,-0.000550,-0.001805,0.002626,-0.000332,0.004066,0.001539,-0.000645,0.007564,-0.000473,-0.001371,0.001485,0.002653,-0.000799,-0.002092,0.000389,-0.000585,-0.001332,-0.003407,-0.000568,0.000122,0.002177,-0.000537,-0.002302,0.004881,-0.002040,-0.017054,0.032037,0.000579,-0.002202,-0.001447,0.062689,-0.000064,0.004695,0.000729,-0.016251,-0.024272,0.004216,-0.000138,0.008756,0.064754
0.000400,0.000100,-0.001025,-0.000798,0.000400,-0.000791,0.002888,-0.001355,-0.001047,0.004761,-0.003660,-0.001471,0.001311,0.000419,-0.001278,-0.001389,-0.001965,-0.001079,-0.001246,-0.005321,-0.000981,0.000487,-0.000028,-0.001016,-0.000430,0.002353,-0.002463,-0.014197,0.027153,-0.000037,-0.001120,-0.003435,0.057032,0.000802,0.002216,0.000084,-0.014490,-0.024433,0.003328,0.000117,0.004997,0.058931
0.004900,0.002325,-0.001275,0.004335,0.002604,-0.001048,0.006899,0.000319,-0.001286,0.008441,-0.002075,-0.001655,0.005325,0.002615,-0.001510,0.002944,0.000265,-0.001323,0.001352,-0.002430,-0.000946,0.004938,0.002220,-0.001271,0.005306,0.004223,-0.002609,-0.007383,0.026837,-0.000345,0.004175,-0.000494,0.051233,0.005779,0.004125,-0.000375,-0.008475,-0.020203,0.002626,0.004752,0.005540,0.052900
0.001175,0.006675,-0.001725,0.000321,0.006872,-0.001564,0.001684,0.004476,-0.001762,0.002556,0.001903,-0.002016,0.001838,0.006886,-0.001895,0.001201,0.004928,-0.001775,0.000442,0.002764,-0.001572,0.001233,0.006596,-0.001719,0.002441,0.007893,-0.002714,-0.009225,0.028927,-0.000515,0.001226,0.005470,0.045227,0.002921,0.007805,-0.001252,-0.010157,-0.014052,0.001471,0.001695,0.008399,0.046320
-0.003025,0.009175,-0.001650,-0.004238,0.009265,-0.001580,-0.004308,0.006970,-0.001713,-0.003788,0.004561,-0.001897,-0.002233,0.009280,-0.001734,-0.001185,0.007750,-0.001680,-0.000209,0.005982,-0.001805,-0.002914,0.009134,-0.001638,-0.000904,0.009865,-0.002368,-0.011417,0.029468,-0.000193,-0.001905,0.009750,0.039778,-0.000665,0.009795,-0.001498,-0.012531,-0.010025,0.001032,-0.001754,0.008878,0.040434
0.000025,0.005900,-0.000350,-0.000758,0.005877,-0.000370,-0.002619,0.003674,-0.000417,-0.001421,0.002196,-0.000693,-0.000020,0.005881,-0.000343,0.001142,0.004474,-0.000297,0.003059,0.002952,-0.000592,0.000188,0.005924,-0.000331,0.003390,0.006730,-0.001206,-0.005672,0.024511,0.000903,0.002789,0.007612,0.035566,0.002077,0.006727,-0.000072,-0.008680,-0.012058,0.002465,0.001611,0.002357,0.036435
0.000625,0.000725,0.000250,0.000056,0.000706,0.000238,-0.002850,-0.001674,0.000223,-0.002086,-0.003093,0.000015,-0.000006,0.000704,0.000245,0.001734,-0.000753,0.000285,0.003567,-0.002213,0.000003,0.000859,0.000767,0.000277,0.005216,0.001344,-0.000568,-0.002769,0.017910,0.001524,0.004829,0.004068,0.030861,0.002786,0.001391,0.000445,-0.007141,-0.016351,0.002928,0.002632,-0.006005,0.031653
-0.001525,-0.003725,-0.000175,-0.002212,-0.003625,-0.000084,-0.004903,-0.006377,-0.000139,-0.005497,-0.008662,-0.000147,-0.002191,-0.003626,-0.000289,0.000297,-0.005278,-0.000251,0.001060,-0.006890,-0.000343,-0.001239,-0.003721,-0.000142,0.003698,-0.003564,-0.000793,-0.003582,0.012368,0.001328,0.003552,0.002005,0.025568,0.001167,-0.003508,-0.000226,-0.008034,-0.020124,0.002157,0.001092,-0.013075,0.026041
-0.003675,-0.004600,-0.000625,-0.004002,-0.004514,-0.000549,-0.006680,-0.006906,-0.000590,-0.004935,-0.008191,-0.001007,-0.005280,-0.004524,-0.000740,-0.002159,-0.005968,-0.000723,-0.001268,-0.007242,-0.000860,-0.003251,-0.004574,-0.000577,0.001630,-0.004476,-0.001182,-0.004465,0.010611,0.001007,0.002390,0.003002,0.021186,-0.001716,-0.004384,-0.000615,-0.009930,-0.020414,0.001834,-0.000872,-0.016945,0.021676
-0.005375,-0.002325,-0.000425,-0.005163,-0.002291,-0.000400,-0.007475,-0.004215,-0.000433,-0.003620,-0.004432,-0.001204,-0.008008,-0.002313,-0.000506,-0.004323,-0.003540,-0.000511,-0.002967,-0.004368,-0.000753,-0.004826,-0.002258,-0.000363,0.000452,-0.002192,-0.000988,-0.004950,0.012071,0.001175,0.001416,0.006686,0.017571,-0.004131,-0.002052,-0.000338,-0.011987,-0.017676,0.002107,-0.002959,-0.017723,0.018138
-0.006175,0.002725,0.001100,-0.005563,0.002756,0.001116,-0.006651,0.000748,0.001023,-0.004906,-0.000163,0.000624,-0.009132,0.002730,0.001020,-0.004973,0.001318,0.001011,-0.003765,0.000652,0.000798,-0.005606,0.002814,0.001165,0.001647,0.002562,0.000518,-0.004571,0.016269,0.002425,0.000697,0.012762,0.014521,-0.004286,0.002753,0.000998,-0.013339,-0.012325,0.003136,-0.004865,-0.015469,0.014973
-0.008375,0.003925,0.001300,-0.007661,0.004056,0.001397,-0.007564,0.002292,0.001268,-0.005506,0.001503,0.000816,-0.011448,0.004031,0.001131,-0.007122,0.002295,0.001137,-0.005124,0.001263,0.000811,-0.007773,0.003989,0.001368,0.000641,0.003726,0.000599,-0.006653,0.016864,0.002197,-0.002189,0.015127,0.010726,-0.005806,0.003937,0.001163,-0.016076,-0.010697,0.003017,-0.008282,-0.016152,0.011255
-0.010850,0.000700,0.000150,-0.010393,0.000987,0.000381,-0.009748,-0.000317,0.000257,-0.005125,-0.000223,-0.000639,-0.013761,0.000968,-0.000155,-0.009650,-0.001070,-0.000123,-0.006296,-0.002822,-0.000650,-0.010219,0.000701,0.000221,-0.002058,0.000726,-0.000702,-0.010280,0.013318,0.000621,-0.006098,0.013378,0.006556,-0.007923,0.000912,0.000138,-0.018934,-0.013313,0.001800,-0.011860,-0.020137,0.007305
-0.005175,0.000625,0.000700,-0.004253,0.000861,0.000885,-0.002761,-0.000609,0.000714,0.002030,-0.000698,-0.000210,-0.008296,0.000840,0.000444,-0.004808,-0.001161,0.000491,-0.002670,-0.002741,0.000181,-0.004592,0.000662,0.000766,0.004070,0.000692,-0.000229,-0.004864,0.012645,0.000839,-0.001517,0.013234,0.004632,-0.003007,0.000924,0.000744,-0.015085,-0.013013,0.002190,-0.008292,-0.021638,0.005491
-0.000100,0.001300,0.001625,0.001573,0.001374,0.001671,0.003486,-0.000245,0.001473,0.007163,-0.000649,0.000756,-0.003447,0.001347,0.001515,-0.000003,-0.000120,0.001534,0.001262,-0.000892,0.001346,0.000380,0.001416,0.001679,0.009526,0.001514,0.000579,0.000077,0.012755,0.001411,0.002478,0.013222,0.003618,0.000863,0.001807,0.001786,-0.012205,-0.011986,0.003070,-0.005574,-0.022196,0.004665
-0.004300,0.000425,0.001750,-0.002064,0.000349,0.001675,-0.000943,-0.000711,0.001546,0.001373,-0.000584,0.001110,-0.007534,0.000319,0.001773,-0.002610,0.000068,0.001691,0.001031,0.000501,0.001017,-0.003950,0.000599,0.001790,0.004902,0.001131,0.000455,-0.004958,0.011648,0.001067,-0.003182,0.011970,0.002333,-0.004280,0.001447,0.002198,-0.017922,-0.012342,0.003428,-0.011672,-0.023226,0.003799
-0.006375,-0.000575,0.001050,-0.003460,-0.000821,0.000839,-0.003357,-0.001498,0.000771,-0.000901,-0.000671,0.000340,-0.009872,-0.000854,0.001221,-0.004221,-0.000698,0.001101,0.001039,0.000261,0.000115,-0.006122,-0.000328,0.001079,0.002751,0.000657,-0.000533,-0.007402,0.010427,-0.000125,-0.006465,0.009897,0.000615,-0.007385,0.001017,0.001820,-0.021623,-0.012932,0.003038,-0.015699,-0.024256,0.002559
-0.005250,-0.001175,-0.000200,-0.001865,-0.001538,-0.000506,-0.002474,-0.002222,-0.000553,0.001585,-0.000890,-0.001263,-0.009254,-0.001574,0.000072,-0.003976,-0.002052,-0.000004,0.001340,-0.001533,-0.000970,-0.005014,-0.000874,-0.000173,0.004161,0.000370,-0.001978,-0.006367,0.009612,-0.001737,-0.006389,0.007836,-0.001261,-0.006901,0.000774,0.000772,-0.021817,-0.013269,0.001953,-0.016316,-0.024470,0.000995
-0.003825,-0.000425,0.000575,-0.001106,-0.000799,0.000257,-0.002492,-0.001212,0.000259,0.000685,0.000173,-0.000288,-0.007825,-0.000828,0.000853,-0.003173,-0.000805,0.000765,0.001022,0.000155,-0.000022,-0.003479,-0.000126,0.000614,0.005934,0.000778,-0.001032,-0.005368,0.010188,-0.000865,-0.006187,0.007536,-0.000673,-0.004910,0.001178,0.001332,-0.020556,-0.012398,0.002324,-0.015886,-0.022213,0.001284
-0.003700,0.001175,0.001250,-0.001820,0.000843,0.000963,-0.003705,0.000714,0.001007,-0.001658,0.002085,0.000665,-0.007586,0.000821,0.001489,-0.003491,0.001663,0.001368,-0.000019,0.003259,0.000680,-0.003222,0.001447,0.001304,0.006407,0.001993,-0.000168,-0.005716,0.011682,-0.000055,-0.007224,0.008067,0.000166,-0.003774,0.002370,0.001749,-0.020060,-0.010681,0.002556,-0.016315,-0.018538,0.001772
-0.006450,0.003250,-0.000350,-0.004620,0.002957,-0.000605,-0.006386,0.002894,-0.000559,-0.003482,0.004597,-0.001047,-0.010525,0.002938,-0.000147,-0.006623,0.004094,-0.000281,-0.001951,0.005835,-0.001181,-0.005921,0.003503,-0.000291,0.003980,0.004267,-0.001927,-0.008671,0.013756,-0.001924,-0.010824,0.008663,-0.001072,-0.005797,0.004636,0.000235,-0.022503,-0.008354,0.001012,-0.019483,-0.014410,0.000716
-0.011050,-0.000050,-0.001050,-0.009714,-0.000280,-0.001256,-0.011058,-0.000039,-0.001205,-0.005545,0.002383,-0.002154,-0.014818,-0.000294,-0.000899,-0.011575,0.001118,-0.001033,-0.006208,0.002773,-0.002044,-0.010486,0.000171,-0.000987,-0.000204,0.001418,-0.002950,-0.013346,0.010535,-0.003091,-0.016032,0.003892,-0.001339,-0.009400,0.001771,-0.000248,-0.026433,-0.011328,0.000563,-0.024104,-0.015515,0.000865
-0.015200,-0.007100,-0.000575,-0.014560,-0.007288,-0.000751,-0.015353,-0.006698,-0.000702,-0.006754,-0.003578,-0.002198,-0.018299,-0.007297,-0.000454,-0.015836,-0.005855,-0.000573,-0.010609,-0.004517,-0.001538,-0.014635,-0.006905,-0.000512,-0.004099,-0.005131,-0.002812,-0.017449,0.003597,-0.003053,-0.020490,-0.004666,-0.000024,-0.012799,-0.004789,0.000481,-0.029905,-0.018088,0.001389,-0.028036,-0.020466,0.002635
0.001575,-0.010050,0.000600,0.002065,-0.010225,0.000435,0.000802,-0.009396,0.000525,0.008550,-0.006060,-0.000800,-0.001582,-0.010232,0.000708,0.001457,-0.008135,0.000535,0.007310,-0.005946,-0.000579,0.002186,-0.009856,0.000668,0.014195,-0.008272,-0.001695,0.000153,0.000534,-0.002004,-0.003617,-0.009456,0.001816,0.005290,-0.007912,0.001491,-0.012598,-0.021090,0.002306,-0.011188,-0.021817,0.004380
0.015350,-0.009950,0.001575,0.015534,-0.010151,0.001384,0.013617,-0.009487,0.001496,0.020122,-0.006408,0.000391,0.011965,-0.010158,0.001701,0.015571,-0.007687,0.001493,0.021847,-0.004953,0.000275,0.016073,-0.009752,0.001655,0.029630,-0.008462,-0.000722,0.014496,0.000688,-0.001102,0.010113,-0.010695,0.003420,0.021034,-0.008110,0.002196,0.002119,-0.021098,0.002866,0.002917,-0.019893,0.005764
0.002125,-0.007875,0.001300,0.001135,-0.008144,0.001033,-0.000763,-0.008328,0.001092,0.007657,-0.005959,-0.000414,-0.001082,-0.008151,0.001486,0.001718,-0.006504,0.001344,0.007232,-0.005009,0.000308,0.003043,-0.007687,0.001401,0.017053,-0.006188,-0.001164,0.000577,0.003349,-0.001638,-0.003778,-0.008622,0.003899,0.010527,-0.005926,0.001858,-0.009104,-0.018882,0.002478,-0.009221,-0.015012,0.006312
-0.008175,-0.003125,0.001500,-0.010171,-0.003363,0.001242,-0.011237,-0.003526,0.001271,-0.001471,-0.001128,-0.000492,-0.011276,-0.003368,0.001658,-0.008909,-0.002343,0.001561,-0.002684,-0.001902,0.000437,-0.007055,-0.002978,0.001622,0.007673,-0.001369,-0.001105,-0.010332,0.008661,-0.001671,-0.014714,-0.003865,0.004806,0.003035,-0.001192,0.001930,-0.017555,-0.014138,0.002474,-0.018555,-0.007763,0.007217
-0.010375,0.001950,0.002100,-0.012715,0.001817,0.001923,-0.012560,0.002514,0.001959,-0.002683,0.005646,0.000212,-0.013498,0.001814,0.002165,-0.010999,0.002701,0.002071,-0.002977,0.002774,0.000643,-0.009145,0.002050,0.002234,0.006219,0.003626,-0.000568,-0.012710,0.014104,-0.001128,-0.017148,0.000603,0.006699,0.002362,0.003768,0.002407,-0.018939,-0.009295,0.002950,-0.020270,-0.001083,0.009052
-0.010350,-0.000500,0.002625,-0.013158,-0.000540,0.002517,-0.012342,0.000304,0.002538,-0.003757,0.003246,0.001008,-0.013953,-0.000542,0.002600,-0.010440,0.000362,0.002483,-0.001022,0.000524,0.000812,-0.008882,-0.000448,0.002783,0.007820,0.001319,-0.000308,-0.012742,0.012201,-0.000979,-0.017339,-0.002071,0.007867,0.005128,0.001408,0.002866,-0.017468,-0.011926,0.003378,-0.019452,-0.001835,0.010366
-0.009650,-0.003600,0.003150,-0.013092,-0.003520,0.003132,-0.011370,-0.002930,0.003097,-0.004103,-0.000756,0.001757,-0.013711,-0.003521,0.003013,-0.009079,-0.002753,0.002881,0.000979,-0.002619,0.001103,-0.007906,-0.003608,0.003337,0.010621,-0.001817,-0.000011,-0.012051,0.009692,-0.000803,-0.016836,-0.005107,0.008804,0.009359,-0.001794,0.003170,-0.014921,-0.015301,0.003579,-0.017739,-0.003185,0.011298
-0.009825,-0.000400,0.003700,-0.014114,-0.000157,0.003808,-0.010478,0.000091,0.003662,-0.003209,0.001260,0.002263,-0.013870,-0.000155,0.003418,-0.008839,-0.000049,0.003318,0.000657,-0.000695,0.001666,-0.007855,-0.000487,0.003909,0.012830,0.000815,0.000553,-0.012181,0.013392,-0.000267,-0.017125,-0.001636,0.009860,0.013131,0.000760,0.003149,-0.013016,-0.012585,0.003353,-0.016725,0.001741,0.011882
-0.009775,0.002125,0.003625,-0.014816,0.002552,0.003881,-0.009518,0.002406,0.003632,-0.001393,0.002839,0.002038,-0.014054,0.002557,0.003179,-0.008287,0.002083,0.003099,0.002599,0.000628,0.001240,-0.007543,0.001969,0.003860,0.016270,0.002652,0.000441,-0.011051,0.016230,-0.000396,-0.016496,0.000523,0.010124,0.017035,0.002573,0.002455,-0.011314,-0.010746,0.002463,-0.015671,0.005136,0.011678
-0.009525,0.002675,0.003000,-0.014853,0.003222,0.003359,-0.008964,0.002832,0.003068,0.000468,0.003173,0.001240,-0.014173,0.003228,0.002449,-0.007719,0.002576,0.002368,0.005813,0.000713,0.000079,-0.007126,0.002492,0.003250,0.019232,0.002701,-0.000258,-0.009109,0.016992,-0.000964,-0.014927,-0.000048,0.010799,0.019131,0.002664,0.001435,-0.010577,-0.011008,0.001482,-0.014738,0.005561,0.012093
-0.010575,0.003550,0.004500,-0.016424,0.004156,0.004902,-0.009018,0.002879,0.004493,0.001427,0.002201,0.002442,-0.015643,0.004163,0.003895,-0.007992,0.003027,0.003822,0.004498,0.001009,0.001722,-0.007916,0.003340,0.004773,0.021727,0.003754,0.000671,-0.008703,0.018591,-0.000089,-0.014917,0.000717,0.012341,0.022086,0.003701,0.002740,-0.009617,-0.010717,0.002876,-0.014335,0.006981,0.013924
-0.013450,0.003325,0.006225,-0.020176,0.003989,0.006670,-0.011514,0.001636,0.006145,0.000382,-0.000137,0.003793,-0.018907,0.003998,0.005569,-0.010184,0.002417,0.005504,0.001393,0.000163,0.003570,-0.010470,0.003083,0.006527,0.022795,0.003704,0.001765,-0.009959,0.019284,0.000989,-0.016602,0.000761,0.013813,0.023970,0.003618,0.004194,-0.009853,-0.011650,0.004455,-0.015361,0.007371,0.015675
-0.018700,0.000575,0.006325,-0.026776,0.001343,0.006864,-0.018286,-0.001830,0.006304,-0.003733,-0.003930,0.003472,-0.024454,0.001353,0.005581,-0.015480,-0.000297,0.005521,-0.000957,-0.003197,0.003108,-0.015365,0.000295,0.006659,0.021517,0.000471,0.001583,-0.012916,0.017301,0.001046,-0.020049,-0.002012,0.014276,0.022846,0.000381,0.003682,-0.012688,-0.015545,0.004094,-0.018685,0.004671,0.015876
-0.020800,0.001775,0.006150,-0.029874,0.002575,0.006718,-0.020539,-0.001679,0.006057,-0.002961,-0.004482,0.002675,-0.027483,0.002587,0.005382,-0.018089,0.000807,0.005327,-0.001985,-0.002371,0.002664,-0.017027,0.001486,0.006521,0.024870,0.001305,0.000861,-0.011741,0.019409,0.000526,-0.019875,-0.000900,0.013504,0.026063,0.001229,0.002840,-0.011796,-0.015639,0.003439,-0.018627,0.005597,0.015010
-0.018700,0.006300,0.005800,-0.027930,0.007056,0.006335,-0.017169,0.002023,0.005563,0.002278,-0.001479,0.001849,-0.026488,0.007067,0.005081,-0.016727,0.005190,0.005030,-0.001213,0.002267,0.002478,-0.014621,0.006033,0.006194,0.031227,0.005737,-0.000089,-0.006355,0.025037,-0.000049,-0.015197,0.003503,0.013407,0.032064,0.005687,0.002017,-0.007002,-0.012494,0.003063,-0.014250,0.009603,0.015013
-0.019750,0.008025,0.006875,-0.030259,0.008914,0.007535,-0.018089,0.003627,0.006698,0.002911,-0.000110,0.002721,-0.028753,0.008927,0.006052,-0.017499,0.006465,0.006019,-0.000801,0.003038,0.003317,-0.015075,0.007701,0.007317,0.036346,0.007407,0.000055,-0.003827,0.028168,0.000361,-0.013800,0.005976,0.013002,0.038098,0.007326,0.002366,-0.003365,-0.012213,0.003784,-0.012165,0.011450,0.014772
-0.024125,0.008300,0.008150,-0.036311,0.009392,0.009006,-0.022883,0.004123,0.008133,-0.000609,0.000372,0.003953,-0.034319,0.009408,0.007168,-0.021581,0.006442,0.007150,-0.003503,0.002472,0.004264,-0.018776,0.007891,0.008643,0.038848,0.007547,0.000276,-0.004387,0.029968,0.000880,-0.015724,0.007282,0.012187,0.041840,0.007420,0.002720,-0.002381,-0.013513,0.004519,-0.013155,0.011938,0.014066
-0.032025,0.008475,0.008575,-0.045556,0.009723,0.009603,-0.031144,0.004461,0.008703,-0.007798,0.000649,0.004359,-0.043262,0.009743,0.007487,-0.030172,0.006889,0.007469,-0.012089,0.003029,0.004580,-0.026136,0.008006,0.009103,0.037362,0.007418,-0.000305,-0.008212,0.031576,0.000769,-0.020963,0.008158,0.010973,0.040922,0.007276,0.002091,-0.005564,-0.015073,0.004383,-0.017997,0.011821,0.012820
-0.034925,0.008025,0.008450,-0.050280,0.009415,0.009648,-0.034356,0.004358,0.008721,-0.007532,0.001195,0.003833,-0.047582,0.009439,0.007278,-0.032939,0.006239,0.007273,-0.011487,0.001674,0.003882,-0.028273,0.007497,0.009027,0.042535,0.007318,-0.002122,-0.006436,0.032756,-0.000776,-0.021113,0.008630,0.007511,0.046918,0.007156,0.001016,-0.002789,-0.017034,0.003890,-0.017559,0.011113,0.009947
-0.031325,0.007200,0.007825,-0.048067,0.008653,0.009138,-0.030866,0.003938,0.008209,0.000095,0.001847,0.002703,-0.045074,0.008679,0.006648,-0.028461,0.004870,0.006672,-0.001969,-0.000831,0.002555,-0.024069,0.006643,0.008431,0.051887,0.007314,-0.004479,0.001297,0.033594,-0.002728,-0.014676,0.008698,0.004845,0.056959,0.007144,-0.000202,0.005780,-0.019144,0.003538,-0.010642,0.009906,0.008183
-0.035350,0.006350,0.010275,-0.054453,0.007813,0.011688,-0.034717,0.002698,0.010679,-0.002298,-0.000215,0.004944,-0.049359,0.007846,0.009138,-0.029685,0.004396,0.009133,-0.002089,-0.001107,0.004869,-0.027408,0.005761,0.010911,0.054776,0.007694,-0.004307,0.001307,0.034566,-0.002302,-0.016173,0.009572,0.003504,0.061815,0.007465,0.001438,0.008402,-0.020874,0.006030,-0.010657,0.009495,0.008001
-0.039525,0.005150,0.012850,-0.061192,0.006616,0.014385,-0.038880,0.000914,0.013292,-0.004651,-0.003034,0.007277,-0.053563,0.006660,0.011762,-0.031364,0.003516,0.011742,-0.003649,-0.001817,0.007490,-0.030915,0.004526,0.013507,0.057431,0.007771,-0.004147,0.001227,0.035031,-0.001890,-0.017673,0.010317,0.001887,0.066909,0.007467,0.003014,0.011623,-0.022668,0.008449,-0.010296,0.009120,0.007503
-0.036250,0.003375,0.012700,-0.059898,0.004870,0.014408,-0.036148,-0.001067,0.013296,0.003332,-0.004593,0.006530,-0.050674,0.004928,0.011649,-0.028058,0.000968,0.011703,0.001796,-0.005636,0.007218,-0.027090,0.002714,0.013361,0.066156,0.006996,-0.006487,0.008787,0.034482,-0.003818,-0.011128,0.010133,-0.001527,0.077779,0.006638,0.001687,0.022145,-0.024858,0.007988,-0.002103,0.008137,0.004891
-0.038000,0.002275,0.013050,-0.064155,0.003855,0.015022,-0.037709,-0.002121,0.013874,0.006615,-0.005542,0.006444,-0.052072,0.003938,0.011972,-0.027190,-0.000640,0.012082,0.003771,-0.008097,0.007512,-0.028271,0.001516,0.013710,0.071124,0.007241,-0.008930,0.010690,0.034808,-0.006021,-0.010116,0.012443,-0.006937,0.087918,0.006710,0.000208,0.031251,-0.025636,0.007193,0.002945,0.009917,0.000241
-0.043925,0.002400,0.013725,-0.071861,0.004080,0.015989,-0.042815,-0.001618,0.014838,0.003524,-0.005201,0.007219,-0.057087,0.004195,0.012596,-0.029224,-0.000401,0.012734,0.001280,-0.007771,0.008290,-0.033888,0.001533,0.014360,0.069898,0.008445,-0.010708,0.008297,0.035953,-0.007408,-0.012603,0.016159,-0.011025,0.092335,0.007739,-0.001210,0.036810,-0.024809,0.006383,0.004880,0.013405,-0.003560
-0.045600,0.002650,0.013525,-0.073681,0.004514,0.016128,-0.039768,-0.000286,0.014958,0.005195,-0.004596,0.007673,-0.057274,0.004666,0.012258,-0.023633,0.000466,0.012416,0.001808,-0.005163,0.008717,-0.035624,0.001650,0.014111,0.074994,0.009493,-0.013912,0.011625,0.036665,-0.010298,-0.010009,0.019790,-0.018269,0.102947,0.008653,-0.004403,0.048023,-0.023513,0.003578,0.011806,0.016995,-0.010795
-0.047975,0.003175,0.012500,-0.075474,0.005311,0.015502,-0.036001,0.001653,0.014333,0.007231,-0.003430,0.007433,-0.057193,0.005512,0.010983,-0.016553,0.000922,0.011241,0.000871,-0.003262,0.008724,-0.038384,0.002025,0.013019,0.079067,0.010649,-0.018024,0.015714,0.037020,-0.014126,-0.006584,0.023023,-0.026482,0.111586,0.009745,-0.008661,0.058760,-0.021670,-0.000392,0.018820,0.020227,-0.019119
-0.056100,0.004175,0.010675,-0.083212,0.006694,0.014178,-0.039035,0.004163,0.013078,0.005161,-0.001104,0.006165,-0.061490,0.006973,0.008744,-0.014162,0.000091,0.009277,-0.005990,-0.004827,0.008189,-0.047170,0.002863,0.011119,0.074621,0.012215,-0.022551,0.015315,0.037226,-0.018311,-0.006900,0.025604,-0.033407,0.109955,0.011355,-0.013338,0.062636,-0.019215,-0.004741,0.020717,0.022737,-0.026158
-0.063450,0.003375,0.007275,-0.088953,0.006863,0.011742,-0.036907,0.006241,0.010742,0.003410,-0.000088,0.004502,-0.063622,0.007250,0.004392,-0.000819,-0.001513,0.005322,-0.008243,-0.004561,0.006481,-0.055488,0.001681,0.007635,0.073202,0.011414,-0.029231,0.016326,0.035490,-0.024688,-0.006299,0.027516,-0.044920,0.113004,0.010567,-0.020981,0.070265,-0.018409,-0.012430,0.024821,0.024312,-0.038417
-0.066325,0.001150,0.004000,-0.089797,0.005683,0.009468,-0.030657,0.006904,0.008647,0.002887,-0.000715,0.003470,-0.062512,0.006179,0.000153,0.016820,-0.002960,0.001574,-0.004742,-0.002322,0.004698,-0.059151,-0.000944,0.004293,0.075677,0.008929,-0.035636,0.023267,0.032169,-0.030744,0.000473,0.027862,-0.055848,0.119408,0.008154,-0.028738,0.083095,-0.018995,-0.020361,0.034670,0.024087,-0.050394
-0.066750,0.000225,0.000850,-0.088182,0.006350,0.007814,-0.015908,0.009873,0.007248,0.009880,-0.000348,0.003181,-0.057250,0.007021,-0.004436,0.047540,-0.005774,-0.001818,-0.000323,-0.002267,0.005270,-0.060411,-0.002432,0.001081,0.084841,0.007130,-0.043090,0.035717,0.029703,-0.037902,0.011047,0.028612,-0.070146,0.131169,0.006511,-0.037829,0.099579,-0.018605,-0.029814,0.047281,0.024104,-0.065960
-0.069600,-0.001650,-0.002375,-0.089589,0.006248,0.006305,0.000275,0.012867,0.006182,0.015596,-0.000987,0.003538,-0.053783,0.007156,-0.009232,0.079674,-0.009878,-0.004841,0.002460,-0.003462,0.006907,-0.063941,-0.004924,-0.002198,0.093617,0.004257,-0.051447,0.047849,0.026246,-0.046016,0.020524,0.028260,-0.086537,0.142182,0.003847,-0.047951,0.115238,-0.019116,-0.040423,0.058520,0.022990,-0.083720
-0.079725,-0.006725,-0.005800,-0.099461,0.002750,0.004545,0.010828,0.013663,0.005291,0.011216,-0.004528,0.004646,-0.058057,0.003977,-0.013995,0.101548,-0.015094,-0.007223,0.001082,-0.004756,0.008642,-0.074388,-0.010555,-0.005661,0.094919,-0.001342,-0.060644,0.053799,0.019932,-0.055019,0.023953,0.025276,-0.103756,0.146305,-0.001503,-0.058877,0.125538,-0.022249,-0.051891,0.064183,0.019446,-0.102283
-0.090750,-0.011075,-0.011100,-0.109552,-0.000007,0.000996,0.031842,0.017708,0.003342,0.008030,-0.006926,0.005983,-0.062868,0.001597,-0.020537,0.127103,-0.019770,-0.010383,0.004404,-0.004984,0.009835,-0.085641,-0.015471,-0.010996,0.099159,-0.006681,-0.073166,0.060580,0.014317,-0.067326,0.026884,0.023744,-0.127002,0.154295,-0.006560,-0.074162,0.137986,-0.024087,-0.068154,0.070098,0.017815,-0.127693
-0.097200,-0.012525,-0.015675,-0.114855,-0.000655,-0.002500,0.052765,0.023494,0.002124,0.007642,-0.005944,0.007814,-0.065879,0.001282,-0.025536,0.143482,-0.020907,-0.011701,0.010822,-0.002587,0.011245,-0.092107,-0.017204,-0.015597,0.104189,-0.008464,-0.084565,0.072815,0.011470,-0.078730,0.036583,0.024688,-0.146774,0.162159,-0.007967,-0.088049,0.154587,-0.021891,-0.083160,0.082074,0.019421,-0.149427
-0.108225,-0.014050,-0.022375,-0.126177,-0.002365,-0.008764,0.070294,0.027653,-0.000788,0.003061,-0.008083,0.008259,-0.075491,-0.000106,-0.031705,0.147115,-0.021093,-0.013970,0.007720,0.001623,0.011324,-0.102475,-0.018646,-0.022300,0.113598,-0.010586,-0.101500,0.084836,0.007801,-0.095948,0.042776,0.024864,-0.176709,0.173178,-0.009633,-0.108103,0.169211,-0.018550,-0.104921,0.089588,0.021246,-0.181837
-0.119825,-0.015700,-0.029775,-0.139070,-0.004780,-0.016096,0.081400,0.030422,-0.004093,-0.001947,-0.009670,0.007691,-0.087605,-0.002241,-0.037988,0.144179,-0.020950,-0.016262,0.003528,0.005892,0.010467,-0.112976,-0.020005,-0.029692,0.123187,-0.012302,-0.120457,0.097510,0.003217,-0.115683,0.049615,0.024748,-0.209147,0.184162,-0.010816,-0.130074,0.184115,-0.013411,-0.129091,0.097563,0.023936,-0.216683
-0.128100,-0.017450,-0.036425,-0.149171,-0.007477,-0.022762,0.082925,0.032088,-0.006392,-0.003768,-0.006943,0.006525,-0.098265,-0.004728,-0.043265,0.140635,-0.020998,-0.017299,0.006415,0.008581,0.009401,-0.119936,-0.021407,-0.036338,0.128660,-0.012716,-0.137976,0.111557,-0.002183,-0.134651,0.061052,0.024982,-0.236426,0.191749,-0.010605,-0.149780,0.201292,-0.005725,-0.151353,0.110668,0.028174,-0.245730
-0.136650,-0.017875,-0.045500,-0.160300,-0.008893,-0.031657,0.083041,0.033424,-0.010565,-0.004468,-0.005181,0.003085,-0.112677,-0.006094,-0.050679,0.134832,-0.021490,-0.019837,0.008086,0.010084,0.006483,-0.126230,-0.021378,-0.045406,0.142313,-0.013336,-0.161224,0.130746,-0.009395,-0.159973,0.074338,0.022452,-0.272676,0.202372,-0.010566,-0.175337,0.216110,0.003668,-0.180155,0.121525,0.030592,-0.283845
-0.141125,-0.016775,-0.052475,-0.166804,-0.008332,-0.038038,0.081642,0.034667,-0.012385,-0.003670,-0.003403,0.001507,-0.123604,-0.005564,-0.056329,0.129543,-0.021184,-0.020525,0.007848,0.012090,0.005800,-0.128636,-0.019928,-0.052404,0.156570,-0.013021,-0.182205,0.154190,-0.017704,-0.183701,0.093102,0.018404,-0.304236,0.209957,-0.009585,-0.197710,0.229783,0.015061,-0.206044,0.134943,0.031880,-0.316538
-0.149575,-0.019025,-0.060400,-0.177654,-0.010925,-0.044937,0.076497,0.033708,-0.014276,-0.008299,-0.003647,0.000127,-0.140195,-0.008320,-0.062783,0.122886,-0.025987,-0.020759,0.008928,0.005442,0.004910,-0.134452,-0.021923,-0.060394,0.163221,-0.013986,-0.205351,0.169771,-0.029265,-0.210229,0.106122,0.013238,-0.336831,0.212819,-0.009856,-0.220617,0.239473,0.025344,-0.232377,0.144847,0.031557,-0.348965
-0.157775,-0.019550,-0.068400,-0.187892,-0.011343,-0.051411,0.069784,0.034184,-0.015825,-0.015866,-0.002864,-0.000671,-0.157586,-0.009014,-0.069465,0.115978,-0.029013,-0.020620,0.009931,-0.000105,0.004195,-0.139895,-0.022335,-0.068508,0.167953,-0.013135,-0.228990,0.183809,-0.040022,-0.237492,0.118456,0.009328,-0.368773,0.212669,-0.008327,-0.242866,0.245886,0.037167,-0.257757,0.153207,0.030793,-0.379809
-0.161500,-0.013325,-0.075650,-0.192519,-0.004287,-0.056527,0.063799,0.039497,-0.016706,-0.023685,0.001696,-0.000598,-0.170908,-0.002359,-0.075808,0.109952,-0.023698,-0.020136,0.009561,0.004905,0.004062,-0.141188,-0.016200,-0.075948,0.176305,-0.007780,-0.251956,0.202650,-0.046374,-0.263937,0.134943,0.008580,-0.398874,0.211051,-0.002413,-0.263747,0.249843,0.052582,-0.281300,0.161795,0.030288,-0.408245
-0.162925,-0.008800,-0.085175,-0.195688,0.001277,-0.063347,0.061752,0.043794,-0.018862,-0.024386,0.005796,-0.002390,-0.183777,0.002712,-0.084136,0.107420,-0.019940,-0.020477,0.012336,0.006859,0.003104,-0.139466,-0.011777,-0.085745,0.188881,-0.004668,-0.279183,0.225045,-0.056059,-0.294721,0.153213,0.002295,-0.433076,0.209100,0.001128,-0.285772,0.251065,0.062612,-0.304810,0.168722,0.020670,-0.438332
-0.161350,-0.008200,-0.092175,-0.195772,0.002570,-0.067891,0.064327,0.045211,-0.018266,-0.017936,0.008065,-0.001941,-0.189859,0.003706,-0.089726,0.108853,-0.019361,-0.018173,0.016089,0.005328,0.005485,-0.135605,-0.011225,-0.093080,0.197084,-0.004951,-0.301916,0.243965,-0.068107,-0.320331,0.169811,-0.004942,-0.460857,0.205567,0.001280,-0.302857,0.252979,0.067636,-0.322585,0.176282,0.006786,-0.461643
-0.157225,-0.003475,-0.101775,-0.192087,0.009178,-0.073831,0.074867,0.050293,-0.018099,-0.010110,0.011743,-0.000615,-0.191620,0.010134,-0.098803,0.114475,-0.014733,-0.018638,0.024035,0.005671,0.005097,-0.129751,-0.006960,-0.103088,0.198271,-0.001433,-0.322263,0.261503,-0.076709,-0.343010,0.188073,-0.010436,-0.481320,0.194103,0.005207,-0.314794,0.252642,0.073227,-0.333783,0.184871,-0.007586,-0.475472
-0.154650,0.000075,-0.113950,-0.189789,0.014417,-0.082249,0.089405,0.055347,-0.018686,-0.004623,0.014178,0.001361,-0.193285,0.015292,-0.110135,0.122440,-0.012887,-0.020021,0.031910,0.002670,0.004461,-0.125668,-0.003849,-0.115719,0.192075,0.000683,-0.341109,0.272267,-0.084952,-0.363062,0.200754,-0.015135,-0.498437,0.178110,0.007782,-0.326196,0.249810,0.076792,-0.343875,0.190104,-0.021454,-0.486690
-0.157850,-0.002850,-0.128700,-0.194185,0.011610,-0.094119,0.103692,0.056645,-0.019866,-0.005465,0.012306,0.004316,-0.199196,0.012475,-0.122388,0.130615,-0.020716,-0.019890,0.035142,-0.009191,0.006739,-0.127244,-0.006766,-0.130987,0.177902,-0.003846,-0.359627,0.270914,-0.096171,-0.381168,0.200910,-0.020041,-0.516258,0.160786,0.003825,-0.342011,0.244300,0.075975,-0.358745,0.187926,-0.033607,-0.502293
-0.159925,-0.002850,-0.150925,-0.198054,0.011263,-0.113321,0.122102,0.059821,-0.026238,-0.007550,0.009487,0.003695,-0.204745,0.012085,-0.141342,0.139244,-0.026435,-0.025279,0.033005,-0.016710,0.005295,-0.127312,-0.006610,-0.153823,0.164189,-0.007011,-0.382560,0.269238,-0.104136,-0.402672,0.199693,-0.022297,-0.537760,0.144572,0.001208,-0.365072,0.239472,0.078041,-0.380914,0.184777,-0.039419,-0.523804
-0.159800,0.000050,-0.169525,-0.199305,0.013434,-0.129443,0.134793,0.062411,-0.030614,-0.010362,0.006237,0.004444,-0.207258,0.014211,-0.156592,0.142328,-0.028186,-0.028856,0.024746,-0.017613,0.006005,-0.125819,-0.003486,-0.173052,0.154813,-0.007630,-0.402859,0.267277,-0.108370,-0.420986,0.195101,-0.020949,-0.558200,0.134936,0.001150,-0.388066,0.237466,0.084612,-0.403379,0.179902,-0.036751,-0.546315
-0.164450,0.004350,-0.195100,-0.208503,0.016274,-0.151588,0.147718,0.069484,-0.036503,-0.010535,0.008766,0.003696,-0.216745,0.017013,-0.176946,0.148611,-0.025663,-0.032851,0.018407,-0.012115,0.006958,-0.127514,0.001306,-0.199528,0.135544,-0.006460,-0.422661,0.261606,-0.110514,-0.437750,0.191002,-0.018203,-0.572155,0.116547,0.002880,-0.411784,0.233282,0.094536,-0.425824,0.176340,-0.027588,-0.563388
-0.168825,0.007575,-0.222575,-0.217548,0.018175,-0.174965,0.160863,0.075684,-0.041901,-0.008984,0.010730,0.003537,-0.226260,0.018872,-0.198824,0.155673,-0.023249,-0.036750,0.014547,-0.006692,0.007775,-0.128810,0.004945,-0.228044,0.114971,-0.005497,-0.441824,0.256224,-0.112897,-0.453126,0.188865,-0.016433,-0.582062,0.098419,0.004424,-0.435384,0.231420,0.105247,-0.447465,0.175933,-0.014954,-0.576907
-0.167850,0.007175,-0.246925,-0.218335,0.017448,-0.194844,0.174167,0.075450,-0.044733,-0.006628,0.005632,0.006357,-0.228846,0.018098,-0.218721,0.160981,-0.025504,-0.040208,0.013531,-0.007733,0.007967,-0.126090,0.004524,-0.253436,0.101742,-0.006836,-0.460247,0.254972,-0.117502,-0.467244,0.190022,-0.017560,-0.590564,0.089578,0.003699,-0.458179,0.236117,0.113838,-0.467561,0.180347,-0.002205,-0.589033
-0.166875,0.008950,-0.281175,-0.219352,0.018533,-0.224230,0.192234,0.080722,-0.052877,-0.002633,0.006986,0.005329,-0.229939,0.019218,-0.247739,0.173467,-0.025128,-0.048736,0.013626,-0.004053,0.005471,-0.123404,0.006434,-0.288813,0.090964,-0.005557,-0.490084,0.255044,-0.118851,-0.492130,0.192985,-0.016779,-0.608411,0.082786,0.005601,-0.492111,0.241495,0.124201,-0.497886,0.186269,0.013267,-0.610299
-0.166375,0.012025,-0.308175,-0.219943,0.020728,-0.246961,0.203876,0.087430,-0.054982,-0.000761,0.012377,0.009625,-0.229157,0.021510,-0.269792,0.183426,-0.023857,-0.050636,0.011369,0.000481,0.010011,-0.122148,0.009745,-0.316856,0.085544,-0.002409,-0.519406,0.255976,-0.118258,-0.516474,0.195303,-0.016904,-0.625601,0.079245,0.009396,-0.522881,0.244959,0.132706,-0.524084,0.189930,0.025678,-0.628781
-0.166675,0.020100,-0.345275,-0.221503,0.026902,-0.280293,0.212379,0.097639,-0.066528,-0.001635,0.022426,0.004979,-0.231464,0.027503,-0.300060,0.191413,-0.017540,-0.058130,0.014243,0.011317,0.006911,-0.121157,0.018403,-0.355175,0.082584,0.006617,-0.562433,0.258770,-0.109916,-0.553846,0.202514,-0.011422,-0.653079,0.076847,0.019114,-0.564981,0.248660,0.142040,-0.560215,0.197532,0.037896,-0.655606
-0.168650,0.026800,-0.384000,-0.224821,0.031642,-0.315151,0.215655,0.105133,-0.079814,-0.004694,0.029083,-0.001920,-0.236321,0.031992,-0.331602,0.193654,-0.012707,-0.066975,0.013085,0.020286,0.002087,-0.121772,0.025709,-0.395215,0.080388,0.014434,-0.610350,0.262561,-0.099198,-0.595104,0.215797,-0.005297,-0.680930,0.073959,0.027675,-0.610015,0.251917,0.143860,-0.597747,0.210345,0.041618,-0.681162
-0.173075,0.025725,-0.415800,-0.230573,0.029487,-0.342300,0.211533,0.103692,-0.086482,-0.009350,0.024064,-0.003684,-0.243090,0.029727,-0.357367,0.186364,-0.015841,-0.072574,-0.001150,0.019343,0.002081,-0.125237,0.024952,-0.428359,0.077236,0.014007,-0.654311,0.265885,-0.092458,-0.631386,0.234533,-0.004550,-0.700198,0.069002,0.028042,-0.649506,0.253510,0.130854,-0.628389,0.227865,0.029604,-0.696782
-0.178475,0.028050,-0.456325,-0.237972,0.030662,-0.377354,0.206904,0.107003,-0.098808,-0.013922,0.022863,-0.011110,-0.252300,0.030734,-0.390816,0.178498,-0.015785,-0.083214,-0.012130,0.021148,-0.004176,-0.129122,0.027628,-0.470477,0.075265,0.017818,-0.711429,0.269635,-0.079591,-0.680529,0.257999,0.000021,-0.729571,0.064361,0.032707,-0.698653,0.254632,0.115395,-0.667769,0.249515,0.013233,-0.719676
-0.182200,0.032600,-0.485325,-0.243200,0.034348,-0.400862,0.199796,0.111166,-0.101216,-0.019549,0.022587,-0.009112,-0.259559,0.034265,-0.413115,0.168176,-0.014904,-0.084056,-0.019932,0.021971,-0.002789,-0.131693,0.032395,-0.501091,0.072549,0.023859,-0.755798,0.272801,-0.062316,-0.716439,0.284560,0.009173,-0.744194,0.059923,0.039578,-0.735254,0.256354,0.100447,-0.694290,0.274983,-0.001970,-0.727864
-0.183750,0.031875,-0.514600,-0.248156,0.031972,-0.424699,0.188997,0.107933,-0.105652,-0.018600,0.015724,-0.013439,-0.265559,0.031732,-0.434832,0.153122,-0.015866,-0.088507,-0.028974,0.026137,-0.006718,-0.131688,0.032202,-0.532245,0.073978,0.025285,-0.805923,0.273199,-0.050459,-0.760102,0.303942,0.012788,-0.770132,0.060758,0.041775,-0.777409,0.256593,0.081587,-0.728477,0.294061,-0.020691,-0.747093
-0.185000,0.029725,-0.538825,-0.252698,0.028132,-0.443632,0.175998,0.102240,-0.106558,-0.017173,0.008087,-0.015953,-0.270606,0.027768,-0.451712,0.136004,-0.017548,-0.090307,-0.035934,0.029742,-0.010122,-0.131674,0.030600,-0.558372,0.073785,0.025322,-0.850836,0.267376,-0.042301,-0.800390,0.312288,0.013399,-0.796451,0.061153,0.042443,-0.815420,0.251861,0.065332,-0.760652,0.302911,-0.035744,-0.767475
-0.187900,0.029975,-0.552750,-0.256779,0.027406,-0.452454,0.161996,0.098890,-0.098064,-0.021589,0.005217,-0.008075,-0.275096,0.026990,-0.459542,0.119068,-0.019006,-0.082763,-0.038008,0.028545,-0.006871,-0.134296,0.031102,-0.573984,0.066055,0.027159,-0.879562,0.251659,-0.035744,-0.826220,0.305850,0.014067,-0.812419,0.055421,0.044684,-0.839665,0.238727,0.057838,-0.781398,0.297980,-0.040297,-0.779452
-0.181650,0.026650,-0.564650,-0.251197,0.022911,-0.460431,0.156306,0.094100,-0.088993,-0.010343,0.002664,-0.003662,-0.266049,0.022681,-0.467366,0.112928,-0.018296,-0.079029,-0.032071,0.029707,-0.006734,-0.128984,0.028210,-0.587072,0.060894,0.026756,-0.898605,0.235051,-0.036193,-0.844579,0.291648,0.009666,-0.826557,0.054643,0.044362,-0.856388,0.227304,0.056501,-0.797478,0.287115,-0.036801,-0.791577
-0.169375,0.021400,-0.568525,-0.238557,0.016653,-0.461446,0.155527,0.088353,-0.074367,0.005535,-0.001808,0.005975,-0.248056,0.016749,-0.469125,0.113714,-0.017663,-0.072050,-0.027580,0.030526,0.000274,-0.118643,0.023386,-0.591660,0.056331,0.024432,-0.901277,0.214879,-0.043273,-0.849340,0.265737,0.000295,-0.833884,0.055540,0.041702,-0.859705,0.213399,0.061875,-0.803825,0.265365,-0.024677,-0.799705
-0.163750,0.014000,-0.569900,-0.227176,0.007401,-0.465476,0.149150,0.076405,-0.068017,0.008575,-0.009181,0.009752,-0.234006,0.007423,-0.470116,0.107688,-0.025421,-0.067801,-0.024911,0.022826,0.001804,-0.116950,0.016514,-0.592571,0.033876,0.020994,-0.878521,0.181279,-0.049842,-0.827416,0.227052,-0.002761,-0.816443,0.042285,0.037315,-0.846724,0.190141,0.077551,-0.794324,0.233796,0.004419,-0.790917
-0.157850,0.008575,-0.570550,-0.214111,-0.000123,-0.470994,0.142416,0.066255,-0.066000,0.005800,-0.015592,0.011712,-0.219229,-0.000343,-0.470960,0.102894,-0.032681,-0.063719,-0.021087,0.016041,0.003038,-0.115455,0.011635,-0.592273,0.010280,0.019497,-0.847944,0.145711,-0.053526,-0.798633,0.183856,-0.001192,-0.794997,0.028446,0.034504,-0.830327,0.165285,0.099755,-0.783070,0.198061,0.043202,-0.782036
-0.144800,0.009300,-0.572225,-0.196460,-0.001168,-0.476341,0.140359,0.066286,-0.064119,0.004027,-0.016897,0.015999,-0.199107,-0.001558,-0.472287,0.107327,-0.030202,-0.057200,-0.013199,0.019656,0.009286,-0.105765,0.012865,-0.593222,0.001922,0.023125,-0.827399,0.119918,-0.051152,-0.782619,0.145896,0.003977,-0.788916,0.027383,0.036763,-0.823513,0.147059,0.124253,-0.783596,0.165406,0.084260,-0.788160
-0.127675,0.010725,-0.573525,-0.173403,-0.001977,-0.483952,0.143017,0.067760,-0.066070,0.011523,-0.013323,0.013737,-0.172972,-0.002605,-0.474429,0.116928,-0.028044,-0.053166,0.001888,0.022688,0.011879,-0.092794,0.014972,-0.593115,-0.004738,0.027486,-0.796266,0.104926,-0.040111,-0.752253,0.129593,0.018274,-0.760557,0.028237,0.039740,-0.810106,0.139649,0.146984,-0.773426,0.154354,0.128237,-0.774768
-0.115000,0.012150,-0.573800,-0.156594,-0.002218,-0.488588,0.141484,0.069384,-0.063665,0.017559,-0.008497,0.014125,-0.154028,-0.003020,-0.474975,0.119638,-0.027745,-0.047194,0.009714,0.023259,0.016533,-0.083190,0.016934,-0.592380,-0.009536,0.030572,-0.771673,0.092843,-0.027188,-0.728311,0.120926,0.027978,-0.732695,0.027335,0.041728,-0.798507,0.131031,0.157836,-0.763384,0.147886,0.159634,-0.757499
-0.103925,0.009075,-0.571450,-0.138963,-0.005585,-0.492259,0.137349,0.064322,-0.067904,0.014286,-0.004881,0.010414,-0.136056,-0.006542,-0.475881,0.119443,-0.033033,-0.045046,0.011677,0.018759,0.018953,-0.076023,0.013773,-0.588313,-0.016853,0.028695,-0.739009,0.083932,-0.011350,-0.693614,0.124824,0.038869,-0.686050,0.023963,0.038895,-0.780143,0.125729,0.157885,-0.743076,0.153864,0.184207,-0.721699
-0.088475,0.002875,-0.565350,-0.117556,-0.011152,-0.491637,0.135531,0.055933,-0.072607,0.011492,-0.005880,0.007209,-0.114348,-0.012111,-0.474749,0.120583,-0.041103,-0.046341,0.012935,0.010350,0.018978,-0.064305,0.007187,-0.580437,-0.017631,0.023054,-0.704590,0.083265,0.003213,-0.656561,0.140726,0.044892,-0.632516,0.025451,0.032506,-0.756611,0.127110,0.146742,-0.716212,0.170524,0.196618,-0.675771
-0.062600,-0.005075,-0.554500,-0.089382,-0.018002,-0.483563,0.141131,0.047872,-0.071799,0.019170,-0.014668,0.008772,-0.084053,-0.018666,-0.469397,0.128037,-0.048884,-0.051187,0.019364,-0.000401,0.015914,-0.040967,-0.001109,-0.568374,-0.002449,0.014889,-0.674656,0.096985,0.011423,-0.624998,0.168672,0.040155,-0.584012,0.039504,0.023883,-0.729392,0.139509,0.125073,-0.685936,0.196721,0.191462,-0.628190
-0.040950,-0.008050,-0.535500,-0.063744,-0.019549,-0.470251,0.139833,0.042569,-0.078531,0.021042,-0.018141,0.001804,-0.057244,-0.020023,-0.458025,0.130306,-0.052191,-0.057446,0.022002,-0.004662,0.010703,-0.022568,-0.004528,-0.547573,0.007977,0.011481,-0.634346,0.110591,0.019754,-0.580936,0.197078,0.035240,-0.521520,0.046989,0.020152,-0.685459,0.150152,0.104378,-0.636747,0.222284,0.179469,-0.561818
-0.034325,-0.004550,-0.517825,-0.053833,-0.014983,-0.457683,0.125927,0.042846,-0.085564,0.010361,-0.015487,-0.005565,-0.047692,-0.015449,-0.445727,0.119736,-0.049101,-0.058258,0.013368,0.000266,0.010184,-0.018359,-0.001351,-0.528532,0.007430,0.014541,-0.604273,0.110391,0.029764,-0.548670,0.204577,0.034157,-0.476128,0.042571,0.022969,-0.647543,0.146179,0.089085,-0.595286,0.226589,0.164945,-0.509537
-0.019925,-0.012575,-0.486075,-0.039143,-0.021828,-0.429897,0.114938,0.034311,-0.086421,0.005956,-0.025921,-0.008333,-0.031338,-0.022076,-0.420121,0.114450,-0.051737,-0.057276,0.008505,-0.006010,0.012150,-0.005572,-0.009565,-0.495875,0.017189,0.007153,-0.567119,0.119767,0.023823,-0.509889,0.216916,0.018659,-0.427628,0.048237,0.015375,-0.596487,0.151674,0.061511,-0.541296,0.235989,0.130016,-0.450128
-0.002250,-0.021625,-0.452900,-0.021687,-0.029654,-0.399920,0.108932,0.025195,-0.085623,0.005290,-0.037139,-0.008871,-0.013035,-0.029707,-0.392609,0.112518,-0.053820,-0.056991,0.006827,-0.012731,0.013409,0.010986,-0.018828,-0.462092,0.032515,-0.001360,-0.534254,0.133420,0.014687,-0.476251,0.230280,0.002066,-0.387012,0.059136,0.006653,-0.547552,0.161219,0.032053,-0.490384,0.246578,0.088602,-0.397386
0.014275,-0.021300,-0.430975,-0.003434,-0.028092,-0.380850,0.110442,0.023680,-0.087996,0.006237,-0.036777,-0.009806,0.002419,-0.028201,-0.374703,0.112298,-0.049060,-0.060126,0.008017,-0.009093,0.010524,0.026606,-0.018914,-0.439678,0.048754,-0.001793,-0.516988,0.145457,0.015492,-0.459622,0.240240,-0.002512,-0.364998,0.070649,0.005926,-0.516059,0.169028,0.010634,-0.458502,0.253930,0.055008,-0.364894
0.033150,-0.020700,-0.398500,0.016298,-0.025882,-0.350625,0.112216,0.023499,-0.086035,0.010564,-0.031595,-0.009118,0.018867,-0.026025,-0.346558,0.112658,-0.042405,-0.059941,0.011698,-0.004991,0.009444,0.045047,-0.018795,-0.407037,0.068581,-0.000014,-0.497550,0.158796,0.015227,-0.442606,0.252216,-0.013692,-0.339562,0.085715,0.007462,-0.472895,0.178366,-0.016331,-0.416064,0.263541,0.012714,-0.322399
0.044925,-0.020075,-0.371750,0.027443,-0.024104,-0.324142,0.110113,0.024660,-0.079370,0.013288,-0.024982,-0.005262,0.027818,-0.024236,-0.322055,0.109792,-0.037257,-0.055165,0.012717,-0.002209,0.012511,0.057041,-0.018476,-0.380580,0.081233,0.003193,-0.486066,0.161261,0.021741,-0.435768,0.254641,-0.018564,-0.322171,0.096073,0.010456,-0.440149,0.179755,-0.042699,-0.385990,0.265480,-0.023075,-0.289629
0.054225,-0.020000,-0.325775,0.039610,-0.021683,-0.281868,0.106149,0.023434,-0.071325,0.016968,-0.019131,-0.002600,0.036070,-0.021809,-0.283117,0.103657,-0.030342,-0.051035,0.011738,-0.002156,0.013623,0.065195,-0.019222,-0.333894,0.088607,0.002834,-0.445133,0.162389,0.026296,-0.397259,0.262227,-0.030441,-0.263774,0.098488,0.009888,-0.376465,0.177245,-0.077162,-0.321801,0.270698,-0.063695,-0.214481
0.062625,-0.020000,-0.276325,0.051145,-0.019278,-0.236664,0.102308,0.019936,-0.064072,0.020270,-0.014828,-0.000787,0.043434,-0.019406,-0.241242,0.096666,-0.025448,-0.048189,0.011087,-0.004021,0.012378,0.072399,-0.020100,-0.283676,0.094450,0.002152,-0.399455,0.159694,0.033612,-0.355505,0.266465,-0.041245,-0.199419,0.100038,0.009121,-0.309895,0.171775,-0.112349,-0.255218,0.272936,-0.099576,-0.134207
0.071700,-0.019475,-0.239200,0.060450,-0.017413,-0.201406,0.100758,0.014367,-0.059899,0.021988,-0.012746,0.000421,0.049739,-0.017556,-0.207935,0.091380,-0.026237,-0.047396,0.013158,-0.006803,0.008251,0.081534,-0.020059,-0.246697,0.102321,0.004430,-0.373884,0.151004,0.047339,-0.339018,0.258731,-0.042296,-0.165908,0.107809,0.011662,-0.268717,0.164749,-0.139327,-0.218135,0.266005,-0.120955,-0.087924
0.080450,-0.016125,-0.184175,0.069609,-0.012745,-0.150676,0.096209,0.011873,-0.051804,0.025072,-0.011238,0.003033,0.058302,-0.012763,-0.159554,0.087366,-0.020569,-0.042036,0.018831,-0.006709,0.006799,0.089592,-0.017075,-0.191233,0.107137,0.009247,-0.320979,0.142945,0.061103,-0.293183,0.251546,-0.040466,-0.102973,0.112616,0.016965,-0.201997,0.158205,-0.158534,-0.152511,0.259512,-0.134245,-0.013016
0.084450,-0.011625,-0.138725,0.073979,-0.007624,-0.109735,0.090144,0.013515,-0.043505,0.027435,-0.011545,0.006337,0.064717,-0.007440,-0.120190,0.085572,-0.011499,-0.034385,0.024422,-0.004055,0.009354,0.092482,-0.012642,-0.144996,0.105541,0.014198,-0.267777,0.131496,0.074378,-0.245208,0.238680,-0.031298,-0.043129,0.111567,0.022406,-0.143760,0.148459,-0.166393,-0.093722,0.247556,-0.135042,0.052799
0.080400,-0.004875,-0.085125,0.071962,-0.000223,-0.061689,0.077763,0.010977,-0.034837,0.024007,-0.004689,0.007025,0.058513,-0.000296,-0.070630,0.068743,-0.007408,-0.024464,0.020438,-0.004044,0.009826,0.087956,-0.006206,-0.091093,0.100951,0.017799,-0.216912,0.112909,0.078925,-0.203046,0.209993,-0.028752,-0.000673,0.104557,0.026631,-0.088574,0.127674,-0.170458,-0.041432,0.217394,-0.137661,0.100825
0.074125,0.001725,-0.033850,0.067565,0.006735,-0.015521,0.064456,0.006629,-0.025318,0.020207,0.001519,0.007705,0.048672,0.006279,-0.021664,0.049082,-0.004609,-0.012646,0.015902,-0.003194,0.010482,0.081622,0.000112,-0.039836,0.095837,0.020049,-0.169934,0.095367,0.079316,-0.164071,0.179932,-0.026608,0.032085,0.096778,0.029529,-0.041046,0.107185,-0.169194,0.003050,0.185484,-0.136846,0.136294
0.071425,0.005775,0.004675,0.064778,0.010533,0.019848,0.055696,0.002809,-0.014456,0.021496,-0.000589,0.010963,0.044121,0.009901,0.015934,0.038834,0.000549,0.000619,0.019832,0.001988,0.013535,0.079070,0.004188,-0.001484,0.092766,0.021091,-0.128321,0.086218,0.080773,-0.126017,0.161322,-0.018357,0.062923,0.093359,0.031022,-0.005733,0.097429,-0.161478,0.038078,0.166586,-0.127207,0.164486
0.062250,0.006950,0.049925,0.054517,0.010780,0.061440,0.038097,-0.003690,-0.000246,0.019353,-0.003815,0.013077,0.032570,0.009923,0.060999,0.020123,0.003098,0.015098,0.018542,0.002758,0.015279,0.070331,0.005706,0.043367,0.084063,0.020444,-0.084500,0.072639,0.078970,-0.085126,0.138266,-0.013143,0.094043,0.085426,0.030972,0.032436,0.084465,-0.153635,0.075990,0.144012,-0.118265,0.193097
0.051150,0.004700,0.079300,0.041927,0.007400,0.088510,0.020350,-0.009633,0.010339,0.014818,-0.006572,0.013160,0.019778,0.006396,0.091087,0.002133,0.001750,0.023697,0.012578,-0.001217,0.015023,0.059722,0.003933,0.072293,0.073367,0.018087,-0.060919,0.057297,0.072745,-0.064675,0.113194,-0.013248,0.102550,0.076873,0.029542,0.053714,0.071333,-0.147286,0.096767,0.120412,-0.112384,0.201267
0.049725,0.007450,0.116650,0.042555,0.009865,0.120781,0.014001,-0.017896,0.015842,0.018240,-0.009865,0.010204,0.014837,0.008459,0.127725,-0.010931,0.006038,0.029033,0.014912,-0.000304,0.008862,0.058245,0.006562,0.109611,0.072882,0.015791,-0.019334,0.056329,0.066259,-0.023549,0.103164,-0.014620,0.131162,0.073780,0.027415,0.088633,0.066636,-0.139498,0.132076,0.108079,-0.106373,0.225704
0.048600,0.013475,0.151350,0.044036,0.015802,0.150421,0.008696,-0.022730,0.020787,0.022290,-0.010100,0.007168,0.010313,0.014022,0.161587,-0.023549,0.012821,0.034353,0.017785,0.003232,0.002720,0.056921,0.012349,0.144395,0.072765,0.015737,0.021727,0.054972,0.060348,0.016235,0.091285,-0.016356,0.154662,0.069815,0.027196,0.122386,0.059806,-0.128792,0.164345,0.092805,-0.099119,0.244026
0.038325,0.021050,0.172825,0.033990,0.022874,0.169693,-0.005802,-0.018429,0.029812,0.019802,-0.003611,0.007078,-0.001326,0.021014,0.183376,-0.040255,0.018897,0.042910,0.013401,0.007072,0.002548,0.046691,0.020036,0.165766,0.063120,0.019884,0.043882,0.039799,0.055896,0.033808,0.063263,-0.017302,0.150498,0.058560,0.031358,0.140250,0.041702,-0.113846,0.177175,0.063023,-0.089450,0.236535
0.028950,0.027525,0.197200,0.024743,0.028688,0.191552,-0.020419,-0.016397,0.039234,0.017090,0.001066,0.007319,-0.012828,0.026723,0.208319,-0.057578,0.028640,0.050478,0.009142,0.012400,0.000722,0.037501,0.026675,0.189918,0.055663,0.021157,0.067850,0.025527,0.046578,0.052000,0.035051,-0.024536,0.144198,0.047583,0.032441,0.159942,0.021927,-0.102151,0.189836,0.031465,-0.085355,0.226515
0.025175,0.029700,0.212225,0.020882,0.030371,0.205027,-0.028671,-0.017684,0.044544,0.014721,0.001469,0.008054,-0.018456,0.028395,0.224013,-0.067721,0.037186,0.053431,0.006349,0.017056,-0.001466,0.033941,0.028967,0.204687,0.053618,0.018670,0.081285,0.017054,0.032002,0.059688,0.013724,-0.037641,0.128181,0.042385,0.029990,0.171178,0.008315,-0.094705,0.193983,0.007049,-0.086761,0.208121
0.014550,0.038975,0.226700,0.012444,0.039191,0.215999,-0.040398,-0.014607,0.049373,0.014400,0.007812,0.004624,-0.029722,0.037156,0.238315,-0.084340,0.044014,0.058853,0.004018,0.022036,-0.005367,0.022742,0.038193,0.219581,0.043607,0.021828,0.107227,0.006965,0.027496,0.084659,-0.005014,-0.038793,0.134180,0.027348,0.032074,0.187581,-0.009405,-0.079012,0.205364,-0.016301,-0.077505,0.205576
0.001525,0.048375,0.236725,0.001885,0.048147,0.222592,-0.053313,-0.010204,0.053407,0.011325,0.013810,0.002012,-0.042630,0.046114,0.247922,-0.102025,0.049259,0.063317,-0.000506,0.025437,-0.009063,0.008943,0.047519,0.230209,0.031036,0.025198,0.131052,-0.003315,0.025166,0.109321,-0.021466,-0.036946,0.142875,0.009712,0.034031,0.199768,-0.027363,-0.062550,0.213245,-0.037370,-0.066317,0.203857
-0.009500,0.050925,0.238300,-0.008369,0.050247,0.222835,-0.065166,-0.007517,0.056175,0.000518,0.013259,0.005034,-0.053265,0.048377,0.249462,-0.115594,0.053001,0.063238,-0.010204,0.025633,-0.010788,-0.002464,0.050106,0.232065,0.021121,0.023243,0.137964,-0.013018,0.016699,0.115591,-0.036968,-0.041478,0.133594,-0.003426,0.031110,0.198211,-0.042317,-0.052744,0.206451,-0.055953,-0.062162,0.186622
-0.015625,0.047750,0.239650,-0.013339,0.046004,0.221378,-0.071555,-0.009385,0.058419,-0.001884,0.007737,0.005766,-0.057597,0.044244,0.250715,-0.122467,0.048363,0.065150,-0.011767,0.017479,-0.011151,-0.009367,0.047238,0.234069,0.014615,0.017152,0.152093,-0.014040,0.006160,0.132660,-0.039572,-0.046597,0.140991,-0.012834,0.023869,0.202726,-0.048074,-0.046391,0.208714,-0.061303,-0.059876,0.185130
-0.013775,0.040475,0.240075,-0.010632,0.037535,0.218956,-0.070351,-0.015063,0.059451,0.004472,-0.000258,0.004507,-0.053514,0.035893,0.251137,-0.120496,0.037501,0.068416,-0.005409,0.005422,-0.009088,-0.008311,0.040370,0.235181,0.014623,0.009845,0.166333,-0.005812,-0.005919,0.151428,-0.029725,-0.052641,0.155045,-0.013738,0.016006,0.210973,-0.041839,-0.042085,0.217323,-0.052501,-0.059241,0.193307
-0.023025,0.042375,0.230550,-0.018478,0.038131,0.207289,-0.075599,-0.011753,0.059474,0.001416,0.001559,0.004162,-0.060503,0.036631,0.242109,-0.127052,0.039784,0.066598,-0.009121,0.003746,-0.011186,-0.018352,0.042689,0.226356,0.004562,0.010891,0.166285,-0.009364,-0.009542,0.154804,-0.031976,-0.050810,0.153543,-0.025163,0.016524,0.205410,-0.047844,-0.030793,0.211173,-0.056089,-0.051944,0.186425
-0.033975,0.045450,0.216900,-0.027896,0.040120,0.192058,-0.081059,-0.007180,0.057993,-0.004048,0.005545,0.003649,-0.068963,0.038798,0.228810,-0.133620,0.043455,0.063594,-0.014892,0.004358,-0.013074,-0.030113,0.046093,0.213431,-0.007359,0.013692,0.159870,-0.015912,-0.010723,0.151200,-0.036843,-0.046436,0.145612,-0.037574,0.018876,0.194044,-0.055545,-0.018594,0.198889,-0.061510,-0.043204,0.173708
-0.037150,0.041625,0.204800,-0.029838,0.035758,0.178814,-0.080460,-0.009165,0.054414,-0.004882,0.004031,0.001803,-0.069226,0.034653,0.216237,-0.131542,0.036663,0.063136,-0.014555,-0.001144,-0.010590,-0.034137,0.042404,0.202094,-0.012772,0.011636,0.154886,-0.016458,-0.015611,0.148881,-0.034649,-0.044951,0.140073,-0.041316,0.016463,0.184743,-0.054251,-0.011503,0.188853,-0.058049,-0.038260,0.164023
-0.040850,0.037425,0.188575,-0.031830,0.030861,0.161115,-0.077995,-0.009871,0.050370,-0.004001,0.002626,-0.000255,-0.068775,0.029974,0.198742,-0.127519,0.032033,0.058599,-0.015469,-0.004648,-0.010437,-0.039016,0.038485,0.186947,-0.019593,0.009746,0.152599,-0.014771,-0.020719,0.151454,-0.027913,-0.044502,0.144455,-0.047588,0.014455,0.180217,-0.052097,-0.005785,0.186624,-0.050923,-0.034860,0.166052
-0.043225,0.034975,0.176400,-0.032945,0.027833,0.147897,-0.075452,-0.009175,0.048258,-0.002223,0.001858,-0.000900,-0.067906,0.027169,0.185202,-0.124621,0.031634,0.052534,-0.018003,-0.003971,-0.011807,-0.042314,0.036313,0.175622,-0.024455,0.008924,0.154274,-0.011350,-0.026123,0.157721,-0.019582,-0.046580,0.154751,-0.053241,0.013930,0.182854,-0.049877,-0.001747,0.192588,-0.043269,-0.034056,0.176659
-0.043325,0.033500,0.157225,-0.031554,0.025475,0.128151,-0.066174,-0.007633,0.047105,0.005601,0.003385,-0.000162,-0.063919,0.024992,0.165480,-0.115273,0.028178,0.048480,-0.013809,-0.006272,-0.011436,-0.043402,0.035178,0.157361,-0.028014,0.010807,0.147329,-0.011382,-0.023747,0.153167,-0.016167,-0.039472,0.150530,-0.054876,0.015096,0.171220,-0.047410,0.006096,0.180655,-0.038295,-0.025056,0.168153
-0.043600,0.031250,0.136425,-0.030840,0.022274,0.106829,-0.057957,-0.006343,0.043237,0.009427,0.003971,-0.000253,-0.059432,0.021926,0.144073,-0.104207,0.023563,0.044718,-0.009414,-0.009783,-0.010150,-0.044685,0.033349,0.137495,-0.032383,0.013001,0.137992,-0.014711,-0.018883,0.144982,-0.016690,-0.030453,0.142536,-0.056116,0.016324,0.156303,-0.046570,0.013230,0.164392,-0.036267,-0.014392,0.155150
-0.046400,0.026425,0.119375,-0.033878,0.016659,0.088887,-0.058464,-0.006440,0.033070,-0.000640,0.000420,-0.003396,-0.056931,0.016385,0.125453,-0.096005,0.019689,0.039517,-0.011241,-0.012548,-0.008883,-0.048474,0.029050,0.121360,-0.039587,0.013168,0.132568,-0.020712,-0.016968,0.140676,-0.019444,-0.026571,0.141809,-0.060428,0.016080,0.149169,-0.048677,0.015542,0.157591,-0.036658,-0.008481,0.152582
-0.048350,0.019050,0.097625,-0.035950,0.008671,0.066936,-0.055579,-0.008302,0.023413,-0.004768,-0.004989,-0.007597,-0.052726,0.008434,0.101792,-0.084432,0.010947,0.033156,-0.011852,-0.018152,-0.007685,-0.051528,0.022185,0.100620,-0.046154,0.010967,0.121098,-0.027666,-0.016154,0.129464,-0.023582,-0.024537,0.134505,-0.063677,0.013386,0.135830,-0.051154,0.014369,0.144081,-0.038083,-0.004681,0.143339
-0.048500,0.012825,0.082075,-0.036032,0.002250,0.051998,-0.050830,-0.011185,0.019207,-0.000867,-0.009687,-0.010478,-0.048990,0.002075,0.084977,-0.075674,0.001471,0.028957,-0.011169,-0.023807,-0.006717,-0.052349,0.016202,0.085666,-0.049035,0.007544,0.109276,-0.034477,-0.016877,0.115613,-0.029833,-0.026103,0.122966,-0.064479,0.009552,0.122922,-0.055119,0.009800,0.129325,-0.042626,-0.004751,0.130555
-0.045800,0.013300,0.062825,-0.034547,0.003342,0.035151,-0.045918,-0.004554,0.011055,-0.007099,-0.007630,-0.011039,-0.042187,0.003175,0.064124,-0.062153,-0.002091,0.024390,-0.009178,-0.021300,-0.004478,-0.050042,0.016749,0.066747,-0.049504,0.011977,0.092547,-0.038430,-0.010642,0.096989,-0.032372,-0.021627,0.109340,-0.061911,0.014227,0.108831,-0.054973,0.011454,0.114986,-0.042682,0.001347,0.118766
-0.042950,0.014200,0.046775,-0.033265,0.005110,0.022086,-0.041338,0.002133,0.006092,-0.011786,-0.004063,-0.009902,-0.035561,0.004927,0.046332,-0.049096,-0.002788,0.021168,-0.006307,-0.015981,-0.001798,-0.047443,0.017653,0.050894,-0.050153,0.017681,0.077799,-0.042933,-0.003077,0.080082,-0.035254,-0.016085,0.098244,-0.058628,0.020430,0.098155,-0.054213,0.013645,0.104458,-0.042362,0.008359,0.110713
-0.042600,0.009300,0.040800,-0.033884,0.000757,0.018448,-0.037458,-0.000541,0.011430,-0.003023,-0.004248,-0.007667,-0.032289,0.000557,0.038693,-0.041608,-0.003672,0.021051,-0.002776,-0.013238,0.000495,-0.047345,0.012791,0.045114,-0.053543,0.018129,0.071913,-0.051382,0.000151,0.071348,-0.042558,-0.014496,0.094179,-0.057250,0.021236,0.095509,-0.056321,0.010793,0.101121,-0.045808,0.011102,0.109031
-0.039700,0.006950,0.034850,-0.031573,-0.000236,0.015282,-0.033508,0.000790,0.012206,-0.001256,0.002473,-0.006534,-0.028146,-0.000423,0.031295,-0.033774,-0.005398,0.021605,-0.000706,-0.010463,0.004295,-0.044454,0.010038,0.039132,-0.052556,0.018143,0.062940,-0.057776,0.002787,0.058031,-0.050057,-0.014441,0.082479,-0.053364,0.021299,0.088209,-0.058838,0.007070,0.091153,-0.050971,0.012088,0.098431
-0.035700,0.008275,0.031925,-0.027479,0.002545,0.014216,-0.031460,0.005347,0.008086,-0.007384,0.012668,-0.007003,-0.025193,0.002414,0.027877,-0.029529,-0.007199,0.022612,-0.001123,-0.009167,0.007815,-0.040220,0.010728,0.035956,-0.048000,0.017786,0.055261,-0.062356,0.004678,0.044881,-0.058302,-0.016484,0.067730,-0.049204,0.020512,0.079817,-0.063873,0.002530,0.078153,-0.059544,0.010845,0.082805
-0.031300,0.007700,0.035825,-0.022412,0.002572,0.018527,-0.025018,0.005016,0.014788,-0.000330,0.015140,-0.001203,-0.019511,0.002456,0.029638,-0.023759,-0.001866,0.022573,0.005515,-0.000497,0.007595,-0.036266,0.009914,0.040213,-0.045284,0.017452,0.065758,-0.064363,0.009912,0.053032,-0.061690,-0.012698,0.075791,-0.046462,0.018772,0.084450,-0.065791,0.000827,0.079577,-0.062922,0.015024,0.085803
-0.025450,0.005800,0.043550,-0.015850,0.000750,0.025578,-0.017798,0.002135,0.022632,0.010544,0.013082,0.004376,-0.012059,0.000634,0.035177,-0.017471,0.003742,0.022938,0.015205,0.006822,0.006424,-0.031008,0.007974,0.048422,-0.041782,0.016553,0.082955,-0.064343,0.015059,0.068744,-0.062883,-0.008174,0.090905,-0.042643,0.016233,0.094570,-0.065312,-0.000303,0.086796,-0.063878,0.020021,0.094858
-0.017050,0.003100,0.052075,-0.007250,-0.002075,0.032706,-0.013405,-0.001020,0.021921,0.015852,0.009644,0.003197,-0.003744,-0.002179,0.043055,-0.011621,0.002756,0.025114,0.023985,0.004002,0.007029,-0.022805,0.005239,0.057081,-0.034770,0.014453,0.095392,-0.062493,0.016740,0.078473,-0.063941,-0.007822,0.097809,-0.035140,0.013017,0.102643,-0.062785,-0.003180,0.091392,-0.064560,0.021170,0.097926
-0.011700,-0.002325,0.066150,-0.002423,-0.007471,0.045578,-0.014432,-0.007785,0.023587,0.018877,0.003466,0.002481,0.001533,-0.007576,0.055632,-0.011472,0.000501,0.026148,0.027382,0.001137,0.006326,-0.017594,-0.000205,0.071237,-0.030777,0.009700,0.114022,-0.061787,0.014977,0.095534,-0.065746,-0.010565,0.112583,-0.030853,0.007395,0.117928,-0.061669,-0.008482,0.104521,-0.066141,0.018773,0.109818
-0.012050,-0.007750,0.078775,-0.003740,-0.012736,0.057822,-0.020349,-0.014781,0.026879,0.018170,-0.002372,0.002721,0.001171,-0.012850,0.066682,-0.017129,-0.001916,0.025595,0.023667,-0.000330,0.004799,-0.017962,-0.005623,0.083838,-0.032036,0.004749,0.129430,-0.064898,0.011480,0.110147,-0.071075,-0.015284,0.125928,-0.032154,0.002158,0.132697,-0.064809,-0.014738,0.118751,-0.071500,0.013618,0.122681
-0.011675,-0.010025,0.096150,-0.005210,-0.014869,0.074902,-0.028336,-0.017806,0.032045,0.013373,-0.006789,0.006611,0.001698,-0.015016,0.082217,-0.023186,-0.000505,0.026996,0.020727,-0.000144,0.004749,-0.017511,-0.007797,0.101113,-0.031923,0.003366,0.141691,-0.068789,0.010387,0.120254,-0.078124,-0.017628,0.133192,-0.030719,0.001141,0.147247,-0.066920,-0.018408,0.132471,-0.077487,0.009617,0.132102
-0.009825,-0.010425,0.112350,-0.005038,-0.015016,0.090702,-0.035708,-0.018822,0.034344,0.007777,-0.008745,0.008308,0.003209,-0.015185,0.096853,-0.028350,0.000743,0.028451,0.018409,-0.001374,0.004892,-0.015527,-0.008175,0.117163,-0.030110,0.004035,0.150633,-0.070197,0.011147,0.127542,-0.081970,-0.017796,0.138659,-0.027198,0.002570,0.160137,-0.066020,-0.020782,0.145784,-0.079950,0.006110,0.141400
-0.005775,-0.010250,0.121550,-0.001456,-0.014331,0.099236,-0.039867,-0.019764,0.029206,0.004616,-0.007133,0.002147,0.005760,-0.014474,0.105276,-0.031397,-0.002147,0.028097,0.016447,-0.006990,0.004006,-0.011319,-0.008235,0.126194,-0.026341,0.005194,0.156139,-0.066164,0.012969,0.133554,-0.078206,-0.016244,0.146089,-0.022310,0.004611,0.169931,-0.060432,-0.023040,0.158523,-0.075252,0.002463,0.153284
-0.004675,-0.009050,0.132950,-0.000519,-0.012451,0.110098,-0.046309,-0.021078,0.026879,0.001127,-0.005376,-0.002262,0.004927,-0.012553,0.115588,-0.039007,-0.002581,0.027286,0.011696,-0.008721,0.001864,-0.010059,-0.007349,0.137426,-0.024745,0.006287,0.162370,-0.064091,0.014231,0.140355,-0.076177,-0.015627,0.155009,-0.020588,0.006824,0.181520,-0.058100,-0.026470,0.173701,-0.073047,-0.003554,0.167810
-0.007050,-0.007400,0.140850,-0.002668,-0.010305,0.117881,-0.051979,-0.022186,0.028624,-0.001090,-0.004470,-0.002490,0.001133,-0.010369,0.122682,-0.047665,-0.000421,0.026585,0.006272,-0.005735,-0.000187,-0.012358,-0.005934,0.145231,-0.026126,0.006796,0.166163,-0.064700,0.015832,0.144967,-0.076524,-0.014443,0.161857,-0.022920,0.008157,0.189085,-0.059868,-0.030583,0.184774,-0.074045,-0.010277,0.179239
-0.010150,-0.007525,0.149175,-0.005576,-0.009647,0.126155,-0.059412,-0.023795,0.029862,-0.005811,-0.004203,-0.002711,-0.002618,-0.009697,0.129778,-0.054610,-0.000690,0.029697,0.004043,-0.006038,0.001001,-0.015533,-0.006392,0.153585,-0.029051,0.005934,0.174553,-0.065602,0.018003,0.155063,-0.075858,-0.011375,0.174891,-0.026556,0.007586,0.198512,-0.061614,-0.034948,0.197775,-0.073832,-0.015842,0.194811
-0.011150,-0.008250,0.156550,-0.006196,-0.009605,0.133416,-0.063992,-0.025625,0.031462,-0.008057,-0.004285,-0.002287,-0.003806,-0.009648,0.135788,-0.058165,-0.001034,0.033284,0.005079,-0.006963,0.002807,-0.016729,-0.007438,0.161087,-0.030335,0.004631,0.184335,-0.064458,0.020094,0.166790,-0.072575,-0.007875,0.189809,-0.028649,0.006325,0.208198,-0.061458,-0.039054,0.210810,-0.071080,-0.020711,0.211334
-0.007175,-0.008400,0.161600,-0.001449,-0.009320,0.138153,-0.061095,-0.027439,0.034244,-0.002856,-0.004573,-0.000578,0.000127,-0.009348,0.139646,-0.056721,0.000886,0.034018,0.009343,-0.005823,0.002644,-0.013035,-0.007783,0.166331,-0.026744,0.003870,0.192245,-0.058827,0.021507,0.176271,-0.064967,-0.005306,0.202262,-0.026257,0.005661,0.216520,-0.057365,-0.042321,0.222025,-0.064323,-0.025315,0.225606
-0.006375,-0.009200,0.168300,0.000155,-0.009479,0.144097,-0.063714,-0.029222,0.034758,0.000523,-0.005395,-0.002886,0.001389,-0.009503,0.144147,-0.059541,0.001587,0.033047,0.010187,-0.005490,0.000351,-0.012729,-0.008831,0.173390,-0.025944,0.001219,0.202036,-0.057480,0.020508,0.186739,-0.062807,-0.005434,0.213582,-0.027619,0.002726,0.225121,-0.058901,-0.046625,0.231712,-0.063800,-0.031231,0.237182
-0.009200,-0.010250,0.173300,-0.002256,-0.009991,0.148339,-0.071119,-0.030069,0.033081,-0.000112,-0.006330,-0.007516,-0.000724,-0.010026,0.147084,-0.065746,0.000736,0.031173,0.006741,-0.006080,-0.002437,-0.016025,-0.010065,0.178723,-0.028472,-0.002027,0.208755,-0.061931,0.018206,0.192712,-0.067905,-0.007109,0.217627,-0.032277,-0.001071,0.229640,-0.066243,-0.050608,0.235133,-0.070548,-0.036894,0.240301
-0.006225,-0.010825,0.177775,0.001848,-0.010289,0.151219,-0.071168,-0.030911,0.031664,0.000456,-0.008046,-0.008510,0.004355,-0.010345,0.149210,-0.062488,0.001824,0.032091,0.004850,-0.005153,0.001240,-0.013947,-0.010722,0.183855,-0.027868,-0.003235,0.227346,-0.058075,0.019001,0.213484,-0.062116,-0.004491,0.239721,-0.034278,-0.003441,0.243445,-0.065988,-0.050393,0.249396,-0.066828,-0.036639,0.258980
-0.001050,-0.011850,0.181300,0.008131,-0.011112,0.153254,-0.068813,-0.031339,0.030317,0.000714,-0.008794,-0.008167,0.011441,-0.011186,0.150635,-0.057606,0.001374,0.032124,0.003876,-0.007038,0.004281,-0.009614,-0.011816,0.187980,-0.025457,-0.004386,0.244550,-0.054237,0.018944,0.231781,-0.057401,-0.002911,0.257231,-0.033868,-0.005850,0.255750,-0.064978,-0.049306,0.260588,-0.063742,-0.035517,0.272558
0.002650,-0.014225,0.183500,0.012180,-0.013158,0.155022,-0.069151,-0.030845,0.028983,-0.000949,-0.006591,-0.008615,0.015266,-0.013226,0.151494,-0.059119,-0.003939,0.027729,0.003041,-0.015933,-0.000191,-0.006225,-0.014341,0.190350,-0.022542,-0.007466,0.247236,-0.058662,0.014145,0.230564,-0.065541,-0.007555,0.247822,-0.031285,-0.009770,0.255882,-0.069988,-0.050684,0.255034,-0.072209,-0.038641,0.260709
0.003700,-0.016050,0.186800,0.014311,-0.014545,0.157310,-0.071708,-0.030747,0.027640,-0.004243,-0.004302,-0.009483,0.017128,-0.014607,0.152691,-0.062284,-0.005684,0.023668,-0.001572,-0.019728,-0.003360,-0.005829,-0.016368,0.194073,-0.023275,-0.009926,0.255176,-0.066208,0.009718,0.234947,-0.076944,-0.011771,0.243397,-0.032843,-0.013343,0.260322,-0.078805,-0.050608,0.253439,-0.084342,-0.040385,0.252826
0.001625,-0.016400,0.189525,0.013470,-0.014566,0.159050,-0.075901,-0.031004,0.027393,-0.008168,-0.003107,-0.009650,0.016148,-0.014623,0.153712,-0.066060,-0.002915,0.022388,-0.008156,-0.016415,-0.003099,-0.008590,-0.016868,0.197232,-0.027780,-0.010431,0.264119,-0.077975,0.006105,0.240095,-0.093109,-0.015422,0.238848,-0.038253,-0.014866,0.266610,-0.091962,-0.048419,0.253482,-0.101305,-0.040850,0.245343
0.003300,-0.015750,0.192675,0.016326,-0.014042,0.160846,-0.076036,-0.028820,0.028459,-0.005619,0.002118,-0.009810,0.019375,-0.014104,0.155843,-0.064136,-0.000483,0.024899,-0.002126,-0.015980,-0.002088,-0.007641,-0.016182,0.200826,-0.029371,-0.009479,0.276544,-0.086781,0.003676,0.248850,-0.106680,-0.017705,0.236919,-0.041033,-0.015084,0.276021,-0.102550,-0.044323,0.256406,-0.115896,-0.039933,0.240144
0.006100,-0.015125,0.196200,0.020318,-0.013633,0.162998,-0.074967,-0.027257,0.029943,-0.001385,0.005633,-0.009566,0.023468,-0.013695,0.158606,-0.061798,0.000898,0.027697,0.005563,-0.017086,-0.001262,-0.005515,-0.015494,0.204741,-0.029755,-0.008739,0.288303,-0.096282,0.000028,0.256071,-0.122365,-0.021485,0.231201,-0.042805,-0.015424,0.285499,-0.114102,-0.040584,0.258639,-0.132756,-0.040712,0.231793
0.007500,-0.015475,0.200125,0.022961,-0.013905,0.165921,-0.075588,-0.029171,0.031075,-0.000361,0.001911,-0.008401,0.025183,-0.013948,0.161592,-0.064363,0.000719,0.027367,0.003860,-0.018115,-0.001508,-0.004645,-0.015918,0.208931,-0.030497,-0.009788,0.295329,-0.109462,-0.006962,0.257003,-0.143834,-0.029268,0.216387,-0.045010,-0.017210,0.292005,-0.129425,-0.039299,0.256924,-0.155450,-0.045783,0.215874
0.012175,-0.014175,0.204375,0.028806,-0.012359,0.169500,-0.072752,-0.030023,0.033141,0.003455,-0.001479,-0.005895,0.030158,-0.012383,0.164856,-0.063384,0.002209,0.027998,0.006980,-0.016050,-0.001257,-0.000466,-0.014732,0.213408,-0.027427,-0.009414,0.300199,-0.119264,-0.013188,0.255937,-0.162232,-0.036402,0.199924,-0.043447,-0.017234,0.297769,-0.141403,-0.036996,0.255226,-0.175095,-0.050637,0.199592
0.017775,-0.011900,0.206800,0.034919,-0.009790,0.172049,-0.068650,-0.029342,0.035751,0.007511,-0.002822,-0.002426,0.035919,-0.009806,0.166884,-0.060005,0.004660,0.029888,0.012801,-0.011878,0.000168,0.004887,-0.012552,0.215871,-0.022744,-0.007742,0.300261,-0.126366,-0.017699,0.251113,-0.176791,-0.041427,0.182278,-0.039573,-0.015610,0.299727,-0.149685,-0.033589,0.251390,-0.190332,-0.053778,0.183077
0.015925,-0.012375,0.209325,0.033888,-0.010668,0.172940,-0.073876,-0.032471,0.034065,0.002577,-0.007206,-0.003549,0.035889,-0.010698,0.168203,-0.064490,0.006432,0.027736,0.009554,-0.010689,-0.001997,0.002227,-0.012827,0.218816,-0.027380,-0.007882,0.308433,-0.134302,-0.020341,0.259060,-0.186779,-0.042599,0.185453,-0.045105,-0.016173,0.306878,-0.158888,-0.030710,0.256673,-0.201060,-0.053852,0.185133
0.012575,-0.012725,0.213375,0.031186,-0.011694,0.174802,-0.082573,-0.035623,0.031466,-0.005077,-0.010025,-0.006100,0.034635,-0.011746,0.170907,-0.072015,0.008196,0.024815,0.002222,-0.009840,-0.004549,-0.002040,-0.012872,0.223339,-0.034016,-0.007448,0.320995,-0.137302,-0.019512,0.274865,-0.186911,-0.039030,0.203768,-0.052281,-0.016221,0.316825,-0.162637,-0.026663,0.268059,-0.201641,-0.049436,0.201083
0.013650,-0.010100,0.220300,0.032238,-0.009587,0.180196,-0.088974,-0.034951,0.031343,-0.009248,-0.006572,-0.006907,0.036702,-0.009655,0.176999,-0.077822,0.010651,0.024354,-0.004339,-0.006748,-0.004311,-0.001531,-0.010032,0.230471,-0.035448,-0.004023,0.334144,-0.131277,-0.013984,0.292816,-0.174824,-0.030357,0.228699,-0.053434,-0.013097,0.327081,-0.156210,-0.019705,0.281628,-0.189337,-0.039723,0.223415
0.020325,-0.007750,0.226450,0.038603,-0.008294,0.184481,-0.088670,-0.035830,0.031962,-0.004321,-0.004245,-0.007901,0.045565,-0.008398,0.182466,-0.076158,0.013390,0.024378,-0.001089,-0.004722,-0.004460,0.004413,-0.007215,0.236922,-0.031408,-0.000991,0.347870,-0.116429,-0.006381,0.312661,-0.151739,-0.019086,0.257739,-0.048917,-0.010689,0.335600,-0.140682,-0.012641,0.294203,-0.165869,-0.027479,0.247952
0.029275,-0.006900,0.228775,0.047145,-0.008507,0.185745,-0.082661,-0.037943,0.033959,0.006559,-0.004544,-0.007326,0.056840,-0.008647,0.184827,-0.068722,0.014948,0.025859,0.009606,-0.004779,-0.003709,0.012784,-0.005886,0.239426,-0.024315,0.000056,0.355263,-0.099171,-0.000588,0.325542,-0.127085,-0.010482,0.278609,-0.041266,-0.010192,0.337954,-0.122636,-0.008109,0.300218,-0.140760,-0.017538,0.264397
0.030750,-0.003475,0.232100,0.050332,-0.005353,0.187482,-0.084613,-0.035019,0.034142,0.005035,0.003094,-0.007087,0.059704,-0.005480,0.186919,-0.073300,0.017326,0.023670,0.004550,-0.004344,-0.005286,0.013276,-0.002487,0.243157,-0.026191,0.001412,0.372603,-0.088409,0.009646,0.349449,-0.109020,0.003797,0.308229,-0.043925,-0.010778,0.343305,-0.112942,-0.000994,0.307632,-0.123313,-0.002551,0.283898
0.032775,-0.001900,0.234900,0.054801,-0.003800,0.188496,-0.085987,-0.033023,0.033221,0.001945,0.008721,-0.006984,0.063426,-0.003907,0.187978,-0.077277,0.016982,0.020769,-0.001657,-0.005480,-0.006935,0.014067,-0.001046,0.246486,-0.028286,0.000199,0.391386,-0.078297,0.016618,0.374282,-0.093487,0.014159,0.336224,-0.047523,-0.013982,0.349863,-0.104890,0.003847,0.315451,-0.108963,0.009312,0.301446
0.043350,-0.006650,0.235600,0.067162,-0.008879,0.187545,-0.078217,-0.038053,0.031854,0.008207,0.002103,-0.006844,0.077302,-0.008998,0.187224,-0.067938,0.010215,0.020080,0.005698,-0.010596,-0.006416,0.023302,-0.005645,0.247730,-0.021849,-0.006467,0.403091,-0.062240,0.012876,0.390242,-0.074951,0.011331,0.353643,-0.042670,-0.021348,0.355740,-0.090986,0.001501,0.322944,-0.091650,0.010275,0.313383
0.049950,-0.005950,0.237325,0.075759,-0.008474,0.187678,-0.074058,-0.035717,0.032296,0.011095,0.003818,-0.005154,0.087669,-0.008607,0.187622,-0.059945,0.011116,0.022567,0.013375,-0.007855,-0.003275,0.028461,-0.004833,0.250009,-0.020424,-0.007588,0.417216,-0.052768,0.015255,0.407995,-0.064725,0.015482,0.369441,-0.041871,-0.023616,0.361676,-0.082312,0.006527,0.328654,-0.081839,0.019437,0.321567
0.049275,-0.000150,0.239200,0.076356,-0.002797,0.189128,-0.076644,-0.027402,0.035575,0.008211,0.012508,-0.001125,0.089385,-0.002932,0.189335,-0.058433,0.019056,0.028347,0.016461,0.001226,0.002516,0.026904,0.000976,0.252062,-0.025674,-0.002694,0.426294,-0.054542,0.021879,0.418750,-0.068578,0.023603,0.374696,-0.045861,-0.019567,0.364140,-0.082239,0.017910,0.329310,-0.084545,0.034518,0.320269
0.051175,0.002550,0.241775,0.081051,0.000006,0.190288,-0.076902,-0.023770,0.036623,0.011821,0.018043,-0.000943,0.094912,-0.000120,0.189964,-0.058264,0.021295,0.028235,0.016124,0.003237,0.003063,0.027146,0.003603,0.255197,-0.031277,-0.001474,0.443008,-0.054100,0.024681,0.438014,-0.069555,0.028071,0.389937,-0.051287,-0.019351,0.373076,-0.081404,0.026656,0.336743,-0.085194,0.047398,0.327899
0.053550,0.004050,0.243400,0.086073,0.001639,0.190484,-0.078376,-0.023083,0.035141,0.011592,0.019987,-0.002245,0.100830,0.001524,0.189621,-0.059176,0.021478,0.026021,0.013893,0.003074,0.001735,0.027850,0.005014,0.257333,-0.037096,-0.001324,0.458481,-0.055478,0.026104,0.455397,-0.073009,0.031433,0.402679,-0.056244,-0.020202,0.380562,-0.081408,0.034974,0.342001,-0.087724,0.060389,0.332855
0.054300,0.006325,0.242325,0.087605,0.003847,0.188908,-0.084743,-0.023621,0.030703,-0.003002,0.017792,-0.002908,0.103721,0.003739,0.188327,-0.060814,0.023286,0.025286,0.011389,0.005699,0.001704,0.027689,0.007260,0.256291,-0.042902,0.000472,0.463686,-0.062262,0.028767,0.460516,-0.083558,0.036551,0.400704,-0.058625,-0.019182,0.378596,-0.083263,0.045197,0.336273,-0.095272,0.075913,0.323914
0.057800,0.004375,0.243175,0.092567,0.001844,0.189150,-0.085936,-0.027709,0.030095,-0.004525,0.013441,-0.002687,0.110314,0.001752,0.188304,-0.060338,0.021911,0.024356,0.010251,0.004174,0.001687,0.029918,0.005310,0.257316,-0.047603,-0.002009,0.473637,-0.065503,0.027013,0.471224,-0.088273,0.037544,0.407985,-0.060310,-0.022236,0.381889,-0.082143,0.050958,0.337114,-0.097316,0.087189,0.324966
0.062275,-0.000800,0.245600,0.098626,-0.003340,0.191660,-0.082352,-0.033643,0.035392,0.006936,0.008332,0.000561,0.117419,-0.003403,0.190254,-0.059184,0.017707,0.025777,0.009909,-0.001404,0.003964,0.033297,0.000145,0.259778,-0.050802,-0.007719,0.482542,-0.066839,0.020167,0.480766,-0.089862,0.032403,0.417442,-0.061219,-0.027812,0.387774,-0.080143,0.051445,0.342176,-0.096841,0.091543,0.331560
0.066075,-0.000525,0.246625,0.103460,-0.002610,0.192629,-0.088393,-0.034458,0.032472,0.001803,0.009779,-0.002067,0.122933,-0.002644,0.190544,-0.062556,0.017334,0.023711,0.004084,-0.001552,0.002985,0.036086,0.000243,0.260749,-0.052984,-0.008891,0.485725,-0.068987,0.017826,0.483919,-0.092158,0.031229,0.421451,-0.061631,-0.028558,0.389455,-0.079708,0.054690,0.343406,-0.097531,0.097664,0.334474
0.069900,0.001325,0.246925,0.107737,-0.000164,0.193230,-0.096561,-0.034227,0.028350,-0.006752,0.011350,-0.005349,0.128101,-0.000164,0.190304,-0.066543,0.018607,0.021316,-0.001061,-0.000191,0.001282,0.039075,0.001861,0.260879,-0.055552,-0.007808,0.487657,-0.071337,0.019278,0.486094,-0.092676,0.034574,0.426550,-0.061471,-0.026993,0.390205,-0.078250,0.058873,0.344615,-0.095790,0.105064,0.339344
0.074325,0.001025,0.247300,0.112072,-0.000029,0.194753,-0.099227,-0.036970,0.029986,-0.005385,0.006644,-0.004007,0.134051,0.000015,0.190811,-0.067314,0.019423,0.021957,0.000632,-0.001012,0.001603,0.042916,0.001391,0.260937,-0.060267,-0.006808,0.492829,-0.073210,0.023400,0.492822,-0.088704,0.042667,0.439428,-0.060968,-0.025635,0.393330,-0.073041,0.062457,0.349665,-0.087767,0.113387,0.351907
0.079225,0.000825,0.247425,0.117756,0.000550,0.196233,-0.100312,-0.039654,0.032026,-0.001594,0.005209,-0.002689,0.139557,0.000637,0.191189,-0.067616,0.020598,0.023476,0.002603,0.001041,0.002849,0.047277,0.000896,0.260710,-0.061232,-0.007670,0.492559,-0.071694,0.023281,0.493630,-0.081956,0.043568,0.448343,-0.060428,-0.025453,0.395710,-0.069552,0.059917,0.355446,-0.079925,0.111308,0.364530
0.082200,0.000800,0.247275,0.122136,0.001261,0.197629,-0.100547,-0.041345,0.035970,0.001662,0.006495,0.000914,0.142078,0.001383,0.192057,-0.068505,0.021187,0.027678,0.002672,0.003935,0.007144,0.049924,0.000576,0.260106,-0.059957,-0.010193,0.485889,-0.069543,0.019997,0.487260,-0.076006,0.038946,0.450224,-0.060766,-0.026506,0.394915,-0.069687,0.052284,0.358559,-0.075330,0.100624,0.372821
0.085875,0.002200,0.244425,0.125707,0.003483,0.196376,-0.107921,-0.040748,0.033480,-0.009605,0.005786,0.000521,0.144834,0.003635,0.190090,-0.072238,0.022979,0.026947,0.000465,0.003443,0.006410,0.053499,0.001664,0.256711,-0.058324,-0.008919,0.475211,-0.067300,0.021780,0.476978,-0.068696,0.040413,0.448492,-0.058457,-0.023861,0.390684,-0.066687,0.047344,0.358555,-0.067687,0.093063,0.377980
0.089625,0.005125,0.241950,0.128824,0.007279,0.195659,-0.116741,-0.039063,0.031324,-0.018537,0.005828,-0.000636,0.147782,0.007467,0.188369,-0.076694,0.026206,0.026058,-0.001023,0.002965,0.005170,0.057196,0.004287,0.253677,-0.056893,-0.005653,0.465464,-0.064953,0.026295,0.467859,-0.060959,0.044668,0.447972,-0.056364,-0.019329,0.387550,-0.063632,0.043318,0.359890,-0.059670,0.085978,0.384432
0.092900,0.009775,0.243050,0.131968,0.012826,0.198792,-0.121084,-0.037345,0.036311,-0.007870,0.009251,0.000991,0.150965,0.013057,0.190109,-0.079629,0.031228,0.029894,0.001318,0.005942,0.008084,0.060276,0.008673,0.254274,-0.056147,-0.002119,0.461832,-0.061992,0.031235,0.465331,-0.052962,0.048520,0.454102,-0.057437,-0.014683,0.390129,-0.063294,0.038676,0.367125,-0.053262,0.076959,0.397076
0.096700,0.013975,0.242725,0.136377,0.018129,0.200325,-0.126601,-0.036479,0.038612,0.000443,0.011479,0.000575,0.153700,0.018388,0.190065,-0.087515,0.034528,0.029527,-0.001662,0.006095,0.006981,0.063781,0.012500,0.253475,-0.054070,0.000184,0.456235,-0.058524,0.034361,0.460476,-0.045833,0.049755,0.456667,-0.058646,-0.011323,0.391138,-0.064401,0.032138,0.372355,-0.048807,0.064807,0.406226
0.099125,0.015600,0.241125,0.139901,0.020539,0.200297,-0.132236,-0.037179,0.040507,0.000729,0.010256,0.002287,0.154735,0.020809,0.189105,-0.097873,0.034258,0.028379,-0.009921,0.002535,0.005922,0.065875,0.013807,0.251405,-0.053595,-0.000178,0.450159,-0.057784,0.036561,0.455076,-0.041890,0.051585,0.456450,-0.060246,-0.011015,0.388703,-0.066607,0.024841,0.372845,-0.046631,0.053413,0.410123
0.106125,0.017675,0.237900,0.146513,0.023552,0.199203,-0.135208,-0.037280,0.041697,0.006799,0.008359,0.002756,0.161850,0.023872,0.186549,-0.096852,0.041702,0.028488,-0.003792,0.010228,0.005430,0.072635,0.015586,0.247675,-0.048202,0.001199,0.440980,-0.053324,0.039936,0.446093,-0.034649,0.055018,0.451596,-0.055598,-0.009018,0.383408,-0.063309,0.019972,0.369824,-0.040164,0.044828,0.409265
0.113700,0.018775,0.233325,0.153581,0.025282,0.196569,-0.137947,-0.037987,0.041809,0.012789,0.006629,0.002421,0.169456,0.025647,0.183115,-0.094075,0.047225,0.028821,0.005496,0.016388,0.004920,0.080042,0.016486,0.242572,-0.042025,0.001382,0.430918,-0.047784,0.041775,0.436298,-0.026392,0.057181,0.445561,-0.050197,-0.008309,0.376278,-0.058951,0.015255,0.364463,-0.032689,0.036737,0.406219
0.117875,0.017475,0.227600,0.158497,0.023870,0.191925,-0.143044,-0.040248,0.040620,0.012599,0.006367,0.001893,0.171889,0.024214,0.179430,-0.099491,0.041423,0.028483,0.006228,0.008261,0.004026,0.084113,0.015160,0.236302,-0.039140,-0.002567,0.422041,-0.043972,0.039520,0.428243,-0.019754,0.055267,0.441405,-0.049547,-0.011883,0.368125,-0.058246,0.008266,0.357663,-0.027892,0.026680,0.403129
0.116125,0.018100,0.217575,0.157650,0.023667,0.182647,-0.150102,-0.041832,0.036846,0.006529,0.004503,-0.000186,0.168005,0.023955,0.172356,-0.108988,0.038587,0.025949,0.000227,0.005077,0.001607,0.082438,0.015974,0.225695,-0.041928,-0.003368,0.407895,-0.046695,0.040167,0.414611,-0.019666,0.057046,0.430938,-0.052713,-0.012371,0.354087,-0.061569,0.006067,0.344259,-0.028240,0.022651,0.393002
0.109350,0.020350,0.208325,0.151528,0.024799,0.174311,-0.157130,-0.042162,0.036529,-0.003667,0.001011,0.002167,0.159883,0.025037,0.166383,-0.119082,0.039970,0.026165,-0.010655,0.007802,0.002909,0.075808,0.018519,0.215857,-0.050591,-0.000785,0.394379,-0.055712,0.044334,0.401512,-0.025181,0.063591,0.420814,-0.058954,-0.009565,0.339953,-0.067407,0.009016,0.330263,-0.032072,0.025602,0.382453
0.115300,0.021800,0.192225,0.158515,0.025270,0.159327,-0.149088,-0.040691,0.030341,-0.003170,-0.000131,-0.000665,0.163686,0.025431,0.153460,-0.118081,0.040256,0.019035,-0.008378,0.009056,-0.003536,0.082025,0.020268,0.199161,-0.044258,-0.002537,0.374798,-0.048308,0.042681,0.382548,-0.015414,0.061899,0.405713,-0.054978,-0.010985,0.319471,-0.063201,0.007576,0.309917,-0.024152,0.022287,0.366547
0.123700,0.021800,0.174425,0.167867,0.024429,0.142953,-0.135908,-0.039118,0.023607,0.001298,-0.000676,-0.004037,0.169788,0.024511,0.138808,-0.112903,0.039012,0.010982,-0.003154,0.007878,-0.010609,0.090847,0.020544,0.180752,-0.034903,-0.006339,0.353673,-0.037606,0.038600,0.362057,-0.002344,0.057042,0.389924,-0.048795,-0.014428,0.297348,-0.056787,0.004257,0.287878,-0.013524,0.017064,0.349780
0.124225,0.019750,0.160175,0.168815,0.021692,0.130516,-0.127469,-0.039103,0.021524,0.003061,-0.002366,-0.003433,0.168492,0.021715,0.127682,-0.110441,0.035867,0.008263,-0.005155,0.003614,-0.011449,0.091985,0.018712,0.165888,-0.034462,-0.009907,0.335617,-0.036812,0.035473,0.344451,0.001909,0.054087,0.377742,-0.048417,-0.017691,0.278470,-0.056127,0.001468,0.268977,-0.009391,0.014127,0.336712
0.124200,0.018375,0.142425,0.169741,0.019609,0.114480,-0.116913,-0.037444,0.015930,0.000433,-0.002990,-0.005452,0.166805,0.019560,0.113196,-0.103202,0.032984,0.003796,-0.004143,0.000051,-0.013834,0.092583,0.017566,0.147551,-0.034363,-0.012467,0.313659,-0.036667,0.033030,0.322772,0.005650,0.050826,0.362856,-0.048948,-0.019891,0.256825,-0.056903,-0.001527,0.247577,-0.006209,0.010550,0.321810
0.123700,0.018325,0.130000,0.170278,0.019170,0.103680,-0.110606,-0.034936,0.013565,-0.006300,-0.002117,-0.004620,0.165686,0.019074,0.103343,-0.095783,0.031828,0.003142,-0.001547,-0.001249,-0.012851,0.092361,0.017650,0.134618,-0.036077,-0.012790,0.297472,-0.038326,0.033002,0.306912,0.008299,0.049739,0.355313,-0.050782,-0.019853,0.241844,-0.058834,-0.003318,0.233243,-0.003763,0.008199,0.314965
0.121525,0.019875,0.115375,0.167964,0.020059,0.090883,-0.100128,-0.030486,0.010535,-0.006417,-0.000644,-0.005114,0.162891,0.019938,0.091676,-0.085736,0.033334,0.001257,-0.001715,0.001848,-0.012394,0.090964,0.019516,0.119445,-0.037067,-0.011319,0.277046,-0.040040,0.032858,0.286099,0.009572,0.045929,0.343811,-0.054914,-0.017854,0.225764,-0.064947,-0.006219,0.218237,-0.005035,0.002124,0.306598
0.118525,0.019975,0.102275,0.164176,0.019630,0.079795,-0.089327,-0.027266,0.008967,-0.003667,0.000183,-0.004739,0.159193,0.019503,0.081335,-0.076102,0.033486,0.000164,-0.004305,0.004324,-0.011012,0.088946,0.019903,0.105802,-0.039072,-0.010312,0.257874,-0.043521,0.032045,0.266225,0.008773,0.040847,0.333827,-0.060092,-0.016338,0.212213,-0.072928,-0.010892,0.205921,-0.008456,-0.006103,0.300755
0.115600,0.015575,0.094400,0.160314,0.015243,0.074095,-0.082086,-0.028318,0.010909,-0.001882,-0.000767,-0.001465,0.155421,0.015123,0.075408,-0.069844,0.028352,0.001687,-0.008972,0.001223,-0.007445,0.086916,0.015558,0.097438,-0.043757,-0.012019,0.245342,-0.050432,0.029844,0.253028,0.005221,0.035732,0.330700,-0.065000,-0.017735,0.204782,-0.080407,-0.017919,0.199607,-0.012422,-0.014770,0.301405
0.118450,0.010500,0.086100,0.162067,0.009877,0.067551,-0.069875,-0.030526,0.011268,0.005503,-0.002660,0.000040,0.157265,0.009759,0.069155,-0.059572,0.023040,0.001830,-0.006496,-0.002750,-0.005846,0.090678,0.010638,0.088681,-0.046149,-0.013829,0.235476,-0.053437,0.027467,0.243025,0.006061,0.030140,0.332554,-0.067627,-0.019314,0.200131,-0.084019,-0.025234,0.196635,-0.012005,-0.023426,0.307117
0.125650,0.007275,0.081525,0.168607,0.006184,0.064098,-0.059298,-0.032709,0.012671,0.014267,-0.004017,0.002091,0.163824,0.006062,0.066309,-0.051003,0.020285,0.002987,0.001373,-0.005165,-0.004376,0.098330,0.007602,0.083720,-0.046604,-0.014769,0.231866,-0.054825,0.027315,0.239509,0.008026,0.027647,0.340017,-0.067677,-0.020206,0.199091,-0.085142,-0.029733,0.196531,-0.009940,-0.027767,0.316378
0.115275,0.003100,0.075100,0.155015,0.002068,0.059653,-0.065912,-0.035795,0.013342,0.008958,-0.005975,0.002994,0.151687,0.001978,0.061462,-0.056527,0.017314,0.003155,-0.001075,-0.007263,-0.004466,0.089369,0.003454,0.076874,-0.067737,-0.016225,0.229090,-0.075174,0.025780,0.237190,-0.008781,0.023643,0.350245,-0.088130,-0.021673,0.199037,-0.104809,-0.034124,0.197783,-0.026366,-0.031630,0.328481
0.103825,0.001075,0.068375,0.139204,0.000127,0.054977,-0.074371,-0.036676,0.013560,0.002357,-0.005561,0.003401,0.137182,0.000067,0.056355,-0.064479,0.016296,0.002818,-0.004866,-0.007011,-0.005210,0.079864,0.001427,0.069741,-0.091649,-0.015777,0.227475,-0.098464,0.026112,0.235975,-0.029069,0.022109,0.361071,-0.110495,-0.021341,0.198809,-0.126157,-0.034740,0.198261,-0.045494,-0.030618,0.340095
0.107850,0.004225,0.062825,0.139124,0.002862,0.050737,-0.069310,-0.032329,0.013465,0.007243,0.000178,0.003798,0.136681,0.002791,0.052659,-0.063162,0.019316,0.002465,-0.000995,-0.002474,-0.005702,0.085940,0.004693,0.063850,-0.100489,-0.011070,0.227125,-0.108572,0.031524,0.235612,-0.037434,0.027007,0.370321,-0.116300,-0.016899,0.197095,-0.132175,-0.028120,0.195763,-0.051405,-0.020611,0.347939
0.111000,0.001350,0.056725,0.136630,-0.000956,0.045550,-0.063626,-0.033318,0.012694,0.013028,0.000724,0.003500,0.134665,-0.001030,0.048821,-0.063837,0.017085,0.001646,0.002222,-0.002362,-0.006848,0.091660,0.002115,0.057452,-0.118604,-0.011603,0.232025,-0.121586,0.030389,0.242280,-0.046531,0.025685,0.391733,-0.130736,-0.017716,0.200527,-0.140076,-0.025509,0.200090,-0.057395,-0.014242,0.367826
0.111675,-0.006100,0.053175,0.132960,-0.009406,0.042453,-0.060429,-0.039144,0.013473,0.016554,-0.004140,0.004734,0.132102,-0.009472,0.047181,-0.066603,0.010713,0.002573,0.002747,-0.006445,-0.006131,0.094135,-0.005007,0.053689,-0.139108,-0.017146,0.237346,-0.137743,0.022457,0.248608,-0.060706,0.017097,0.411333,-0.148474,-0.023466,0.204857,-0.152234,-0.026995,0.204696,-0.069052,-0.012841,0.386274
0.114950,-0.010325,0.046125,0.136086,-0.015363,0.034618,-0.052099,-0.040879,0.009040,0.016560,-0.004714,0.001662,0.133101,-0.015491,0.042397,-0.067340,0.006970,0.000040,0.003198,-0.006607,-0.008625,0.098023,-0.008733,0.046491,-0.156375,-0.017337,0.234367,-0.153881,0.018507,0.245142,-0.076449,0.013988,0.417888,-0.160207,-0.023907,0.202185,-0.160406,-0.022165,0.201298,-0.079987,-0.004369,0.392739
0.119000,-0.013350,0.038450,0.142574,-0.019878,0.026044,-0.041943,-0.040962,0.003487,0.013444,-0.004339,-0.002123,0.136633,-0.020071,0.036534,-0.066631,0.004321,-0.003686,0.000329,-0.005342,-0.011726,0.101689,-0.011365,0.038690,-0.168981,-0.015647,0.225349,-0.169269,0.015176,0.233910,-0.093400,0.012535,0.411959,-0.166103,-0.022445,0.194509,-0.166087,-0.014713,0.191597,-0.091150,0.006553,0.387606
0.122000,-0.017175,0.033100,0.148942,-0.023987,0.020760,-0.033309,-0.041992,0.000833,0.007521,-0.006677,-0.003076,0.141690,-0.024187,0.031742,-0.065036,0.001124,-0.006240,-0.009110,-0.005399,-0.012756,0.103500,-0.015181,0.033202,-0.175654,-0.015533,0.212484,-0.183389,0.009198,0.216895,-0.111473,0.009017,0.394353,-0.166429,-0.022476,0.183765,-0.170927,-0.008435,0.177255,-0.103738,0.015248,0.371497
0.125725,-0.019400,0.026050,0.155272,-0.026180,0.014177,-0.023735,-0.040542,-0.003108,-0.001806,-0.007329,-0.005022,0.148276,-0.026362,0.025102,-0.056931,0.000410,-0.009853,-0.016732,-0.001885,-0.014465,0.106156,-0.017519,0.025988,-0.180354,-0.012437,0.196091,-0.195349,0.005521,0.196175,-0.126416,0.009691,0.372125,-0.162821,-0.019515,0.170756,-0.170884,0.000723,0.161028,-0.111738,0.026864,0.351847
0.128325,-0.018925,0.020775,0.158446,-0.025379,0.009825,-0.018074,-0.037350,-0.005048,-0.009912,-0.005974,-0.005555,0.153075,-0.025522,0.020180,-0.046654,0.002500,-0.011201,-0.019008,0.003483,-0.014385,0.108341,-0.017222,0.020531,-0.182891,-0.008278,0.180833,-0.203483,0.002803,0.177099,-0.137371,0.011451,0.351295,-0.159004,-0.015342,0.158589,-0.169790,0.010673,0.146112,-0.117444,0.037461,0.333434
0.126825,-0.019400,0.015650,0.155599,-0.025576,0.005757,-0.010931,-0.033656,-0.006312,-0.017315,-0.005011,-0.005386,0.154558,-0.025650,0.015569,-0.032499,0.001469,-0.011458,-0.016476,0.003197,-0.013245,0.106987,-0.017834,0.015229,-0.187825,-0.005083,0.165320,-0.211296,-0.001114,0.158605,-0.147108,0.012225,0.332864,-0.158671,-0.012002,0.147125,-0.170011,0.018245,0.133160,-0.122969,0.044272,0.318214
0.124100,-0.019750,0.010800,0.150780,-0.025642,0.001987,-0.002943,-0.030011,-0.007387,-0.021619,-0.004251,-0.005244,0.154386,-0.025642,0.011252,-0.018928,-0.000382,-0.011605,-0.013084,0.000870,-0.012130,0.104748,-0.018311,0.010215,-0.192743,-0.002609,0.150369,-0.215915,-0.004886,0.141974,-0.152936,0.013106,0.318662,-0.159609,-0.009265,0.136072,-0.168981,0.023838,0.121906,-0.125761,0.048050,0.307130
0.123000,-0.018875,0.006275,0.148008,-0.024427,-0.001543,0.005244,-0.026908,-0.008804,-0.020407,-0.003478,-0.005923,0.154233,-0.024376,0.007148,-0.010340,-0.000700,-0.012644,-0.012678,0.000122,-0.012171,0.104247,-0.017582,0.005546,-0.195297,-0.000594,0.136753,-0.214665,-0.007307,0.128346,-0.152504,0.015072,0.309989,-0.159587,-0.006882,0.125152,-0.164197,0.028004,0.112016,-0.123532,0.049820,0.300636
0.119900,-0.017075,0.000900,0.142942,-0.021817,-0.005538,0.017500,-0.020896,-0.010689,-0.018969,-0.000822,-0.006665,0.152850,-0.021693,0.001801,0.003718,0.000198,-0.014592,-0.008723,0.001480,-0.012945,0.101924,-0.016102,0.000050,-0.196075,0.002497,0.120735,-0.211777,-0.006978,0.112748,-0.150460,0.020389,0.299050,-0.156657,-0.003392,0.111983,-0.156366,0.031891,0.100381,-0.118901,0.052179,0.291993
0.116325,-0.015225,-0.002650,0.138114,-0.019103,-0.007802,0.027647,-0.015159,-0.011328,-0.018099,0.002139,-0.006258,0.150875,-0.018913,-0.001843,0.015980,0.001672,-0.015409,-0.003492,0.003924,-0.012968,0.098920,-0.014592,-0.003616,-0.195837,0.004449,0.106986,-0.205701,-0.005956,0.100629,-0.145660,0.026050,0.292198,-0.153312,-0.000972,0.100100,-0.146293,0.033818,0.090874,-0.112027,0.052756,0.286663
0.111975,-0.017800,-0.003600,0.132281,-0.021699,-0.008328,0.038591,-0.014532,-0.010533,-0.012978,0.000517,-0.004708,0.147898,-0.021440,-0.002178,0.026335,-0.002680,-0.013383,-0.001917,0.000244,-0.009913,0.095261,-0.017110,-0.004656,-0.190329,0.000426,0.095404,-0.191810,-0.011719,0.091236,-0.135964,0.020222,0.287838,-0.152358,-0.004331,0.091142,-0.138935,0.027025,0.085120,-0.106157,0.040502,0.284396
0.107775,-0.018650,-0.003475,0.127471,-0.022816,-0.008089,0.047731,-0.013457,-0.009332,-0.007458,-0.000319,-0.002949,0.143950,-0.022520,-0.001267,0.033438,-0.004888,-0.010611,-0.001018,-0.000689,-0.006429,0.091695,-0.017791,-0.004612,-0.182517,-0.002195,0.085146,-0.174050,-0.015669,0.083785,-0.123780,0.014457,0.284874,-0.151483,-0.006266,0.083557,-0.130941,0.020368,0.081362,-0.099578,0.027475,0.283551
0.104475,-0.011500,-0.003900,0.125523,-0.015548,-0.008176,0.052272,-0.006222,-0.008923,-0.005554,0.005185,-0.002062,0.138881,-0.015291,-0.001290,0.035764,0.003155,-0.009423,0.001951,0.010166,-0.005408,0.088799,-0.010641,-0.005122,-0.175514,0.003979,0.075406,-0.156686,-0.009273,0.077465,-0.111558,0.020326,0.282407,-0.148530,0.000475,0.075930,-0.119343,0.022653,0.077953,-0.090666,0.025641,0.282761
0.098275,-0.009075,-0.003425,0.121099,-0.013024,-0.007395,0.053275,-0.003693,-0.007754,-0.005302,0.006921,-0.000606,0.128612,-0.012872,-0.000445,0.032054,0.005637,-0.007486,0.000582,0.014768,-0.003839,0.083362,-0.008156,-0.004691,-0.165932,0.005245,0.065886,-0.139023,-0.008063,0.070615,-0.100669,0.019052,0.275964,-0.145752,0.002292,0.068799,-0.111135,0.019037,0.074381,-0.085152,0.016661,0.278206
0.092325,-0.012600,-0.002250,0.116467,-0.016502,-0.005964,0.050258,-0.007248,-0.006043,-0.006837,0.003817,0.001160,0.118304,-0.016463,0.001043,0.024085,0.001186,-0.005178,-0.004586,0.010603,-0.001872,0.078159,-0.011604,-0.003548,-0.158750,0.000516,0.058913,-0.122975,-0.012142,0.066858,-0.091219,0.012733,0.272826,-0.144702,-0.001965,0.063380,-0.103567,0.009885,0.072755,-0.080521,0.002870,0.276314
0.087000,-0.013375,-0.004350,0.113042,-0.017737,-0.008259,0.050208,-0.008091,-0.008064,-0.005482,0.003801,-0.000795,0.107320,-0.017852,-0.000379,0.018582,0.000385,-0.005801,-0.004696,0.011566,-0.003258,0.073842,-0.012083,-0.005637,-0.147824,-0.000803,0.048566,-0.105185,-0.013871,0.058864,-0.080853,0.007174,0.263392,-0.142336,-0.002842,0.055291,-0.097486,0.003347,0.067840,-0.076825,-0.009595,0.268676
0.081075,-0.012625,-0.006825,0.108620,-0.017473,-0.010955,0.049901,-0.007712,-0.010531,-0.003933,0.004558,-0.003268,0.096058,-0.017718,-0.002233,0.013723,0.000516,-0.006853,-0.004268,0.012711,-0.005025,0.068972,-0.011025,-0.008081,-0.137078,0.000016,0.038167,-0.089516,-0.013859,0.050169,-0.072549,0.003309,0.252010,-0.139947,-0.001634,0.047360,-0.093206,-0.000936,0.062505,-0.075039,-0.019461,0.259263
0.073375,-0.011500,-0.006775,0.101053,-0.016373,-0.010726,0.046185,-0.007523,-0.010165,-0.004803,0.003854,-0.003084,0.084987,-0.016662,-0.002056,0.007789,-0.001040,-0.005858,-0.007712,0.009189,-0.004228,0.062159,-0.009793,-0.007999,-0.130319,0.001784,0.031270,-0.079454,-0.012561,0.044591,-0.068789,0.002148,0.243348,-0.138716,0.000451,0.042610,-0.090669,-0.003270,0.059843,-0.075633,-0.025311,0.252331
0.064850,-0.010075,-0.007225,0.092642,-0.014745,-0.010825,0.043691,-0.006833,-0.010184,-0.002997,0.003580,-0.003513,0.072949,-0.015067,-0.002632,0.003540,-0.001326,-0.005674,-0.009981,0.008140,-0.004246,0.054656,-0.008315,-0.008390,-0.119715,0.004001,0.023366,-0.069460,-0.011738,0.036435,-0.065394,-0.000677,0.229036,-0.134950,0.002985,0.037210,-0.089952,-0.005211,0.055087,-0.077620,-0.031044,0.240035
0.059775,-0.009100,-0.007925,0.087595,-0.013439,-0.011073,0.043643,-0.005903,-0.010355,0.000545,0.004087,-0.004029,0.065944,-0.013753,-0.003592,0.003040,-0.000079,-0.006135,-0.010032,0.010335,-0.004797,0.050235,-0.007367,-0.009061,-0.110485,0.005570,0.016982,-0.059965,-0.011082,0.030255,-0.061754,-0.002973,0.218408,-0.130495,0.004830,0.032412,-0.086931,-0.006493,0.051058,-0.077775,-0.034206,0.230709
0.049675,-0.008850,-0.007725,0.076250,-0.012886,-0.010490,0.037356,-0.005730,-0.009737,-0.005076,0.002854,-0.003413,0.055016,-0.013156,-0.003654,0.001719,-0.001404,-0.005612,-0.010682,0.008124,-0.004285,0.040893,-0.007188,-0.008808,-0.103561,0.006666,0.011440,-0.057168,-0.010376,0.023439,-0.063545,-0.003964,0.203745,-0.125082,0.006142,0.028101,-0.086185,-0.006967,0.045910,-0.080811,-0.033952,0.217061
0.040350,-0.008675,-0.007175,0.065256,-0.012369,-0.009555,0.031043,-0.005531,-0.008788,-0.010568,0.001737,-0.002503,0.045296,-0.012585,-0.003416,0.001747,-0.002905,-0.004864,-0.010531,0.005587,-0.003472,0.032318,-0.007125,-0.008199,-0.096724,0.007394,0.007063,-0.055369,-0.009700,0.017505,-0.065686,-0.004642,0.189286,-0.118141,0.007042,0.024347,-0.084246,-0.006756,0.040817,-0.082904,-0.031453,0.203119
0.037650,-0.008050,-0.006750,0.061307,-0.011284,-0.008663,0.030950,-0.004607,-0.007897,-0.006597,0.002551,-0.002099,0.041977,-0.011461,-0.003422,0.005391,-0.002228,-0.004609,-0.008053,0.006826,-0.003084,0.030248,-0.006649,-0.007721,-0.087667,0.007776,0.004343,-0.048865,-0.009196,0.014111,-0.062937,-0.005974,0.179313,-0.109032,0.007573,0.021357,-0.077662,-0.006084,0.037052,-0.080100,-0.028100,0.192935
0.030600,-0.008075,-0.005975,0.051662,-0.010754,-0.007413,0.026529,-0.004302,-0.006693,-0.006226,0.002242,-0.001551,0.035059,-0.010882,-0.003161,0.006135,-0.002033,-0.004131,-0.008258,0.007449,-0.002489,0.023999,-0.006885,-0.006863,-0.080760,0.007313,0.002020,-0.047224,-0.009192,0.010143,-0.063998,-0.007152,0.165751,-0.100431,0.007205,0.018474,-0.073712,-0.005484,0.032310,-0.079776,-0.023729,0.178901
0.022700,-0.008700,-0.005250,0.041113,-0.011015,-0.006400,0.019946,-0.004679,-0.005715,-0.009718,0.001114,-0.001013,0.027959,-0.011097,-0.002755,0.003557,-0.002296,-0.003613,-0.011093,0.007345,-0.001926,0.016675,-0.007673,-0.006078,-0.079364,0.006379,0.000638,-0.048925,-0.009639,0.007889,-0.067881,-0.008325,0.155531,-0.096592,0.006329,0.016482,-0.072086,-0.005057,0.029210,-0.081654,-0.019150,0.168146
0.018375,-0.007700,-0.004425,0.034520,-0.009503,-0.005176,0.015866,-0.004495,-0.004575,-0.008913,0.000343,-0.000617,0.023219,-0.009563,-0.002425,0.004440,-0.002137,-0.003097,-0.010541,0.006667,-0.001322,0.013096,-0.006861,-0.005164,-0.071764,0.006480,-0.000439,-0.045971,-0.009195,0.005250,-0.066583,-0.009223,0.142506,-0.087821,0.006491,0.014502,-0.067516,-0.003575,0.025325,-0.079331,-0.014663,0.154341
0.014650,-0.006600,-0.003375,0.028687,-0.007814,-0.003671,0.011896,-0.004286,-0.003155,-0.007324,-0.000172,-0.000057,0.018895,-0.007860,-0.001942,0.004755,-0.002107,-0.002437,-0.010168,0.005404,-0.000613,0.010088,-0.005970,-0.004024,-0.064697,0.006462,-0.000824,-0.043247,-0.008825,0.003397,-0.064962,-0.010026,0.130073,-0.079839,0.006519,0.013047,-0.063521,-0.002178,0.021998,-0.076889,-0.010895,0.140994
0.008525,-0.007000,-0.001925,0.020399,-0.007608,-0.001767,0.005583,-0.004679,-0.001297,-0.008591,-0.000654,0.001017,0.013010,-0.007641,-0.001032,0.000423,-0.002834,-0.001442,-0.013606,0.003458,0.000315,0.004451,-0.006599,-0.002512,-0.064935,0.005049,-0.000029,-0.045641,-0.009631,0.003594,-0.067901,-0.011146,0.121832,-0.078405,0.005114,0.012724,-0.063622,-0.002092,0.020658,-0.078422,-0.008483,0.131808
0.003875,-0.004600,-0.000975,0.013961,-0.004512,-0.000281,0.000448,-0.002270,0.000152,-0.009833,0.001636,0.001846,0.007989,-0.004539,-0.000726,-0.003042,-0.001084,-0.001028,-0.014548,0.003489,0.000450,0.000326,-0.004447,-0.001492,-0.061527,0.004924,0.000943,-0.046203,-0.008246,0.003470,-0.068274,-0.010182,0.111045,-0.073797,0.004959,0.011013,-0.062528,0.000056,0.016887,-0.077779,-0.005022,0.118857
0.003000,-0.000600,-0.001050,0.012562,-0.000076,0.000011,-0.000978,0.001753,0.000443,-0.010446,0.005595,0.002006,0.006319,-0.000104,-0.001221,-0.003912,0.002296,-0.001442,-0.012501,0.005539,-0.000316,-0.000249,-0.000587,-0.001527,-0.056133,0.006197,0.001355,-0.043746,-0.005575,0.003137,-0.065606,-0.008229,0.101123,-0.068295,0.006209,0.008498,-0.059890,0.003488,0.012581,-0.074970,-0.001433,0.106594
-0.002975,-0.000300,-0.001200,0.005602,0.000548,0.000094,-0.005601,0.000752,0.000403,-0.011181,0.003220,0.001339,0.000675,0.000524,-0.001660,-0.006370,0.002120,-0.001799,-0.013038,0.004377,-0.000906,-0.005963,-0.000395,-0.001643,-0.055342,0.003560,0.001843,-0.046798,-0.006715,0.002522,-0.067879,-0.009922,0.090417,-0.067521,0.003534,0.005831,-0.062924,0.003155,0.007688,-0.077217,-0.002192,0.093386
-0.008900,-0.000400,-0.001500,-0.001121,0.000637,-0.000090,-0.009703,-0.000752,0.000085,-0.011185,0.000400,0.000364,-0.005160,0.000617,-0.002140,-0.009187,0.001384,-0.002203,-0.013563,0.002671,-0.001600,-0.011615,-0.000558,-0.001905,-0.055213,0.000780,0.002204,-0.050716,-0.008168,0.001638,-0.070645,-0.011574,0.079953,-0.067338,0.000706,0.003260,-0.066722,0.002626,0.002830,-0.079915,-0.003479,0.080610
-0.009700,0.002250,-0.002125,-0.001883,0.003309,-0.000703,-0.009686,0.001598,-0.000560,-0.009734,0.002849,-0.000501,-0.007478,0.003287,-0.002858,-0.011216,0.002954,-0.002852,-0.011548,0.002987,-0.002779,-0.012076,0.002088,-0.002482,-0.051862,0.001478,0.002151,-0.050906,-0.006591,0.000412,-0.069444,-0.009639,0.070627,-0.063682,0.001352,0.000967,-0.066446,0.005319,-0.001436,-0.078465,-0.001706,0.069530
-0.008200,0.003325,-0.002600,-0.000544,0.004298,-0.001280,-0.005899,0.002836,-0.001188,-0.004571,0.004206,-0.001338,-0.006612,0.004279,-0.003302,-0.008267,0.003995,-0.003288,-0.005441,0.004153,-0.003681,-0.010309,0.003184,-0.002920,-0.045398,0.000767,0.002063,-0.049537,-0.006513,-0.001493,-0.065952,-0.008528,0.059972,-0.056414,0.000565,-0.001204,-0.063928,0.006798,-0.006170,-0.074351,-0.001330,0.057259
-0.005150,0.002300,-0.002700,0.002236,0.003121,-0.001538,-0.000210,0.002355,-0.001490,0.001763,0.003803,-0.001737,-0.002989,0.003108,-0.003259,-0.001788,0.003984,-0.003301,0.001754,0.005572,-0.003865,-0.007200,0.002193,-0.003013,-0.039121,-0.000948,0.001878,-0.048016,-0.008375,-0.003596,-0.062066,-0.008609,0.050514,-0.049241,-0.001211,-0.002268,-0.061118,0.006854,-0.009489,-0.069793,-0.002710,0.047142
-0.008475,0.001675,-0.000925,-0.001401,0.002387,0.000112,-0.001904,0.000871,0.000072,0.002837,0.001771,-0.000622,-0.006679,0.002377,-0.001415,-0.004811,0.002400,-0.001400,-0.000331,0.003045,-0.002069,-0.010324,0.001608,-0.001209,-0.039269,-0.002055,0.003509,-0.052785,-0.010461,-0.004023,-0.064464,-0.008868,0.043408,-0.049608,-0.002344,-0.001171,-0.066067,0.007486,-0.010678,-0.072412,-0.004760,0.039659
-0.013225,0.001675,0.000250,-0.006820,0.002262,0.001136,-0.006282,0.000211,0.001046,0.000374,0.000746,0.000048,-0.011728,0.002256,-0.000151,-0.010316,0.001630,-0.000097,-0.004697,0.001238,-0.000889,-0.014853,0.001653,-0.000002,-0.041425,-0.002073,0.004349,-0.059465,-0.012328,-0.005393,-0.068514,-0.008257,0.036090,-0.052186,-0.002375,-0.000333,-0.073159,0.009385,-0.012116,-0.076857,-0.006273,0.032383
-0.014475,0.002450,-0.001600,-0.009413,0.002847,-0.000947,-0.008651,0.002177,-0.000965,-0.003921,0.003366,-0.001630,-0.012205,0.002845,-0.001800,-0.011314,0.004026,-0.001862,-0.004419,0.004822,-0.002873,-0.015985,0.002479,-0.001835,-0.041159,-0.000621,0.001865,-0.063629,-0.013614,-0.010233,-0.069559,-0.005885,0.026101,-0.051646,-0.000945,-0.002125,-0.076747,0.013135,-0.016113,-0.077760,-0.006100,0.022979
-0.013700,0.001275,-0.002400,-0.009817,0.001486,-0.001978,-0.008318,0.001682,-0.001967,-0.004112,0.003261,-0.002524,-0.011090,0.001486,-0.002422,-0.010979,0.003299,-0.002531,-0.003588,0.004339,-0.003605,-0.015031,0.001371,-0.002608,-0.037776,-0.001133,0.000358,-0.064819,-0.017881,-0.014348,-0.067604,-0.006549,0.016839,-0.049121,-0.001436,-0.002826,-0.078814,0.015370,-0.019260,-0.076543,-0.008671,0.014385
-0.011325,-0.001250,-0.001775,-0.007861,-0.001130,-0.001464,-0.005482,-0.001018,-0.001483,-0.000108,0.000481,-0.002213,-0.008969,-0.001129,-0.001731,-0.009474,-0.000175,-0.001794,-0.002561,0.000040,-0.002750,-0.012506,-0.001104,-0.001961,-0.033137,-0.003302,0.000499,-0.064036,-0.024445,-0.016621,-0.063853,-0.009555,0.010096,-0.046037,-0.003558,-0.002164,-0.079768,0.016630,-0.020971,-0.074062,-0.013026,0.008076
-0.013675,0.003600,-0.002450,-0.011568,0.003835,-0.002110,-0.009846,0.004965,-0.002061,-0.004928,0.007278,-0.002686,-0.011068,0.003836,-0.002497,-0.012143,0.004284,-0.002535,-0.007710,0.004043,-0.003097,-0.014649,0.003658,-0.002603,-0.034098,0.002558,-0.000997,-0.070167,-0.022661,-0.020853,-0.065422,-0.001426,0.000902,-0.043917,0.002196,-0.002651,-0.081413,0.026962,-0.024012,-0.073251,-0.005663,-0.000317
-0.015775,0.008025,-0.003450,-0.015189,0.008458,-0.003016,-0.014295,0.010348,-0.002909,-0.010718,0.012981,-0.003314,-0.012776,0.008457,-0.003654,-0.014141,0.008676,-0.003683,-0.012513,0.008251,-0.003817,-0.016536,0.007947,-0.003569,-0.035047,0.007873,-0.002724,-0.076161,-0.021195,-0.025101,-0.066510,0.007029,-0.008436,-0.040325,0.007352,-0.003563,-0.080972,0.037299,-0.027339,-0.070787,0.002688,-0.009018
-0.012700,0.004125,-0.003750,-0.013039,0.004754,-0.003201,-0.011802,0.005891,-0.003145,-0.009698,0.007085,-0.003374,-0.009527,0.004754,-0.004124,-0.010678,0.005053,-0.004156,-0.010499,0.004727,-0.004077,-0.013292,0.003938,-0.003842,-0.030419,0.003902,-0.003187,-0.074986,-0.028745,-0.027306,-0.061316,0.004958,-0.015547,-0.032847,0.003277,-0.004164,-0.075662,0.038392,-0.029884,-0.063342,0.001117,-0.016248
-0.010725,0.003550,-0.003950,-0.012243,0.004383,-0.003297,-0.010965,0.006035,-0.003215,-0.010907,0.007109,-0.003151,-0.007629,0.004383,-0.004515,-0.008584,0.004772,-0.004553,-0.010903,0.004759,-0.004112,-0.011045,0.003272,-0.003999,-0.025219,0.002700,-0.003322,-0.072378,-0.033008,-0.028648,-0.055401,0.004564,-0.022345,-0.026201,0.002029,-0.004900,-0.070837,0.041697,-0.032149,-0.056261,0.001612,-0.023534
-0.010850,0.006625,-0.003950,-0.013206,0.007555,-0.003263,-0.012208,0.010722,-0.003094,-0.013749,0.013043,-0.002762,-0.008047,0.007558,-0.004623,-0.008924,0.007968,-0.004665,-0.013544,0.008297,-0.003891,-0.010932,0.006324,-0.003961,-0.022033,0.004924,-0.003069,-0.069586,-0.033263,-0.028610,-0.050715,0.005909,-0.026973,-0.023713,0.004299,-0.005396,-0.068740,0.047097,-0.033180,-0.052083,0.004041,-0.028770
-0.007300,0.004925,-0.004250,-0.009917,0.005939,-0.003519,-0.007917,0.008810,-0.003398,-0.009553,0.010550,-0.003058,-0.004977,0.005943,-0.005033,-0.004810,0.006367,-0.005065,-0.010619,0.006910,-0.004127,-0.007183,0.004553,-0.004229,-0.018397,0.001851,-0.002490,-0.064906,-0.036103,-0.027116,-0.044002,0.005477,-0.029357,-0.016854,0.001118,-0.006559,-0.059741,0.047042,-0.033980,-0.042807,0.004545,-0.032538
-0.005200,0.001925,-0.004400,-0.007723,0.002953,-0.003661,-0.005078,0.004858,-0.003614,-0.006586,0.005486,-0.003315,-0.003348,0.002958,-0.005229,-0.001858,0.003427,-0.005250,-0.007631,0.004099,-0.004333,-0.004963,0.001517,-0.004360,-0.017084,-0.002716,-0.001541,-0.060480,-0.039076,-0.024284,-0.038762,0.003120,-0.029264,-0.013060,-0.003522,-0.007585,-0.052100,0.044026,-0.033666,-0.035588,0.003076,-0.034010
-0.009775,0.001050,-0.003925,-0.012058,0.001992,-0.003237,-0.010802,0.003465,-0.003175,-0.013253,0.003827,-0.002749,-0.008209,0.001996,-0.004696,-0.005844,0.002622,-0.004718,-0.010293,0.003430,-0.004019,-0.009539,0.000717,-0.003886,-0.020911,-0.005092,-0.000115,-0.058611,-0.039974,-0.020220,-0.038575,-0.001485,-0.026455,-0.019879,-0.005747,-0.007682,-0.054238,0.040686,-0.031449,-0.037711,-0.000480,-0.032410
-0.008750,0.000825,-0.002775,-0.010586,0.001713,-0.002104,-0.010104,0.002567,-0.002057,-0.011943,0.002699,-0.001747,-0.007544,0.001716,-0.003517,-0.004681,0.001943,-0.003510,-0.007882,0.002400,-0.002995,-0.008538,0.000549,-0.002740,-0.019188,-0.006589,0.001846,-0.050707,-0.038875,-0.015339,-0.032849,-0.004888,-0.022165,-0.020565,-0.007104,-0.007005,-0.049632,0.037052,-0.028051,-0.033832,-0.002728,-0.029142
-0.002575,0.001425,-0.001525,-0.003969,0.002314,-0.000831,-0.003233,0.002671,-0.000820,-0.003204,0.002722,-0.000815,-0.001622,0.002316,-0.002278,0.001124,0.001779,-0.002226,-0.001515,0.001570,-0.001769,-0.002402,0.001160,-0.001496,-0.012545,-0.006406,0.003393,-0.038232,-0.035427,-0.010963,-0.022564,-0.005697,-0.017646,-0.014540,-0.006830,-0.005848,-0.038180,0.034026,-0.023972,-0.023983,-0.002197,-0.024945
-0.004450,0.002900,-0.001975,-0.005516,0.003882,-0.001173,-0.004989,0.004989,-0.001123,-0.006756,0.005385,-0.000842,-0.003028,0.003885,-0.002781,-0.000173,0.003790,-0.002756,-0.003037,0.004093,-0.002291,-0.004449,0.002614,-0.001973,-0.014201,-0.005162,0.003098,-0.033877,-0.030620,-0.008410,-0.020963,-0.005760,-0.013725,-0.016935,-0.005488,-0.006280,-0.035032,0.031396,-0.021385,-0.022902,-0.000648,-0.021149
-0.005250,0.004050,-0.002825,-0.005997,0.005135,-0.001898,-0.006370,0.006682,-0.001803,-0.010629,0.007062,-0.001147,-0.003010,0.005139,-0.003671,-0.000264,0.005362,-0.003665,-0.003865,0.005981,-0.003111,-0.005513,0.003732,-0.002865,-0.015884,-0.004042,0.002351,-0.029329,-0.025804,-0.006297,-0.019496,-0.005718,-0.008713,-0.018856,-0.004291,-0.007002,-0.031062,0.028452,-0.019041,-0.021553,0.001202,-0.016136
0.004175,0.003725,-0.002725,0.003877,0.004884,-0.001680,0.001752,0.005103,-0.001603,-0.002689,0.004413,-0.000958,0.007223,0.004890,-0.003581,0.009256,0.004099,-0.003517,0.004771,0.003589,-0.002793,0.003590,0.003369,-0.002816,-0.009325,-0.004271,0.002635,-0.016231,-0.022248,-0.003104,-0.009566,-0.006192,-0.000925,-0.011432,-0.004491,-0.006711,-0.017132,0.024415,-0.015659,-0.010875,0.002574,-0.008359
0.010450,0.002850,-0.002225,0.010532,0.004165,-0.000998,0.006927,0.003961,-0.000900,0.001697,0.002904,-0.000144,0.014466,0.004173,-0.003157,0.016524,0.002693,-0.003051,0.010848,0.001572,-0.002132,0.009546,0.002408,-0.002366,-0.005669,-0.004935,0.003180,-0.007619,-0.019161,-0.000207,-0.003516,-0.005959,0.006407,-0.005477,-0.005190,-0.006063,-0.005865,0.020416,-0.012475,-0.002964,0.004487,-0.000958
0.010500,0.001925,-0.001575,0.010718,0.003388,-0.000199,0.006670,0.003848,-0.000055,0.000474,0.003284,0.000873,0.015157,0.003399,-0.002601,0.017970,0.001870,-0.002487,0.011394,0.000932,-0.001446,0.009435,0.001395,-0.001742,-0.006531,-0.005647,0.003732,-0.005591,-0.016431,0.001952,-0.003459,-0.005419,0.012000,-0.003781,-0.005954,-0.005350,-0.000839,0.016813,-0.009980,-0.000858,0.006380,0.004757
0.010275,0.001325,-0.000950,0.011422,0.002638,0.000344,0.009447,0.003559,0.000460,0.002450,0.002821,0.001516,0.016152,0.002654,-0.001764,0.018974,0.002598,-0.001744,0.012203,0.003242,-0.000748,0.008796,0.000805,-0.001184,-0.009077,-0.005372,0.003971,-0.005325,-0.013502,0.003609,-0.005037,-0.003935,0.017819,-0.003775,-0.005732,-0.004344,0.002430,0.014238,-0.007245,-0.000419,0.008735,0.011178
0.011600,0.001100,-0.001125,0.013568,0.002145,-0.000021,0.013653,0.003690,0.000076,0.005900,0.002922,0.001261,0.018787,0.002167,-0.001614,0.020916,0.003550,-0.001692,0.013840,0.005599,-0.000720,0.009697,0.000627,-0.001428,-0.010398,-0.004640,0.003388,-0.004499,-0.010499,0.004154,-0.005691,-0.001697,0.022292,-0.002516,-0.005061,-0.004117,0.006315,0.012501,-0.005592,0.000936,0.011250,0.016292
0.016400,0.001350,-0.002875,0.018223,0.002223,-0.001913,0.017892,0.004966,-0.001742,0.009405,0.005173,-0.000399,0.024491,0.002255,-0.003148,0.025292,0.003554,-0.003233,0.017021,0.005340,-0.002081,0.014298,0.000891,-0.003212,-0.007496,-0.003994,0.001505,-0.000580,-0.007519,0.003047,-0.002734,0.001019,0.024028,0.002953,-0.004487,-0.005765,0.013292,0.011390,-0.006335,0.005861,0.013611,0.018227
0.014775,-0.000825,-0.003625,0.016802,-0.000228,-0.002883,0.016451,0.004138,-0.002627,0.009280,0.006284,-0.001409,0.023471,-0.000190,-0.003606,0.023521,0.001048,-0.003696,0.015009,0.002707,-0.002509,0.012484,-0.001235,-0.003995,-0.011482,-0.005158,0.000307,-0.003861,-0.006981,0.002404,-0.006617,0.002004,0.026040,0.001651,-0.005721,-0.006078,0.013238,0.008375,-0.005807,0.004012,0.013669,0.020950
0.007525,-0.004325,-0.003025,0.009983,-0.003976,-0.002477,0.009973,0.001632,-0.002164,0.005461,0.005715,-0.001284,0.016219,-0.003937,-0.002775,0.016459,-0.002727,-0.002863,0.008774,-0.001015,-0.001804,0.005155,-0.004674,-0.003411,-0.020323,-0.007548,0.000354,-0.012249,-0.008232,0.002820,-0.015573,0.000940,0.028546,-0.005716,-0.008135,-0.004928,0.006568,0.004043,-0.003959,-0.003869,0.011277,0.024335
0.005425,-0.003000,-0.001050,0.007738,-0.002623,-0.000476,0.007049,0.002605,-0.000163,0.003044,0.006505,0.000641,0.014143,-0.002579,-0.000809,0.013494,-0.000498,-0.000957,0.004855,0.002007,0.000233,0.003047,-0.003370,-0.001440,-0.023176,-0.005464,0.001872,-0.014952,-0.005173,0.004579,-0.018747,0.003923,0.031626,-0.007921,-0.006049,-0.002527,0.004562,0.004357,-0.001053,-0.006614,0.012719,0.028124
0.005675,0.000225,0.000375,0.007410,0.000785,0.001096,0.005026,0.005082,0.001408,0.000428,0.008093,0.002281,0.014476,0.000838,0.000472,0.012430,0.003800,0.000261,0.002228,0.007061,0.001676,0.003335,-0.000219,-0.000011,-0.023196,-0.001585,0.002840,-0.015081,-0.000418,0.005685,-0.019136,0.008662,0.033424,-0.007364,-0.002162,-0.000708,0.005054,0.006602,0.001153,-0.006626,0.015910,0.030600
0.005525,0.002350,-0.000825,0.006376,0.003120,0.000060,0.001239,0.007042,0.000429,-0.004050,0.009910,0.001408,0.014487,0.003185,-0.000894,0.011110,0.006139,-0.001118,-0.000093,0.009338,0.000449,0.003248,0.001812,-0.001203,-0.023460,0.001327,0.001090,-0.015696,0.003306,0.003983,-0.019667,0.012786,0.031884,-0.006398,0.000741,-0.001460,0.005894,0.008015,0.000729,-0.006266,0.018652,0.029850
0.006050,0.000475,-0.000950,0.006301,0.001422,0.000073,-0.001153,0.004507,0.000468,-0.006428,0.007024,0.001424,0.014390,0.001492,-0.001202,0.009427,0.004265,-0.001429,-0.002275,0.007296,0.000236,0.003948,-0.000119,-0.001301,-0.021331,0.000107,0.000419,-0.014068,0.002511,0.003239,-0.018136,0.011467,0.030563,-0.004583,-0.000437,-0.001182,0.007054,0.005203,0.001197,-0.005025,0.016255,0.029275
0.006900,-0.004425,0.000100,0.007122,-0.003420,0.001171,-0.001054,-0.001224,0.001546,-0.005615,0.000896,0.002363,0.014156,-0.003354,-0.000260,0.008155,-0.000848,-0.000476,-0.003294,0.001983,0.001187,0.004998,-0.005011,-0.000219,-0.017957,-0.004618,0.001193,-0.010939,-0.001848,0.004010,-0.015380,0.005698,0.030390,-0.002882,-0.005085,0.000015,0.008024,-0.000921,0.002519,-0.003599,0.009667,0.029439
0.008125,-0.005050,-0.001100,0.007821,-0.004088,-0.000116,0.001477,-0.001175,0.000245,-0.001690,0.001486,0.000843,0.015345,-0.004012,-0.001426,0.008856,-0.001210,-0.001664,-0.003218,0.001915,0.000088,0.006372,-0.005627,-0.001396,-0.015666,-0.004850,-0.000304,-0.008527,-0.001525,0.002667,-0.013011,0.005623,0.028507,-0.000601,-0.005288,-0.000957,0.010371,-0.002290,0.001850,-0.001269,0.008816,0.027970
0.009450,-0.006050,-0.002275,0.008602,-0.005223,-0.001469,0.005212,-0.001265,-0.001140,0.003760,0.002033,-0.000807,0.016869,-0.005132,-0.002476,0.010091,-0.001696,-0.002753,-0.001505,0.001854,-0.001094,0.007828,-0.006595,-0.002550,-0.013954,-0.005456,-0.001713,-0.006305,-0.001503,0.001555,-0.010837,0.005539,0.027288,0.001434,-0.005874,-0.001909,0.012957,-0.003919,0.001326,0.001122,0.007798,0.027113
0.010475,-0.012000,-0.001225,0.009500,-0.011386,-0.000644,0.008713,-0.007368,-0.000389,0.008924,-0.004208,-0.000328,0.017520,-0.011290,-0.001262,0.010267,-0.007111,-0.001582,0.002176,-0.003388,-0.000466,0.009007,-0.012467,-0.001475,-0.012418,-0.011237,-0.000740,-0.003855,-0.006680,0.002954,-0.008754,-0.000133,0.029030,0.002344,-0.011611,-0.000738,0.014582,-0.010744,0.002990,0.002681,0.000789,0.029021
0.009850,-0.012400,-0.000900,0.009028,-0.012015,-0.000543,0.010718,-0.007603,-0.000342,0.012582,-0.004128,-0.000538,0.016325,-0.011921,-0.000772,0.009205,-0.007481,-0.001101,0.005148,-0.003999,-0.000608,0.008528,-0.012787,-0.001126,-0.012677,-0.011456,-0.000489,-0.003378,-0.006136,0.003606,-0.008495,0.000494,0.030338,0.001947,-0.011803,-0.000310,0.014851,-0.011954,0.003881,0.002782,-0.000614,0.030484
0.007925,-0.007050,-0.001450,0.007462,-0.006808,-0.001216,0.010301,-0.001906,-0.001023,0.013023,0.002142,-0.001341,0.013936,-0.006721,-0.001223,0.007521,-0.002669,-0.001519,0.006041,0.000239,-0.001418,0.006666,-0.007392,-0.001666,-0.014565,-0.005980,-0.001100,-0.004747,0.000312,0.003365,-0.009907,0.007744,0.031152,0.000498,-0.006313,-0.000804,0.014000,-0.007375,0.003804,0.001644,0.003706,0.031416
0.004425,-0.010625,-0.001400,0.005133,-0.010451,-0.001180,0.009289,-0.005682,-0.001031,0.012853,-0.001494,-0.001472,0.009380,-0.010390,-0.001161,0.002872,-0.005909,-0.001473,0.007678,-0.003197,-0.002353,0.003171,-0.010917,-0.001616,-0.016771,-0.009338,-0.001256,-0.006843,-0.002474,0.003369,-0.012223,0.005429,0.032252,-0.002748,-0.009625,-0.000639,0.010571,-0.012017,0.004230,-0.001554,-0.002505,0.032801
0.000575,-0.014875,-0.000875,0.002607,-0.014715,-0.000617,0.008554,-0.010426,-0.000543,0.013083,-0.006494,-0.001143,0.004514,-0.014683,-0.000668,-0.001755,-0.009629,-0.001002,0.009403,-0.006972,-0.002863,-0.000698,-0.015122,-0.001096,-0.019021,-0.013045,-0.001153,-0.009022,-0.006116,0.003522,-0.014742,0.002303,0.033822,-0.006980,-0.013267,0.000210,0.005879,-0.017383,0.005338,-0.005694,-0.010407,0.034994
-0.002300,-0.011550,-0.000050,0.000523,-0.011365,0.000247,0.009017,-0.007606,0.000225,0.014753,-0.004271,-0.000600,0.001291,-0.011348,0.000116,-0.003331,-0.006236,-0.000205,0.010540,-0.003721,-0.002452,-0.003574,-0.011766,-0.000272,-0.020893,-0.008609,-0.001049,-0.010529,-0.002253,0.003649,-0.016625,0.007014,0.035775,-0.011196,-0.008761,0.001720,0.001410,-0.014934,0.007253,-0.009483,-0.010963,0.038092
-0.007600,-0.009350,0.001000,-0.003964,-0.009129,0.001346,0.006952,-0.005544,0.001242,0.013635,-0.002588,0.000223,-0.004669,-0.009131,0.001093,-0.007594,-0.004248,0.000800,0.006255,-0.001679,-0.001408,-0.008819,-0.009509,0.000787,-0.022217,-0.005684,-0.000636,-0.012928,-0.000350,0.003509,-0.019158,0.008716,0.035275,-0.016766,-0.005738,0.003208,-0.006339,-0.013848,0.008480,-0.015392,-0.014204,0.038484
-0.012675,-0.009375,0.001750,-0.008606,-0.009132,0.002127,0.003420,-0.005322,0.001994,0.010352,-0.002386,0.000906,-0.010370,-0.009149,0.001782,-0.012371,-0.004685,0.001521,-0.001238,-0.001920,-0.000245,-0.013812,-0.009478,0.001551,-0.022373,-0.005709,-0.000141,-0.015123,-0.001270,0.003147,-0.020886,0.007238,0.032289,-0.020935,-0.005683,0.003940,-0.013582,-0.014728,0.008424,-0.020298,-0.019150,0.035730
-0.014150,-0.007875,0.000975,-0.008440,-0.007601,0.001474,0.003610,-0.003952,0.001304,0.005985,-0.002252,0.000887,-0.013225,-0.007657,0.000912,-0.014833,-0.003227,0.000663,-0.006019,0.000238,-0.000738,-0.015341,-0.007929,0.000766,-0.020862,-0.003108,-0.001731,-0.014947,-0.000667,0.000719,-0.019992,0.007327,0.026560,-0.022322,-0.003013,0.003761,-0.017037,-0.012911,0.007773,-0.021675,-0.019695,0.031127
-0.014000,-0.007825,-0.000075,-0.007147,-0.007455,0.000586,0.003831,-0.004592,0.000373,0.001908,-0.004553,0.000574,-0.014470,-0.007542,-0.000298,-0.016306,-0.003222,-0.000531,-0.010102,0.000671,-0.001521,-0.015173,-0.007851,-0.000282,-0.018182,-0.002018,-0.003523,-0.012935,-0.002288,-0.001824,-0.017417,0.003697,0.019335,-0.022855,-0.001844,0.003334,-0.019032,-0.011984,0.006935,-0.021556,-0.020040,0.024954
-0.014200,-0.012250,-0.000075,-0.008363,-0.011654,0.000742,0.000486,-0.010459,0.000482,-0.000382,-0.011725,0.000454,-0.015346,-0.011732,-0.000559,-0.018098,-0.008064,-0.000751,-0.015454,-0.004773,-0.001168,-0.015081,-0.012282,-0.000231,-0.014839,-0.006625,-0.003559,-0.009802,-0.009766,-0.002480,-0.014358,-0.008612,0.012387,-0.024525,-0.006341,0.003391,-0.022161,-0.015772,0.006364,-0.022288,-0.024886,0.018016
-0.014350,-0.015200,-0.000050,-0.009178,-0.014454,0.000869,-0.001736,-0.014378,0.000574,-0.001890,-0.016515,0.000393,-0.015951,-0.014529,-0.000707,-0.019312,-0.011304,-0.000870,-0.019039,-0.008422,-0.000906,-0.015039,-0.015235,-0.000172,-0.012612,-0.009699,-0.003554,-0.007655,-0.014574,-0.002834,-0.012498,-0.016718,0.008537,-0.025664,-0.009340,0.003455,-0.024224,-0.018486,0.006066,-0.022978,-0.028244,0.014168
