body_0_angvel_x,body_0_angvel_y,body_0_angvel_z,body_1_angvel_x,body_1_angvel_y,body_1_angvel_z,body_2_angvel_x,body_2_angvel_y,body_2_angvel_z,body_3_angvel_x,body_3_angvel_y,body_3_angvel_z,body_4_angvel_x,body_4_angvel_y,body_4_angvel_z,body_5_angvel_x,body_5_angvel_y,body_5_angvel_z,body_6_angvel_x,body_6_angvel_y,body_6_angvel_z,body_7_angvel_x,body_7_angvel_y,body_7_angvel_z,body_8_angvel_x,body_8_angvel_y,body_8_angvel_z,body_9_angvel_x,body_9_angvel_y,body_9_angvel_z,body_10_angvel_x,body_10_angvel_y,body_10_angvel_z,body_11_angvel_x,body_11_angvel_y,body_11_angvel_z,body_12_angvel_x,body_12_angvel_y,body_12_angvel_z,body_13_angvel_x,body_13_angvel_y,body_13_angvel_z
0.000162,-0.013283,-0.005840,0.001856,-0.000886,-0.005556,0.003393,-0.011960,-0.000508,0.017992,-0.052332,-0.004077,-0.014099,0.024937,-0.007801,-0.007331,0.019450,-0.053263,0.023888,0.032741,-0.053600,0.004441,-0.053156,0.011206,0.043431,-0.023063,0.025408,-0.026882,-0.115007,-0.018845,-0.053552,-0.147196,-0.056265,-0.032019,-0.020083,-0.003093,0.030717,-0.117222,0.041451,0.052891,-0.164928,0.055556
0.000562,-0.012197,-0.001332,0.000070,-0.003172,-0.001336,0.001262,-0.009609,-0.000455,0.017634,-0.044365,-0.003650,-0.014319,0.025374,-0.003388,-0.007418,0.020413,-0.049353,0.021014,0.030250,-0.049532,0.004671,-0.050318,0.013179,0.062303,-0.006863,0.033878,-0.041248,-0.142231,-0.031367,-0.082043,-0.190907,-0.085276,-0.049317,-0.002468,-0.007655,0.043122,-0.145468,0.058000,0.077494,-0.215708,0.079909
0.001808,-0.009039,0.012243,-0.005289,-0.010156,0.011365,-0.005124,-0.002764,-0.000190,0.016612,-0.020639,-0.002256,-0.014959,0.026532,0.009895,-0.007643,0.023154,-0.037577,0.012440,0.022704,-0.037263,0.005380,-0.041954,0.019124,0.098583,0.025352,0.051750,-0.067690,-0.191903,-0.053322,-0.138185,-0.274138,-0.136551,-0.082215,0.032420,-0.013691,0.066378,-0.197016,0.091976,0.127084,-0.310161,0.130654
0.002879,-0.007861,0.019060,-0.008661,-0.015750,0.017592,-0.010063,0.007044,-0.004852,0.017893,-0.002845,-0.006493,-0.012686,0.024081,0.016883,-0.005761,0.021758,-0.027511,0.006297,0.011698,-0.026727,0.003574,-0.035952,0.021486,0.128213,0.049017,0.063607,-0.091952,-0.238295,-0.076075,-0.195516,-0.355172,-0.181048,-0.114030,0.058416,-0.020857,0.082965,-0.244914,0.119557,0.174218,-0.396541,0.177224
0.003218,-0.009200,0.015709,-0.008368,-0.017068,0.014231,-0.011095,0.015025,-0.012121,0.020813,0.000229,-0.014255,-0.008676,0.019308,0.014081,-0.002764,0.016944,-0.024200,0.005608,0.002705,-0.023210,0.000128,-0.035225,0.019118,0.150840,0.061072,0.068047,-0.112251,-0.281627,-0.099736,-0.252570,-0.433738,-0.219461,-0.142672,0.072350,-0.030049,0.093080,-0.289320,0.138552,0.219157,-0.475303,0.216809
0.002254,-0.007718,0.021153,-0.006472,-0.018816,0.020002,-0.007914,0.008045,-0.007733,0.019295,-0.003850,-0.009491,-0.006560,0.015485,0.019965,-0.002013,0.014624,-0.008801,0.002555,-0.002992,-0.007653,-0.002782,-0.029886,0.020382,0.167881,0.072264,0.073562,-0.126320,-0.310047,-0.115066,-0.306068,-0.496713,-0.244590,-0.165116,0.084923,-0.033052,0.098924,-0.318377,0.156496,0.262731,-0.535311,0.255558
0.001230,-0.005938,0.027397,-0.004735,-0.019740,0.026567,-0.004292,-0.001555,-0.001840,0.016604,-0.009348,-0.003083,-0.005934,0.013360,0.026439,-0.003032,0.012515,0.007822,-0.001463,-0.006595,0.009023,-0.005311,-0.024475,0.023408,0.178810,0.079121,0.078578,-0.134794,-0.327298,-0.123320,-0.353938,-0.545628,-0.259842,-0.181053,0.092648,-0.032032,0.100853,-0.335885,0.170885,0.302414,-0.580339,0.289044
0.001542,-0.006285,0.026400,-0.004790,-0.018490,0.025531,-0.003888,-0.001331,-0.004505,0.016105,-0.010393,-0.005811,-0.006301,0.013685,0.025347,-0.005268,0.008239,0.014780,-0.004929,-0.009349,0.015873,-0.007453,-0.023361,0.026302,0.183650,0.078157,0.081477,-0.138528,-0.338222,-0.126089,-0.393094,-0.582519,-0.267929,-0.190431,0.092021,-0.029163,0.099715,-0.346738,0.179545,0.335247,-0.613952,0.313007
0.001962,-0.004615,0.020410,-0.006248,-0.017575,0.019298,-0.004206,-0.004615,-0.012579,0.012532,-0.010819,-0.013561,-0.007243,0.012000,0.019133,-0.007663,0.000016,0.012599,-0.008820,-0.012140,0.013337,-0.008848,-0.018941,0.019064,0.183276,0.077869,0.072654,-0.138388,-0.336567,-0.133692,-0.420497,-0.598456,-0.279133,-0.193272,0.091687,-0.034831,0.096808,-0.344845,0.172766,0.358772,-0.628063,0.316086
0.002204,-0.001839,0.012421,-0.008500,-0.017505,0.010975,-0.005198,-0.009828,-0.022060,0.007580,-0.010496,-0.022497,-0.008353,0.009122,0.010905,-0.009088,-0.008045,0.002383,-0.011239,-0.013627,0.002699,-0.008894,-0.013537,0.005338,0.179212,0.077233,0.056289,-0.134987,-0.326391,-0.143381,-0.433976,-0.595986,-0.289919,-0.189821,0.090655,-0.045933,0.093865,-0.334330,0.155092,0.372244,-0.624949,0.302084
0.002096,0.000847,0.017029,-0.008475,-0.024523,0.015525,-0.005695,-0.015958,-0.015096,0.005687,-0.013006,-0.015212,-0.007183,0.012630,0.015715,-0.008661,-0.004166,0.012125,-0.008590,-0.010694,0.012534,-0.009521,-0.007680,0.006201,0.170663,0.076772,0.053926,-0.131185,-0.309901,-0.135195,-0.435345,-0.577124,-0.279346,-0.183054,0.089548,-0.041855,0.089738,-0.317472,0.148710,0.373584,-0.605953,0.293371
0.001973,0.002677,0.022884,-0.007900,-0.028970,0.021417,-0.006252,-0.017876,-0.004940,0.005187,-0.015068,-0.005064,-0.005856,0.016010,0.021802,-0.007993,0.001421,0.024025,-0.004181,-0.006374,0.024569,-0.010050,-0.002774,0.010739,0.159391,0.075274,0.054897,-0.126553,-0.290088,-0.121005,-0.424596,-0.545772,-0.258657,-0.173357,0.087244,-0.033755,0.085214,-0.297288,0.143648,0.363921,-0.574201,0.280927
0.002174,0.002692,0.018586,-0.008556,-0.021386,0.017057,-0.007454,-0.010722,-0.004957,0.004411,-0.013687,-0.005528,-0.006439,0.012595,0.017365,-0.008636,-0.001589,0.020308,-0.001199,-0.003889,0.020563,-0.009876,-0.000445,0.007986,0.147049,0.070811,0.048284,-0.120257,-0.270086,-0.112462,-0.402357,-0.506840,-0.239442,-0.161224,0.081831,-0.032650,0.080670,-0.276852,0.129635,0.344998,-0.533832,0.255813
0.002203,0.001913,0.012084,-0.010337,-0.013673,0.010380,-0.009178,-0.005194,-0.008978,0.002538,-0.010922,-0.009750,-0.007443,0.009411,0.010693,-0.008747,-0.000111,0.011621,-0.000174,0.000488,0.011710,-0.008956,0.003174,0.004392,0.134809,0.067132,0.040677,-0.112091,-0.247290,-0.103750,-0.370627,-0.459880,-0.216558,-0.147727,0.077187,-0.032222,0.075818,-0.253574,0.113742,0.318405,-0.484253,0.226605
0.002070,0.000832,0.006578,-0.012346,-0.009638,0.004668,-0.010568,-0.003984,-0.014970,0.000438,-0.008083,-0.015595,-0.008343,0.008151,0.005074,-0.008249,0.005159,0.002211,-0.001635,0.004655,0.002340,-0.007724,0.006374,0.001679,0.123311,0.062783,0.034004,-0.102434,-0.224436,-0.093692,-0.332148,-0.409864,-0.189908,-0.134353,0.071927,-0.030958,0.070099,-0.230179,0.098245,0.285715,-0.430489,0.196935
0.001458,0.001277,0.007572,-0.010939,-0.005464,0.005945,-0.009651,-0.002226,-0.007100,0.000287,-0.005282,-0.007613,-0.007647,0.002573,0.006220,-0.006818,0.002258,0.000791,-0.003278,0.005424,0.000643,-0.004871,0.009329,0.001695,0.114646,0.058157,0.030263,-0.089963,-0.202093,-0.080776,-0.287754,-0.359232,-0.159106,-0.120563,0.066490,-0.027156,0.064781,-0.207232,0.085309,0.250200,-0.375201,0.169950
0.000646,0.002473,0.008317,-0.008765,-0.000509,0.007096,-0.007631,-0.001473,0.000799,0.000831,-0.003855,0.000380,-0.006328,-0.002875,0.007234,-0.005469,-0.003472,0.001401,-0.005655,0.003774,0.000939,-0.002677,0.011631,0.000830,0.106923,0.052937,0.025911,-0.077019,-0.181122,-0.068697,-0.241635,-0.310244,-0.128774,-0.109020,0.060588,-0.024502,0.057595,-0.185589,0.071440,0.211334,-0.320922,0.142824
-0.000181,0.003693,0.001961,-0.008498,0.005789,0.000917,-0.005731,-0.003467,-0.005082,0.000734,-0.005235,-0.005397,-0.005465,-0.003649,0.001116,-0.005298,-0.006602,-0.002170,-0.009396,0.000798,-0.002700,-0.003573,0.012872,-0.004703,0.097817,0.046995,0.017237,-0.066328,-0.162133,-0.061287,-0.198175,-0.264612,-0.103470,-0.102240,0.054099,-0.026859,0.046398,-0.165880,0.052889,0.168587,-0.269635,0.112233
-0.000135,0.005308,-0.002283,-0.008016,0.009705,-0.003253,-0.005375,-0.002398,-0.004532,-0.000891,0.001016,-0.004402,-0.003645,-0.005979,-0.002893,-0.004414,-0.006172,0.001775,-0.012718,0.001646,0.001157,-0.003066,0.014919,-0.008689,0.091733,0.042753,0.010591,-0.053952,-0.143281,-0.052438,-0.154939,-0.221358,-0.077663,-0.095606,0.049428,-0.028149,0.036245,-0.146291,0.035991,0.128502,-0.220620,0.084785
0.000762,0.006509,-0.002219,-0.007608,0.009305,-0.003261,-0.006801,0.001288,0.002235,-0.003255,0.011816,0.002923,-0.001768,-0.008674,-0.002711,-0.003255,-0.002384,0.011340,-0.013972,0.005871,0.010659,-0.001409,0.016773,-0.009059,0.088128,0.039710,0.008131,-0.040749,-0.125424,-0.040219,-0.113991,-0.181829,-0.049828,-0.089044,0.046059,-0.026405,0.027492,-0.127721,0.022953,0.092667,-0.175521,0.062690
0.000675,0.009681,-0.008209,-0.004658,0.009988,-0.008883,-0.003226,-0.006491,0.003965,0.000088,0.007736,0.004934,0.001332,-0.011317,-0.008268,-0.001464,-0.002810,0.015602,-0.011906,0.008727,0.014718,-0.001484,0.014666,-0.011954,0.083706,0.034365,0.003740,-0.030111,-0.112166,-0.030933,-0.079550,-0.149733,-0.026561,-0.085007,0.040453,-0.027785,0.017787,-0.113804,0.007797,0.059648,-0.138377,0.039686
0.000300,0.012554,-0.015154,-0.002069,0.009447,-0.015477,-0.000101,-0.013236,0.002271,0.003933,0.002039,0.003295,0.003124,-0.013662,-0.014925,-0.000370,-0.004490,0.013756,-0.009017,0.009053,0.012771,-0.001809,0.013666,-0.016357,0.079612,0.032000,-0.001562,-0.021031,-0.098358,-0.023846,-0.051148,-0.119848,-0.007412,-0.081660,0.037863,-0.031281,0.009102,-0.099423,-0.008179,0.032077,-0.104331,0.016669
0.000281,0.013013,-0.017953,-0.002817,0.005555,-0.018400,-0.002980,-0.006261,-0.001117,0.003012,0.008110,-0.000218,0.001003,-0.015234,-0.018054,-0.001355,-0.004191,0.004890,-0.007728,0.005913,0.004157,-0.000999,0.019015,-0.021181,0.077039,0.038099,-0.006646,-0.012524,-0.078715,-0.018262,-0.028024,-0.086772,0.008007,-0.077401,0.043770,-0.035852,0.003210,-0.079318,-0.023492,0.012065,-0.068313,-0.005213
0.001035,0.013766,-0.018442,-0.002719,0.001582,-0.019005,-0.003155,-0.007121,-0.004133,0.004504,0.007227,-0.003285,-0.000250,-0.015811,-0.018854,-0.002746,-0.006629,0.003510,-0.009598,0.000968,0.002929,-0.001148,0.022865,-0.023027,0.073780,0.044805,-0.008136,-0.006799,-0.061079,-0.011139,-0.012146,-0.058188,0.022516,-0.074215,0.050291,-0.038074,-0.001837,-0.061339,-0.034386,-0.002494,-0.038185,-0.022406
0.002210,0.014411,-0.016277,-0.001788,-0.000472,-0.016890,-0.000507,-0.015348,-0.005176,0.007729,-0.000111,-0.004280,-0.000001,-0.015118,-0.016828,-0.003859,-0.010659,0.010432,-0.013702,-0.003382,0.009829,-0.002105,0.023267,-0.020957,0.069924,0.049603,-0.005263,-0.003505,-0.047589,-0.001777,-0.002427,-0.036008,0.036759,-0.071921,0.054914,-0.036836,-0.006111,-0.047610,-0.039684,-0.012375,-0.015843,-0.033763
0.001838,0.013318,-0.018585,-0.002931,-0.003190,-0.019308,-0.001907,-0.015544,-0.009329,0.002520,-0.004469,-0.008634,0.000646,-0.013258,-0.018960,-0.003283,-0.006514,0.010386,-0.014972,-0.003556,0.010031,-0.002569,0.023121,-0.025271,0.066786,0.054515,-0.008565,-0.000960,-0.035725,-0.000678,0.003853,-0.017529,0.040317,-0.069297,0.059667,-0.042197,-0.008723,-0.035584,-0.049481,-0.017752,0.001629,-0.049202
0.000634,0.010981,-0.022656,-0.003747,-0.004350,-0.023321,-0.003739,-0.011573,-0.013503,-0.004182,-0.005805,-0.013063,0.002566,-0.013341,-0.022541,-0.001165,-0.003769,0.007620,-0.013116,-0.001862,0.007327,-0.003432,0.022137,-0.030916,0.063582,0.058532,-0.013178,0.000287,-0.026175,-0.003047,0.007162,-0.003378,0.038157,-0.067397,0.063545,-0.048913,-0.010927,-0.025920,-0.058462,-0.020983,0.013939,-0.063050
-0.000481,0.008040,-0.025629,-0.001655,-0.001536,-0.025846,-0.002230,-0.007062,-0.014423,-0.005198,-0.003825,-0.014100,0.006732,-0.018330,-0.024722,0.002433,-0.011952,0.006526,-0.007769,-0.000610,0.005657,-0.005404,0.020125,-0.032761,0.059735,0.061019,-0.014075,-0.000301,-0.019468,-0.004020,0.007722,0.005874,0.035403,-0.067090,0.065941,-0.051745,-0.013649,-0.019134,-0.061229,-0.023854,0.020899,-0.069480
-0.001726,0.005855,-0.030550,0.001403,0.002431,-0.030178,0.000612,-0.007593,-0.011181,-0.003112,-0.005359,-0.010910,0.007745,-0.020943,-0.029297,0.003187,-0.017582,0.001271,-0.002839,-0.002397,0.000216,-0.007630,0.018472,-0.036155,0.056187,0.063132,-0.016665,-0.001870,-0.014551,-0.009097,0.006752,0.011228,0.026914,-0.067629,0.068009,-0.055984,-0.016051,-0.014170,-0.062978,-0.026016,0.023863,-0.073321
-0.002579,0.005471,-0.035011,0.003845,0.005493,-0.034198,0.003311,-0.013003,-0.005406,0.000987,-0.009780,-0.005102,0.005020,-0.019933,-0.034026,0.000635,-0.017861,-0.005535,-0.000816,-0.006279,-0.006292,-0.009053,0.017981,-0.039454,0.054003,0.065629,-0.019313,-0.003525,-0.010879,-0.016585,0.005138,0.013223,0.014836,-0.067974,0.070510,-0.059972,-0.016947,-0.010497,-0.062107,-0.026378,0.023671,-0.072735
-0.002660,0.007961,-0.032153,0.005699,0.008003,-0.031097,0.004683,-0.010502,0.000978,0.001458,-0.006172,0.001389,0.006653,-0.017699,-0.030901,0.002513,-0.014098,-0.002852,-0.000083,-0.003577,-0.003558,-0.007595,0.019527,-0.038686,0.055143,0.069403,-0.018060,-0.003324,-0.007605,-0.022183,0.004660,0.012888,0.004048,-0.065934,0.074328,-0.059724,-0.014132,-0.007279,-0.054977,-0.022648,0.021596,-0.064065
-0.002353,0.010947,-0.027939,0.006451,0.009307,-0.026839,0.005201,-0.007068,0.003938,0.000863,-0.001600,0.004464,0.009512,-0.015624,-0.026294,0.005374,-0.011606,0.002001,0.000626,-0.000583,0.001232,-0.005893,0.021846,-0.036342,0.056725,0.073074,-0.015454,-0.003843,-0.005759,-0.027745,0.002670,0.009666,-0.006632,-0.063914,0.078062,-0.057671,-0.010298,-0.005553,-0.044713,-0.017466,0.017255,-0.050695
-0.002048,0.012098,-0.028382,0.005687,0.008781,-0.027430,0.005442,-0.009683,-0.000577,0.001910,-0.003201,0.000003,0.010493,-0.015006,-0.026629,0.005788,-0.015535,0.001770,0.002610,-0.003279,0.000948,-0.006662,0.023808,-0.034911,0.055819,0.075351,-0.014052,-0.007578,-0.006150,-0.035021,-0.003288,0.003378,-0.018359,-0.064440,0.080402,-0.056230,-0.008350,-0.006115,-0.034547,-0.013746,0.010544,-0.036306
-0.001588,0.012884,-0.024374,0.005693,0.006940,-0.023497,0.007555,-0.018175,-0.001806,0.002228,-0.008790,-0.000960,0.011016,-0.012576,-0.022595,0.005981,-0.017616,0.004495,0.003807,-0.006169,0.003740,-0.008450,0.026513,-0.032860,0.053873,0.077351,-0.012317,-0.012887,-0.007457,-0.041882,-0.011542,-0.004119,-0.028723,-0.066056,0.082464,-0.053876,-0.007023,-0.007635,-0.023536,-0.010177,0.003229,-0.020455
-0.001305,0.012862,-0.017821,0.006341,0.004589,-0.016913,0.010355,-0.028405,0.000984,0.001519,-0.015644,0.002177,0.010676,-0.009602,-0.016113,0.005720,-0.016857,0.008858,0.003526,-0.007898,0.008261,-0.010453,0.028485,-0.031114,0.051874,0.077894,-0.011073,-0.018862,-0.010996,-0.048899,-0.021221,-0.013852,-0.038440,-0.068120,0.083083,-0.051638,-0.005603,-0.011423,-0.012961,-0.005909,-0.005985,-0.004856
-0.001203,0.013911,-0.017817,0.006341,0.005985,-0.016920,0.010492,-0.025512,-0.001990,0.002282,-0.013406,-0.000863,0.010588,-0.011257,-0.016150,0.006940,-0.019415,0.000162,0.004743,-0.006580,-0.000678,-0.009803,0.034000,-0.031876,0.052913,0.081809,-0.012349,-0.022596,-0.012166,-0.058088,-0.029465,-0.021199,-0.050073,-0.067930,0.087111,-0.051891,-0.001240,-0.012880,-0.005212,0.002072,-0.012880,0.007786
-0.001399,0.016463,-0.017960,0.005348,0.008062,-0.017166,0.009344,-0.021495,-0.003825,0.002159,-0.008329,-0.002646,0.010174,-0.012958,-0.016349,0.007550,-0.021258,-0.006391,0.005310,-0.004066,-0.007503,-0.008512,0.040909,-0.030818,0.055077,0.087554,-0.011642,-0.026045,-0.012576,-0.064982,-0.038199,-0.027927,-0.059931,-0.067554,0.093004,-0.050496,0.004048,-0.013612,0.003895,0.011819,-0.019658,0.021468
-0.001953,0.020893,-0.011701,0.003065,0.007673,-0.011154,0.008328,-0.028385,0.002508,-0.001211,-0.006599,0.004396,0.008841,-0.010103,-0.010215,0.005433,-0.018341,0.004538,0.003183,-0.002204,0.003495,-0.008577,0.046989,-0.023487,0.056323,0.093162,-0.004441,-0.031086,-0.013981,-0.064934,-0.049094,-0.035950,-0.064094,-0.068915,0.098790,-0.043051,0.008190,-0.015367,0.018614,0.021163,-0.028594,0.040330
-0.001746,0.025474,-0.006233,0.001653,0.004310,-0.005938,0.008188,-0.032995,0.000805,-0.001665,-0.004471,0.003207,0.007103,-0.008415,-0.005063,0.003064,-0.020580,0.010668,0.001572,-0.000917,0.009419,-0.008282,0.053812,-0.016809,0.058229,0.099982,0.002252,-0.035844,-0.014688,-0.064667,-0.059948,-0.043596,-0.069727,-0.070180,0.105803,-0.036410,0.012759,-0.016440,0.031814,0.031423,-0.038213,0.057137
-0.000960,0.027967,-0.004268,0.001766,-0.000320,-0.004099,0.008949,-0.033035,-0.008033,0.000978,-0.003036,-0.005570,0.005727,-0.008663,-0.003447,0.001539,-0.026748,0.008902,0.001183,-0.000790,0.007281,-0.007850,0.058044,-0.014063,0.060482,0.104366,0.005060,-0.040490,-0.018194,-0.067401,-0.070685,-0.054292,-0.080126,-0.071514,0.110388,-0.033750,0.017476,-0.020320,0.040160,0.042113,-0.051960,0.068495
-0.000249,0.033416,-0.004394,0.000858,-0.002713,-0.004475,0.007451,-0.028953,-0.013310,0.000193,0.006475,-0.010459,0.004524,-0.011881,-0.003920,0.000923,-0.031615,0.003675,0.000743,-0.001932,0.001828,-0.008172,0.065941,-0.009974,0.062213,0.112467,0.009223,-0.046039,-0.018526,-0.068010,-0.082321,-0.061987,-0.089897,-0.073840,0.118700,-0.029761,0.021549,-0.021041,0.049083,0.052430,-0.063641,0.079860
0.000657,0.039712,-0.003665,-0.000233,-0.005758,-0.004053,0.005055,-0.025129,-0.013453,-0.001181,0.018114,-0.010043,0.003389,-0.015450,-0.003567,0.000407,-0.033868,0.001225,0.000288,-0.002129,-0.000746,-0.007690,0.076381,-0.004956,0.065030,0.123065,0.014310,-0.051070,-0.017121,-0.067133,-0.093563,-0.067955,-0.099089,-0.075652,0.129530,-0.024837,0.026635,-0.020052,0.058391,0.064104,-0.074251,0.091101
0.001880,0.044846,0.000762,-0.000692,-0.012192,0.000092,0.003099,-0.025839,-0.006980,-0.000324,0.026060,-0.003002,0.001969,-0.016604,0.000409,-0.001040,-0.031895,0.007610,-0.000373,0.001077,0.005577,-0.005028,0.088446,0.000521,0.070273,0.134903,0.019736,-0.054147,-0.015125,-0.065346,-0.102986,-0.072999,-0.107418,-0.075578,0.141610,-0.019328,0.034053,-0.018484,0.067727,0.078403,-0.084175,0.101859
0.003271,0.050784,0.003442,-0.001278,-0.017669,0.002450,0.001692,-0.029106,-0.002079,0.001127,0.029317,0.002300,0.000464,-0.018926,0.002582,-0.003063,-0.036485,0.011279,-0.000171,0.001461,0.008975,-0.002296,0.102188,0.002065,0.075778,0.147632,0.021004,-0.057127,-0.012464,-0.067113,-0.112274,-0.076636,-0.118481,-0.075701,0.154607,-0.017513,0.041414,-0.016251,0.072766,0.092677,-0.092509,0.107818
0.004181,0.054584,0.003061,-0.001675,-0.019489,0.001863,0.001568,-0.033373,-0.001171,0.002443,0.026201,0.003241,-0.000274,-0.021194,0.001899,-0.004556,-0.045332,0.010445,0.000917,-0.001173,0.007798,-0.000748,0.110757,-0.001091,0.080389,0.154315,0.017324,-0.060983,-0.015832,-0.073428,-0.122196,-0.085356,-0.132709,-0.077386,0.161587,-0.020135,0.047217,-0.020014,0.072963,0.105154,-0.105389,0.108539
0.004638,0.060481,0.003684,-0.004799,-0.024501,0.001954,-0.001783,-0.036709,-0.001813,0.003156,0.025980,0.002696,-0.002268,-0.025061,0.002066,-0.005361,-0.042024,0.008573,-0.002372,0.001670,0.005917,-0.001412,0.125059,0.000432,0.083374,0.165927,0.018102,-0.066553,-0.014287,-0.075336,-0.133464,-0.088266,-0.141010,-0.081942,0.173555,-0.017848,0.050241,-0.018802,0.078131,0.114428,-0.111749,0.114000
0.005087,0.067772,0.005961,-0.008797,-0.028815,0.003578,-0.005354,-0.041500,-0.002388,0.002119,0.024996,0.002307,-0.004020,-0.028435,0.003915,-0.006099,-0.039164,0.008763,-0.006668,0.006314,0.005941,-0.001919,0.141426,0.003208,0.087373,0.178578,0.019882,-0.071214,-0.011673,-0.076716,-0.143307,-0.089289,-0.147479,-0.087291,0.186655,-0.014039,0.052575,-0.016437,0.085297,0.122448,-0.115557,0.121286
0.005877,0.075805,0.010443,-0.011860,-0.028593,0.007497,-0.006172,-0.050261,-0.001370,-0.001883,0.019533,0.003632,-0.004083,-0.029024,0.008189,-0.007418,-0.049081,0.013965,-0.008655,0.009361,0.010331,-0.000047,0.156345,0.003627,0.094703,0.188248,0.018886,-0.072422,-0.011668,-0.081436,-0.149028,-0.092098,-0.156330,-0.091357,0.196866,-0.012147,0.056133,-0.016546,0.091118,0.131054,-0.120642,0.126884
0.006143,0.085753,0.010979,-0.014172,-0.031136,0.007594,-0.007616,-0.060270,0.003017,-0.006803,0.011638,0.008247,-0.004824,-0.030347,0.008470,-0.008480,-0.054538,0.013258,-0.012486,0.011271,0.009126,0.001313,0.176310,0.002974,0.102437,0.201112,0.016308,-0.072821,-0.007679,-0.088360,-0.153225,-0.090117,-0.166902,-0.097020,0.210375,-0.010789,0.057765,-0.012524,0.097019,0.137138,-0.120713,0.132023
0.005818,0.092716,0.007302,-0.014482,-0.035126,0.003816,-0.008881,-0.066486,0.008598,-0.010120,0.005268,0.013845,-0.005769,-0.031708,0.004615,-0.008654,-0.052756,0.007039,-0.016117,0.011123,0.002974,0.001562,0.191387,0.001566,0.109947,0.207427,0.012507,-0.073012,-0.009369,-0.097216,-0.156698,-0.093264,-0.179459,-0.104830,0.217432,-0.009687,0.056904,-0.014033,0.103362,0.140404,-0.125946,0.137036
0.006837,0.106263,0.007654,-0.015254,-0.039724,0.003774,-0.009552,-0.071717,0.008770,-0.007294,0.005842,0.014294,-0.008090,-0.036573,0.004276,-0.010580,-0.056607,0.005083,-0.018528,0.007458,0.000997,0.001952,0.215703,0.004610,0.118452,0.221798,0.012770,-0.071945,-0.002308,-0.102659,-0.158774,-0.087611,-0.189137,-0.113461,0.232623,-0.003725,0.055057,-0.006653,0.115217,0.142741,-0.122550,0.147204
0.008405,0.121553,0.009813,-0.015748,-0.044054,0.005484,-0.009650,-0.076126,0.008027,-0.002426,0.009651,0.013948,-0.009984,-0.041321,0.005701,-0.012276,-0.061164,0.005484,-0.018012,0.005841,0.001247,0.002748,0.243275,0.008776,0.128035,0.238596,0.013879,-0.069464,0.007915,-0.107650,-0.159557,-0.079291,-0.199294,-0.122429,0.250308,0.003654,0.052615,0.004000,0.128876,0.144764,-0.116696,0.159231
0.009620,0.133795,0.011510,-0.015304,-0.047287,0.006910,-0.009288,-0.079999,0.010886,0.000309,0.012830,0.017186,-0.009730,-0.042378,0.007096,-0.011845,-0.061518,0.006344,-0.012996,0.011824,0.001778,0.004024,0.268124,0.010556,0.138409,0.252015,0.012285,-0.065526,0.015848,-0.115091,-0.159130,-0.074179,-0.212999,-0.131280,0.264620,0.008984,0.049784,0.012468,0.140224,0.146742,-0.114173,0.169329
0.010744,0.151087,0.013426,-0.015527,-0.052495,0.008412,-0.007549,-0.091636,0.008158,0.005103,0.014003,0.015214,-0.010293,-0.047433,0.008511,-0.013575,-0.072810,0.010312,-0.008199,0.012662,0.005083,0.002762,0.299432,0.013173,0.146116,0.271302,0.011229,-0.063126,0.031205,-0.121268,-0.160474,-0.062746,-0.226595,-0.142584,0.284776,0.015464,0.043549,0.028464,0.152002,0.145618,-0.105380,0.180469
0.011263,0.164782,0.014578,-0.016181,-0.057050,0.009189,-0.005160,-0.105173,0.001163,0.009682,0.012634,0.008939,-0.011317,-0.053935,0.009184,-0.016526,-0.089357,0.015350,-0.005929,0.007931,0.009454,-0.000371,0.321592,0.015366,0.151406,0.280774,0.009417,-0.061688,0.038641,-0.127204,-0.163078,-0.060182,-0.240890,-0.155262,0.295054,0.021880,0.034695,0.036618,0.162701,0.142239,-0.105475,0.191056
0.011507,0.180247,0.023740,-0.020334,-0.066408,0.017460,-0.008284,-0.110219,-0.002626,0.009536,0.018984,0.005761,-0.009509,-0.063483,0.018313,-0.014311,-0.092815,0.026261,0.003155,0.011055,0.020050,-0.004417,0.350877,0.021988,0.154826,0.296321,0.011550,-0.060408,0.054289,-0.128019,-0.166339,-0.049803,-0.250293,-0.167968,0.311275,0.033253,0.024388,0.053088,0.177210,0.137980,-0.097608,0.205589
0.011788,0.195301,0.035052,-0.025007,-0.076006,0.027774,-0.011727,-0.116433,-0.004267,0.006479,0.022916,0.004712,-0.008586,-0.071088,0.029441,-0.012351,-0.093118,0.036331,0.010373,0.016835,0.029807,-0.008302,0.380845,0.030244,0.157022,0.310785,0.014715,-0.058270,0.071394,-0.126726,-0.169529,-0.037418,-0.256597,-0.179258,0.326276,0.046920,0.013687,0.071085,0.192914,0.134142,-0.087376,0.220987
0.012251,0.207672,0.042652,-0.027232,-0.081405,0.034696,-0.010321,-0.133652,-0.004714,0.002289,0.014166,0.004897,-0.012430,-0.071947,0.036074,-0.016178,-0.100367,0.038756,0.006895,0.019933,0.031586,-0.011133,0.404981,0.037433,0.158506,0.316896,0.015961,-0.054403,0.083101,-0.126237,-0.172280,-0.028861,-0.260859,-0.187893,0.332713,0.060470,0.003581,0.083784,0.207383,0.132019,-0.080029,0.234412
0.013323,0.220471,0.055549,-0.029940,-0.091438,0.046673,-0.009838,-0.149612,-0.004635,0.002162,0.008446,0.005554,-0.016317,-0.078489,0.047794,-0.018397,-0.104162,0.043028,0.004559,0.024959,0.035298,-0.013472,0.440499,0.055232,0.158414,0.331016,0.026805,-0.049129,0.106327,-0.115092,-0.175329,-0.006286,-0.249579,-0.194154,0.346897,0.085764,-0.006685,0.108091,0.232468,0.130963,-0.057000,0.257673
0.014565,0.227325,0.067317,-0.031492,-0.101056,0.057666,-0.010187,-0.156300,-0.004106,0.006481,0.008602,0.006255,-0.018047,-0.087442,0.058708,-0.017646,-0.102640,0.046968,0.004711,0.029350,0.039037,-0.014120,0.469640,0.074716,0.157642,0.334203,0.038078,-0.040803,0.122951,-0.102150,-0.177196,0.012898,-0.229695,-0.196594,0.349912,0.114169,-0.016419,0.125911,0.259196,0.131379,-0.034924,0.282038
0.016366,0.225852,0.074138,-0.029530,-0.117512,0.064079,-0.011964,-0.151690,-0.000202,0.011833,0.009063,0.009522,-0.018981,-0.105783,0.064634,-0.012690,-0.085820,0.042550,0.006252,0.031357,0.035491,-0.013468,0.508544,0.093579,0.155616,0.341409,0.047134,-0.029107,0.148778,-0.089478,-0.177303,0.044791,-0.201972,-0.195354,0.356619,0.143757,-0.026525,0.153053,0.285005,0.131728,0.002968,0.305299
0.018908,0.217028,0.081705,-0.026349,-0.136200,0.071314,-0.013523,-0.145931,0.006469,0.016734,0.008287,0.015431,-0.022353,-0.128125,0.070719,-0.008586,-0.058948,0.038105,0.003034,0.031972,0.032585,-0.012599,0.545332,0.109032,0.151359,0.339974,0.051193,-0.014461,0.171697,-0.079754,-0.175356,0.077110,-0.169090,-0.191635,0.354519,0.171774,-0.038959,0.177412,0.306994,0.129084,0.044498,0.325177
0.022609,0.201824,0.095816,-0.023920,-0.152587,0.084828,-0.012822,-0.149226,0.015488,0.020049,0.004551,0.024209,-0.031243,-0.149206,0.082118,-0.010198,-0.027486,0.041877,-0.010918,0.032023,0.038169,-0.012592,0.568006,0.118385,0.144412,0.317961,0.047560,0.002427,0.179472,-0.075944,-0.171131,0.096881,-0.135165,-0.186915,0.331686,0.195551,-0.055024,0.186712,0.322750,0.121251,0.076395,0.339608
0.030756,0.179693,0.108190,-0.020337,-0.179434,0.095964,-0.015942,-0.135914,0.019110,0.025811,0.000562,0.026350,-0.040199,-0.199092,0.090473,-0.004891,0.024877,0.034629,-0.024909,0.032337,0.033960,-0.009495,0.604776,0.133441,0.139613,0.303836,0.048206,0.025749,0.199899,-0.066871,-0.159077,0.131108,-0.091283,-0.177984,0.316717,0.226704,-0.071093,0.208691,0.344671,0.110851,0.124787,0.361101
0.039151,0.161715,0.112602,-0.017152,-0.203287,0.098902,-0.020960,-0.112661,0.015200,0.031481,-0.001637,0.020441,-0.044340,-0.252865,0.091299,0.005089,0.071944,0.019658,-0.031525,0.032696,0.021745,-0.005482,0.637237,0.146622,0.135549,0.279096,0.045580,0.053575,0.213984,-0.060776,-0.139316,0.160369,-0.048337,-0.167620,0.291189,0.257655,-0.089602,0.224323,0.365883,0.094270,0.169130,0.382268
0.051965,0.142529,0.123144,-0.013464,-0.247372,0.106793,-0.029808,-0.086080,0.014104,0.035893,-0.006157,0.016983,-0.058593,-0.335811,0.094435,0.012939,0.160305,0.006027,-0.049915,0.031519,0.013475,-0.000425,0.685004,0.154897,0.132733,0.262998,0.036434,0.086106,0.240829,-0.061443,-0.109583,0.203826,-0.012561,-0.155871,0.274355,0.285514,-0.110420,0.252585,0.384033,0.070375,0.227288,0.399585
0.066464,0.126735,0.139626,-0.007835,-0.306463,0.120068,-0.041366,-0.050701,0.017669,0.040640,-0.007952,0.017798,-0.075276,-0.429027,0.101641,0.021163,0.259134,-0.005877,-0.067137,0.030484,0.007617,0.004836,0.740140,0.161800,0.130465,0.247347,0.024386,0.122491,0.272108,-0.065835,-0.068975,0.253568,0.016812,-0.143604,0.258075,0.313769,-0.134418,0.285114,0.403218,0.037237,0.290166,0.416021
0.079776,0.118902,0.161782,0.001175,-0.375245,0.138851,-0.054393,-0.000953,0.027449,0.047442,-0.001850,0.024428,-0.086760,-0.513584,0.114343,0.032630,0.337531,-0.016017,-0.069917,0.031164,0.002284,0.009402,0.794678,0.170886,0.127435,0.224111,0.012858,0.161229,0.299661,-0.070763,-0.017876,0.301957,0.041701,-0.131031,0.234254,0.345994,-0.161759,0.313570,0.427278,-0.005833,0.349107,0.434111
0.093165,0.113066,0.185474,0.017064,-0.479327,0.158976,-0.074154,0.079892,0.039452,0.056557,0.006389,0.031446,-0.101032,-0.611999,0.126202,0.044488,0.412444,-0.033374,-0.067539,0.030897,-0.010374,0.017385,0.867759,0.183123,0.126853,0.212295,0.002933,0.205864,0.342546,-0.074689,0.047273,0.368588,0.063091,-0.112919,0.221870,0.382982,-0.187685,0.356868,0.456597,-0.053949,0.423073,0.453483
0.099878,0.112097,0.198884,0.033027,-0.566756,0.169565,-0.089215,0.151326,0.046633,0.065020,0.012586,0.034373,-0.109580,-0.675277,0.129604,0.052888,0.446136,-0.050794,-0.059091,0.029497,-0.025549,0.023426,0.922653,0.192509,0.121794,0.175247,-0.011204,0.250208,0.364310,-0.082109,0.119108,0.417249,0.076980,-0.092796,0.184254,0.418487,-0.216607,0.378386,0.483653,-0.110564,0.475650,0.466360
0.098902,0.126277,0.213959,0.045838,-0.663270,0.181417,-0.108941,0.224945,0.053049,0.058521,0.028462,0.037371,-0.112332,-0.718372,0.136848,0.064536,0.468815,-0.063119,-0.036736,0.035897,-0.036787,0.031367,1.011892,0.197339,0.113857,0.166314,-0.031051,0.296705,0.418375,-0.092721,0.197903,0.500985,0.085112,-0.064317,0.174715,0.450263,-0.243180,0.431304,0.504521,-0.168563,0.560126,0.469296
0.093109,0.150501,0.224920,0.056593,-0.743905,0.189403,-0.122827,0.278508,0.054977,0.049604,0.045236,0.037367,-0.109692,-0.748687,0.142025,0.076470,0.473392,-0.067699,-0.010550,0.041270,-0.041410,0.038066,1.103747,0.201577,0.098031,0.155211,-0.051753,0.341375,0.474259,-0.099138,0.276354,0.588374,0.096667,-0.028594,0.163141,0.481469,-0.269670,0.485115,0.519846,-0.227856,0.646008,0.464415
0.085355,0.179852,0.225673,0.066201,-0.783538,0.188203,-0.120255,0.289807,0.048599,0.050892,0.054140,0.031110,-0.101648,-0.773533,0.138684,0.085748,0.452874,-0.062395,0.009500,0.036851,-0.037228,0.040884,1.166461,0.209197,0.069530,0.111993,-0.068889,0.380072,0.501498,-0.094698,0.347423,0.647603,0.120918,0.014127,0.119678,0.515181,-0.297118,0.509180,0.530655,-0.287212,0.702813,0.454602
0.076127,0.230825,0.214228,0.075243,-0.820630,0.174371,-0.119470,0.292641,0.043678,0.042453,0.059439,0.026787,-0.095240,-0.804760,0.121980,0.091456,0.428530,-0.063457,0.026264,0.031475,-0.039639,0.043783,1.253295,0.198458,0.031417,0.092188,-0.103244,0.415994,0.554278,-0.098122,0.411522,0.731503,0.141717,0.067908,0.100173,0.528802,-0.321346,0.558076,0.512303,-0.340286,0.785492,0.417315
0.069971,0.277807,0.196332,0.081397,-0.836781,0.153460,-0.117959,0.285566,0.041040,0.031473,0.058528,0.025010,-0.091007,-0.827151,0.097499,0.094592,0.412077,-0.072483,0.035104,0.027389,-0.049700,0.042959,1.320621,0.175334,-0.018834,0.055444,-0.148072,0.445162,0.590307,-0.102106,0.462861,0.796565,0.168720,0.127954,0.064425,0.527315,-0.345796,0.589498,0.469347,-0.388985,0.852317,0.358809
0.064592,0.337839,0.171364,0.095176,-0.854076,0.126911,-0.114797,0.284044,0.045336,0.020749,0.056790,0.029894,-0.082333,-0.865683,0.065559,0.091351,0.387325,-0.057917,0.039778,0.019979,-0.036432,0.036472,1.379626,0.162730,-0.080933,0.016209,-0.179624,0.465801,0.621707,-0.084057,0.499403,0.854396,0.225958,0.188917,0.026992,0.533013,-0.373228,0.616115,0.425174,-0.435234,0.916688,0.303130
0.061962,0.400943,0.139149,0.110400,-0.863367,0.093075,-0.112981,0.287273,0.049569,0.014766,0.054759,0.034291,-0.068853,-0.907531,0.026440,0.087155,0.361687,-0.038718,0.043994,0.017298,-0.018867,0.026171,1.429247,0.146436,-0.148896,-0.024656,-0.212020,0.481597,0.647971,-0.059485,0.525863,0.905000,0.298083,0.248134,-0.011379,0.531636,-0.403769,0.637565,0.366903,-0.479473,0.979043,0.236507
0.064536,0.457049,0.099262,0.120298,-0.855672,0.049705,-0.115969,0.294142,0.046241,0.017687,0.052841,0.030538,-0.051077,-0.939977,-0.019981,0.086908,0.342417,-0.034185,0.051300,0.027304,-0.016275,0.014117,1.468459,0.111963,-0.217117,-0.067459,-0.259610,0.496514,0.668437,-0.046013,0.549465,0.949284,0.365816,0.303171,-0.051219,0.509051,-0.437718,0.653510,0.283436,-0.523855,1.039562,0.145620
0.067938,0.529664,0.055370,0.135780,-0.855491,0.002637,-0.116667,0.290482,0.045521,0.026646,0.046883,0.029579,-0.025022,-0.984227,-0.069212,0.085748,0.324440,-0.013487,0.057861,0.041626,0.002337,-0.008029,1.505970,0.060829,-0.290500,-0.102699,-0.320872,0.503869,0.692809,-0.045942,0.567692,0.999140,0.423507,0.341094,-0.083426,0.467379,-0.485637,0.673946,0.180390,-0.582002,1.108170,0.033130
0.070584,0.582422,0.029379,0.149846,-0.862905,-0.025928,-0.113693,0.278279,0.045952,0.038222,0.040060,0.030164,-0.002392,-1.018078,-0.099613,0.084635,0.316864,0.009990,0.060727,0.053238,0.024504,-0.030330,1.522964,0.019433,-0.356851,-0.148079,-0.369346,0.513864,0.703715,-0.038105,0.595977,1.039501,0.487910,0.369288,-0.126136,0.432884,-0.537962,0.681505,0.089315,-0.648836,1.166967,-0.071876
0.083177,0.622660,0.007523,0.155940,-0.885148,-0.057493,-0.121518,0.288184,0.029416,0.047695,0.041506,0.012892,0.017933,-1.052614,-0.130581,0.076909,0.309425,0.034158,0.063242,0.060172,0.047669,-0.059747,1.495372,-0.026061,-0.422985,-0.226798,-0.418212,0.517629,0.677524,-0.040526,0.629964,1.048834,0.536402,0.378724,-0.202811,0.392853,-0.600617,0.653253,0.001392,-0.734673,1.192203,-0.179756
0.095102,0.657821,-0.006356,0.163791,-0.927010,-0.081679,-0.133580,0.319226,0.013174,0.055287,0.050110,-0.004752,0.030698,-1.095256,-0.157277,0.065726,0.310449,0.050675,0.057891,0.061719,0.063965,-0.084814,1.447632,-0.061519,-0.477269,-0.314301,-0.454008,0.524263,0.638586,-0.044009,0.681569,1.051717,0.574594,0.383331,-0.288804,0.360440,-0.658335,0.612817,-0.065187,-0.828128,1.206288,-0.271224
0.096127,0.695373,-0.007868,0.182185,-0.993378,-0.087106,-0.144013,0.370631,0.014959,0.060339,0.064866,-0.004768,0.030115,-1.153306,-0.175184,0.053261,0.328422,0.051212,0.036529,0.057360,0.065584,-0.092005,1.404226,-0.074104,-0.509155,-0.387331,-0.463858,0.543901,0.609468,-0.037462,0.760045,1.069004,0.611186,0.398029,-0.360892,0.349866,-0.694821,0.583523,-0.095212,-0.912696,1.230556,-0.328677
0.093649,0.741823,-0.007961,0.198989,-1.073362,-0.091661,-0.163345,0.440244,0.018533,0.051943,0.085640,-0.003244,0.026315,-1.213252,-0.193279,0.044758,0.366586,0.039027,0.023499,0.050720,0.055702,-0.088973,1.355994,-0.084147,-0.528885,-0.458095,-0.469663,0.567941,0.579304,-0.042580,0.852194,1.084916,0.623630,0.420287,-0.431091,0.340083,-0.715497,0.553873,-0.108749,-0.990213,1.250208,-0.367555
0.088992,0.773980,-0.006551,0.205196,-1.126861,-0.095457,-0.182814,0.493340,0.018727,0.033437,0.102136,-0.004161,0.021554,-1.244628,-0.206854,0.041229,0.406617,0.014387,0.022281,0.045886,0.033410,-0.077035,1.327289,-0.086414,-0.541054,-0.506120,-0.466876,0.595386,0.570244,-0.052678,0.948123,1.114364,0.618408,0.452024,-0.478739,0.337546,-0.721979,0.546111,-0.101774,-1.053608,1.282294,-0.379334
0.078856,0.842524,0.000351,0.221921,-1.211527,-0.090568,-0.196576,0.539493,0.026127,0.029045,0.107349,0.001772,0.029875,-1.313259,-0.210716,0.049381,0.451212,0.007211,0.020995,0.052879,0.028234,-0.060231,1.262288,-0.083608,-0.550602,-0.590457,-0.460211,0.623971,0.524279,-0.068118,1.033664,1.090485,0.596129,0.490900,-0.562994,0.340065,-0.719689,0.501929,-0.079930,-1.096853,1.262194,-0.365673
0.070039,0.914484,0.006630,0.239584,-1.298751,-0.086179,-0.209415,0.581434,0.033230,0.030611,0.105333,0.007264,0.042782,-1.387474,-0.213694,0.059017,0.490198,0.004935,0.018914,0.061966,0.027630,-0.041738,1.188998,-0.074792,-0.560302,-0.685362,-0.448485,0.652635,0.466727,-0.086138,1.098244,1.031744,0.560387,0.533717,-0.657862,0.349114,-0.713720,0.446409,-0.043686,-1.115077,1.209613,-0.324795
0.069072,0.957017,0.005697,0.249449,-1.359721,-0.091965,-0.226467,0.621800,0.032133,0.029904,0.100123,0.004613,0.052890,-1.435170,-0.225474,0.060183,0.513741,-0.005377,0.015687,0.063759,0.018464,-0.024196,1.135680,-0.058676,-0.569506,-0.763651,-0.431939,0.680520,0.422372,-0.102747,1.135160,0.960574,0.518592,0.575088,-0.736287,0.366434,-0.708232,0.403980,0.005256,-1.107141,1.147834,-0.259227
0.066581,0.999130,0.012377,0.266410,-1.443239,-0.086482,-0.239677,0.674278,0.035553,0.035849,0.084089,0.005834,0.062732,-1.506023,-0.230993,0.068244,0.559447,-0.015884,0.007320,0.059994,0.010653,-0.008088,1.093137,-0.043918,-0.575128,-0.835342,-0.417929,0.707837,0.376738,-0.125599,1.147769,0.866760,0.466660,0.610805,-0.808203,0.383072,-0.704386,0.360154,0.057809,-1.076730,1.066938,-0.180949
0.064027,1.019790,0.023336,0.280100,-1.507609,-0.073888,-0.244413,0.712625,0.038463,0.043495,0.065201,0.007468,0.067793,-1.564118,-0.232378,0.075099,0.605273,-0.029191,-0.005951,0.053411,0.000257,-0.002194,1.082792,-0.036865,-0.579424,-0.880476,-0.412660,0.725441,0.342813,-0.159315,1.134634,0.772118,0.405564,0.625772,-0.853793,0.392241,-0.710376,0.327759,0.106018,-1.039900,0.988932,-0.102880
0.051309,1.054046,0.024491,0.292493,-1.568427,-0.063847,-0.247104,0.751024,0.036357,0.050700,0.031412,0.003975,0.077889,-1.631168,-0.233092,0.085997,0.627375,-0.042101,-0.013009,0.033427,-0.010424,-0.005083,1.084977,-0.034730,-0.573121,-0.921887,-0.411382,0.733034,0.288447,-0.199400,1.105467,0.654491,0.344618,0.613051,-0.896065,0.395872,-0.723014,0.274904,0.151672,-1.003039,0.892089,-0.028285
0.037488,1.090963,0.022340,0.302621,-1.620067,-0.054934,-0.251128,0.779867,0.037448,0.053472,-0.009288,0.004196,0.088660,-1.690751,-0.233349,0.095897,0.643666,-0.053509,-0.017541,0.016053,-0.020054,-0.015162,1.098638,-0.037344,-0.546997,-0.964492,-0.412015,0.729788,0.200562,-0.242357,1.066888,0.508424,0.291090,0.566376,-0.940161,0.392574,-0.738203,0.188624,0.192017,-0.969531,0.771165,0.035987
0.031915,1.119500,0.022744,0.310007,-1.656892,-0.046099,-0.260399,0.789349,0.049627,0.047273,-0.049178,0.016455,0.096969,-1.726445,-0.234309,0.099837,0.671972,-0.062720,-0.023055,0.017249,-0.028044,-0.030997,1.122653,-0.044465,-0.497933,-1.010114,-0.411288,0.714214,0.075413,-0.283143,1.021387,0.334385,0.251460,0.485071,-0.987864,0.380562,-0.751844,0.065381,0.223077,-0.939439,0.626350,0.083388
0.025274,1.162351,0.020436,0.322767,-1.702412,-0.034406,-0.270478,0.797428,0.067773,0.041250,-0.086639,0.035038,0.107396,-1.774414,-0.235829,0.102904,0.687767,-0.069924,-0.027233,0.005712,-0.034043,-0.059433,1.157584,-0.055442,-0.439983,-1.052148,-0.405874,0.676605,-0.073411,-0.315912,0.959684,0.147083,0.230845,0.369034,-1.032287,0.358529,-0.768586,-0.081113,0.240692,-0.918449,0.471191,0.108647
0.020895,1.198129,0.016526,0.330533,-1.734252,-0.025203,-0.281604,0.799475,0.080655,0.033408,-0.103471,0.049336,0.114090,-1.810303,-0.240584,0.098544,0.683914,-0.079654,-0.033189,-0.012030,-0.043309,-0.086984,1.186053,-0.063471,-0.373491,-1.096633,-0.388197,0.628616,-0.238421,-0.330393,0.891004,-0.047098,0.237024,0.245444,-1.079152,0.332096,-0.773787,-0.243576,0.247904,-0.890480,0.309757,0.114892
0.011083,1.244829,0.018906,0.328111,-1.755949,-0.011031,-0.289971,0.765061,0.092149,0.020133,-0.127953,0.063480,0.118505,-1.822627,-0.231285,0.110191,0.667032,-0.092729,-0.028419,-0.023579,-0.057058,-0.115376,1.236960,-0.068825,-0.315924,-1.103112,-0.358741,0.568122,-0.364179,-0.325870,0.809662,-0.194428,0.266970,0.127951,-1.087482,0.302531,-0.769513,-0.366501,0.244168,-0.854713,0.192640,0.101971
0.001483,1.286103,0.023586,0.319086,-1.771142,0.002261,-0.295097,0.719189,0.096125,0.008864,-0.135002,0.070790,0.120210,-1.824467,-0.218262,0.122766,0.634716,-0.104320,-0.023970,-0.033321,-0.070103,-0.139962,1.287930,-0.070523,-0.275391,-1.083817,-0.320851,0.501797,-0.449628,-0.303100,0.718591,-0.294938,0.316976,0.034679,-1.069561,0.272799,-0.752943,-0.449553,0.230385,-0.805935,0.115869,0.071081
-0.002290,1.305508,0.026230,0.307531,-1.783392,0.009223,-0.297074,0.686688,0.086861,0.006848,-0.099569,0.065147,0.119874,-1.828868,-0.212210,0.120254,0.584698,-0.110296,-0.031856,-0.045626,-0.078555,-0.155681,1.316474,-0.067631,-0.258042,-1.050689,-0.277292,0.436810,-0.496442,-0.265436,0.625550,-0.348434,0.381665,-0.018091,-1.037089,0.248054,-0.721166,-0.494385,0.211561,-0.741916,0.076082,0.026149
-0.003337,1.295248,0.044662,0.292955,-1.796191,0.027857,-0.289728,0.627204,0.084887,0.013981,-0.064954,0.066939,0.121688,-1.818426,-0.185332,0.126100,0.542854,-0.099149,-0.033406,-0.035845,-0.070510,-0.163760,1.317586,-0.055644,-0.271312,-0.997241,-0.230081,0.374854,-0.491962,-0.214873,0.535208,-0.338553,0.459361,-0.024172,-0.983710,0.235790,-0.677316,-0.488886,0.195235,-0.669552,0.086873,-0.026992
-0.000558,1.260494,0.069430,0.277881,-1.803658,0.049944,-0.283247,0.569602,0.089008,0.020663,-0.049124,0.074154,0.123341,-1.798303,-0.152817,0.134391,0.530364,-0.081787,-0.031288,-0.008506,-0.055688,-0.161194,1.290823,-0.039189,-0.312184,-0.917934,-0.187978,0.320069,-0.431759,-0.163449,0.457394,-0.256904,0.538787,0.019078,-0.903701,0.234805,-0.619604,-0.428174,0.182934,-0.591973,0.155863,-0.088510
-0.012741,1.175350,0.077391,0.248086,-1.792569,0.062211,-0.274209,0.535368,0.073606,0.016462,-0.026095,0.061554,0.107066,-1.764620,-0.133566,0.133860,0.499450,-0.082317,-0.045636,0.014249,-0.059236,-0.125796,1.192964,-0.005767,-0.346698,-0.863940,-0.142784,0.296494,-0.375768,-0.104720,0.418940,-0.162161,0.627523,0.124271,-0.848258,0.257436,-0.525805,-0.372564,0.189702,-0.490399,0.225437,-0.142763
-0.030938,1.076848,0.078815,0.215607,-1.773047,0.074181,-0.268085,0.521442,0.059532,0.005600,-0.010247,0.049931,0.085513,-1.732938,-0.118127,0.132858,0.469015,-0.086852,-0.058995,0.030693,-0.066377,-0.074396,1.079729,0.031105,-0.374804,-0.802756,-0.104627,0.285744,-0.307045,-0.053591,0.404988,-0.037935,0.710167,0.255754,-0.784808,0.289779,-0.412558,-0.304051,0.206717,-0.383321,0.314784,-0.196694
-0.045851,1.002059,0.083309,0.193112,-1.755004,0.096696,-0.269989,0.524939,0.067515,-0.007732,-0.015873,0.059799,0.071786,-1.718919,-0.095681,0.139798,0.457922,-0.080685,-0.053999,0.039031,-0.061629,-0.025447,1.006956,0.059541,-0.392715,-0.706499,-0.081818,0.267611,-0.215477,-0.020570,0.392813,0.121413,0.775019,0.374543,-0.685859,0.314868,-0.295050,-0.212789,0.221379,-0.284271,0.433449,-0.257629
-0.066743,0.904621,0.088605,0.163615,-1.735918,0.122530,-0.260581,0.511879,0.073350,-0.012591,-0.035007,0.067602,0.048738,-1.699590,-0.073555,0.145031,0.439425,-0.076350,-0.057785,0.041343,-0.058668,0.038401,0.905787,0.090759,-0.366869,-0.662313,-0.054306,0.254343,-0.204465,0.008544,0.390977,0.205819,0.832519,0.480062,-0.639385,0.339030,-0.151619,-0.201322,0.246498,-0.166890,0.475137,-0.306248
-0.083199,0.833190,0.091984,0.138300,-1.725724,0.141335,-0.248627,0.488304,0.075946,-0.010209,-0.058400,0.072045,0.028166,-1.684712,-0.062495,0.145567,0.422771,-0.077182,-0.069056,0.036559,-0.060477,0.084892,0.826935,0.108854,-0.320718,-0.622255,-0.032115,0.210984,-0.234327,0.019365,0.356501,0.245311,0.863448,0.531258,-0.598298,0.341347,-0.011164,-0.229630,0.265794,-0.051871,0.473493,-0.350780
-0.091228,0.737685,0.084279,0.113580,-1.688551,0.140832,-0.226645,0.486376,0.059744,0.002801,-0.063994,0.057388,0.013380,-1.660254,-0.063474,0.144242,0.417515,-0.085076,-0.073868,0.031944,-0.068989,0.136583,0.733847,0.128358,-0.232804,-0.615891,0.000679,0.163639,-0.331144,0.026645,0.304753,0.202345,0.878028,0.551736,-0.592759,0.334145,0.145833,-0.323705,0.292031,0.091311,0.394578,-0.370615
-0.089715,0.644796,0.076724,0.095952,-1.635395,0.134240,-0.208290,0.490830,0.045439,0.012082,-0.057673,0.044584,0.006300,-1.619277,-0.069164,0.138874,0.419708,-0.092685,-0.077086,0.033168,-0.077185,0.176330,0.643576,0.141417,-0.131115,-0.619437,0.036391,0.106843,-0.455202,0.024202,0.222010,0.106187,0.865938,0.533995,-0.598924,0.311887,0.289647,-0.443928,0.315746,0.243221,0.269004,-0.370186
-0.077387,0.581181,0.080507,0.091327,-1.577360,0.135920,-0.206797,0.486370,0.054056,0.003109,-0.045635,0.054319,0.008884,-1.554951,-0.071629,0.128116,0.425313,-0.092425,-0.082800,0.045882,-0.077714,0.186214,0.572872,0.141536,-0.047573,-0.613862,0.063175,0.041797,-0.563714,0.005947,0.100125,-0.011033,0.820112,0.474623,-0.597127,0.272236,0.382970,-0.548678,0.327278,0.377254,0.131038,-0.355890
-0.065283,0.497056,0.077371,0.083696,-1.476288,0.130161,-0.199693,0.477247,0.055795,-0.007990,-0.045040,0.057237,0.010535,-1.467886,-0.078599,0.120917,0.425970,-0.098642,-0.088457,0.057674,-0.084738,0.173928,0.483147,0.134645,0.012000,-0.637718,0.084083,-0.006164,-0.673396,-0.020780,-0.040883,-0.174285,0.747502,0.393982,-0.625111,0.226669,0.413877,-0.655875,0.332767,0.489777,-0.044733,-0.321543
-0.059460,0.434465,0.068881,0.074406,-1.382879,0.122056,-0.192900,0.467977,0.053590,-0.017745,-0.056164,0.056186,0.010902,-1.401707,-0.085359,0.122408,0.421201,-0.107319,-0.089996,0.062705,-0.094015,0.145947,0.419683,0.123256,0.047241,-0.646154,0.098370,-0.019781,-0.727015,-0.053840,-0.188257,-0.334199,0.651709,0.305901,-0.637464,0.180100,0.377336,-0.709718,0.334613,0.582379,-0.207922,-0.265043
-0.046952,0.392497,0.071002,0.073190,-1.259729,0.125974,-0.191447,0.448012,0.069066,-0.021890,-0.062621,0.072493,0.019378,-1.299624,-0.073018,0.117115,0.421572,-0.093317,-0.090694,0.059632,-0.080255,0.095719,0.370308,0.109963,0.051450,-0.651951,0.109671,-0.007528,-0.738677,-0.087670,-0.350640,-0.507440,0.540060,0.203708,-0.646858,0.136204,0.267824,-0.724693,0.335637,0.651577,-0.375932,-0.185730
-0.034490,0.363768,0.071060,0.074119,-1.138407,0.130597,-0.190572,0.432174,0.084248,-0.025714,-0.058490,0.088337,0.029220,-1.192076,-0.055415,0.111571,0.422019,-0.073864,-0.091430,0.059293,-0.061135,0.037172,0.338337,0.094825,0.044132,-0.650760,0.119561,0.028907,-0.718371,-0.119055,-0.519878,-0.696574,0.421772,0.096270,-0.649322,0.091684,0.115799,-0.710545,0.331705,0.718064,-0.550566,-0.092865
-0.028660,0.340936,0.056675,0.072360,-1.050381,0.124034,-0.185250,0.435459,0.081711,-0.033989,-0.037753,0.086497,0.034409,-1.109422,-0.046660,0.112390,0.417569,-0.065535,-0.092518,0.072601,-0.053473,-0.015193,0.327273,0.077755,0.046533,-0.633634,0.131962,0.077481,-0.680051,-0.142799,-0.686923,-0.891561,0.311858,-0.009228,-0.636531,0.044052,-0.037044,-0.679153,0.319760,0.800373,-0.723544,0.000266
-0.019222,0.331076,0.040837,0.074065,-0.939399,0.118257,-0.165975,0.426245,0.080098,-0.024770,-0.014752,0.085130,0.042320,-1.005437,-0.034417,0.110803,0.404565,-0.052474,-0.088226,0.090725,-0.041454,-0.102822,0.327594,0.059937,0.023160,-0.600529,0.150428,0.067834,-0.646944,-0.155615,-0.896434,-1.085892,0.224668,-0.160414,-0.609134,-0.008598,-0.201831,-0.651490,0.298490,0.857946,-0.890062,0.080789
-0.010958,0.339156,0.031355,0.077025,-0.860996,0.116667,-0.144588,0.408950,0.081098,-0.004497,-0.000959,0.086137,0.049397,-0.932117,-0.024713,0.108464,0.389466,-0.041994,-0.079984,0.104623,-0.031944,-0.181864,0.339402,0.050568,0.021362,-0.542066,0.185288,0.021961,-0.626440,-0.149799,-1.107249,-1.263349,0.173132,-0.317636,-0.558368,-0.059047,-0.312200,-0.633073,0.278286,0.933768,-1.037156,0.151740
0.004818,0.308936,0.011313,0.082948,-0.732415,0.107339,-0.119003,0.378657,0.078075,0.004883,0.013380,0.082767,0.060041,-0.809155,-0.010255,0.093737,0.368780,-0.024499,-0.065715,0.109225,-0.015553,-0.264786,0.310642,0.031292,0.028327,-0.505506,0.218401,-0.080967,-0.671715,-0.147470,-1.329545,-1.462417,0.135214,-0.493694,-0.532116,-0.124883,-0.372403,-0.675647,0.246769,1.008892,-1.208018,0.198239
0.020399,0.277029,-0.010057,0.087186,-0.592677,0.091512,-0.094488,0.348810,0.068779,0.013018,0.026807,0.073034,0.068501,-0.672984,-0.002224,0.075209,0.342996,-0.013370,-0.052866,0.119123,-0.005804,-0.340816,0.280251,0.014461,0.049810,-0.452304,0.257128,-0.222844,-0.736218,-0.143769,-1.540318,-1.630383,0.112490,-0.672078,-0.491615,-0.191969,-0.378655,-0.733567,0.221605,1.080165,-1.353819,0.234772
0.028272,0.280165,-0.023490,0.085408,-0.480657,0.069657,-0.076156,0.333005,0.051197,0.029836,0.038060,0.054975,0.069703,-0.559824,-0.012408,0.061553,0.312866,-0.021865,-0.048515,0.149085,-0.015826,-0.398855,0.287686,0.011683,0.085432,-0.346515,0.307141,-0.373325,-0.764798,-0.130031,-1.711125,-1.711002,0.108674,-0.830416,-0.400327,-0.242188,-0.340905,-0.752516,0.219237,1.137920,-1.422986,0.278725
0.039276,0.261486,-0.028793,0.084028,-0.328719,0.054556,-0.065084,0.301115,0.043670,0.034978,0.044716,0.046845,0.072007,-0.411942,-0.011015,0.042690,0.273434,-0.017571,-0.039636,0.153436,-0.012967,-0.449065,0.263771,0.010172,0.111713,-0.263777,0.346677,-0.517909,-0.807429,-0.120658,-1.833754,-1.760920,0.102708,-0.964554,-0.331991,-0.282015,-0.294715,-0.784792,0.224670,1.154179,-1.473570,0.315102
0.048042,0.230297,-0.023407,0.082936,-0.212966,0.053617,-0.067920,0.268862,0.049967,0.024864,0.043278,0.052644,0.073689,-0.303387,0.000968,0.027569,0.244270,-0.003445,-0.031177,0.129910,0.000543,-0.466201,0.221343,0.011780,0.144263,-0.200396,0.372190,-0.611677,-0.839960,-0.111551,-1.872658,-1.765655,0.094885,-1.038970,-0.281354,-0.303930,-0.235442,-0.807780,0.236244,1.145119,-1.490950,0.343723
0.041474,0.217894,-0.043590,0.066993,-0.077677,0.026331,-0.046601,0.227245,0.026271,0.033201,0.047140,0.028261,0.060045,-0.166008,-0.010782,0.005073,0.192200,-0.012476,-0.031839,0.131359,-0.010092,-0.482352,0.220301,0.000762,0.149796,-0.108385,0.368100,-0.677884,-0.806362,-0.117650,-1.860936,-1.679289,0.067386,-1.083805,-0.198941,-0.323410,-0.204145,-0.766511,0.235451,1.081793,-1.427503,0.348085
0.028491,0.217626,-0.068150,0.046189,0.046528,-0.006119,-0.024975,0.181546,-0.003641,0.043892,0.052199,-0.002391,0.041307,-0.036627,-0.026628,-0.012427,0.130666,-0.025828,-0.029807,0.133050,-0.025282,-0.485215,0.232964,-0.012042,0.147550,-0.026382,0.350559,-0.705211,-0.750575,-0.129072,-1.795603,-1.554791,0.029778,-1.092521,-0.123527,-0.333347,-0.185759,-0.704728,0.233901,0.990388,-1.331719,0.341483
0.018387,0.222900,-0.076173,0.030874,0.129155,-0.022973,-0.026295,0.137101,-0.016361,0.041336,0.054299,-0.015907,0.027883,0.048051,-0.027205,-0.012219,0.073252,-0.025037,-0.012866,0.110393,-0.025762,-0.462227,0.231906,-0.015439,0.158986,0.012743,0.337060,-0.687391,-0.715562,-0.135345,-1.677450,-1.441078,-0.005281,-1.061103,-0.088448,-0.326768,-0.160683,-0.664677,0.245266,0.899012,-1.249200,0.339011
0.000827,0.236619,-0.081303,0.008448,0.220310,-0.036361,-0.018995,0.070124,-0.026062,0.037008,0.057060,-0.026622,0.006829,0.155326,-0.024774,-0.016574,0.002609,-0.020757,-0.003162,0.077903,-0.022801,-0.442365,0.246931,-0.015968,0.160532,0.043074,0.324686,-0.658467,-0.674459,-0.142869,-1.545330,-1.315688,-0.041729,-1.024005,-0.060588,-0.312992,-0.151953,-0.618704,0.263472,0.790875,-1.153450,0.336381
-0.015318,0.251863,-0.081067,-0.009834,0.274298,-0.039755,-0.006780,0.013969,-0.027945,0.033026,0.058961,-0.029260,-0.011329,0.231488,-0.020733,-0.023319,-0.046042,-0.015474,-0.005586,0.051724,-0.018176,-0.435324,0.271917,-0.012521,0.143566,0.071050,0.314636,-0.631390,-0.622618,-0.149957,-1.416216,-1.177256,-0.075790,-0.993070,-0.033458,-0.292103,-0.167039,-0.562091,0.287422,0.662748,-1.041484,0.334919
-0.036932,0.252387,-0.105560,-0.035462,0.363279,-0.067374,-0.003256,-0.032998,-0.052448,0.020965,0.067497,-0.054516,-0.034845,0.342324,-0.017428,-0.033468,-0.109405,-0.010607,0.004382,0.035319,-0.015131,-0.410922,0.269030,-0.024071,0.137559,0.073865,0.285908,-0.578161,-0.582156,-0.175261,-1.265580,-1.051717,-0.124714,-0.938777,-0.029296,-0.283658,-0.175215,-0.517331,0.294383,0.548603,-0.938826,0.314755
-0.057372,0.248763,-0.132252,-0.059154,0.445936,-0.095288,-0.001305,-0.077782,-0.076995,0.010877,0.071834,-0.079788,-0.056122,0.443872,-0.016528,-0.044996,-0.172924,-0.008432,0.018178,0.021779,-0.015108,-0.383827,0.259546,-0.039433,0.127272,0.083134,0.247767,-0.515358,-0.521551,-0.206380,-1.112265,-0.911469,-0.175172,-0.875976,-0.016639,-0.276804,-0.189731,-0.453025,0.291998,0.437333,-0.817194,0.286435
-0.069368,0.251499,-0.139150,-0.071136,0.480854,-0.100065,0.006413,-0.127636,-0.079379,0.013153,0.060859,-0.082902,-0.067665,0.492188,-0.020133,-0.055900,-0.222042,-0.011480,0.027173,0.004110,-0.019745,-0.368329,0.264850,-0.047961,0.098447,0.120734,0.210623,-0.460338,-0.419955,-0.231019,-0.974680,-0.737687,-0.215308,-0.819223,0.027086,-0.261695,-0.222287,-0.349121,0.287659,0.317455,-0.659152,0.259255
-0.084981,0.258521,-0.148392,-0.086620,0.523165,-0.107452,0.014390,-0.178274,-0.084365,0.011196,0.062557,-0.088854,-0.081070,0.555379,-0.007716,-0.064716,-0.276117,0.001015,0.046173,0.000840,-0.009633,-0.352937,0.273876,-0.064076,0.064232,0.169020,0.161639,-0.405242,-0.299262,-0.260387,-0.844512,-0.552884,-0.256667,-0.757969,0.083543,-0.253015,-0.256437,-0.227531,0.266131,0.204505,-0.487773,0.218546
-0.096429,0.266403,-0.155360,-0.097422,0.551878,-0.113912,0.018647,-0.204215,-0.089091,0.006102,0.076226,-0.094387,-0.088181,0.602102,0.014241,-0.065813,-0.307877,0.021957,0.066921,0.013863,0.009258,-0.345172,0.283005,-0.078923,0.019788,0.215324,0.112651,-0.361403,-0.177943,-0.283388,-0.732012,-0.375106,-0.289595,-0.701578,0.139391,-0.242718,-0.294495,-0.106750,0.237405,0.094653,-0.322127,0.174016
-0.111431,0.251167,-0.168598,-0.112436,0.572753,-0.128855,0.023225,-0.251857,-0.102149,0.004233,0.053821,-0.108092,-0.100289,0.636917,0.008566,-0.077390,-0.363867,0.015637,0.073156,0.008066,0.000865,-0.308719,0.260506,-0.096285,0.003974,0.220949,0.062841,-0.295261,-0.099788,-0.302693,-0.602132,-0.246810,-0.318612,-0.615720,0.155490,-0.235517,-0.296520,-0.030686,0.199781,0.026050,-0.206028,0.123074
-0.124856,0.229824,-0.179989,-0.125020,0.581646,-0.139958,0.023880,-0.291927,-0.111374,-0.001216,0.032680,-0.117905,-0.110878,0.658947,-0.001635,-0.091548,-0.414168,0.004886,0.076138,-0.000090,-0.011819,-0.264328,0.234550,-0.112973,-0.002428,0.211212,0.016871,-0.228510,-0.042656,-0.314214,-0.474688,-0.143834,-0.340513,-0.522352,0.156222,-0.228230,-0.281514,0.023135,0.158378,-0.022254,-0.115808,0.069287
-0.131342,0.219498,-0.181811,-0.128200,0.574614,-0.135186,0.016628,-0.294848,-0.104649,-0.016650,0.050454,-0.111850,-0.112416,0.667664,0.006291,-0.099904,-0.428491,0.012380,0.087844,0.006161,-0.006010,-0.232554,0.233635,-0.125991,-0.019697,0.214440,-0.021655,-0.181236,0.021461,-0.315085,-0.368289,-0.035891,-0.353110,-0.442395,0.169940,-0.218038,-0.270641,0.082273,0.117003,-0.072996,-0.022373,0.015151
-0.143651,0.196983,-0.179956,-0.136270,0.562171,-0.123283,0.011649,-0.307652,-0.091903,-0.029390,0.053863,-0.099749,-0.120819,0.669723,0.008902,-0.111605,-0.446841,0.014199,0.087032,-0.002216,-0.005284,-0.195630,0.207996,-0.133917,-0.029819,0.182821,-0.051419,-0.134672,0.044522,-0.304294,-0.263673,0.030134,-0.354975,-0.358510,0.148275,-0.203465,-0.247175,0.098955,0.078029,-0.109909,0.027623,-0.037550
-0.155606,0.173575,-0.175231,-0.144227,0.550671,-0.110628,0.011492,-0.323974,-0.079135,-0.032689,0.041168,-0.087497,-0.130256,0.664346,0.004232,-0.119346,-0.459844,0.007942,0.075516,-0.020839,-0.011670,-0.171865,0.170823,-0.132303,-0.050567,0.132206,-0.068285,-0.106305,0.042345,-0.278617,-0.179029,0.070187,-0.341970,-0.289833,0.106930,-0.180305,-0.230596,0.089156,0.046845,-0.151846,0.050487,-0.083316
-0.168666,0.150022,-0.171586,-0.153104,0.508476,-0.100490,0.010416,-0.329442,-0.072367,-0.039135,0.030357,-0.080967,-0.137947,0.643181,0.014886,-0.127508,-0.467835,0.017605,0.062306,-0.035224,-0.002081,-0.150481,0.149492,-0.134544,-0.070439,0.093275,-0.085998,-0.084558,0.045350,-0.253062,-0.104184,0.113989,-0.328032,-0.226602,0.076353,-0.162475,-0.211249,0.083604,0.011071,-0.187658,0.076720,-0.133886
-0.178285,0.125665,-0.167499,-0.159248,0.458988,-0.092490,0.010391,-0.326651,-0.069096,-0.043166,0.019804,-0.077704,-0.142165,0.610327,0.025153,-0.132561,-0.467728,0.026959,0.051035,-0.047994,0.007459,-0.131493,0.135640,-0.134580,-0.088913,0.061310,-0.099191,-0.068815,0.048840,-0.223332,-0.040007,0.156046,-0.308023,-0.169618,0.051720,-0.144294,-0.190105,0.078026,-0.022397,-0.216889,0.101519,-0.181911
-0.179766,0.099803,-0.161589,-0.158724,0.425561,-0.086763,0.013579,-0.318175,-0.066833,-0.039037,0.007751,-0.075293,-0.142064,0.569750,0.019096,-0.131187,-0.456672,0.019867,0.044917,-0.062063,0.000976,-0.114866,0.120919,-0.126283,-0.106069,0.031471,-0.102719,-0.058270,0.048808,-0.184896,0.013437,0.192056,-0.277242,-0.118931,0.028312,-0.119875,-0.168228,0.068621,-0.047187,-0.239718,0.120694,-0.221102
-0.180922,0.063416,-0.152015,-0.157355,0.377075,-0.075173,0.015172,-0.308395,-0.059879,-0.035301,-0.003284,-0.068139,-0.141000,0.525518,0.021921,-0.125620,-0.434114,0.020945,0.031278,-0.071566,0.003458,-0.105311,0.076512,-0.117136,-0.126563,-0.021746,-0.104911,-0.057153,0.020098,-0.146961,0.051423,0.196337,-0.245757,-0.079434,-0.019295,-0.096958,-0.151032,0.030671,-0.070238,-0.260917,0.108504,-0.258837
-0.181165,0.034665,-0.143480,-0.155025,0.337840,-0.064052,0.014686,-0.302233,-0.051735,-0.033243,-0.007731,-0.060056,-0.137594,0.500119,0.031116,-0.116923,-0.410915,0.028281,0.018620,-0.071340,0.012079,-0.107673,0.024622,-0.111520,-0.153814,-0.073039,-0.110399,-0.070732,-0.013563,-0.116565,0.067729,0.190911,-0.222379,-0.057442,-0.065940,-0.080808,-0.143004,-0.011307,-0.093940,-0.284004,0.087224,-0.297509
-0.182966,0.003979,-0.131934,-0.156101,0.269265,-0.054275,0.015487,-0.292745,-0.049601,-0.025799,-0.038339,-0.057047,-0.139416,0.445642,0.030361,-0.113474,-0.387896,0.025731,-0.002744,-0.082899,0.011367,-0.089453,-0.009204,-0.098643,-0.153301,-0.094926,-0.108116,-0.067361,-0.027191,-0.085464,0.092858,0.198779,-0.200624,-0.022427,-0.084400,-0.061663,-0.110752,-0.031380,-0.104955,-0.274304,0.080249,-0.323688
-0.183126,-0.027459,-0.115830,-0.156641,0.204642,-0.042372,0.014522,-0.271512,-0.045794,-0.021401,-0.068380,-0.051866,-0.141426,0.383584,0.029273,-0.110408,-0.359767,0.022839,-0.018519,-0.089541,0.010131,-0.068049,-0.038465,-0.081935,-0.141738,-0.101487,-0.101089,-0.064761,-0.035713,-0.057844,0.108463,0.204614,-0.185599,0.007661,-0.088824,-0.043196,-0.071287,-0.044067,-0.105533,-0.248373,0.072143,-0.340044
-0.178310,-0.058737,-0.093528,-0.152478,0.176955,-0.025279,0.008909,-0.230324,-0.032603,-0.028226,-0.071345,-0.037290,-0.138357,0.335365,0.037287,-0.102520,-0.321190,0.029301,-0.014110,-0.074612,0.017331,-0.060983,-0.076777,-0.064452,-0.137336,-0.109271,-0.092081,-0.080110,-0.054692,-0.035700,0.097186,0.194266,-0.178407,0.016201,-0.095610,-0.027889,-0.042404,-0.065112,-0.099078,-0.224009,0.048270,-0.350750
-0.169421,-0.093561,-0.067792,-0.145419,0.132647,-0.007143,0.003406,-0.198422,-0.018359,-0.036229,-0.088139,-0.021429,-0.135178,0.272594,0.036480,-0.092327,-0.273876,0.026283,-0.018534,-0.066602,0.016081,-0.053478,-0.109367,-0.046282,-0.126305,-0.107052,-0.080679,-0.098020,-0.071575,-0.017613,0.074182,0.181838,-0.175753,0.019079,-0.093411,-0.015087,-0.009892,-0.082316,-0.086315,-0.186992,0.022763,-0.356795
-0.160908,-0.114596,-0.051586,-0.138761,0.093908,0.002557,0.000853,-0.191797,-0.010491,-0.041229,-0.110395,-0.012611,-0.132922,0.226667,0.026426,-0.084344,-0.241531,0.014423,-0.029040,-0.069569,0.006027,-0.049240,-0.120014,-0.036542,-0.113256,-0.081213,-0.075746,-0.121364,-0.071388,-0.011607,0.036416,0.183835,-0.182791,0.013556,-0.068483,-0.013271,0.021701,-0.080980,-0.076938,-0.141711,0.012758,-0.367547
-0.140068,-0.127422,-0.030240,-0.120266,0.065209,0.016670,-0.008031,-0.145973,0.004328,-0.051365,-0.097102,0.003294,-0.122957,0.165773,0.008810,-0.071796,-0.196899,-0.004240,-0.039150,-0.061754,-0.010576,-0.058849,-0.134830,-0.022435,-0.109810,-0.058901,-0.064653,-0.159615,-0.079712,-0.004360,-0.025305,0.176111,-0.183390,-0.009928,-0.047794,-0.009168,0.040627,-0.086880,-0.058820,-0.100275,-0.004910,-0.370131
-0.116426,-0.135846,-0.008530,-0.100352,0.038948,0.027597,-0.013078,-0.108350,0.016281,-0.054307,-0.080111,0.015866,-0.109134,0.110261,-0.002901,-0.056314,-0.157935,-0.016769,-0.047279,-0.052358,-0.021270,-0.073822,-0.148495,-0.005133,-0.108704,-0.034670,-0.049123,-0.203124,-0.089394,0.003164,-0.100235,0.167194,-0.176297,-0.041712,-0.025718,-0.003490,0.054137,-0.093020,-0.033936,-0.056531,-0.020649,-0.365634
-0.099561,-0.143874,0.008675,-0.089642,0.007308,0.027828,-0.004188,-0.126542,0.015730,-0.037879,-0.091539,0.014889,-0.095363,0.080310,0.004576,-0.039889,-0.142852,-0.010235,-0.052108,-0.050893,-0.013597,-0.085715,-0.155850,0.014258,-0.103091,-0.002994,-0.031141,-0.242300,-0.092853,0.010058,-0.176775,0.165881,-0.161571,-0.071874,0.003569,0.003228,0.069434,-0.091950,-0.004474,-0.005192,-0.025123,-0.355604
-0.078892,-0.144159,0.015705,-0.072189,-0.003891,0.025872,0.013461,-0.119437,0.011782,-0.008885,-0.075073,0.010418,-0.079330,0.048468,-0.002601,-0.027021,-0.121332,-0.016755,-0.057927,-0.038507,-0.019247,-0.091887,-0.148833,0.024079,-0.091974,0.044517,-0.023195,-0.273273,-0.079435,0.005015,-0.248359,0.183430,-0.151277,-0.096110,0.048708,0.000026,0.087901,-0.073320,0.016701,0.052358,-0.006995,-0.352213
-0.064694,-0.136612,0.009150,-0.056698,0.010947,0.022571,0.031119,-0.090535,0.006312,0.018271,-0.038884,0.004560,-0.069029,0.030623,-0.020931,-0.024136,-0.104155,-0.033154,-0.061840,-0.021438,-0.035494,-0.089208,-0.131025,0.019586,-0.073328,0.104516,-0.030643,-0.291715,-0.050767,-0.016897,-0.308045,0.217164,-0.152890,-0.110272,0.106549,-0.017419,0.111407,-0.038761,0.024259,0.115464,0.030880,-0.359810
-0.055485,-0.149610,0.012555,-0.050298,0.003263,0.017271,0.038308,-0.094764,0.000366,0.022561,-0.025365,-0.001994,-0.057066,0.034951,-0.009061,-0.007051,-0.106897,-0.022794,-0.052395,-0.031460,-0.024650,-0.066908,-0.144060,0.022281,-0.036877,0.135022,-0.031996,-0.285447,-0.047350,-0.034365,-0.341372,0.224046,-0.148631,-0.103014,0.135195,-0.027192,0.149325,-0.028884,0.039554,0.191411,0.045166,-0.355584
-0.051816,-0.166835,0.017546,-0.049276,0.000483,0.013386,0.039992,-0.109736,-0.002496,0.019819,-0.020791,-0.005491,-0.048381,0.052204,0.010917,0.007965,-0.119295,-0.004630,-0.040705,-0.043677,-0.006430,-0.039980,-0.165152,0.027587,0.001836,0.156820,-0.031644,-0.267823,-0.046504,-0.051251,-0.359849,0.223629,-0.146189,-0.088740,0.155507,-0.033432,0.185026,-0.021298,0.057305,0.261663,0.054616,-0.343467
-0.054196,-0.171969,0.015782,-0.049946,0.030036,0.014282,0.041129,-0.113018,0.001254,0.025926,-0.011353,-0.002212,-0.047928,0.073124,0.017095,0.004746,-0.131085,0.002459,-0.037888,-0.033240,-0.000422,-0.023380,-0.171626,0.030732,0.027584,0.189070,-0.033365,-0.252440,-0.027488,-0.070755,-0.375748,0.233955,-0.151482,-0.082082,0.186614,-0.040156,0.202236,0.004235,0.072138,0.308869,0.076637,-0.327658
-0.052986,-0.175489,0.017565,-0.049098,0.072723,0.011869,0.044973,-0.128456,0.003968,0.028422,-0.006110,-0.000179,-0.043920,0.114872,0.025050,0.006361,-0.144572,0.010866,-0.024052,-0.015849,0.006449,-0.010582,-0.182745,0.033997,0.047664,0.208644,-0.033725,-0.232537,-0.013475,-0.088867,-0.381864,0.229948,-0.161841,-0.077192,0.205184,-0.044986,0.207335,0.024172,0.086045,0.338895,0.085487,-0.305544
-0.048757,-0.175602,0.022075,-0.047179,0.107188,0.007358,0.049551,-0.148376,0.004265,0.026037,-0.007696,-0.000421,-0.038386,0.156638,0.030735,0.011971,-0.152922,0.016149,-0.006135,-0.000132,0.010526,-0.007966,-0.192863,0.035788,0.057393,0.218550,-0.032891,-0.215542,-0.003357,-0.105914,-0.385933,0.212627,-0.176987,-0.082100,0.213878,-0.049744,0.195085,0.039478,0.097977,0.346874,0.081974,-0.278387
-0.042655,-0.173107,0.030869,-0.043232,0.153516,0.007404,0.048369,-0.158231,0.011795,0.026592,-0.021735,0.007275,-0.031182,0.207777,0.039757,0.012442,-0.164604,0.026493,0.007325,-0.002635,0.020283,-0.016602,-0.178496,0.038089,0.057457,0.241490,-0.028174,-0.204580,0.022794,-0.119118,-0.391837,0.204195,-0.192121,-0.099674,0.235083,-0.053099,0.166511,0.070143,0.110310,0.334524,0.087947,-0.245407
-0.037064,-0.168859,0.036263,-0.038741,0.206214,0.007093,0.048624,-0.163237,0.018927,0.028029,-0.026820,0.014440,-0.025292,0.255999,0.043137,0.006471,-0.175030,0.032591,0.013482,-0.006040,0.025914,-0.031533,-0.159261,0.040917,0.053898,0.258939,-0.019426,-0.197088,0.044008,-0.127920,-0.397888,0.187990,-0.203994,-0.126010,0.250146,-0.055476,0.129019,0.095108,0.123084,0.310320,0.086075,-0.209205
-0.034083,-0.163703,0.030516,-0.034944,0.259812,0.001571,0.057711,-0.168663,0.018029,0.028481,-0.001493,0.012615,-0.023510,0.289122,0.031919,-0.006875,-0.179450,0.025092,0.009817,0.007119,0.017589,-0.047587,-0.154564,0.044347,0.051969,0.254041,-0.007408,-0.190389,0.041713,-0.131850,-0.402398,0.150230,-0.209658,-0.156166,0.242242,-0.057164,0.090212,0.095744,0.135561,0.282693,0.061675,-0.173689
-0.030435,-0.158577,0.022175,-0.031511,0.311893,-0.009287,0.066220,-0.181753,0.012578,0.026590,0.014649,0.006328,-0.019550,0.330780,0.022525,-0.014815,-0.190355,0.018380,0.010923,0.018796,0.009887,-0.067708,-0.146328,0.043431,0.048358,0.248382,0.001916,-0.189582,0.036367,-0.135968,-0.411359,0.114934,-0.212774,-0.192644,0.233128,-0.063318,0.049337,0.092364,0.142128,0.251879,0.037916,-0.146865
-0.027994,-0.155970,0.015406,-0.030447,0.336481,-0.020151,0.069641,-0.195854,0.005139,0.023026,0.013616,-0.001397,-0.015487,0.360242,0.019471,-0.013576,-0.202197,0.015232,0.016059,0.023243,0.006097,-0.081897,-0.138599,0.038612,0.052306,0.241627,0.007787,-0.186563,0.026807,-0.140384,-0.417287,0.082257,-0.213275,-0.224808,0.222641,-0.073704,0.018213,0.083867,0.142728,0.230239,0.014637,-0.129919
-0.021344,-0.157791,0.010832,-0.025031,0.366194,-0.028818,0.074304,-0.206322,0.001180,0.019488,0.010511,-0.005423,-0.008909,0.375432,0.013737,-0.015640,-0.218566,0.011208,0.013409,0.015049,0.001861,-0.085749,-0.140915,0.036641,0.066901,0.227281,0.015758,-0.178100,0.006750,-0.138870,-0.416675,0.045643,-0.205739,-0.246932,0.204590,-0.081483,0.002387,0.063904,0.143499,0.222985,-0.014827,-0.116554
-0.014385,-0.163089,0.007375,-0.019467,0.390906,-0.036556,0.078689,-0.215120,-0.002350,0.014700,0.005896,-0.008898,-0.001688,0.384882,0.010242,-0.018280,-0.234150,0.009890,0.008933,0.001841,0.000586,-0.085276,-0.149686,0.035599,0.084023,0.211008,0.022628,-0.170522,-0.016661,-0.133554,-0.414453,0.011356,-0.193535,-0.262998,0.185028,-0.088144,-0.003931,0.039416,0.141422,0.222836,-0.044109,-0.108765
-0.011134,-0.170817,0.004011,-0.018090,0.400628,-0.044498,0.080963,-0.224094,-0.008465,0.007075,0.000503,-0.014916,0.004404,0.397300,0.014013,-0.018781,-0.243478,0.014819,0.008520,-0.008634,0.005635,-0.086648,-0.161190,0.033672,0.095404,0.198029,0.025521,-0.169688,-0.036337,-0.126553,-0.414413,-0.014578,-0.179998,-0.277106,0.169560,-0.095084,-0.007304,0.017284,0.133709,0.221176,-0.066812,-0.107650
-0.004995,-0.184689,0.002205,-0.013230,0.424900,-0.050167,0.084508,-0.245594,-0.008224,-0.001334,-0.011452,-0.014751,0.011933,0.418602,0.013949,-0.019538,-0.256479,0.016343,0.008184,-0.007423,0.006726,-0.082054,-0.169631,0.027554,0.107668,0.195583,0.020394,-0.167353,-0.043902,-0.122066,-0.406475,-0.024991,-0.169975,-0.280264,0.165685,-0.105499,-0.000407,0.005944,0.116867,0.223423,-0.075016,-0.114751
0.001044,-0.197775,0.002830,-0.007422,0.451633,-0.050698,0.087445,-0.268787,-0.001561,-0.006368,-0.023953,-0.008232,0.017094,0.438082,0.010067,-0.020216,-0.266663,0.013243,0.008093,0.004892,0.002909,-0.073746,-0.170748,0.020098,0.118274,0.209336,0.009746,-0.165203,-0.033401,-0.118679,-0.391272,-0.015007,-0.162066,-0.274479,0.179089,-0.116882,0.013892,0.011730,0.094319,0.225699,-0.062787,-0.124814
0.005222,-0.222888,0.005857,-0.004781,0.471734,-0.051794,0.085682,-0.269197,0.001943,-0.021956,-0.036586,-0.004156,0.022213,0.444127,0.014050,-0.018637,-0.247418,0.017880,0.010566,0.005790,0.008262,-0.055268,-0.213924,0.019336,0.133801,0.190846,0.001832,-0.155833,-0.052994,-0.109709,-0.361333,-0.033177,-0.149054,-0.253317,0.161324,-0.121583,0.041133,-0.013224,0.074934,0.233677,-0.077907,-0.127822
0.008306,-0.246207,0.008416,-0.002342,0.488505,-0.050697,0.085767,-0.259762,0.005394,-0.034704,-0.043275,-0.000045,0.025647,0.451434,0.016068,-0.021724,-0.225490,0.021845,0.009358,0.003970,0.013074,-0.036391,-0.255589,0.020599,0.144654,0.183968,-0.008175,-0.147940,-0.058313,-0.100616,-0.326382,-0.034837,-0.135106,-0.226820,0.156118,-0.124486,0.070434,-0.024270,0.054279,0.237279,-0.075465,-0.128352
0.011252,-0.254060,0.007633,0.003161,0.505192,-0.044702,0.094597,-0.253508,0.011844,-0.030770,-0.038095,0.006573,0.025675,0.474583,0.006586,-0.036153,-0.227644,0.016948,-0.001654,0.008098,0.007882,-0.026781,-0.252318,0.018859,0.141526,0.232089,-0.024690,-0.149781,-0.005360,-0.096826,-0.296528,0.024578,-0.124638,-0.204878,0.206726,-0.130920,0.090802,0.022633,0.027596,0.227549,-0.011089,-0.131833
0.015057,-0.271543,0.006410,0.008334,0.524291,-0.042487,0.103547,-0.250282,0.014933,-0.027748,-0.028743,0.009671,0.029825,0.497355,0.004886,-0.042451,-0.222245,0.018667,-0.002444,0.011713,0.009519,-0.013471,-0.262527,0.017999,0.138041,0.276912,-0.043605,-0.147169,0.047939,-0.094622,-0.259958,0.087561,-0.112966,-0.175205,0.254617,-0.137404,0.114009,0.069620,-0.001364,0.218517,0.057216,-0.135864
0.017780,-0.289799,0.005449,0.010093,0.536413,-0.044720,0.107885,-0.251425,0.013681,-0.027399,-0.019664,0.008363,0.036124,0.508446,0.011921,-0.037507,-0.211920,0.026035,0.007325,0.013082,0.017031,-0.003223,-0.280951,0.018476,0.128179,0.324206,-0.064043,-0.145607,0.107692,-0.093632,-0.224345,0.160456,-0.099414,-0.145271,0.305317,-0.144015,0.132081,0.122773,-0.032363,0.204433,0.135178,-0.141655
0.016452,-0.308882,0.006368,0.009818,0.543292,-0.040537,0.119046,-0.260886,0.015111,-0.018094,-0.014140,0.009682,0.037614,0.510075,0.019102,-0.040994,-0.226854,0.034801,0.009006,0.017563,0.024937,0.008450,-0.310925,0.020199,0.117028,0.370806,-0.085424,-0.139409,0.171139,-0.093795,-0.185436,0.240653,-0.084356,-0.111025,0.355413,-0.151330,0.148450,0.179244,-0.065691,0.190344,0.219549,-0.150894
0.013731,-0.326301,0.006257,0.008521,0.549923,-0.036683,0.126682,-0.271820,0.017363,-0.009898,-0.010570,0.011853,0.037242,0.513557,0.023832,-0.047092,-0.246011,0.041375,0.009130,0.019207,0.030566,0.017327,-0.338802,0.020719,0.100824,0.428586,-0.109478,-0.132199,0.250309,-0.096695,-0.147365,0.340178,-0.070429,-0.077090,0.416534,-0.161931,0.158400,0.250881,-0.104054,0.172128,0.321684,-0.167593
0.012511,-0.339462,0.002342,0.007241,0.561481,-0.039747,0.120754,-0.277092,0.018946,-0.012422,-0.007168,0.013524,0.038166,0.530358,0.023627,-0.049674,-0.248209,0.042299,0.014383,0.012223,0.031370,0.019440,-0.350773,0.017629,0.076449,0.506143,-0.136735,-0.128432,0.352753,-0.102934,-0.114382,0.466077,-0.059903,-0.048004,0.496991,-0.177643,0.158746,0.345097,-0.148831,0.146552,0.448228,-0.193942
0.013129,-0.351597,-0.001454,0.006374,0.572262,-0.045356,0.111861,-0.280012,0.019577,-0.017776,-0.004076,0.014280,0.039896,0.544565,0.021234,-0.048789,-0.254757,0.039741,0.023605,0.002440,0.028637,0.016154,-0.355972,0.013028,0.046892,0.584942,-0.162666,-0.128946,0.456906,-0.107926,-0.086750,0.595500,-0.050241,-0.023950,0.577903,-0.195304,0.153215,0.440348,-0.195642,0.116838,0.576287,-0.225793
0.015162,-0.356730,-0.003209,0.005882,0.576802,-0.050331,0.104368,-0.279156,0.019384,-0.023461,-0.002859,0.014318,0.041441,0.548998,0.018006,-0.044860,-0.262424,0.035025,0.032126,-0.005277,0.023739,0.008955,-0.351877,0.009142,0.016070,0.655276,-0.181837,-0.135753,0.548331,-0.106566,-0.065763,0.712268,-0.038404,-0.005746,0.649280,-0.210741,0.146961,0.522471,-0.238192,0.087341,0.690106,-0.256512
0.012329,-0.377193,0.001028,-0.001632,0.591391,-0.053593,0.099205,-0.279967,0.018113,-0.033526,0.001195,0.013194,0.041671,0.567640,0.027164,-0.043877,-0.266163,0.043065,0.049016,-0.011263,0.031384,0.012507,-0.371523,0.009790,0.000929,0.672587,-0.187953,-0.137648,0.577935,-0.092770,-0.039097,0.766176,-0.020066,0.018931,0.666527,-0.217837,0.158049,0.542787,-0.268405,0.074656,0.740133,-0.277525
0.007463,-0.400320,0.007267,-0.011866,0.613993,-0.055802,0.099007,-0.283657,0.015442,-0.041463,0.004059,0.010664,0.039942,0.595996,0.037868,-0.043866,-0.266530,0.051803,0.063559,-0.010728,0.039662,0.021751,-0.398608,0.013263,-0.002491,0.647352,-0.182184,-0.141229,0.554097,-0.067862,-0.011435,0.766098,0.002138,0.043575,0.640391,-0.216574,0.182573,0.510120,-0.285304,0.072474,0.735969,-0.287451
0.003567,-0.413470,0.011676,-0.020411,0.642480,-0.057654,0.106573,-0.291508,0.011178,-0.040626,0.001749,0.006577,0.035274,0.629593,0.039380,-0.042926,-0.263929,0.049164,0.064755,0.001304,0.036637,0.031760,-0.416832,0.017859,0.000670,0.599423,-0.167721,-0.150004,0.497851,-0.036052,0.016137,0.735033,0.023429,0.063224,0.591164,-0.208273,0.213855,0.446176,-0.289796,0.071135,0.701620,-0.286902
-0.002927,-0.430944,0.022985,-0.036038,0.662214,-0.059115,0.113980,-0.307812,0.002989,-0.042715,-0.011692,-0.001359,0.027648,0.659928,0.047642,-0.044361,-0.269434,0.052548,0.064271,0.008238,0.039496,0.050207,-0.435000,0.023013,0.016851,0.532028,-0.148353,-0.152439,0.416150,-0.003119,0.057416,0.682163,0.038004,0.086455,0.522422,-0.195277,0.255327,0.358688,-0.283898,0.071572,0.647467,-0.277369
-0.008794,-0.444088,0.035533,-0.051834,0.663237,-0.058972,0.116886,-0.324477,-0.004513,-0.047281,-0.029654,-0.008534,0.020820,0.671751,0.058557,-0.047367,-0.280379,0.060043,0.062372,0.006555,0.046560,0.067977,-0.444059,0.026467,0.035148,0.469113,-0.129839,-0.153087,0.337715,0.022774,0.108784,0.637378,0.038498,0.105858,0.458283,-0.182668,0.293225,0.277069,-0.272357,0.059068,0.604487,-0.262899
-0.011802,-0.467429,0.035042,-0.057526,0.677138,-0.060224,0.129021,-0.326413,-0.014079,-0.040337,-0.026438,-0.017832,0.018066,0.698346,0.058130,-0.054015,-0.278721,0.060419,0.063285,0.016963,0.046276,0.111387,-0.473474,0.028512,0.079512,0.392315,-0.113738,-0.121945,0.248874,0.038651,0.199374,0.586612,0.023903,0.150345,0.380509,-0.171581,0.350422,0.188057,-0.257108,0.057590,0.559248,-0.244550
-0.013097,-0.497145,0.032407,-0.059301,0.694182,-0.060107,0.138999,-0.320585,-0.019762,-0.032730,-0.014968,-0.023285,0.015156,0.724375,0.052596,-0.058788,-0.270853,0.054825,0.065855,0.027769,0.040230,0.155517,-0.510470,0.029108,0.122173,0.318430,-0.101900,-0.082066,0.170501,0.043357,0.303488,0.548963,-0.004993,0.197855,0.305950,-0.163291,0.400229,0.111911,-0.241332,0.043424,0.530168,-0.225231
-0.014063,-0.529425,0.038756,-0.063787,0.704468,-0.055311,0.134996,-0.314112,-0.015381,-0.035511,-0.008262,-0.018514,0.007635,0.734401,0.048522,-0.056845,-0.263153,0.044491,0.068336,0.027250,0.029993,0.175708,-0.542286,0.027662,0.136591,0.260068,-0.094446,-0.058409,0.116816,0.037761,0.392102,0.535712,-0.044281,0.225925,0.247288,-0.157452,0.418643,0.062523,-0.226359,-0.003117,0.527773,-0.206188
-0.014555,-0.563784,0.045554,-0.064891,0.712629,-0.045504,0.135756,-0.308429,-0.007063,-0.033999,0.002817,-0.009843,0.003934,0.735056,0.051298,-0.051819,-0.260786,0.041187,0.066148,0.017060,0.027233,0.204523,-0.575066,0.029457,0.154759,0.210473,-0.086296,-0.020317,0.080327,0.028062,0.491120,0.536040,-0.085989,0.267488,0.197634,-0.149204,0.440063,0.031896,-0.207660,-0.042968,0.540040,-0.183447
-0.014337,-0.582962,0.049383,-0.063215,0.714700,-0.035317,0.139721,-0.306306,0.000955,-0.030127,0.012770,-0.001469,0.005650,0.726098,0.059286,-0.046451,-0.264833,0.046076,0.060059,0.002442,0.032754,0.227522,-0.592089,0.034789,0.162674,0.187011,-0.076867,0.015445,0.076446,0.015740,0.579650,0.562967,-0.127275,0.307813,0.174181,-0.138583,0.452552,0.035035,-0.185136,-0.084217,0.578753,-0.158084
-0.012233,-0.621795,0.052966,-0.063702,0.726048,-0.031084,0.146786,-0.318994,0.003400,-0.028118,0.011048,0.001409,0.003799,0.739986,0.058382,-0.048129,-0.262194,0.043417,0.048718,-0.001562,0.030554,0.254411,-0.634666,0.040100,0.170751,0.148644,-0.069103,0.056135,0.061761,-0.000701,0.662005,0.572126,-0.168884,0.355966,0.135758,-0.129133,0.468345,0.027999,-0.162656,-0.112290,0.597947,-0.135538
-0.009884,-0.660427,0.056665,-0.067774,0.744946,-0.031457,0.149929,-0.322950,0.001158,-0.030461,0.011893,-0.000279,-0.000038,0.760041,0.054888,-0.051230,-0.257104,0.037487,0.040217,0.000119,0.024846,0.282014,-0.676563,0.047136,0.176870,0.119471,-0.060694,0.095935,0.057521,-0.016579,0.730474,0.584357,-0.207238,0.407489,0.106353,-0.119183,0.486662,0.031160,-0.139487,-0.126916,0.616843,-0.116044
-0.009200,-0.678880,0.060928,-0.077162,0.769846,-0.034876,0.141870,-0.294576,-0.004746,-0.039951,0.029489,-0.005484,-0.004138,0.769665,0.055148,-0.050177,-0.253763,0.032427,0.042621,0.002641,0.019682,0.306852,-0.691341,0.058065,0.179100,0.121478,-0.048192,0.129004,0.082671,-0.025858,0.778812,0.618670,-0.236558,0.457373,0.107988,-0.105383,0.506284,0.062667,-0.113643,-0.129553,0.653013,-0.098263
-0.007593,-0.706243,0.067845,-0.086355,0.785883,-0.035573,0.139383,-0.293264,-0.008743,-0.049466,0.032066,-0.008847,-0.006506,0.786774,0.059669,-0.050457,-0.247976,0.033343,0.039645,0.008166,0.020585,0.329601,-0.719354,0.069166,0.179833,0.109585,-0.034693,0.154753,0.089779,-0.029125,0.807157,0.627683,-0.258811,0.504337,0.095610,-0.091074,0.528795,0.074324,-0.090041,-0.119770,0.658413,-0.086498
-0.005847,-0.728876,0.073871,-0.092467,0.785002,-0.032655,0.142018,-0.319681,-0.008878,-0.055905,0.018357,-0.008376,-0.007026,0.802765,0.066115,-0.053262,-0.242609,0.039335,0.031438,0.013912,0.026618,0.339042,-0.745978,0.076675,0.170041,0.096155,-0.023236,0.162019,0.089444,-0.028312,0.805996,0.621890,-0.276263,0.534772,0.081627,-0.079892,0.542605,0.076501,-0.072998,-0.110697,0.643798,-0.083264
-0.001347,-0.749068,0.075668,-0.097222,0.820436,-0.034766,0.147813,-0.322398,-0.013462,-0.056267,0.015871,-0.012255,-0.009667,0.829471,0.062648,-0.054753,-0.234368,0.032142,0.030013,0.025308,0.019157,0.343169,-0.758605,0.079709,0.160551,0.094251,-0.014466,0.159892,0.093221,-0.024656,0.786505,0.611974,-0.289784,0.554040,0.079032,-0.073604,0.554714,0.080944,-0.063544,-0.096433,0.621357,-0.087213
0.004446,-0.764731,0.077774,-0.102825,0.862014,-0.038100,0.150743,-0.320440,-0.017303,-0.055152,0.014071,-0.015491,-0.012319,0.856573,0.058709,-0.056761,-0.230411,0.024476,0.032503,0.031595,0.011087,0.346303,-0.770718,0.085892,0.157740,0.091023,-0.000434,0.153989,0.087529,-0.011422,0.756398,0.583840,-0.291617,0.564168,0.075045,-0.065279,0.567851,0.074557,-0.053737,-0.075079,0.578755,-0.087698
0.010005,-0.773960,0.084390,-0.111594,0.879497,-0.038802,0.144583,-0.332873,-0.015415,-0.057300,0.002358,-0.013110,-0.012518,0.873495,0.063458,-0.060901,-0.238059,0.028869,0.036449,0.021755,0.015114,0.352553,-0.795972,0.102605,0.166171,0.071112,0.026326,0.150053,0.057877,0.018370,0.723973,0.523596,-0.273434,0.568741,0.054450,-0.047270,0.584435,0.043185,-0.036088,-0.045045,0.503850,-0.075403
0.016247,-0.782218,0.082832,-0.119094,0.896291,-0.046243,0.145614,-0.349069,-0.025078,-0.055112,-0.009272,-0.022267,-0.009738,0.885551,0.062906,-0.059030,-0.245366,0.025525,0.044833,0.016877,0.011277,0.341889,-0.810222,0.104188,0.165143,0.055576,0.039680,0.129684,0.027083,0.038501,0.673549,0.455611,-0.260962,0.548621,0.038364,-0.044794,0.583084,0.009828,-0.036513,-0.028847,0.422643,-0.075501
0.020239,-0.785404,0.073886,-0.124012,0.903875,-0.055411,0.150680,-0.361099,-0.040911,-0.052255,-0.015153,-0.037589,-0.006848,0.886774,0.057726,-0.054209,-0.248565,0.015908,0.051304,0.019509,0.001191,0.319994,-0.805671,0.092032,0.159398,0.051453,0.040753,0.099344,0.003402,0.048893,0.614056,0.390575,-0.254265,0.510144,0.033996,-0.055977,0.568482,-0.016665,-0.052524,-0.023637,0.346613,-0.085934
0.025655,-0.783214,0.067951,-0.124943,0.936304,-0.058529,0.146966,-0.347528,-0.038813,-0.056021,0.003383,-0.034943,-0.002781,0.900507,0.055102,-0.060819,-0.253563,0.019267,0.054761,0.020343,0.003756,0.296154,-0.796867,0.088331,0.157801,0.047567,0.050931,0.069231,-0.023434,0.068672,0.557994,0.320484,-0.236136,0.463581,0.029963,-0.059816,0.549595,-0.046197,-0.061220,-0.022905,0.268373,-0.084958
0.032131,-0.780094,0.064728,-0.127324,0.972074,-0.060980,0.143189,-0.346710,-0.033376,-0.062643,0.017486,-0.028922,0.000726,0.917857,0.053475,-0.071121,-0.263443,0.026379,0.054418,0.020666,0.009868,0.271730,-0.791079,0.085257,0.160178,0.041599,0.062219,0.041345,-0.054139,0.088001,0.509653,0.247755,-0.218531,0.411944,0.023928,-0.064557,0.527325,-0.079101,-0.069489,-0.029102,0.189687,-0.081306
0.039242,-0.780667,0.063646,-0.136879,0.989514,-0.067619,0.147394,-0.397137,-0.039623,-0.069183,-0.002013,-0.034362,0.001998,0.929877,0.051374,-0.077621,-0.281271,0.027695,0.049249,0.021867,0.010043,0.248634,-0.795816,0.074792,0.166158,0.029126,0.065920,0.017676,-0.091282,0.097833,0.472648,0.172409,-0.213165,0.359607,0.011378,-0.078642,0.503733,-0.118010,-0.085715,-0.043302,0.109428,-0.085429
0.046500,-0.783759,0.055800,-0.144613,1.016796,-0.078490,0.150675,-0.443569,-0.045574,-0.074107,-0.013638,-0.039529,0.002804,0.958299,0.042434,-0.088663,-0.298131,0.025342,0.041098,0.028099,0.006219,0.224102,-0.799174,0.059114,0.170742,0.022203,0.064095,-0.005661,-0.121912,0.100827,0.443366,0.109029,-0.219049,0.306147,0.004417,-0.099150,0.477285,-0.150099,-0.107714,-0.068703,0.040745,-0.096927
0.050517,-0.787746,0.045058,-0.149020,1.040255,-0.085995,0.149071,-0.462836,-0.046201,-0.077098,-0.011481,-0.039584,0.001456,0.988988,0.032100,-0.100468,-0.305430,0.021321,0.032250,0.036419,0.000963,0.210331,-0.799062,0.047832,0.184221,0.021119,0.065953,-0.018225,-0.145601,0.107288,0.430961,0.058475,-0.226303,0.265652,0.003376,-0.115700,0.461889,-0.175149,-0.126097,-0.091010,-0.016654,-0.107916
0.058015,-0.789799,0.044990,-0.156305,1.064089,-0.087110,0.145705,-0.492244,-0.037796,-0.082813,-0.009575,-0.030592,0.014542,1.001371,0.042134,-0.095927,-0.321771,0.037066,0.042349,0.029577,0.015648,0.195722,-0.792701,0.041157,0.193253,0.026367,0.071296,-0.032980,-0.161539,0.118273,0.420062,0.021585,-0.232789,0.228155,0.008794,-0.127197,0.447198,-0.192521,-0.140980,-0.118373,-0.062588,-0.119529
0.062812,-0.790337,0.044511,-0.163156,1.088002,-0.085724,0.144755,-0.520105,-0.028845,-0.086753,-0.014281,-0.021083,0.024848,1.008830,0.050810,-0.091324,-0.342516,0.048552,0.052546,0.016373,0.026085,0.184544,-0.786248,0.034511,0.200702,0.030096,0.075366,-0.046442,-0.177093,0.129750,0.411383,-0.008917,-0.240007,0.199155,0.012884,-0.137313,0.438122,-0.209551,-0.156869,-0.142504,-0.104413,-0.137022
0.059291,-0.789423,0.031977,-0.165461,1.112029,-0.086548,0.151152,-0.534434,-0.028590,-0.083928,-0.031678,-0.020475,0.014620,1.025096,0.037262,-0.102907,-0.362709,0.031706,0.043910,0.006048,0.008232,0.181153,-0.785531,0.023269,0.210459,0.025878,0.073215,-0.054585,-0.198528,0.136797,0.406235,-0.039559,-0.249972,0.183569,0.009161,-0.150502,0.439413,-0.232558,-0.178150,-0.154872,-0.147987,-0.164881
0.049907,-0.784483,0.018036,-0.169915,1.122319,-0.087583,0.149990,-0.535777,-0.028849,-0.085402,-0.042118,-0.020547,0.007130,1.033851,0.028441,-0.107633,-0.373775,0.015524,0.039512,-0.004947,-0.008391,0.180174,-0.778590,0.018296,0.217147,0.025753,0.075881,-0.063182,-0.214223,0.149904,0.396884,-0.058904,-0.249350,0.175677,0.009665,-0.155732,0.445832,-0.249685,-0.193250,-0.157528,-0.180966,-0.190987
0.039344,-0.778136,0.009579,-0.176475,1.113500,-0.085245,0.140108,-0.523579,-0.026375,-0.092068,-0.040422,-0.017996,0.005635,1.030570,0.029332,-0.104616,-0.370255,0.008758,0.040075,-0.011166,-0.015014,0.181848,-0.768957,0.023340,0.221712,0.026334,0.087170,-0.072161,-0.228234,0.172557,0.382695,-0.071684,-0.232551,0.175192,0.010951,-0.149432,0.457887,-0.265038,-0.198129,-0.147954,-0.206756,-0.210119
0.029447,-0.769258,-0.002603,-0.172892,1.098936,-0.082459,0.132830,-0.496290,-0.018428,-0.084375,-0.040625,-0.010385,0.005517,1.030194,0.025474,-0.103243,-0.372858,-0.000959,0.041112,-0.035670,-0.023953,0.184380,-0.762470,0.011334,0.223689,0.022210,0.080351,-0.083637,-0.247350,0.177846,0.361857,-0.085730,-0.225361,0.179151,0.007599,-0.158953,0.474150,-0.285470,-0.219805,-0.126866,-0.231822,-0.247433
0.020928,-0.757064,-0.014584,-0.164261,1.075644,-0.079015,0.127340,-0.464933,-0.008237,-0.070085,-0.044863,-0.000742,0.007076,1.023249,0.020796,-0.103548,-0.370784,-0.005559,0.039672,-0.066745,-0.027096,0.187329,-0.756534,-0.003551,0.224503,0.017334,0.070105,-0.098827,-0.270117,0.179908,0.334174,-0.100958,-0.213339,0.184919,0.003511,-0.170898,0.494648,-0.309454,-0.244032,-0.094538,-0.255003,-0.286688
0.014368,-0.740785,-0.022443,-0.155508,1.040667,-0.074811,0.122805,-0.440476,0.000513,-0.057135,-0.055161,0.007487,0.011145,1.000164,0.018775,-0.105084,-0.353275,0.002649,0.033407,-0.092677,-0.016583,0.189507,-0.748590,-0.007321,0.225576,0.016073,0.071155,-0.119156,-0.294655,0.192744,0.299787,-0.117059,-0.182999,0.189338,0.003077,-0.172142,0.518707,-0.335345,-0.256771,-0.052797,-0.274934,-0.311931
0.007356,-0.724517,-0.033222,-0.142423,0.999794,-0.072438,0.116135,-0.394837,0.008958,-0.036815,-0.053438,0.015152,0.016848,0.959302,0.013829,-0.104939,-0.330116,0.012978,0.030551,-0.112667,-0.003920,0.187592,-0.741434,-0.012996,0.225019,0.017004,0.070942,-0.147736,-0.323899,0.203370,0.257619,-0.137772,-0.148532,0.187321,0.004861,-0.176459,0.542507,-0.366019,-0.271274,-0.007606,-0.295084,-0.335082
0.003378,-0.716429,-0.041455,-0.132126,0.973399,-0.071413,0.111186,-0.350668,0.014720,-0.018788,-0.040435,0.020328,0.021611,0.921062,0.008431,-0.103879,-0.312834,0.020476,0.031910,-0.116692,0.004714,0.182373,-0.738683,-0.016563,0.224305,0.017290,0.073836,-0.182651,-0.360666,0.215810,0.212079,-0.166296,-0.107900,0.179033,0.006074,-0.180124,0.565724,-0.404253,-0.283674,0.037627,-0.318755,-0.351411
-0.001860,-0.697301,-0.043071,-0.121026,0.923867,-0.064654,0.103097,-0.314327,0.028074,-0.011317,-0.037305,0.033186,0.028321,0.869869,0.010384,-0.096272,-0.278339,0.034503,0.036692,-0.098914,0.019749,0.165728,-0.733786,-0.030826,0.215581,0.024413,0.066981,-0.230646,-0.396586,0.216436,0.159238,-0.194980,-0.077576,0.156544,0.014153,-0.196417,0.579093,-0.441975,-0.306402,0.069849,-0.338967,-0.372926
-0.005666,-0.673789,-0.041551,-0.110695,0.869044,-0.056752,0.096558,-0.286668,0.039595,-0.007455,-0.036720,0.044362,0.033519,0.818253,0.013332,-0.086943,-0.237978,0.046086,0.039773,-0.067001,0.031977,0.144502,-0.730930,-0.044961,0.205174,0.035579,0.061572,-0.284086,-0.433825,0.214705,0.109518,-0.226869,-0.051411,0.126893,0.026356,-0.214594,0.588556,-0.480925,-0.327287,0.090767,-0.359784,-0.387278
-0.005253,-0.652449,-0.040141,-0.102589,0.826957,-0.052198,0.096462,-0.268358,0.039799,-0.000323,-0.031338,0.044426,0.033574,0.778888,0.011343,-0.080496,-0.202949,0.046721,0.036174,-0.028288,0.032574,0.124807,-0.734276,-0.047804,0.198499,0.048018,0.068560,-0.336177,-0.473827,0.220296,0.072421,-0.265105,-0.023294,0.097478,0.039813,-0.223861,0.599849,-0.522965,-0.334001,0.101946,-0.385710,-0.382233
-0.007159,-0.630931,-0.038253,-0.095815,0.787595,-0.046992,0.096926,-0.252685,0.038135,-0.002602,-0.020439,0.042898,0.036402,0.745947,0.012704,-0.075032,-0.177843,0.055336,0.025558,0.005549,0.040983,0.104155,-0.756173,-0.049860,0.190975,0.050103,0.077506,-0.389226,-0.526524,0.221921,0.047717,-0.320817,-0.007042,0.067570,0.042883,-0.234289,0.610314,-0.577637,-0.336152,0.097249,-0.429053,-0.368206
-0.010470,-0.620020,-0.036855,-0.093689,0.770564,-0.043235,0.099124,-0.247285,0.035913,-0.011842,-0.009307,0.041113,0.041312,0.735792,0.015945,-0.072286,-0.175297,0.067350,0.014166,0.017505,0.052634,0.092714,-0.785805,-0.049241,0.190582,0.052748,0.089888,-0.432826,-0.578708,0.221651,0.046333,-0.381722,-0.002072,0.049659,0.046352,-0.243581,0.630103,-0.631877,-0.332065,0.085145,-0.478694,-0.344849
-0.009217,-0.587519,-0.029521,-0.097057,0.743305,-0.038138,0.100802,-0.252218,0.021387,-0.025239,-0.003805,0.027182,0.045217,0.710686,0.021699,-0.068014,-0.184310,0.078374,-0.003054,0.009888,0.064050,0.080032,-0.834583,-0.046969,0.184700,0.044222,0.104433,-0.477832,-0.640284,0.218465,0.055930,-0.457848,-0.008673,0.035412,0.038346,-0.252350,0.649326,-0.695595,-0.322674,0.056710,-0.545654,-0.315947
-0.007904,-0.543090,-0.022437,-0.100974,0.715049,-0.033592,0.102587,-0.258624,0.002726,-0.036427,-0.004350,0.009047,0.047366,0.686160,0.026138,-0.063442,-0.196719,0.083173,-0.021647,-0.006945,0.069684,0.071826,-0.890942,-0.041561,0.177789,0.035172,0.122517,-0.518618,-0.699391,0.214781,0.077947,-0.536532,-0.022866,0.031695,0.029484,-0.258457,0.673884,-0.756835,-0.307218,0.021634,-0.618050,-0.283404
-0.010984,-0.496299,-0.021798,-0.100500,0.695080,-0.032024,0.105105,-0.257653,-0.012106,-0.038948,-0.011271,-0.005602,0.046878,0.677698,0.025364,-0.059777,-0.204399,0.076437,-0.037152,-0.022628,0.063927,0.073658,-0.943370,-0.031093,0.174335,0.035362,0.145769,-0.549768,-0.745034,0.212643,0.112352,-0.605083,-0.039219,0.044903,0.029402,-0.259615,0.709513,-0.804582,-0.283754,-0.008441,-0.683874,-0.249039
-0.017721,-0.437950,-0.015391,-0.098710,0.664695,-0.023559,0.108236,-0.257215,-0.026216,-0.041624,-0.024301,-0.019632,0.046928,0.671955,0.031906,-0.053382,-0.215844,0.069723,-0.048581,-0.051642,0.058791,0.074356,-1.037426,-0.017616,0.162539,-0.003426,0.171856,-0.581676,-0.823588,0.210878,0.142775,-0.707490,-0.055406,0.064196,-0.010107,-0.257091,0.744253,-0.885073,-0.254995,-0.038639,-0.787293,-0.218076
-0.024729,-0.397154,-0.006448,-0.096465,0.639130,-0.012211,0.110506,-0.257463,-0.032709,-0.042983,-0.036868,-0.026090,0.047920,0.671865,0.041702,-0.046760,-0.225270,0.065744,-0.049581,-0.079366,0.056142,0.073591,-1.126028,-0.008070,0.142002,-0.037078,0.193368,-0.613352,-0.888855,0.203755,0.164959,-0.795164,-0.073960,0.089021,-0.044923,-0.257160,0.776426,-0.952046,-0.228926,-0.064099,-0.879291,-0.199257
-0.038282,-0.383049,-0.012014,-0.084730,0.620332,-0.010427,0.113141,-0.228526,-0.038290,-0.044921,-0.054043,-0.032335,0.052032,0.675950,0.040740,-0.037410,-0.228080,0.050495,-0.036351,-0.111830,0.042692,0.069329,-1.195145,0.010598,0.110790,-0.054395,0.222861,-0.645768,-0.928257,0.204993,0.174476,-0.853460,-0.077752,0.116401,-0.063838,-0.246337,0.802727,-0.992519,-0.193031,-0.082957,-0.944206,-0.179817
-0.050113,-0.391505,-0.021771,-0.069558,0.607411,-0.012587,0.113961,-0.183401,-0.038836,-0.041710,-0.063925,-0.033964,0.056131,0.683258,0.034766,-0.027467,-0.215508,0.030035,-0.020774,-0.139139,0.024730,0.062705,-1.235964,0.032672,0.071692,-0.049316,0.254209,-0.676510,-0.934896,0.211236,0.171458,-0.874507,-0.069211,0.145989,-0.060637,-0.229936,0.822912,-0.999839,-0.155237,-0.092103,-0.972607,-0.164270
-0.052274,-0.418292,-0.024928,-0.057309,0.599544,-0.012416,0.110223,-0.134966,-0.029985,-0.028104,-0.054572,-0.026173,0.056925,0.692838,0.030116,-0.019609,-0.178682,0.010730,-0.015250,-0.151252,0.008780,0.055508,-1.239588,0.052840,0.027597,-0.015470,0.281657,-0.703555,-0.903279,0.218498,0.157351,-0.852167,-0.051333,0.177261,-0.028793,-0.213155,0.838011,-0.967887,-0.122108,-0.089094,-0.956997,-0.156544
-0.051738,-0.442446,-0.022935,-0.043531,0.588434,-0.007850,0.104299,-0.072307,-0.015632,-0.004760,-0.039679,-0.013346,0.059364,0.686327,0.029934,-0.007600,-0.126580,-0.004001,-0.007917,-0.151015,-0.002336,0.044683,-1.234740,0.080105,-0.022001,0.016046,0.314020,-0.729851,-0.866280,0.237713,0.129075,-0.819963,-0.014462,0.204756,0.000845,-0.186973,0.844518,-0.929733,-0.086495,-0.077460,-0.929793,-0.145991
-0.048805,-0.451895,-0.016839,-0.034971,0.579663,-0.001650,0.099099,-0.026783,-0.004052,0.016654,-0.026658,-0.002971,0.062681,0.666941,0.032946,0.002523,-0.085292,-0.008254,-0.002447,-0.138605,-0.004547,0.035693,-1.223779,0.100496,-0.069121,0.040733,0.337212,-0.750237,-0.831350,0.255237,0.092360,-0.786631,0.026286,0.231266,0.024051,-0.165353,0.847761,-0.892761,-0.062644,-0.052856,-0.899215,-0.144979
-0.045766,-0.448798,0.001233,-0.022487,0.545931,0.017152,0.092240,0.021086,0.020315,0.044301,-0.010831,0.020009,0.059894,0.624673,0.045990,0.006611,-0.045836,0.004614,-0.012274,-0.130534,0.010631,0.023909,-1.212066,0.117412,-0.115615,0.051542,0.354423,-0.769398,-0.808965,0.273827,0.043547,-0.764525,0.071245,0.249202,0.033972,-0.145204,0.842775,-0.867330,-0.046643,-0.022039,-0.877536,-0.147997
-0.042767,-0.438051,0.021500,-0.011769,0.502778,0.037516,0.084623,0.061598,0.040990,0.066856,0.000229,0.039314,0.055256,0.579149,0.060954,0.007513,-0.010838,0.024071,-0.024909,-0.122904,0.032054,0.012879,-1.201098,0.129929,-0.154940,0.045948,0.364956,-0.783279,-0.804416,0.290509,-0.011173,-0.761244,0.115378,0.259957,0.028250,-0.127298,0.832680,-0.859074,-0.037284,0.015406,-0.872344,-0.153127
-0.039685,-0.424684,0.034324,-0.008910,0.465610,0.048826,0.077034,0.085081,0.041551,0.072977,-0.001124,0.038759,0.052591,0.549855,0.069790,0.008033,0.016947,0.039574,-0.027693,-0.111996,0.048676,0.006455,-1.192396,0.137840,-0.181397,0.022127,0.368381,-0.787039,-0.821118,0.302546,-0.063504,-0.781815,0.154107,0.265463,0.005065,-0.112137,0.820375,-0.871238,-0.032459,0.058440,-0.888783,-0.157741
-0.033033,-0.407325,0.051633,-0.002801,0.407211,0.064595,0.066018,0.121418,0.041531,0.077081,-0.001794,0.037085,0.048682,0.498983,0.081996,0.011396,0.050771,0.055122,-0.028660,-0.093801,0.065258,0.000140,-1.167206,0.149874,-0.198631,-0.001117,0.373478,-0.783661,-0.839356,0.316636,-0.111598,-0.807147,0.193070,0.260964,-0.016827,-0.090653,0.800301,-0.884256,-0.021364,0.096379,-0.907846,-0.151214
-0.026184,-0.394603,0.064752,0.003150,0.356854,0.076414,0.056816,0.152512,0.040225,0.076857,-0.001319,0.034306,0.045214,0.452116,0.090630,0.015362,0.073860,0.061980,-0.027884,-0.077246,0.072517,-0.002476,-1.138025,0.159964,-0.203766,-0.035691,0.373790,-0.768287,-0.868264,0.325295,-0.145107,-0.845574,0.224642,0.251137,-0.049540,-0.068598,0.775282,-0.907378,-0.008748,0.126452,-0.938255,-0.139582
-0.026066,-0.379214,0.079159,0.007386,0.300064,0.090662,0.048778,0.172094,0.032168,0.063208,-0.001758,0.025280,0.037704,0.408780,0.101701,0.017669,0.101613,0.062887,-0.029138,-0.045621,0.073119,-0.008091,-1.101983,0.142934,-0.204280,-0.076525,0.344202,-0.747080,-0.899795,0.303324,-0.165486,-0.887542,0.223424,0.231400,-0.088431,-0.071323,0.738769,-0.933410,-0.019832,0.137135,-0.971363,-0.149632
-0.028105,-0.365068,0.084568,0.010361,0.253228,0.096194,0.041662,0.184195,0.021874,0.043341,-0.000369,0.014429,0.032526,0.372493,0.105178,0.020811,0.120406,0.054844,-0.028562,-0.017681,0.064396,-0.014043,-1.063456,0.117549,-0.199341,-0.123776,0.304131,-0.718656,-0.933400,0.269184,-0.168485,-0.930340,0.208438,0.206047,-0.133682,-0.080479,0.694883,-0.961575,-0.035519,0.129703,-1.005408,-0.164854
-0.027570,-0.356024,0.070790,0.012302,0.232764,0.082057,0.035423,0.192748,0.014112,0.024605,0.005560,0.006441,0.035767,0.346911,0.091104,0.027395,0.116781,0.035045,-0.022164,-0.011981,0.043911,-0.018832,-1.026850,0.102770,-0.188361,-0.176357,0.273579,-0.683605,-0.968476,0.242942,-0.154354,-0.971992,0.199620,0.178770,-0.184599,-0.078374,0.647480,-0.992267,-0.037979,0.107522,-1.039659,-0.169114
-0.027353,-0.338821,0.044928,0.018778,0.217158,0.056679,0.032836,0.194886,0.012156,0.009889,0.011540,0.004545,0.038786,0.323117,0.064849,0.031022,0.106923,0.010292,-0.012913,-0.002574,0.017795,-0.024917,-0.975507,0.078225,-0.175967,-0.212876,0.233175,-0.647177,-0.984883,0.205514,-0.130147,-0.991155,0.178122,0.148825,-0.219719,-0.086169,0.596760,-1.005056,-0.048829,0.072764,-1.053379,-0.185466
-0.027378,-0.321984,0.019909,0.026291,0.214321,0.032399,0.034962,0.189660,0.016563,0.006298,0.014729,0.009161,0.039788,0.313186,0.039093,0.029587,0.095946,-0.007570,-0.005678,0.006059,-0.001447,-0.028644,-0.934947,0.056282,-0.160474,-0.255208,0.195998,-0.608322,-1.005570,0.170875,-0.098122,-1.010642,0.157859,0.121660,-0.260924,-0.092187,0.548870,-1.022838,-0.057290,0.035103,-1.069666,-0.203370
-0.031239,-0.299223,-0.013910,0.034844,0.206033,-0.000021,0.037148,0.185205,0.012000,0.012669,0.014490,0.004486,0.048897,0.292307,0.007008,0.033630,0.077249,-0.018968,-0.001946,0.004899,-0.014071,-0.035582,-0.888226,0.025813,-0.148667,-0.283748,0.151470,-0.574790,-1.011934,0.129171,-0.069845,-1.013053,0.128430,0.093281,-0.288715,-0.108167,0.500180,-1.027439,-0.075729,-0.005128,-1.071093,-0.234146
-0.035063,-0.275381,-0.044715,0.041801,0.195178,-0.029788,0.037971,0.179488,0.008538,0.023077,0.010579,0.000721,0.056458,0.268608,-0.022518,0.036029,0.059540,-0.024668,-0.000445,-0.001428,-0.020565,-0.043536,-0.839960,-0.003898,-0.139754,-0.301704,0.109207,-0.545965,-1.008623,0.089407,-0.047964,-1.004611,0.098581,0.066451,-0.306097,-0.124988,0.454379,-1.022842,-0.094583,-0.040646,-1.063473,-0.267074
-0.035228,-0.255380,-0.060551,0.044674,0.184537,-0.045965,0.036147,0.170408,0.016261,0.031596,0.002690,0.008090,0.053096,0.250099,-0.040231,0.029684,0.051510,-0.025120,0.000096,-0.008208,-0.021139,-0.050975,-0.794755,-0.023354,-0.132435,-0.313489,0.078749,-0.521083,-1.000630,0.060785,-0.033706,-0.992557,0.076461,0.043240,-0.317568,-0.133324,0.413471,-1.014420,-0.103997,-0.067442,-1.053773,-0.290415
-0.033586,-0.232323,-0.077182,0.046140,0.166960,-0.063411,0.033407,0.156673,0.018084,0.041654,-0.006302,0.009704,0.051876,0.222932,-0.058531,0.026945,0.045007,-0.027248,0.000731,-0.012934,-0.023420,-0.059698,-0.733720,-0.047589,-0.129003,-0.301230,0.044855,-0.501936,-0.970310,0.027008,-0.029412,-0.960642,0.045286,0.021775,-0.305114,-0.147865,0.375664,-0.984027,-0.117752,-0.086580,-1.025497,-0.317050
-0.030892,-0.217618,-0.086299,0.045800,0.151357,-0.073698,0.031473,0.145239,0.012808,0.048636,-0.011824,0.004365,0.053814,0.200769,-0.068711,0.029504,0.043371,-0.030515,0.001435,-0.013166,-0.026811,-0.065518,-0.687246,-0.064336,-0.125195,-0.296697,0.019494,-0.483814,-0.949042,-0.000765,-0.029827,-0.941005,0.015755,0.006076,-0.300485,-0.156032,0.344541,-0.962973,-0.122460,-0.094894,-1.010742,-0.333180
-0.028466,-0.200514,-0.086369,0.043726,0.134794,-0.075030,0.026718,0.142947,0.009880,0.053882,-0.006101,0.001505,0.048581,0.169068,-0.071033,0.026787,0.041671,-0.029946,-0.001896,-0.021768,-0.025826,-0.069811,-0.623456,-0.069650,-0.122152,-0.269438,0.006365,-0.467118,-0.905586,-0.019007,-0.034304,-0.902102,-0.009014,-0.005673,-0.273191,-0.153603,0.317812,-0.919801,-0.113765,-0.095707,-0.977978,-0.334280
-0.025788,-0.183556,-0.082938,0.041200,0.119168,-0.072853,0.022350,0.140011,0.007577,0.056643,0.000793,-0.000556,0.042063,0.137205,-0.069960,0.023642,0.041659,-0.028929,-0.005452,-0.027298,-0.024487,-0.071829,-0.560076,-0.069332,-0.118969,-0.238506,-0.000629,-0.450073,-0.857692,-0.033869,-0.040077,-0.860577,-0.034389,-0.012998,-0.242253,-0.145996,0.295271,-0.872108,-0.097197,-0.089857,-0.943756,-0.326612
-0.022209,-0.169296,-0.081486,0.039580,0.106390,-0.072528,0.021683,0.126618,0.004159,0.056262,-0.001323,-0.003500,0.040324,0.114451,-0.069906,0.025104,0.044997,-0.030940,-0.005271,-0.018500,-0.026888,-0.070824,-0.514800,-0.069083,-0.114538,-0.222466,-0.007292,-0.430880,-0.822618,-0.049912,-0.044722,-0.832200,-0.064522,-0.015604,-0.226223,-0.138815,0.276755,-0.837040,-0.079633,-0.078268,-0.923555,-0.316766
-0.018166,-0.151077,-0.070574,0.036256,0.088367,-0.062942,0.019888,0.110352,0.003401,0.051491,0.001945,-0.003231,0.036700,0.090176,-0.060692,0.026345,0.047789,-0.031489,-0.007304,-0.011190,-0.027765,-0.068342,-0.457841,-0.063280,-0.110084,-0.191817,-0.007996,-0.410371,-0.770019,-0.060612,-0.048839,-0.785224,-0.091388,-0.015392,-0.195584,-0.126412,0.260144,-0.784182,-0.056458,-0.063204,-0.885052,-0.300082
-0.015718,-0.137951,-0.055687,0.033062,0.074182,-0.049042,0.018066,0.099461,0.005584,0.044905,0.009116,-0.000032,0.033256,0.076539,-0.047082,0.026963,0.048630,-0.030423,-0.010359,-0.008969,-0.026824,-0.065875,-0.417641,-0.054687,-0.106678,-0.174970,-0.005401,-0.389691,-0.727983,-0.067348,-0.053495,-0.746756,-0.114929,-0.014208,-0.178758,-0.111684,0.243631,-0.741703,-0.031864,-0.046873,-0.854593,-0.280070
-0.011995,-0.120934,-0.048979,0.027634,0.065506,-0.043761,0.015352,0.082740,0.005867,0.030151,0.011726,0.001504,0.028123,0.058513,-0.042078,0.024481,0.049408,-0.028580,-0.006961,-0.001944,-0.025390,-0.062029,-0.370026,-0.050874,-0.102566,-0.147610,-0.006921,-0.367435,-0.672563,-0.076423,-0.057150,-0.692324,-0.140071,-0.011012,-0.151417,-0.102365,0.228688,-0.685674,-0.014756,-0.028524,-0.806909,-0.264825
-0.007679,-0.104572,-0.043651,0.021695,0.059025,-0.039971,0.013117,0.063892,0.004399,0.014695,0.012212,0.001344,0.022666,0.043556,-0.038569,0.020698,0.048897,-0.025584,-0.001691,0.005191,-0.022876,-0.057565,-0.327421,-0.048006,-0.098212,-0.121907,-0.008619,-0.344673,-0.616959,-0.083537,-0.060520,-0.635198,-0.161029,-0.006790,-0.125743,-0.094775,0.214833,-0.629391,-0.001748,-0.009329,-0.754646,-0.250649
-0.003453,-0.093399,-0.032961,0.016934,0.051526,-0.030583,0.012627,0.046838,0.001303,0.005954,0.013321,-0.000561,0.018297,0.039155,-0.029472,0.017385,0.045924,-0.021030,0.000725,0.007893,-0.018676,-0.053260,-0.302317,-0.042218,-0.094169,-0.110205,-0.006501,-0.322690,-0.574822,-0.084486,-0.064485,-0.589523,-0.173017,-0.002510,-0.114077,-0.085187,0.201768,-0.586576,0.010667,0.009314,-0.711606,-0.233747
0.001588,-0.081387,-0.026899,0.012086,0.046505,-0.025922,0.011487,0.033681,-0.005203,-0.002407,0.016005,-0.006010,0.013848,0.034331,-0.025130,0.012504,0.037692,-0.016326,0.001339,0.006667,-0.014406,-0.043098,-0.269323,-0.038360,-0.084453,-0.087201,-0.005465,-0.295981,-0.521880,-0.084425,-0.063011,-0.531803,-0.180841,0.007924,-0.091126,-0.078402,0.195937,-0.533045,0.017947,0.033146,-0.654310,-0.219020
0.004938,-0.074543,-0.028470,0.009632,0.046500,-0.028314,0.010355,0.030954,-0.011810,-0.006145,0.018823,-0.012239,0.011592,0.031449,-0.027707,0.008564,0.028235,-0.013886,-0.000087,0.002011,-0.012266,-0.032222,-0.244911,-0.038304,-0.074394,-0.069476,-0.007478,-0.270145,-0.475439,-0.085553,-0.061242,-0.480231,-0.187012,0.019559,-0.073487,-0.076235,0.192635,-0.486124,0.018610,0.056890,-0.601259,-0.208469
0.007194,-0.068581,-0.023116,0.002632,0.038301,-0.024224,0.005490,0.018625,-0.015025,-0.006469,0.008147,-0.015435,0.010272,0.021188,-0.022939,0.006759,0.022304,-0.004116,-0.004144,0.000977,-0.002806,-0.020425,-0.218417,-0.038830,-0.063966,-0.046257,-0.009320,-0.245411,-0.425312,-0.085070,-0.059054,-0.425488,-0.189420,0.032835,-0.050400,-0.075428,0.192440,-0.435711,0.016251,0.080778,-0.543644,-0.199205
0.008493,-0.062324,-0.019439,-0.004026,0.029303,-0.021606,0.000726,0.005708,-0.018635,-0.004178,-0.003991,-0.019127,0.008425,0.011425,-0.019767,0.004553,0.015010,0.002379,-0.008968,-0.000896,0.003346,-0.009459,-0.194566,-0.039086,-0.055108,-0.021986,-0.010172,-0.223867,-0.376537,-0.082498,-0.058157,-0.373258,-0.188291,0.046221,-0.026338,-0.075181,0.193933,-0.386839,0.012212,0.103398,-0.487759,-0.190746
0.008949,-0.054588,-0.026043,-0.005490,0.027026,-0.028425,-0.000115,0.001271,-0.026386,-0.000045,-0.005553,-0.026797,0.004633,0.010048,-0.027105,-0.000542,0.001444,-0.005114,-0.012668,-0.008172,-0.004538,-0.001135,-0.178049,-0.038350,-0.049820,-0.001126,-0.009269,-0.207668,-0.333923,-0.077109,-0.060454,-0.328539,-0.183706,0.058125,-0.005773,-0.074777,0.195641,-0.344364,0.007189,0.123286,-0.439233,-0.183280
0.008418,-0.048488,-0.027921,-0.006061,0.018833,-0.030238,-0.000754,-0.002993,-0.033176,0.005126,-0.007110,-0.033529,0.003347,0.003252,-0.029062,-0.001223,-0.009293,-0.012469,-0.010510,-0.012968,-0.012259,0.006813,-0.156659,-0.035947,-0.046178,0.028560,-0.006061,-0.194859,-0.285227,-0.067975,-0.063827,-0.278792,-0.175333,0.071161,0.023504,-0.073473,0.200155,-0.296049,0.001684,0.143373,-0.386099,-0.177184
0.007154,-0.047129,-0.024160,-0.005456,0.008769,-0.026158,-0.000876,-0.004989,-0.035644,0.008721,-0.007995,-0.035995,0.005166,-0.005646,-0.024692,0.002812,-0.011888,-0.016028,-0.003665,-0.012960,-0.015976,0.010325,-0.141143,-0.033111,-0.048752,0.056068,-0.001976,-0.189891,-0.241051,-0.055848,-0.072941,-0.233869,-0.164449,0.081786,0.050459,-0.072278,0.203812,-0.252560,-0.006009,0.160579,-0.338680,-0.174795
0.006353,-0.042524,-0.023843,-0.008757,0.002241,-0.026147,-0.003080,-0.013973,-0.039135,0.008267,-0.011666,-0.039195,0.002731,-0.007859,-0.024645,-0.000019,-0.015148,-0.014537,0.000766,-0.010995,-0.014793,0.012529,-0.128610,-0.034182,-0.055076,0.083806,-0.001660,-0.190120,-0.198449,-0.044619,-0.085905,-0.189820,-0.155348,0.093778,0.077456,-0.075217,0.210213,-0.211014,-0.020648,0.179502,-0.293295,-0.181018
0.005345,-0.037466,-0.021582,-0.011724,-0.001510,-0.024126,-0.004695,-0.020090,-0.042321,0.008308,-0.015391,-0.042262,0.001276,-0.006297,-0.022451,-0.002620,-0.018764,-0.009387,0.004051,-0.011408,-0.009827,0.012774,-0.118850,-0.035921,-0.066531,0.111260,-0.002261,-0.196682,-0.157388,-0.030884,-0.105159,-0.145531,-0.144838,0.107177,0.103940,-0.078650,0.219194,-0.171417,-0.039132,0.201370,-0.248818,-0.192275
0.003493,-0.034746,-0.011940,-0.010000,-0.003328,-0.013962,-0.002928,-0.013449,-0.043862,0.013557,-0.016464,-0.044318,0.006145,-0.003834,-0.011574,0.002237,-0.022289,-0.001911,0.007521,-0.018435,-0.002134,0.010464,-0.111555,-0.035116,-0.084320,0.137709,-0.000963,-0.210493,-0.117974,-0.011536,-0.133300,-0.100139,-0.129809,0.121950,0.129140,-0.078932,0.230440,-0.133924,-0.058128,0.227311,-0.204103,-0.204198
0.001765,-0.030628,-0.004599,-0.009114,-0.006520,-0.006225,-0.001840,-0.011401,-0.044417,0.015256,-0.021072,-0.045272,0.006558,-0.000653,-0.003835,0.003303,-0.023491,-0.000110,0.006094,-0.024763,-0.000021,0.007818,-0.102445,-0.038375,-0.106440,0.166274,-0.004691,-0.229218,-0.076571,0.006242,-0.169542,-0.049393,-0.117126,0.140485,0.156143,-0.082321,0.246021,-0.094911,-0.083641,0.260570,-0.154405,-0.221498
0.001029,-0.027223,-0.003227,-0.009513,-0.009491,-0.004783,-0.001984,-0.015049,-0.043662,0.012488,-0.026991,-0.044603,0.002302,0.001546,-0.003105,0.000039,-0.021933,-0.004910,0.000451,-0.027388,-0.004569,0.006102,-0.096140,-0.044053,-0.131178,0.191324,-0.011856,-0.250829,-0.038598,0.023063,-0.212700,0.001285,-0.105631,0.163509,0.179340,-0.087084,0.266392,-0.059709,-0.112977,0.302003,-0.104545,-0.240399
0.001565,-0.022412,0.003737,-0.006198,-0.007721,0.002585,0.001535,-0.013538,-0.037227,0.013522,-0.030528,-0.038427,-0.000769,0.003925,0.003208,-0.001250,-0.013386,-0.004299,-0.001457,-0.030003,-0.003267,0.002881,-0.084042,-0.033311,-0.159872,0.220233,-0.003512,-0.276191,0.003676,0.056553,-0.263181,0.058902,-0.077007,0.187287,0.206234,-0.074475,0.287469,-0.020342,-0.126069,0.346729,-0.046944,-0.240554
0.002660,-0.017450,0.011821,-0.003237,-0.005344,0.010941,0.003939,-0.009356,-0.027837,0.013432,-0.030238,-0.029230,-0.002498,0.005427,0.010788,-0.001273,-0.003641,-0.000823,-0.001098,-0.032272,0.000959,0.000444,-0.070092,-0.017389,-0.188550,0.247187,0.009143,-0.300659,0.045560,0.094306,-0.314148,0.117386,-0.042953,0.212351,0.231103,-0.055669,0.309119,0.018652,-0.132966,0.392498,0.012443,-0.232954
0.003912,-0.013544,0.016609,-0.004342,-0.006428,0.015413,0.000829,-0.005037,-0.018163,0.007661,-0.024728,-0.019445,-0.002358,0.005011,0.015392,-0.000378,0.001510,0.003068,0.000439,-0.033785,0.005272,0.001359,-0.058188,-0.007460,-0.212669,0.266117,0.015038,-0.318818,0.082301,0.124140,-0.356627,0.169970,-0.015188,0.238905,0.248202,-0.041896,0.330922,0.053002,-0.143824,0.435654,0.066931,-0.229938
0.005220,-0.007288,0.021347,-0.002995,-0.006875,0.020178,0.000992,0.001172,-0.014859,0.006496,-0.014804,-0.015899,-0.002983,0.004724,0.019802,0.000756,0.010122,0.003481,-0.002887,-0.036242,0.006351,0.004049,-0.043200,-0.002596,-0.231230,0.281005,0.015440,-0.329395,0.118318,0.145631,-0.385010,0.218614,0.005886,0.262909,0.261577,-0.032470,0.348438,0.087222,-0.156318,0.468171,0.117800,-0.232060
0.005857,-0.001833,0.023612,0.000094,-0.006459,0.022807,0.004306,0.006187,-0.019597,0.010515,-0.005412,-0.020381,-0.004171,0.004708,0.021754,0.001453,0.017900,0.000124,-0.009558,-0.038424,0.003565,0.007112,-0.032578,-0.005295,-0.243176,0.284356,0.008409,-0.331536,0.145215,0.154771,-0.394574,0.252489,0.015821,0.280452,0.263953,-0.030465,0.357920,0.113211,-0.171408,0.483180,0.153720,-0.243146
0.006552,0.002767,0.022579,0.000265,-0.009460,0.021720,0.002962,0.006621,-0.015829,0.013054,-0.008612,-0.016883,-0.002406,0.001074,0.020944,0.002895,0.022056,0.005485,-0.010506,-0.036365,0.009036,0.013527,-0.027078,0.006077,-0.243790,0.275744,0.016001,-0.320963,0.161336,0.172035,-0.378600,0.268418,0.034400,0.292749,0.255088,-0.014621,0.360938,0.129570,-0.166236,0.480421,0.171156,-0.242451
0.006802,0.005513,0.019733,-0.000732,-0.010987,0.018704,0.000253,0.006297,-0.009868,0.011926,-0.013519,-0.011220,0.000302,-0.003641,0.018568,0.004275,0.021980,0.012679,-0.008754,-0.031435,0.015914,0.020579,-0.026701,0.014897,-0.235163,0.255422,0.021518,-0.300190,0.166262,0.180349,-0.339258,0.265962,0.043738,0.296668,0.235110,-0.001566,0.354639,0.135664,-0.156985,0.457090,0.169096,-0.246949
0.006313,0.005460,0.016414,-0.000976,-0.006043,0.015403,-0.000327,0.009111,-0.008295,0.005265,-0.009301,-0.009487,0.002093,-0.006802,0.015674,0.004925,0.017221,0.014762,-0.007173,-0.024822,0.017286,0.025832,-0.031335,0.004291,-0.220377,0.224078,0.007938,-0.272816,0.159723,0.163040,-0.282279,0.246234,0.026362,0.290355,0.204768,-0.008000,0.337658,0.131283,-0.160677,0.413924,0.148772,-0.272820
0.006099,0.004857,0.012306,-0.001472,-0.002998,0.011243,-0.000666,0.006691,-0.006285,-0.004386,-0.006153,-0.007023,0.001264,-0.008730,0.011453,0.003424,0.012591,0.012456,-0.002367,-0.020163,0.014455,0.030265,-0.035055,-0.004256,-0.199709,0.189387,-0.003325,-0.240080,0.147518,0.142083,-0.213009,0.217271,0.003503,0.276278,0.171517,-0.012528,0.313243,0.121844,-0.156376,0.357983,0.118110,-0.296774
0.006245,0.003954,0.009410,-0.001967,-0.003450,0.008253,-0.000607,0.000229,-0.004849,-0.012206,-0.005652,-0.005068,-0.001806,-0.008501,0.007961,0.000489,0.010351,0.006826,0.003181,-0.019810,0.008746,0.031609,-0.036003,-0.006473,-0.177258,0.155390,-0.007957,-0.207124,0.131538,0.122728,-0.141749,0.183569,-0.020003,0.254161,0.139237,-0.010997,0.282007,0.108962,-0.140794,0.294498,0.081837,-0.312171
0.006924,0.000001,0.009887,0.001002,-0.002710,0.009045,0.000978,0.005751,-0.001792,-0.023487,-0.000896,-0.001902,-0.000868,-0.008781,0.008474,0.001906,0.010949,0.005339,0.006132,-0.018441,0.007228,0.032019,-0.037671,-0.009113,-0.153036,0.120485,-0.012753,-0.174689,0.108803,0.099718,-0.074326,0.144630,-0.049284,0.228403,0.106219,-0.010223,0.248988,0.089422,-0.122247,0.232900,0.039863,-0.323641
0.007606,-0.006053,0.011715,0.002968,0.000232,0.011040,0.001557,0.013558,0.002372,-0.032805,0.004887,0.002262,0.000175,-0.008313,0.010353,0.003168,0.013356,0.007173,0.006411,-0.015461,0.009018,0.031744,-0.042340,-0.009925,-0.128840,0.084020,-0.015491,-0.144949,0.078172,0.077045,-0.017029,0.101147,-0.079599,0.201385,0.071691,-0.007980,0.216904,0.061868,-0.100281,0.179287,-0.006589,-0.327243
0.008113,-0.013407,0.012789,-0.000212,0.006159,0.011566,-0.001109,0.013842,0.007074,-0.034464,0.008356,0.007157,-0.002174,-0.006038,0.010882,0.000161,0.016243,0.011433,0.004258,-0.010564,0.013163,0.031328,-0.052415,-0.006731,-0.105715,0.045087,-0.013932,-0.119009,0.038951,0.058539,0.026401,0.053280,-0.105854,0.175355,0.034618,-0.002185,0.188068,0.025415,-0.074436,0.137887,-0.056727,-0.319642
0.009193,-0.020711,0.014681,-0.000847,0.011055,0.013201,-0.001643,0.016260,0.011302,-0.029545,0.011473,0.011368,-0.004450,-0.006040,0.012144,-0.001652,0.020028,0.012412,0.001919,-0.005759,0.014074,0.030734,-0.058286,0.001498,-0.084775,0.014439,-0.006911,-0.097696,0.002814,0.046662,0.054099,0.012615,-0.124104,0.151421,0.005698,0.008029,0.163369,-0.008336,-0.045191,0.109889,-0.098256,-0.299361
0.010234,-0.024362,0.016369,0.001280,0.012400,0.015047,0.000126,0.019493,0.012873,-0.020583,0.012546,0.012723,-0.005625,-0.008341,0.013424,-0.001471,0.022805,0.009510,0.000444,-0.003411,0.011183,0.030208,-0.057058,0.010557,-0.066345,-0.004360,0.001458,-0.080801,-0.025195,0.038267,0.066813,-0.016681,-0.136057,0.130472,-0.011579,0.018372,0.143278,-0.034400,-0.017865,0.094702,-0.126395,-0.270887
0.008999,-0.033817,0.018634,0.000455,0.005042,0.017377,-0.001454,0.022440,0.006369,-0.010472,0.014418,0.006002,-0.003067,-0.007980,0.016380,0.002746,0.023038,0.003804,0.002028,-0.000399,0.005272,0.027367,-0.060304,0.019654,-0.052960,-0.022685,0.010456,-0.070231,-0.054860,0.033198,0.064415,-0.045781,-0.140813,0.110294,-0.028585,0.027987,0.125087,-0.062520,0.006071,0.087496,-0.151902,-0.236008
0.006826,-0.043521,0.022065,-0.000049,-0.002391,0.021053,-0.002541,0.025263,0.000193,-0.001165,0.015318,-0.000433,-0.000644,-0.005241,0.020654,0.006593,0.023639,-0.000484,0.004213,0.003718,0.000744,0.024352,-0.064527,0.028860,-0.042292,-0.037193,0.020193,-0.063077,-0.081461,0.031701,0.052509,-0.071627,-0.137551,0.092842,-0.042000,0.036933,0.110286,-0.087945,0.026498,0.086981,-0.171598,-0.196236
0.005300,-0.048071,0.027066,0.003183,-0.001471,0.026736,0.000874,0.027822,0.002613,0.005550,0.013195,0.001653,-0.001990,-0.000495,0.025690,0.005900,0.027384,0.000627,0.004706,0.009357,0.001748,0.023492,-0.066421,0.037987,-0.031646,-0.045165,0.030431,-0.056109,-0.101098,0.033385,0.037576,-0.091932,-0.126547,0.080034,-0.049059,0.045103,0.100369,-0.106673,0.043440,0.091677,-0.183389,-0.153758
0.003123,-0.052375,0.029192,0.007069,-0.001849,0.029731,0.006494,0.024052,-0.000581,0.014505,0.004008,-0.001923,-0.003554,0.002222,0.027934,0.005068,0.027812,-0.002183,0.005386,0.013549,-0.001283,0.020269,-0.069839,0.047556,-0.025114,-0.051448,0.041545,-0.052930,-0.117567,0.038307,0.019318,-0.111859,-0.108031,0.066847,-0.054589,0.053199,0.089902,-0.122430,0.057898,0.093277,-0.192891,-0.110234
0.001336,-0.054179,0.027427,0.009683,-0.003196,0.028600,0.011522,0.015993,-0.007743,0.021219,-0.007483,-0.009326,-0.004612,0.001591,0.026313,0.004452,0.024734,-0.007446,0.005853,0.014237,-0.006772,0.016298,-0.072968,0.052806,-0.020644,-0.055466,0.048561,-0.051110,-0.129567,0.041008,0.003008,-0.131040,-0.088069,0.054364,-0.057973,0.056712,0.079645,-0.133827,0.065835,0.090306,-0.200356,-0.072371
0.001508,-0.054382,0.028233,0.009227,-0.000870,0.029323,0.011453,0.014384,-0.004247,0.022809,-0.010792,-0.005964,-0.001281,0.004539,0.027711,0.007499,0.028388,-0.004193,0.010272,0.009232,-0.002963,0.013170,-0.074628,0.055107,-0.016238,-0.057170,0.052644,-0.048453,-0.136777,0.042009,-0.007296,-0.149561,-0.067060,0.043683,-0.059131,0.057235,0.070503,-0.140485,0.069501,0.082476,-0.206567,-0.040146
0.002758,-0.053531,0.030931,0.008085,0.004905,0.031686,0.010051,0.016038,0.005090,0.020097,-0.010274,0.003314,0.001796,0.009267,0.030755,0.010526,0.034055,-0.000368,0.014225,0.005489,0.001458,0.010223,-0.074656,0.057137,-0.012275,-0.057300,0.056305,-0.045251,-0.139921,0.043215,-0.011374,-0.167813,-0.044310,0.033798,-0.058780,0.057641,0.061365,-0.143088,0.072374,0.068815,-0.212592,-0.011578
0.004162,-0.052078,0.034836,0.008736,0.014060,0.035493,0.011187,0.017929,0.015365,0.014076,-0.010031,0.013577,-0.000048,0.013986,0.034074,0.009808,0.037011,-0.003883,0.013218,0.010013,-0.002163,0.006811,-0.072850,0.061483,-0.009304,-0.056414,0.061948,-0.042006,-0.139512,0.046756,-0.010610,-0.185174,-0.019151,0.023920,-0.057463,0.060711,0.051385,-0.142130,0.077519,0.049959,-0.218411,0.015758
0.005523,-0.048075,0.034387,0.007468,0.021957,0.034682,0.010824,0.017497,0.019858,0.007514,-0.007222,0.018349,-0.001880,0.019226,0.033054,0.008460,0.038530,-0.009553,0.010260,0.008658,-0.007673,0.003667,-0.067762,0.060302,-0.006598,-0.053551,0.061595,-0.038062,-0.134680,0.044698,-0.006393,-0.199030,-0.001163,0.014767,-0.054221,0.058746,0.041308,-0.136759,0.077195,0.029194,-0.221922,0.034237
0.006187,-0.043520,0.029910,0.004901,0.024651,0.029760,0.009121,0.014948,0.016471,0.003653,-0.003303,0.015392,-0.002805,0.022345,0.028302,0.007137,0.037856,-0.014443,0.006813,0.002130,-0.012222,0.002404,-0.061903,0.054279,-0.002497,-0.051175,0.055951,-0.032044,-0.128503,0.037876,-0.000021,-0.210540,0.008796,0.007916,-0.051509,0.052408,0.032955,-0.130063,0.071944,0.011445,-0.224670,0.045080
0.005707,-0.040119,0.033094,0.006400,0.018285,0.033231,0.010910,0.010056,0.016192,0.004879,0.000164,0.015646,-0.003299,0.024265,0.031502,0.007706,0.039734,-0.016859,0.004437,0.004713,-0.014713,0.000702,-0.058392,0.054203,0.000816,-0.051961,0.055956,-0.026611,-0.124688,0.037418,0.003146,-0.221780,0.020330,0.000945,-0.051999,0.052331,0.024298,-0.125779,0.072234,-0.002336,-0.228994,0.059697
0.004463,-0.037125,0.037799,0.008554,0.008073,0.038414,0.012999,0.004199,0.015982,0.007682,0.001752,0.015899,-0.002611,0.025639,0.036577,0.009011,0.037947,-0.016890,0.004453,0.007933,-0.015070,-0.000823,-0.056914,0.055338,0.004110,-0.055186,0.057019,-0.021494,-0.123567,0.039084,0.001223,-0.232045,0.028124,-0.005657,-0.054956,0.053623,0.016263,-0.124264,0.072835,-0.008928,-0.234297,0.073829
0.002841,-0.033626,0.038086,0.007888,-0.000645,0.038830,0.012151,-0.001200,0.013121,0.008556,0.000088,0.013253,0.000010,0.027233,0.037650,0.009885,0.026476,-0.014336,0.008171,0.003533,-0.012931,-0.001472,-0.056990,0.053105,0.008223,-0.060057,0.054681,-0.016340,-0.125359,0.038862,-0.006695,-0.241269,0.027732,-0.011313,-0.059584,0.051582,0.009874,-0.125756,0.068620,-0.006070,-0.240446,0.083205
0.001213,-0.030278,0.035970,0.008295,-0.008829,0.036992,0.012446,-0.006552,0.008224,0.011369,-0.000402,0.008633,0.001686,0.026627,0.036139,0.009383,0.013051,-0.011993,0.011836,0.001593,-0.011262,-0.002031,-0.056601,0.052609,0.012463,-0.064177,0.054173,-0.012303,-0.128637,0.042352,-0.021961,-0.248375,0.025067,-0.016881,-0.063483,0.051180,0.004690,-0.128852,0.064204,0.005791,-0.246131,0.093021
0.000293,-0.028832,0.032581,0.009454,-0.012513,0.033893,0.013623,-0.009315,0.003823,0.014583,0.000414,0.004436,0.001446,0.024028,0.032874,0.007626,0.004289,-0.011023,0.013462,0.003003,-0.010889,-0.002374,-0.055984,0.054164,0.016915,-0.067384,0.055908,-0.009598,-0.133857,0.050268,-0.043785,-0.254412,0.021949,-0.022178,-0.066494,0.052624,0.001178,-0.134025,0.059508,0.025807,-0.252042,0.103293
0.000211,-0.028731,0.023470,0.008306,-0.016441,0.024631,0.012383,-0.011615,-0.006965,0.015004,-0.002203,-0.006393,0.005205,0.023610,0.024459,0.007149,-0.016639,-0.009286,0.021451,-0.001661,-0.010074,-0.003395,-0.053004,0.050437,0.020463,-0.067170,0.052598,-0.009349,-0.138476,0.055486,-0.071046,-0.257286,0.013117,-0.027868,-0.066117,0.048530,-0.001303,-0.138736,0.046984,0.050734,-0.255665,0.105876
0.000553,-0.029176,0.013926,0.005715,-0.021933,0.014668,0.009633,-0.014343,-0.019517,0.012221,-0.003865,-0.018873,0.010111,0.022031,0.015735,0.007476,-0.037476,-0.005304,0.028960,-0.009773,-0.006801,-0.005946,-0.050548,0.043357,0.021897,-0.066042,0.046188,-0.012406,-0.144246,0.059715,-0.101209,-0.258890,0.002744,-0.034434,-0.064874,0.040806,-0.003548,-0.144729,0.028766,0.076090,-0.258466,0.101572
0.000942,-0.029224,0.009338,0.002634,-0.030235,0.009577,0.006367,-0.018331,-0.028999,0.005939,0.000006,-0.027805,0.013370,0.016110,0.011651,0.008196,-0.045771,0.002542,0.029177,-0.018485,0.001077,-0.010932,-0.051258,0.035022,0.019863,-0.066377,0.038733,-0.019342,-0.151981,0.064133,-0.130788,-0.259888,-0.005198,-0.042333,-0.065147,0.031589,-0.006745,-0.152783,0.007847,0.096345,-0.260753,0.091483
0.001493,-0.027970,0.003156,0.003581,-0.037502,0.003440,0.005474,-0.022171,-0.028154,0.001239,0.010215,-0.025996,0.015384,0.009953,0.005716,0.009053,-0.044994,0.006773,0.028654,-0.027093,0.005880,-0.014585,-0.043929,0.019840,0.017608,-0.057012,0.024488,-0.025633,-0.148062,0.061348,-0.151225,-0.246382,-0.015445,-0.047286,-0.055778,0.015436,-0.007804,-0.149217,-0.019619,0.110374,-0.248351,0.069700
0.001878,-0.026113,-0.001482,0.007942,-0.040185,-0.000633,0.007255,-0.024057,-0.017341,0.000345,0.021508,-0.014292,0.015076,0.006554,0.000943,0.009549,-0.035629,0.005294,0.027553,-0.031334,0.005223,-0.015182,-0.032332,0.005444,0.016281,-0.042235,0.010797,-0.028462,-0.133602,0.056401,-0.156545,-0.219258,-0.020977,-0.047018,-0.041070,0.000280,-0.005998,-0.135058,-0.043460,0.115677,-0.221928,0.044705
0.002803,-0.027358,-0.015055,0.015957,-0.037871,-0.013172,0.006885,-0.010119,0.006095,0.002778,0.032749,0.008931,0.018111,0.004223,-0.012257,0.011618,-0.027382,0.003460,0.039701,-0.041106,0.004605,-0.020078,-0.025775,-0.004932,0.008026,-0.032417,0.000467,-0.034044,-0.115893,0.049593,-0.151489,-0.185767,-0.020614,-0.048428,-0.031394,-0.010202,-0.009765,-0.117500,-0.057557,0.102346,-0.188653,0.021710
0.004147,-0.026948,-0.026759,0.022497,-0.031948,-0.024104,0.005641,0.002945,0.032836,0.006413,0.042281,0.035370,0.021562,0.003971,-0.023586,0.013486,-0.018091,0.006200,0.053434,-0.048838,0.008530,-0.024869,-0.022095,-0.016404,-0.002831,-0.026371,-0.011904,-0.037230,-0.092604,0.033253,-0.131433,-0.143994,-0.022522,-0.047064,-0.025570,-0.020820,-0.015403,-0.094108,-0.064517,0.074708,-0.146579,-0.001665
0.005839,-0.020284,-0.025984,0.022344,-0.023958,-0.023585,0.004763,-0.001624,0.053369,0.009128,0.048347,0.056528,0.022513,0.006719,-0.022953,0.013378,-0.005703,0.018217,0.056976,-0.047010,0.021256,-0.025153,-0.019201,-0.034279,-0.011260,-0.021899,-0.031432,-0.033637,-0.063685,0.000952,-0.094451,-0.094875,-0.034760,-0.039148,-0.021380,-0.037070,-0.018550,-0.064787,-0.068489,0.039641,-0.096708,-0.028174
0.006955,-0.015878,-0.025534,0.022215,-0.018666,-0.023310,0.004161,-0.004703,0.066977,0.010930,0.052364,0.070550,0.023114,0.008542,-0.022600,0.013272,0.002545,0.026154,0.059284,-0.045812,0.029663,-0.025329,-0.017277,-0.046283,-0.015899,-0.019268,-0.044391,-0.031348,-0.047532,-0.020676,-0.073336,-0.068364,-0.045216,-0.034835,-0.018912,-0.048133,-0.020604,-0.048344,-0.071180,0.019575,-0.069681,-0.043428
