body_0_x,body_0_y,body_0_z,body_1_x,body_1_y,body_1_z,body_2_x,body_2_y,body_2_z,body_3_x,body_3_y,body_3_z,body_4_x,body_4_y,body_4_z,body_5_x,body_5_y,body_5_z,body_6_x,body_6_y,body_6_z,body_7_x,body_7_y,body_7_z,body_8_x,body_8_y,body_8_z,body_9_x,body_9_y,body_9_z,body_10_x,body_10_y,body_10_z,body_11_x,body_11_y,body_11_z,body_12_x,body_12_y,body_12_z,body_13_x,body_13_y,body_13_z
0.046256,-0.010303,0.783686,0.047009,0.106974,0.651317,0.031932,0.126267,0.346063,-0.027007,0.139423,0.034523,0.047844,-0.125925,0.649833,0.041350,-0.142344,0.344181,-0.011877,-0.153788,0.031639,0.041307,-0.010417,0.827586,0.067934,0.129510,1.071749,0.106329,0.159052,0.894023,0.237137,0.088911,0.788946,0.056653,-0.151236,1.072200,0.092531,-0.184333,0.894574,0.228532,-0.125251,0.789290
0.046022,-0.010011,0.783659,0.046817,0.107267,0.651291,0.031749,0.126563,0.346037,-0.027101,0.139744,0.034483,0.047609,-0.125633,0.649806,0.040967,-0.142065,0.344158,-0.012399,-0.153497,0.031638,0.041061,-0.010126,0.827558,0.067388,0.129786,1.071760,0.105847,0.159498,0.894076,0.236869,0.089225,0.789378,0.056169,-0.150963,1.072174,0.092114,-0.184172,0.894583,0.228313,-0.124886,0.789694
0.045821,-0.009838,0.783626,0.046634,0.107442,0.651260,0.031597,0.126732,0.346005,-0.027196,0.139911,0.034442,0.047422,-0.125458,0.649772,0.040631,-0.141905,0.344127,-0.012883,-0.153335,0.031631,0.040850,-0.009955,0.827523,0.066885,0.129943,1.071763,0.105279,0.159967,0.894117,0.236592,0.089411,0.790024,0.055751,-0.150812,1.072138,0.091628,-0.184258,0.894578,0.228105,-0.124601,0.790310
0.045688,-0.009906,0.783581,0.046474,0.107382,0.651221,0.031515,0.126644,0.345961,-0.027285,0.139765,0.034397,0.047336,-0.125518,0.649721,0.040393,-0.141986,0.344080,-0.013282,-0.153432,0.031614,0.040711,-0.010028,0.827478,0.066478,0.129856,1.071749,0.104680,0.160328,0.894139,0.236347,0.089365,0.790845,0.055474,-0.150907,1.072084,0.091156,-0.184698,0.894550,0.227964,-0.124505,0.791100
0.045609,-0.009936,0.783523,0.046384,0.107360,0.651171,0.031512,0.126609,0.345905,-0.027356,0.139676,0.034354,0.047302,-0.125539,0.649657,0.040242,-0.142007,0.344018,-0.013551,-0.153450,0.031572,0.040625,-0.010062,0.827419,0.066133,0.129828,1.071708,0.104082,0.160835,0.894137,0.236158,0.089322,0.791849,0.055240,-0.150942,1.072028,0.090656,-0.185200,0.894531,0.227867,-0.124369,0.792092
0.045557,-0.009947,0.783459,0.046328,0.107358,0.651114,0.031549,0.126599,0.345845,-0.027417,0.139614,0.034311,0.047293,-0.125540,0.649586,0.040135,-0.141998,0.343948,-0.013754,-0.153428,0.031519,0.040564,-0.010078,0.827354,0.065818,0.129829,1.071654,0.103478,0.161445,0.894129,0.236005,0.089275,0.793020,0.055027,-0.150948,1.071972,0.090134,-0.185763,0.894523,0.227801,-0.124206,0.793262
0.045391,-0.009835,0.783410,0.046121,0.107474,0.651068,0.031446,0.126724,0.345794,-0.027506,0.139713,0.034257,0.047195,-0.125424,0.649535,0.039968,-0.141888,0.343899,-0.014000,-0.153339,0.031486,0.040393,-0.009969,0.827304,0.065429,0.129974,1.071600,0.102745,0.162250,0.894122,0.235735,0.089353,0.794304,0.054764,-0.150811,1.071939,0.089508,-0.186251,0.894542,0.227635,-0.123893,0.794561
0.045345,-0.009737,0.783371,0.046036,0.107575,0.651031,0.031460,0.126836,0.345755,-0.027478,0.139803,0.034215,0.047216,-0.125322,0.649493,0.039918,-0.141801,0.343860,-0.014110,-0.153288,0.031459,0.040342,-0.009875,0.827265,0.065158,0.130114,1.071552,0.102126,0.163079,0.894128,0.235589,0.089416,0.795698,0.054629,-0.150680,1.071919,0.089007,-0.186785,0.894586,0.227603,-0.123581,0.795977
0.045536,-0.009665,0.783353,0.046190,0.107653,0.651017,0.031703,0.126926,0.345738,-0.027221,0.139880,0.034195,0.047471,-0.125244,0.649472,0.040097,-0.141758,0.343842,-0.013954,-0.153308,0.031449,0.040527,-0.009807,0.827246,0.065121,0.130241,1.071516,0.101746,0.163903,0.894153,0.235680,0.089461,0.797167,0.054750,-0.150562,1.071928,0.088773,-0.187353,0.894668,0.227823,-0.123278,0.797479
0.045652,-0.009626,0.783339,0.046287,0.107697,0.651008,0.031892,0.126972,0.345725,-0.026975,0.139917,0.034172,0.047621,-0.125199,0.649453,0.040192,-0.141749,0.343826,-0.013822,-0.153360,0.031430,0.040641,-0.009771,0.827232,0.065100,0.130328,1.071480,0.101390,0.164664,0.894179,0.235738,0.089403,0.798636,0.054785,-0.150480,1.071939,0.088437,-0.187965,0.894755,0.227933,-0.123075,0.798984
0.045730,-0.009604,0.783327,0.046355,0.107726,0.651001,0.032053,0.126993,0.345714,-0.026734,0.139934,0.034145,0.047719,-0.125170,0.649436,0.040244,-0.141759,0.343812,-0.013702,-0.153429,0.031407,0.040718,-0.009752,0.827220,0.065089,0.130394,1.071446,0.101062,0.165374,0.894206,0.235782,0.089298,0.800084,0.054778,-0.150417,1.071952,0.088066,-0.188579,0.894844,0.227989,-0.122927,0.800467
0.045835,-0.009411,0.783329,0.046416,0.107924,0.651006,0.032291,0.127182,0.345711,-0.026370,0.140093,0.034117,0.047864,-0.124971,0.649434,0.040292,-0.141600,0.343815,-0.013659,-0.153346,0.031413,0.040825,-0.009562,0.827222,0.065119,0.130641,1.071418,0.100765,0.166234,0.894235,0.235831,0.089411,0.801472,0.054873,-0.150174,1.071981,0.087805,-0.188979,0.894947,0.228097,-0.122575,0.801896
0.045887,-0.009291,0.783325,0.046429,0.108050,0.651006,0.032449,0.127293,0.345704,-0.026114,0.140167,0.034090,0.047951,-0.124845,0.649425,0.040295,-0.141516,0.343810,-0.013653,-0.153338,0.031412,0.040880,-0.009445,0.827218,0.065111,0.130814,1.071385,0.100452,0.166974,0.894256,0.235833,0.089455,0.802781,0.054920,-0.150006,1.072003,0.087519,-0.189411,0.895040,0.228148,-0.122312,0.803247
0.045835,-0.009318,0.783307,0.046344,0.108029,0.650993,0.032453,0.127244,0.345685,-0.026067,0.140074,0.034062,0.047924,-0.124865,0.649402,0.040209,-0.141584,0.343791,-0.013713,-0.153482,0.031391,0.040830,-0.009475,0.827200,0.065027,0.130836,1.071337,0.100083,0.167515,0.894258,0.235743,0.089353,0.803979,0.054870,-0.149986,1.072010,0.087155,-0.189949,0.895115,0.228091,-0.122224,0.804487
0.045903,-0.009287,0.783284,0.046397,0.108066,0.650974,0.032564,0.127238,0.345662,-0.025923,0.140021,0.034031,0.048004,-0.124828,0.649374,0.040239,-0.141595,0.343767,-0.013702,-0.153551,0.031372,0.040899,-0.009446,0.827178,0.065094,0.130908,1.071286,0.099884,0.168060,0.894254,0.235788,0.089318,0.805062,0.054952,-0.149917,1.072007,0.086939,-0.190389,0.895173,0.228153,-0.122112,0.805604
0.046031,-0.009225,0.783256,0.046518,0.108133,0.650951,0.032729,0.127257,0.345634,-0.025730,0.139991,0.033996,0.048137,-0.124761,0.649341,0.040327,-0.141574,0.343738,-0.013658,-0.153579,0.031353,0.041028,-0.009386,0.827150,0.065239,0.131005,1.071232,0.099787,0.168589,0.894244,0.235910,0.089333,0.806029,0.055102,-0.149821,1.071995,0.086816,-0.190758,0.895220,0.228281,-0.122003,0.806603
0.045950,-0.009020,0.783215,0.046410,0.108341,0.650912,0.032632,0.127417,0.345591,-0.025821,0.140097,0.033951,0.048077,-0.124553,0.649298,0.040287,-0.141398,0.343696,-0.013685,-0.153441,0.031309,0.040949,-0.009182,0.827109,0.065192,0.131224,1.071178,0.099515,0.169217,0.894234,0.235837,0.089536,0.806871,0.055069,-0.149605,1.071957,0.086533,-0.190951,0.895232,0.228220,-0.121776,0.807457
0.045910,-0.008858,0.783190,0.046348,0.108504,0.650888,0.032557,0.127535,0.345565,-0.025881,0.140173,0.033920,0.048047,-0.124389,0.649272,0.040279,-0.141264,0.343671,-0.013667,-0.153340,0.031281,0.040911,-0.009021,0.827084,0.065203,0.131400,1.071138,0.099331,0.169768,0.894236,0.235834,0.089723,0.807620,0.055075,-0.149430,1.071935,0.086314,-0.191159,0.895262,0.228211,-0.121648,0.808220
0.045951,-0.008784,0.783201,0.046379,0.108576,0.650897,0.032527,0.127564,0.345575,-0.025878,0.140185,0.033923,0.048076,-0.124318,0.649284,0.040333,-0.141219,0.343684,-0.013562,-0.153323,0.031286,0.040956,-0.008945,0.827096,0.065327,0.131493,1.071130,0.099288,0.170198,0.894270,0.235949,0.089841,0.808294,0.055152,-0.149336,1.071954,0.086185,-0.191433,0.895331,0.228285,-0.121682,0.808914
0.045935,-0.008829,0.783200,0.046350,0.108532,0.650897,0.032443,0.127469,0.345574,-0.025965,0.140049,0.033921,0.048047,-0.124361,0.649282,0.040349,-0.141294,0.343682,-0.013524,-0.153429,0.031281,0.040946,-0.008990,0.827095,0.065411,0.131454,1.071115,0.099220,0.170484,0.894297,0.236027,0.089886,0.808854,0.055186,-0.149374,1.071953,0.086029,-0.191813,0.895379,0.228316,-0.121888,0.809486
0.045890,-0.008933,0.783194,0.046291,0.108431,0.650894,0.032331,0.127309,0.345569,-0.026098,0.139838,0.033917,0.047989,-0.124463,0.649273,0.040345,-0.141430,0.343674,-0.013520,-0.153598,0.031272,0.040907,-0.009094,0.827090,0.065475,0.131350,1.071098,0.099144,0.170693,0.894323,0.236091,0.089921,0.809316,0.055199,-0.149476,1.071945,0.085864,-0.192238,0.895417,0.228329,-0.122205,0.809956
0.045788,-0.009013,0.783175,0.046190,0.108351,0.650875,0.032176,0.127192,0.345551,-0.026162,0.139722,0.033881,0.047836,-0.124542,0.649252,0.040262,-0.141533,0.343654,-0.013575,-0.153718,0.031246,0.040816,-0.009173,0.827072,0.065477,0.131275,1.071068,0.099041,0.170908,0.894338,0.236122,0.090006,0.809702,0.055118,-0.149549,1.071929,0.085631,-0.192629,0.895452,0.228281,-0.122566,0.810353
0.045675,-0.009026,0.783177,0.046084,0.108339,0.650878,0.032032,0.127141,0.345552,-0.026243,0.139661,0.033869,0.047668,-0.124555,0.649253,0.040172,-0.141571,0.343654,-0.013639,-0.153773,0.031242,0.040714,-0.009184,0.827075,0.065493,0.131263,1.071058,0.098946,0.171175,0.894370,0.236147,0.090189,0.810019,0.055034,-0.149558,1.071931,0.085385,-0.192945,0.895501,0.228210,-0.122914,0.810681
0.045541,-0.008904,0.783219,0.045968,0.108462,0.650920,0.031910,0.127222,0.345591,-0.026358,0.139715,0.033906,0.047471,-0.124433,0.649293,0.040063,-0.141480,0.343694,-0.013725,-0.153692,0.031278,0.040591,-0.009060,0.827119,0.065542,0.131377,1.071088,0.098858,0.171559,0.894435,0.236150,0.090517,0.810282,0.054946,-0.149439,1.071968,0.085098,-0.193122,0.895577,0.228087,-0.123184,0.810952
0.045340,-0.008869,0.783229,0.045778,0.108501,0.650934,0.031729,0.127232,0.345603,-0.026463,0.139721,0.033902,0.047210,-0.124394,0.649298,0.039887,-0.141480,0.343699,-0.013844,-0.153722,0.031274,0.040403,-0.009025,0.827130,0.065519,0.131412,1.071082,0.098680,0.171850,0.894458,0.236060,0.090794,0.810448,0.054802,-0.149401,1.071978,0.084742,-0.193373,0.895622,0.227879,-0.123560,0.811132
0.045107,-0.008876,0.783225,0.045552,0.108501,0.650935,0.031520,0.127210,0.345602,-0.026563,0.139706,0.033880,0.046920,-0.124394,0.649287,0.039677,-0.141523,0.343689,-0.013977,-0.153805,0.031252,0.040183,-0.009032,0.827128,0.065460,0.131406,1.071060,0.098447,0.172092,0.894460,0.235906,0.091052,0.810545,0.054629,-0.149403,1.071974,0.084341,-0.193655,0.895649,0.227612,-0.123990,0.811244
0.045133,-0.008844,0.783257,0.045608,0.108536,0.650969,0.031619,0.127208,0.345631,-0.026382,0.139693,0.033893,0.046878,-0.124360,0.649316,0.039695,-0.141526,0.343719,-0.013951,-0.153832,0.031282,0.040219,-0.008998,0.827161,0.065682,0.131439,1.071073,0.098486,0.172356,0.894491,0.235999,0.091323,0.810634,0.054681,-0.149364,1.072007,0.084138,-0.193894,0.895710,0.227547,-0.124425,0.811351
0.045103,-0.008824,0.783290,0.045615,0.108556,0.651002,0.031659,0.127200,0.345661,-0.026277,0.139680,0.033910,0.046782,-0.124340,0.649347,0.039677,-0.141527,0.343750,-0.013927,-0.153841,0.031306,0.040198,-0.008976,0.827195,0.065841,0.131467,1.071084,0.098450,0.172602,0.894516,0.236006,0.091581,0.810689,0.054664,-0.149330,1.072045,0.083852,-0.194134,0.895772,0.227389,-0.124878,0.811431
0.044961,-0.008827,0.783327,0.045525,0.108550,0.651036,0.031581,0.127180,0.345693,-0.026327,0.139670,0.033938,0.046577,-0.124348,0.649386,0.039590,-0.141523,0.343787,-0.013909,-0.153812,0.031322,0.040061,-0.008974,0.827232,0.065878,0.131485,1.071091,0.098287,0.172822,0.894534,0.235872,0.091802,0.810727,0.054510,-0.149306,1.072095,0.083421,-0.194387,0.895847,0.227080,-0.125354,0.811503
0.044848,-0.008847,0.783332,0.045477,0.108523,0.651036,0.031525,0.127140,0.345692,-0.026313,0.139654,0.033924,0.046387,-0.124375,0.649396,0.039508,-0.141555,0.343794,-0.013885,-0.153830,0.031311,0.039953,-0.008989,0.827238,0.065951,0.131493,1.071062,0.098154,0.173019,0.894511,0.235747,0.091977,0.810714,0.054369,-0.149290,1.072118,0.082987,-0.194651,0.895894,0.226762,-0.125848,0.811533
0.044751,-0.008874,0.783319,0.045450,0.108488,0.651016,0.031482,0.127091,0.345671,-0.026263,0.139634,0.033887,0.046207,-0.124410,0.649389,0.039431,-0.141605,0.343786,-0.013856,-0.153873,0.031283,0.039861,-0.009009,0.827225,0.066044,0.131499,1.071012,0.098033,0.173206,0.894464,0.235616,0.092115,0.810676,0.054234,-0.149275,1.072126,0.082549,-0.194918,0.895925,0.226428,-0.126333,0.811543
0.044695,-0.008864,0.783355,0.045432,0.108491,0.651046,0.031425,0.127091,0.345702,-0.026285,0.139661,0.033912,0.046074,-0.124408,0.649430,0.039381,-0.141588,0.343825,-0.013844,-0.153824,0.031310,0.039814,-0.008994,0.827262,0.066189,0.131524,1.071021,0.097939,0.173427,0.894476,0.235499,0.092278,0.810687,0.054172,-0.149243,1.072171,0.082165,-0.195147,0.895987,0.226126,-0.126736,0.811585
0.044603,-0.008827,0.783369,0.045378,0.108522,0.651054,0.031334,0.127119,0.345711,-0.026330,0.139718,0.033914,0.045904,-0.124378,0.649449,0.039291,-0.141539,0.343841,-0.013856,-0.153743,0.031311,0.039732,-0.008951,0.827278,0.066300,0.131579,1.071005,0.097804,0.173674,0.894462,0.235327,0.092438,0.810683,0.054083,-0.149180,1.072196,0.081746,-0.195345,0.896027,0.225775,-0.127075,0.811614
0.044437,-0.008734,0.783341,0.045248,0.108610,0.651022,0.031170,0.127207,0.345680,-0.026425,0.139844,0.033871,0.045653,-0.124290,0.649424,0.039116,-0.141424,0.343814,-0.013922,-0.153591,0.031262,0.039577,-0.008854,0.827251,0.066348,0.131695,1.070944,0.097593,0.173977,0.894399,0.235067,0.092625,0.810644,0.053940,-0.149057,1.072181,0.081265,-0.195481,0.896027,0.225347,-0.127313,0.811613
0.044161,-0.008829,0.783327,0.044989,0.108511,0.651004,0.030892,0.127118,0.345663,-0.026552,0.139813,0.033828,0.045311,-0.124389,0.649413,0.038828,-0.141494,0.343800,-0.014105,-0.153632,0.031229,0.039312,-0.008945,0.827238,0.066292,0.131636,1.070888,0.097270,0.174095,0.894339,0.234686,0.092594,0.810629,0.053707,-0.149109,1.072186,0.080689,-0.195798,0.896050,0.224811,-0.127695,0.811649
0.043829,-0.009018,0.783318,0.044665,0.108318,0.650992,0.030556,0.126939,0.345651,-0.026695,0.139701,0.033783,0.044921,-0.124582,0.649406,0.038483,-0.141658,0.343791,-0.014347,-0.153771,0.031201,0.038992,-0.009130,0.827230,0.066184,0.131490,1.070831,0.096895,0.174121,0.894277,0.234247,0.092438,0.810643,0.053428,-0.149249,1.072200,0.080069,-0.196205,0.896083,0.224225,-0.128132,0.811719
0.044224,-0.009231,0.783351,0.045072,0.108102,0.651021,0.030924,0.126742,0.345684,-0.026210,0.139571,0.033796,0.045248,-0.124799,0.649441,0.038887,-0.141820,0.343821,-0.013812,-0.153870,0.031206,0.039400,-0.009339,0.827265,0.066860,0.131305,1.070820,0.097276,0.174116,0.894258,0.234541,0.092215,0.810702,0.053919,-0.149426,1.072246,0.080185,-0.196642,0.896142,0.224364,-0.128568,0.811824
0.044443,-0.009416,0.783381,0.045286,0.107912,0.651047,0.031100,0.126560,0.345711,-0.025890,0.139445,0.033798,0.045400,-0.124988,0.649474,0.039106,-0.141966,0.343851,-0.013473,-0.153969,0.031212,0.039635,-0.009520,0.827297,0.067369,0.131151,1.070802,0.097474,0.174148,0.894233,0.234651,0.092010,0.810780,0.054270,-0.149573,1.072288,0.080154,-0.197049,0.896197,0.224342,-0.128927,0.811949
0.044309,-0.009546,0.783403,0.045117,0.107776,0.651063,0.030893,0.126409,0.345728,-0.025903,0.139332,0.033779,0.045204,-0.125125,0.649501,0.038955,-0.142080,0.343875,-0.013523,-0.154070,0.031218,0.039521,-0.009646,0.827321,0.067542,0.131057,1.070773,0.097299,0.174250,0.894193,0.234390,0.091870,0.810858,0.054340,-0.149663,1.072320,0.079821,-0.197397,0.896241,0.223995,-0.129168,0.812076
0.044116,-0.009541,0.783441,0.044880,0.107777,0.651097,0.030651,0.126419,0.345762,-0.025949,0.139400,0.033779,0.044949,-0.125123,0.649541,0.038749,-0.142059,0.343913,-0.013580,-0.154046,0.031229,0.039352,-0.009639,0.827361,0.067676,0.131096,1.070758,0.097061,0.174495,0.894166,0.234063,0.091855,0.810972,0.054391,-0.149621,1.072365,0.079451,-0.197614,0.896296,0.223600,-0.129238,0.812238
0.043894,-0.009468,0.783487,0.044608,0.107848,0.651140,0.030391,0.126509,0.345806,-0.026011,0.139558,0.033787,0.044664,-0.125052,0.649587,0.038515,-0.141972,0.343958,-0.013642,-0.153959,0.031244,0.039156,-0.009564,0.827410,0.067791,0.131202,1.070750,0.096791,0.174814,0.894148,0.233704,0.091895,0.811126,0.054434,-0.149512,1.072416,0.079063,-0.197769,0.896359,0.223184,-0.129212,0.812438
0.043702,-0.009561,0.783546,0.044353,0.107756,0.651197,0.030157,0.126431,0.345864,-0.026099,0.139530,0.033819,0.044391,-0.125145,0.649645,0.038332,-0.142045,0.344012,-0.013621,-0.154025,0.031262,0.038997,-0.009657,0.827473,0.067989,0.131149,1.070746,0.096551,0.174983,0.894127,0.233369,0.091773,0.811287,0.054596,-0.149564,1.072480,0.078753,-0.198091,0.896432,0.222822,-0.129311,0.812652
0.043508,-0.009612,0.783613,0.044085,0.107708,0.651265,0.029936,0.126392,0.345930,-0.026175,0.139528,0.033858,0.044116,-0.125193,0.649708,0.038152,-0.142082,0.344073,-0.013603,-0.154064,0.031288,0.038839,-0.009709,0.827544,0.068216,0.131130,1.070750,0.096309,0.175202,0.894116,0.233031,0.091690,0.811478,0.054809,-0.149584,1.072543,0.078466,-0.198381,0.896502,0.222474,-0.129339,0.812890
0.043309,-0.009577,0.783694,0.043789,0.107750,0.651350,0.029738,0.126434,0.346010,-0.026227,0.139580,0.033909,0.043836,-0.125151,0.649781,0.037978,-0.142047,0.344145,-0.013595,-0.154052,0.031329,0.038683,-0.009676,0.827629,0.068502,0.131182,1.070768,0.096064,0.175518,0.894117,0.232684,0.091707,0.811681,0.055122,-0.149534,1.072606,0.078232,-0.198595,0.896566,0.222153,-0.129242,0.813128
0.043117,-0.009527,0.783758,0.043492,0.107810,0.651420,0.029555,0.126488,0.346075,-0.026230,0.139641,0.033939,0.043554,-0.125091,0.649835,0.037821,-0.141999,0.344197,-0.013499,-0.154039,0.031338,0.038538,-0.009630,0.827698,0.068867,0.131236,1.070768,0.095867,0.175851,0.894100,0.232371,0.091711,0.811883,0.055490,-0.149481,1.072641,0.078014,-0.198811,0.896601,0.221847,-0.129134,0.813357
0.042928,-0.009470,0.783814,0.043195,0.107878,0.651484,0.029380,0.126548,0.346133,-0.026209,0.139707,0.033959,0.043269,-0.125022,0.649879,0.037670,-0.141944,0.344240,-0.013362,-0.154024,0.031332,0.038398,-0.009577,0.827759,0.069271,0.131290,1.070758,0.095700,0.176198,0.894078,0.232087,0.091705,0.812113,0.055887,-0.149428,1.072663,0.077809,-0.199035,0.896625,0.221563,-0.129019,0.813611
0.042694,-0.009385,0.783938,0.042835,0.107976,0.651616,0.029195,0.126603,0.346255,-0.026173,0.139729,0.034037,0.042928,-0.124924,0.649991,0.037501,-0.141877,0.344350,-0.013319,-0.153998,0.031406,0.038221,-0.009496,0.827889,0.069736,0.131386,1.070794,0.095519,0.176595,0.894096,0.231774,0.091740,0.812377,0.056373,-0.149333,1.072751,0.077629,-0.199240,0.896716,0.221274,-0.128854,0.813914
0.042390,-0.009337,0.784063,0.042388,0.108038,0.651751,0.028919,0.126613,0.346379,-0.026193,0.139702,0.034111,0.042513,-0.124862,0.650102,0.037262,-0.141847,0.344460,-0.013307,-0.154017,0.031474,0.037979,-0.009453,0.828020,0.070183,0.131438,1.070828,0.095301,0.176969,0.894118,0.231423,0.091736,0.812666,0.056846,-0.149283,1.072831,0.077415,-0.199501,0.896803,0.220949,-0.128724,0.814238
0.041946,-0.009362,0.784191,0.041764,0.108030,0.651891,0.028463,0.126530,0.346507,-0.026323,0.139572,0.034176,0.041950,-0.124870,0.650214,0.036882,-0.141889,0.344571,-0.013357,-0.154126,0.031531,0.037606,-0.009484,0.828155,0.070596,0.131405,1.070858,0.095002,0.177287,0.894138,0.230972,0.091659,0.812948,0.057287,-0.149318,1.072898,0.077122,-0.199861,0.896879,0.220527,-0.128668,0.814549
0.041558,-0.009266,0.784309,0.041193,0.108141,0.652020,0.028097,0.126546,0.346621,-0.026312,0.139522,0.034218,0.041414,-0.124758,0.650317,0.036539,-0.141815,0.344673,-0.013386,-0.154112,0.031581,0.037298,-0.009394,0.828281,0.071178,0.131490,1.070863,0.094832,0.177746,0.894139,0.230628,0.091700,0.813206,0.057888,-0.149234,1.072945,0.076943,-0.200127,0.896941,0.220204,-0.128500,0.814839
0.041198,-0.009110,0.784423,0.040647,0.108312,0.652144,0.027776,0.126611,0.346729,-0.026231,0.139513,0.034250,0.040890,-0.124587,0.650417,0.036213,-0.141682,0.344772,-0.013406,-0.154036,0.031630,0.037022,-0.009243,0.828403,0.071845,0.131634,1.070854,0.094748,0.178288,0.894136,0.230364,0.091800,0.813484,0.058570,-0.149090,1.072979,0.076842,-0.200361,0.897002,0.219957,-0.128283,0.815150
0.040768,-0.008945,0.784584,0.039982,0.108498,0.652321,0.027374,0.126691,0.346889,-0.026195,0.139518,0.034327,0.040263,-0.124401,0.650559,0.035839,-0.141556,0.344914,-0.013418,-0.153991,0.031714,0.036695,-0.009086,0.828574,0.072632,0.131787,1.070865,0.094679,0.178873,0.894153,0.230076,0.091939,0.813726,0.059412,-0.148941,1.073039,0.076808,-0.200615,0.897092,0.219717,-0.128042,0.815430
0.040233,-0.008778,0.784749,0.039195,0.108688,0.652504,0.026861,0.126776,0.347055,-0.026256,0.139528,0.034408,0.039518,-0.124211,0.650704,0.035350,-0.141424,0.345058,-0.013546,-0.153937,0.031800,0.036271,-0.008928,0.828749,0.073399,0.131936,1.070865,0.094573,0.179487,0.894171,0.229735,0.092091,0.813972,0.060244,-0.148794,1.073088,0.076746,-0.200902,0.897183,0.219430,-0.127806,0.815712
0.039487,-0.008606,0.784927,0.038160,0.108887,0.652705,0.026128,0.126869,0.347237,-0.026507,0.139544,0.034501,0.038533,-0.124012,0.650859,0.034632,-0.141281,0.345213,-0.013902,-0.153870,0.031897,0.035649,-0.008766,0.828938,0.074126,0.132083,1.070853,0.094350,0.180136,0.894184,0.229238,0.092265,0.814165,0.061049,-0.148650,1.073123,0.076586,-0.201218,0.897267,0.218997,-0.127570,0.815943
0.038836,-0.008457,0.785087,0.037183,0.109064,0.652890,0.025487,0.126950,0.347404,-0.026557,0.139576,0.034561,0.037614,-0.123833,0.650995,0.034032,-0.141174,0.345349,-0.014005,-0.153870,0.031956,0.035140,-0.008628,0.829110,0.075101,0.132229,1.070780,0.094315,0.180797,0.894140,0.228891,0.092436,0.814272,0.062120,-0.148507,1.073128,0.076635,-0.201583,0.897338,0.218728,-0.127361,0.816110
0.038234,-0.008318,0.785240,0.036237,0.109233,0.653071,0.024893,0.127027,0.347565,-0.026504,0.139618,0.034609,0.036730,-0.123664,0.651125,0.033493,-0.141086,0.345479,-0.013980,-0.153903,0.031999,0.034687,-0.008500,0.829275,0.076202,0.132376,1.070674,0.094402,0.181479,0.894075,0.228651,0.092613,0.814359,0.063327,-0.148364,1.073115,0.076817,-0.201984,0.897409,0.218572,-0.127173,0.816270
0.037422,-0.008203,0.785498,0.035005,0.109377,0.653358,0.024098,0.127058,0.347831,-0.026649,0.139567,0.034759,0.035640,-0.123520,0.651361,0.032845,-0.140999,0.345714,-0.014089,-0.153914,0.032150,0.034043,-0.008397,0.829546,0.077292,0.132537,1.070608,0.094367,0.182180,0.894048,0.228244,0.092819,0.814412,0.064593,-0.148209,1.073186,0.076971,-0.202418,0.897580,0.218302,-0.126982,0.816430
0.036653,-0.008112,0.785754,0.033790,0.109497,0.653646,0.023338,0.127064,0.348097,-0.026690,0.139496,0.034900,0.034587,-0.123398,0.651595,0.032239,-0.140945,0.345949,-0.014126,-0.153975,0.032299,0.033450,-0.008319,0.829815,0.078499,0.132687,1.070508,0.094451,0.182881,0.893999,0.227944,0.093026,0.814434,0.066004,-0.148065,1.073235,0.077282,-0.202891,0.897747,0.218160,-0.126808,0.816570
0.035972,-0.008068,0.786006,0.032609,0.109572,0.653934,0.022652,0.127016,0.348363,-0.026516,0.139383,0.035020,0.033613,-0.123322,0.651827,0.031722,-0.140960,0.346182,-0.014017,-0.154140,0.032439,0.032960,-0.008289,0.830081,0.079938,0.132816,1.070349,0.094719,0.183559,0.893896,0.227799,0.093224,0.814351,0.067704,-0.147943,1.073253,0.077857,-0.203412,0.897899,0.218218,-0.126656,0.816626
0.035133,-0.008021,0.786276,0.031223,0.109652,0.654247,0.021830,0.126979,0.348652,-0.026425,0.139275,0.035158,0.032505,-0.123241,0.652074,0.031151,-0.140971,0.346432,-0.013975,-0.154299,0.032599,0.032319,-0.008258,0.830364,0.081344,0.132976,1.070151,0.094879,0.184273,0.893758,0.227539,0.093523,0.814157,0.069520,-0.147797,1.073244,0.078532,-0.203916,0.898035,0.218277,-0.126412,0.816580
0.034215,-0.007972,0.786555,0.029735,0.109735,0.654574,0.020940,0.126951,0.348956,-0.026375,0.139175,0.035309,0.031329,-0.123155,0.652330,0.030553,-0.140976,0.346692,-0.013966,-0.154450,0.032771,0.031604,-0.008227,0.830655,0.082734,0.133154,1.069920,0.095051,0.184997,0.893599,0.227295,0.093871,0.813910,0.071397,-0.147634,1.073205,0.079329,-0.204405,0.898154,0.218413,-0.126120,0.816484
0.033309,-0.007915,0.786817,0.028276,0.109832,0.654892,0.020239,0.126967,0.349250,-0.026217,0.139091,0.035465,0.030214,-0.123054,0.652564,0.030206,-0.140952,0.346929,-0.013903,-0.154506,0.032948,0.030894,-0.008192,0.830928,0.084343,0.133356,1.069594,0.095344,0.185740,0.893346,0.227139,0.094315,0.813426,0.073638,-0.147451,1.073068,0.080453,-0.204857,0.898178,0.218750,-0.125732,0.816148
0.032296,-0.007845,0.787055,0.026716,0.109947,0.655194,0.019500,0.127017,0.349529,-0.026086,0.139038,0.035606,0.029042,-0.122934,0.652770,0.029891,-0.140939,0.347141,-0.013931,-0.154581,0.033120,0.030069,-0.008146,0.831176,0.085897,0.133580,1.069199,0.095679,0.186478,0.893034,0.227031,0.094792,0.812851,0.075861,-0.147244,1.072859,0.081680,-0.205271,0.898139,0.219166,-0.125311,0.815719
0.031065,-0.007748,0.787244,0.024948,0.110100,0.655459,0.018678,0.127134,0.349773,-0.026011,0.139047,0.035711,0.027754,-0.122775,0.652914,0.029639,-0.140948,0.347300,-0.014143,-0.154699,0.033276,0.029008,-0.008078,0.831373,0.087328,0.133845,1.068692,0.095956,0.187229,0.892614,0.226863,0.095339,0.812090,0.078036,-0.146996,1.072534,0.082958,-0.205625,0.897988,0.219578,-0.124823,0.815102
0.029758,-0.007710,0.787346,0.023158,0.110222,0.655664,0.018023,0.127267,0.349959,-0.025949,0.139035,0.035786,0.026497,-0.122644,0.652945,0.029859,-0.141000,0.347354,-0.014261,-0.154763,0.033379,0.027849,-0.008079,0.831481,0.088825,0.134037,1.068030,0.096332,0.187898,0.892047,0.226780,0.095892,0.811054,0.080381,-0.146821,1.072019,0.084490,-0.206008,0.897642,0.220159,-0.124338,0.814182
0.028412,-0.007702,0.787404,0.021356,0.110327,0.655838,0.017452,0.127410,0.350119,-0.025895,0.139018,0.035850,0.025254,-0.122528,0.652920,0.030312,-0.141067,0.347363,-0.014332,-0.154792,0.033463,0.026642,-0.008116,0.831545,0.090355,0.134202,1.067267,0.096887,0.188515,0.891384,0.226882,0.096454,0.809856,0.082813,-0.146670,1.071384,0.086282,-0.206385,0.897174,0.220965,-0.123859,0.813086
0.027088,-0.007701,0.787380,0.019630,0.110476,0.655976,0.017387,0.127662,0.350249,-0.025554,0.139021,0.035914,0.024207,-0.122363,0.652768,0.031760,-0.141231,0.347282,-0.014274,-0.154854,0.033590,0.025433,-0.008176,0.831525,0.092218,0.134322,1.066307,0.097761,0.189086,0.890531,0.227221,0.097037,0.808248,0.085628,-0.146561,1.070506,0.088473,-0.206752,0.896449,0.222050,-0.123374,0.811544
0.025628,-0.007768,0.787309,0.017772,0.110577,0.656090,0.017463,0.127925,0.350367,-0.025271,0.138979,0.035992,0.023102,-0.122242,0.652551,0.033499,-0.141462,0.347169,-0.014234,-0.154930,0.033740,0.024084,-0.008312,0.831457,0.094100,0.134372,1.065209,0.098801,0.189565,0.889544,0.227703,0.097584,0.806394,0.088500,-0.146516,1.069466,0.090892,-0.207150,0.895557,0.223306,-0.122939,0.809737
0.023899,-0.007970,0.787148,0.015652,0.110586,0.656158,0.017820,0.128208,0.350461,-0.025105,0.138840,0.036099,0.021885,-0.122204,0.652208,0.035822,-0.141834,0.346993,-0.014230,-0.155044,0.033935,0.022457,-0.008599,0.831298,0.096015,0.134268,1.063881,0.099913,0.189883,0.888330,0.228180,0.098048,0.804098,0.091480,-0.146621,1.068151,0.093495,-0.207642,0.894373,0.224617,-0.122596,0.807452
0.021998,-0.008211,0.786865,0.013390,0.110577,0.656130,0.018736,0.128633,0.350500,-0.024950,0.138702,0.036231,0.020587,-0.122178,0.651730,0.038583,-0.142253,0.346754,-0.014058,-0.155130,0.034133,0.020658,-0.008931,0.831017,0.098066,0.134105,1.062282,0.101224,0.190138,0.886850,0.228778,0.098534,0.801314,0.094672,-0.146779,1.066500,0.096411,-0.208113,0.892831,0.226110,-0.122227,0.804629
0.020011,-0.008471,0.786521,0.011058,0.110560,0.656058,0.019931,0.129148,0.350546,-0.024800,0.138602,0.036412,0.019249,-0.122153,0.651187,0.041561,-0.142671,0.346525,-0.013798,-0.155148,0.034385,0.018773,-0.009287,0.830674,0.100183,0.133930,1.060498,0.102826,0.190342,0.885181,0.229643,0.099035,0.798227,0.097966,-0.146939,1.064629,0.099678,-0.208518,0.891047,0.227900,-0.121820,0.801475
0.017669,-0.008773,0.785970,0.008343,0.110482,0.655779,0.021548,0.129739,0.350469,-0.024828,0.138378,0.036561,0.017568,-0.122182,0.650461,0.044468,-0.143096,0.346195,-0.013749,-0.155065,0.034586,0.016559,-0.009677,0.830125,0.102610,0.133681,1.058222,0.104618,0.190450,0.883013,0.230489,0.099528,0.794246,0.101599,-0.147164,1.062176,0.103180,-0.208855,0.888634,0.229693,-0.121377,0.797356
0.015218,-0.009099,0.785330,0.005495,0.110368,0.655414,0.023187,0.130365,0.350382,-0.024878,0.138215,0.036720,0.015745,-0.122243,0.649667,0.047328,-0.143509,0.345874,-0.013656,-0.154912,0.034804,0.014254,-0.010087,0.829487,0.105110,0.133438,1.055680,0.106726,0.190471,0.880553,0.231627,0.100025,0.789861,0.105333,-0.147372,1.059426,0.107043,-0.209054,0.885883,0.231803,-0.120862,0.792808
0.012545,-0.009471,0.784513,0.002376,0.110183,0.654869,0.024865,0.131023,0.350213,-0.024978,0.138101,0.036822,0.013637,-0.122371,0.648731,0.050093,-0.143936,0.345503,-0.013492,-0.154721,0.034962,0.011762,-0.010533,0.828671,0.107757,0.133173,1.052703,0.109080,0.190363,0.877626,0.232931,0.100528,0.784789,0.109269,-0.147588,1.056185,0.111231,-0.209084,0.882580,0.234120,-0.120250,0.787527
0.009752,-0.009814,0.783510,-0.000917,0.110013,0.654148,0.026508,0.131702,0.349959,-0.025056,0.138008,0.036843,0.011238,-0.122486,0.647640,0.052722,-0.144368,0.345081,-0.013333,-0.154509,0.035063,0.009205,-0.010942,0.827670,0.110803,0.132904,1.049231,0.111956,0.190095,0.874154,0.234601,0.100923,0.778954,0.113428,-0.147795,1.052413,0.115687,-0.208907,0.878677,0.236664,-0.119638,0.781454
0.006900,-0.010142,0.782414,-0.004296,0.109850,0.653347,0.028131,0.132409,0.349718,-0.025125,0.137964,0.036883,0.008693,-0.122594,0.646478,0.055275,-0.144784,0.344682,-0.013179,-0.154238,0.035194,0.006616,-0.011331,0.826575,0.114020,0.132652,1.045415,0.115248,0.189654,0.870278,0.236655,0.101264,0.772619,0.117667,-0.147972,1.048276,0.120423,-0.208482,0.874338,0.239518,-0.118975,0.774865
0.003769,-0.010575,0.781094,-0.008023,0.109576,0.652350,0.029568,0.133050,0.349388,-0.025388,0.137862,0.036848,0.005630,-0.122819,0.645129,0.057637,-0.145408,0.344250,-0.012976,-0.154291,0.035260,0.003827,-0.011819,0.825255,0.117332,0.132345,1.041017,0.118747,0.188924,0.865745,0.238846,0.101453,0.765481,0.121941,-0.148189,1.043588,0.125266,-0.207894,0.869382,0.242457,-0.118376,0.767496
0.000589,-0.010924,0.779678,-0.011811,0.109396,0.651291,0.030922,0.133777,0.349085,-0.025760,0.137850,0.036856,0.002390,-0.122954,0.643699,0.059914,-0.145944,0.343858,-0.012781,-0.154242,0.035362,0.001021,-0.012224,0.823835,0.120738,0.132126,1.036255,0.122600,0.188054,0.860779,0.241393,0.101637,0.757869,0.126174,-0.148305,1.038562,0.130258,-0.206995,0.864028,0.245646,-0.117743,0.759673
-0.002691,-0.011108,0.778068,-0.015724,0.109404,0.650089,0.032120,0.134630,0.348720,-0.026336,0.137930,0.036824,-0.001206,-0.122914,0.642096,0.062035,-0.146356,0.343445,-0.012593,-0.154095,0.035422,-0.001821,-0.012467,0.822217,0.124384,0.132034,1.030939,0.126853,0.187069,0.855188,0.244244,0.101796,0.749526,0.130383,-0.148285,1.033038,0.135260,-0.205790,0.858130,0.248929,-0.117165,0.751166
-0.005928,-0.011276,0.776271,-0.019639,0.109447,0.648757,0.033392,0.135529,0.348330,-0.026735,0.138082,0.036760,-0.004961,-0.122846,0.640334,0.064211,-0.146742,0.343038,-0.012288,-0.153968,0.035486,-0.004558,-0.012695,0.820405,0.128293,0.131940,1.025088,0.131602,0.185811,0.848990,0.247522,0.101729,0.740546,0.134538,-0.148260,1.027131,0.140301,-0.204491,0.851835,0.252395,-0.116916,0.742139
-0.009145,-0.011436,0.774381,-0.023555,0.109507,0.647374,0.034693,0.136438,0.347989,-0.027053,0.138252,0.036747,-0.008800,-0.122765,0.638507,0.066389,-0.147130,0.342718,-0.011950,-0.153882,0.035642,-0.007245,-0.012916,0.818493,0.132267,0.131836,1.018862,0.136611,0.184345,0.842375,0.251036,0.101598,0.731092,0.138605,-0.148234,1.020924,0.145379,-0.203085,0.845227,0.255981,-0.116893,0.732700
-0.012217,-0.011415,0.772200,-0.027322,0.109814,0.645804,0.036387,0.137540,0.347606,-0.027140,0.138551,0.036736,-0.012626,-0.122440,0.636381,0.068790,-0.147331,0.342293,-0.011326,-0.153741,0.035690,-0.009748,-0.012973,0.816282,0.136224,0.131882,1.012198,0.142062,0.182743,0.835270,0.255045,0.101311,0.721293,0.142302,-0.148051,1.014539,0.150406,-0.201561,0.838484,0.259790,-0.117220,0.723121
-0.015331,-0.011433,0.769823,-0.031146,0.110084,0.644084,0.038270,0.138652,0.347242,-0.027238,0.138819,0.036801,-0.016532,-0.122154,0.634102,0.071287,-0.147646,0.341917,-0.010674,-0.153775,0.035820,-0.012272,-0.013070,0.813865,0.139950,0.131863,1.005218,0.147502,0.180947,0.827852,0.259066,0.100993,0.711154,0.145730,-0.147923,1.007876,0.155371,-0.200013,0.831472,0.263585,-0.117751,0.713232
-0.018531,-0.011529,0.767052,-0.035090,0.110279,0.642039,0.040534,0.139806,0.346812,-0.027358,0.139044,0.036908,-0.020594,-0.121941,0.631486,0.074015,-0.148160,0.341497,-0.009921,-0.154108,0.035959,-0.014838,-0.013244,0.811042,0.143340,0.131729,0.997812,0.152898,0.178896,0.820023,0.263081,0.100510,0.700642,0.148734,-0.147898,1.000858,0.160178,-0.198522,0.824134,0.267307,-0.118564,0.703029
-0.021728,-0.011547,0.763786,-0.039068,0.110534,0.639551,0.043154,0.141045,0.346192,-0.027540,0.139199,0.036949,-0.024722,-0.121670,0.628448,0.076857,-0.148703,0.340906,-0.009353,-0.154443,0.036032,-0.017364,-0.013334,0.807712,0.146518,0.131582,0.989915,0.158271,0.176782,0.811745,0.267054,0.100101,0.689644,0.151513,-0.147875,0.993273,0.164950,-0.196892,0.816235,0.270976,-0.119328,0.692280
-0.024923,-0.011527,0.760271,-0.043062,0.110816,0.636861,0.045926,0.142302,0.345587,-0.027773,0.139293,0.037086,-0.028884,-0.121373,0.625222,0.079708,-0.149287,0.340343,-0.008931,-0.154813,0.036200,-0.019871,-0.013384,0.804120,0.149532,0.131423,0.981698,0.163590,0.174561,0.803183,0.270885,0.099672,0.678314,0.154131,-0.147852,0.985336,0.169677,-0.195138,0.807999,0.274503,-0.120034,0.681176
-0.028306,-0.011373,0.755982,-0.047409,0.111185,0.633487,0.049062,0.143824,0.344732,-0.027961,0.139549,0.037097,-0.033391,-0.120990,0.621370,0.082801,-0.149729,0.339592,-0.008617,-0.154928,0.036310,-0.022465,-0.013282,0.799731,0.151939,0.131324,0.973009,0.168736,0.172361,0.794235,0.274694,0.099373,0.666758,0.156174,-0.147759,0.976802,0.174282,-0.193110,0.799202,0.278029,-0.120432,0.669745
-0.031676,-0.011224,0.751368,-0.051764,0.111543,0.629863,0.052361,0.145330,0.343911,-0.028132,0.139722,0.037228,-0.037935,-0.120618,0.617269,0.085935,-0.150217,0.338873,-0.008349,-0.155081,0.036511,-0.025023,-0.013186,0.794998,0.154131,0.131203,0.964025,0.173838,0.170045,0.785058,0.278440,0.099014,0.655032,0.158068,-0.147675,0.967920,0.178934,-0.190928,0.790100,0.281540,-0.120632,0.658100
-0.035020,-0.011086,0.746105,-0.056142,0.111883,0.625694,0.056029,0.146842,0.342943,-0.028227,0.139775,0.037351,-0.042545,-0.120266,0.612622,0.089240,-0.150750,0.337984,-0.008076,-0.155237,0.036629,-0.027508,-0.013101,0.789593,0.156009,0.131051,0.954599,0.178935,0.167661,0.775545,0.282295,0.098670,0.643135,0.159758,-0.147612,0.958475,0.183726,-0.188557,0.780500,0.285243,-0.120520,0.646183
-0.038351,-0.010866,0.740121,-0.060538,0.112284,0.620894,0.060050,0.148559,0.341796,-0.028238,0.140002,0.037441,-0.047132,-0.119849,0.607360,0.092873,-0.151222,0.336924,-0.007804,-0.155243,0.036730,-0.029959,-0.012928,0.783446,0.157770,0.130981,0.944422,0.184040,0.165291,0.765373,0.286159,0.098343,0.630695,0.161379,-0.147451,0.948236,0.188594,-0.185960,0.770185,0.288991,-0.120102,0.633688
-0.041675,-0.010605,0.733778,-0.064940,0.112712,0.615815,0.064184,0.150340,0.340744,-0.028257,0.140270,0.037736,-0.051711,-0.119405,0.601830,0.096577,-0.151704,0.335958,-0.007621,-0.155218,0.037029,-0.032394,-0.012711,0.776919,0.159431,0.130954,0.933823,0.189174,0.162931,0.754886,0.290107,0.097994,0.618111,0.162927,-0.147236,0.937559,0.193525,-0.183248,0.759536,0.292840,-0.119493,0.621032
-0.045018,-0.010062,0.726310,-0.069398,0.113360,0.609682,0.068545,0.152464,0.339135,-0.028303,0.140899,0.037640,-0.056391,-0.118749,0.595357,0.100530,-0.151924,0.334598,-0.007234,-0.154790,0.037006,-0.034806,-0.012192,0.769239,0.161073,0.131246,0.921924,0.194391,0.160895,0.743219,0.294260,0.097886,0.604572,0.164453,-0.146687,0.925637,0.198540,-0.180278,0.747776,0.296892,-0.118586,0.607464
-0.048421,-0.009533,0.718418,-0.073933,0.113978,0.603209,0.072810,0.154545,0.337551,-0.028445,0.141433,0.037659,-0.061164,-0.118126,0.588566,0.104324,-0.152212,0.333279,-0.007098,-0.154407,0.037113,-0.037265,-0.011683,0.761110,0.162646,0.131532,0.909409,0.199676,0.158963,0.731082,0.298739,0.097782,0.590874,0.165886,-0.146129,0.913159,0.203601,-0.177494,0.735626,0.301254,-0.117828,0.593786
-0.051941,-0.009033,0.709678,-0.078621,0.114540,0.595990,0.077006,0.156612,0.335676,-0.028677,0.141861,0.037493,-0.066114,-0.117560,0.581063,0.107984,-0.152558,0.331696,-0.007280,-0.154016,0.037089,-0.039815,-0.011194,0.752104,0.164163,0.131806,0.895752,0.205026,0.157196,0.717964,0.303641,0.097704,0.576564,0.167213,-0.145565,0.899657,0.208680,-0.175044,0.722641,0.306007,-0.117402,0.579592
-0.055560,-0.008411,0.700165,-0.083451,0.115204,0.588115,0.081086,0.158825,0.333599,-0.029002,0.142348,0.037215,-0.071256,-0.116896,0.572933,0.111464,-0.152844,0.329951,-0.007583,-0.153561,0.036946,-0.042430,-0.010578,0.742291,0.165657,0.132244,0.880952,0.210461,0.155779,0.703861,0.309059,0.097783,0.561691,0.168460,-0.144820,0.885213,0.213787,-0.172878,0.708916,0.311235,-0.117299,0.564999
-0.059229,-0.007729,0.690265,-0.088349,0.115914,0.579955,0.084998,0.161059,0.331627,-0.029459,0.142765,0.037128,-0.076497,-0.116189,0.564538,0.114711,-0.153154,0.328333,-0.008078,-0.153137,0.036978,-0.045083,-0.009898,0.732061,0.167065,0.132761,0.865520,0.215938,0.154704,0.689306,0.315024,0.098071,0.546797,0.169610,-0.143982,0.870246,0.218935,-0.171026,0.694869,0.317006,-0.117480,0.550478
-0.062910,-0.007136,0.679581,-0.093378,0.116483,0.571127,0.088646,0.163142,0.329373,-0.029746,0.142977,0.036677,-0.081879,-0.115627,0.555540,0.117588,-0.153478,0.326410,-0.008742,-0.152515,0.036677,-0.047698,-0.009290,0.721001,0.168616,0.133256,0.848715,0.221389,0.153761,0.673457,0.321216,0.098295,0.530886,0.170890,-0.143149,0.854116,0.224050,-0.169615,0.679777,0.322997,-0.118126,0.535115
-0.066629,-0.006540,0.668712,-0.098457,0.117039,0.562210,0.092038,0.165148,0.327365,-0.030146,0.143088,0.036490,-0.087321,-0.115079,0.546470,0.120152,-0.153856,0.324721,-0.009515,-0.151948,0.036573,-0.050350,-0.008674,0.709726,0.170016,0.133773,0.831487,0.226634,0.153012,0.657291,0.327515,0.098607,0.514939,0.172056,-0.142284,0.837630,0.229009,-0.168413,0.664443,0.329123,-0.118910,0.519779
-0.070426,-0.005937,0.657471,-0.103649,0.117579,0.553029,0.095126,0.167098,0.325450,-0.030609,0.143185,0.036354,-0.092882,-0.114547,0.537158,0.122351,-0.154238,0.323100,-0.010262,-0.151373,0.036402,-0.053069,-0.008046,0.698042,0.171258,0.134342,0.813532,0.231456,0.152331,0.640408,0.333450,0.098857,0.498389,0.173107,-0.141362,0.820530,0.233599,-0.167301,0.648521,0.334916,-0.119738,0.503937
-0.073895,-0.005474,0.646126,-0.108505,0.117956,0.543793,0.098290,0.168912,0.323805,-0.030560,0.143195,0.036343,-0.097963,-0.114172,0.527775,0.124669,-0.154587,0.321560,-0.010798,-0.150760,0.036303,-0.055509,-0.007546,0.686243,0.172452,0.134844,0.795543,0.236036,0.151564,0.623507,0.339181,0.098994,0.481876,0.174242,-0.140510,0.803374,0.238101,-0.166153,0.632544,0.340607,-0.120382,0.488116
-0.077201,-0.005081,0.634730,-0.113191,0.118246,0.534571,0.101347,0.170632,0.322476,-0.030388,0.143113,0.036593,-0.102805,-0.113878,0.518393,0.126900,-0.154945,0.320218,-0.011365,-0.150152,0.036413,-0.057815,-0.007110,0.674376,0.173512,0.135319,0.777481,0.240051,0.150600,0.606435,0.344080,0.098869,0.465034,0.175329,-0.139694,0.786141,0.242135,-0.164826,0.616368,0.345531,-0.120725,0.471949
-0.080445,-0.004914,0.623330,-0.117592,0.118252,0.525174,0.104256,0.171968,0.321084,-0.030217,0.142828,0.036734,-0.107323,-0.113875,0.508970,0.128976,-0.155604,0.318848,-0.011794,-0.149847,0.036376,-0.060187,-0.006886,0.662540,0.173807,0.135683,0.760402,0.243287,0.149570,0.590411,0.348263,0.098883,0.449219,0.175933,-0.139017,0.769505,0.245707,-0.163051,0.600771,0.349959,-0.120205,0.456479
-0.083515,-0.004738,0.611908,-0.121756,0.118241,0.515731,0.107044,0.173282,0.319836,-0.030156,0.142489,0.037062,-0.111574,-0.113891,0.499555,0.131016,-0.156252,0.317669,-0.012209,-0.149511,0.036535,-0.062433,-0.006645,0.650685,0.173923,0.136099,0.743563,0.245879,0.148459,0.574489,0.351434,0.098822,0.433234,0.176467,-0.138314,0.752928,0.248747,-0.160836,0.585045,0.353454,-0.118997,0.440667
-0.086237,-0.004542,0.600441,-0.125450,0.118205,0.506120,0.109871,0.174620,0.318519,-0.030055,0.142152,0.037374,-0.115288,-0.113937,0.490079,0.133269,-0.156812,0.316560,-0.012322,-0.149060,0.036747,-0.064418,-0.006371,0.638811,0.173884,0.136608,0.727306,0.248083,0.147524,0.559106,0.354099,0.099042,0.417662,0.177029,-0.137547,0.736565,0.251589,-0.158081,0.569427,0.356575,-0.116835,0.424953
-0.088622,-0.004309,0.588967,-0.128692,0.118161,0.496373,0.112765,0.175993,0.317193,-0.029695,0.141956,0.037611,-0.118493,-0.113995,0.480578,0.135693,-0.157374,0.315542,-0.012133,-0.148603,0.037010,-0.066145,-0.006046,0.626960,0.173733,0.137199,0.711713,0.250076,0.146855,0.544399,0.356618,0.099553,0.402811,0.177596,-0.136724,0.720524,0.254333,-0.154957,0.554108,0.359628,-0.113868,0.409677
-0.090837,-0.004056,0.577489,-0.131714,0.118116,0.486577,0.115530,0.177395,0.315973,-0.029353,0.141812,0.037938,-0.121449,-0.114058,0.471080,0.138055,-0.157922,0.314672,-0.011934,-0.148130,0.037408,-0.067745,-0.005694,0.615116,0.173502,0.137831,0.696439,0.251797,0.146437,0.529974,0.358936,0.100162,0.388354,0.178122,-0.135878,0.704624,0.256830,-0.151768,0.538892,0.362491,-0.110450,0.394653
-0.092779,-0.003946,0.566109,-0.134250,0.117938,0.476683,0.118259,0.178566,0.314477,-0.029123,0.141761,0.038028,-0.123935,-0.114257,0.461542,0.140470,-0.158695,0.313741,-0.011666,-0.147853,0.037768,-0.069186,-0.005495,0.603428,0.173059,0.138347,0.682152,0.253434,0.146401,0.516655,0.361611,0.101107,0.375369,0.178555,-0.135168,0.689318,0.259362,-0.148641,0.524385,0.365782,-0.106499,0.380809
-0.094376,-0.003941,0.554875,-0.136416,0.117670,0.466911,0.120951,0.179632,0.313069,-0.028893,0.141577,0.038227,-0.126023,-0.114542,0.452090,0.142878,-0.159566,0.312818,-0.011416,-0.147716,0.038167,-0.070317,-0.005406,0.591899,0.172797,0.138753,0.668255,0.255128,0.146565,0.503711,0.364565,0.101957,0.363054,0.179140,-0.134577,0.674360,0.261915,-0.145898,0.510243,0.369312,-0.102585,0.367622
-0.095283,-0.004149,0.543929,-0.137825,0.117218,0.457340,0.123904,0.180480,0.311605,-0.028357,0.141174,0.038379,-0.127297,-0.115004,0.442767,0.145592,-0.160651,0.311693,-0.010892,-0.147869,0.038404,-0.070825,-0.005539,0.580693,0.172961,0.138942,0.655166,0.257313,0.146858,0.491655,0.368358,0.102714,0.352009,0.180135,-0.134213,0.660143,0.264942,-0.143638,0.496947,0.373651,-0.098841,0.355681
-0.096014,-0.004263,0.533455,-0.138966,0.116888,0.448101,0.126545,0.181335,0.309927,-0.028052,0.140851,0.038299,-0.128312,-0.115343,0.433769,0.148090,-0.161654,0.310521,-0.010536,-0.147902,0.038595,-0.071220,-0.005587,0.569996,0.173116,0.139213,0.642881,0.259551,0.147355,0.480474,0.372448,0.103367,0.342193,0.181020,-0.133771,0.646942,0.267921,-0.141723,0.484773,0.378203,-0.095406,0.345149
-0.096656,-0.004331,0.523216,-0.139979,0.116619,0.439033,0.128941,0.182194,0.308182,-0.027942,0.140555,0.038156,-0.129205,-0.115622,0.424937,0.150381,-0.162615,0.309363,-0.010357,-0.147858,0.038812,-0.071559,-0.005593,0.559551,0.173258,0.139524,0.630995,0.261729,0.148048,0.469708,0.376541,0.104080,0.332964,0.181838,-0.133294,0.634241,0.270789,-0.140075,0.473136,0.382715,-0.092243,0.335299
-0.096811,-0.004766,0.514012,-0.140532,0.116015,0.430905,0.131142,0.182708,0.306470,-0.027813,0.139814,0.037966,-0.129566,-0.116226,0.416964,0.152668,-0.163723,0.308230,-0.010196,-0.148143,0.039081,-0.071443,-0.005970,0.550161,0.173804,0.139499,0.620197,0.264342,0.148308,0.460078,0.381125,0.104113,0.325088,0.182949,-0.133156,0.623082,0.273988,-0.139262,0.463121,0.387643,-0.090205,0.327144
-0.096746,-0.005196,0.505100,-0.140846,0.115433,0.423036,0.133298,0.183202,0.304757,-0.027731,0.139069,0.037801,-0.129726,-0.116810,0.409233,0.154882,-0.164767,0.307083,-0.010084,-0.148367,0.039348,-0.071120,-0.006346,0.541068,0.174559,0.139469,0.609625,0.267066,0.148636,0.450658,0.385752,0.104162,0.317483,0.184203,-0.133028,0.612339,0.277238,-0.138793,0.453521,0.392578,-0.088699,0.319404
-0.096240,-0.005618,0.496773,-0.140669,0.114891,0.415671,0.135560,0.183655,0.302951,-0.027564,0.138343,0.037573,-0.129469,-0.117354,0.401976,0.157160,-0.165686,0.305825,-0.009875,-0.148507,0.039502,-0.070379,-0.006726,0.532574,0.175754,0.139427,0.599517,0.270160,0.148928,0.441693,0.390734,0.104013,0.310488,0.185775,-0.132919,0.602440,0.280749,-0.138837,0.444781,0.397800,-0.088005,0.312548
-0.095420,-0.006024,0.489160,-0.140194,0.114397,0.409011,0.137787,0.184142,0.301316,-0.027308,0.137806,0.037436,-0.128972,-0.117851,0.395371,0.159388,-0.166464,0.304685,-0.009616,-0.148567,0.039726,-0.069318,-0.007098,0.524786,0.177302,0.139469,0.589723,0.273417,0.149245,0.432954,0.395841,0.103615,0.303901,0.187632,-0.132730,0.593423,0.284373,-0.139446,0.436878,0.403119,-0.088190,0.306508
-0.094443,-0.006421,0.481903,-0.139572,0.113927,0.402706,0.139964,0.184641,0.299776,-0.027032,0.137344,0.037363,-0.128356,-0.118324,0.389094,0.161552,-0.167176,0.303618,-0.009367,-0.148595,0.040003,-0.068097,-0.007465,0.517350,0.179003,0.139555,0.580074,0.276611,0.149797,0.424263,0.400920,0.103270,0.297601,0.189618,-0.132501,0.584834,0.287939,-0.140545,0.429342,0.408419,-0.088928,0.300963
-0.093251,-0.006824,0.476129,-0.138610,0.113530,0.397736,0.142033,0.185079,0.298463,-0.026629,0.137040,0.037332,-0.127529,-0.118723,0.384046,0.163535,-0.167677,0.302644,-0.009147,-0.148653,0.040271,-0.066710,-0.007867,0.511431,0.180846,0.139582,0.571918,0.279913,0.150296,0.417063,0.406330,0.102397,0.293350,0.191571,-0.132334,0.578365,0.291463,-0.142532,0.424006,0.413947,-0.090738,0.297929
-0.091938,-0.007221,0.470850,-0.137526,0.113156,0.393239,0.144057,0.185439,0.297213,-0.026222,0.136751,0.037332,-0.126619,-0.119100,0.379444,0.165419,-0.168194,0.301690,-0.008923,-0.148756,0.040498,-0.065201,-0.008269,0.506003,0.182781,0.139641,0.564096,0.282999,0.151142,0.410042,0.411579,0.101620,0.289624,0.193620,-0.132136,0.572438,0.294810,-0.145039,0.419133,0.419336,-0.092911,0.295595
-0.090383,-0.007603,0.466561,-0.136192,0.112833,0.389680,0.146063,0.185654,0.296067,-0.025750,0.136531,0.037349,-0.125539,-0.119426,0.375729,0.167190,-0.168727,0.300748,-0.008620,-0.148925,0.040601,-0.063449,-0.008670,0.501563,0.184939,0.139759,0.556962,0.285953,0.152190,0.403503,0.416679,0.100705,0.286713,0.195884,-0.131868,0.567616,0.298053,-0.148106,0.415281,0.424588,-0.095576,0.294412
-0.088720,-0.007866,0.463483,-0.134741,0.112646,0.387212,0.147905,0.185914,0.295141,-0.025219,0.136301,0.037453,-0.124287,-0.119610,0.373062,0.168913,-0.169017,0.300009,-0.008170,-0.149024,0.040770,-0.061618,-0.008952,0.498354,0.187067,0.140011,0.551257,0.288716,0.153586,0.398315,0.421640,0.100002,0.285505,0.198124,-0.131458,0.564358,0.301138,-0.151380,0.413033,0.429717,-0.098281,0.295074
-0.087005,-0.008068,0.461012,-0.133233,0.112528,0.385291,0.149669,0.186195,0.294327,-0.024652,0.136069,0.037603,-0.122950,-0.119723,0.370921,0.170613,-0.169187,0.299373,-0.007643,-0.149088,0.040975,-0.059749,-0.009175,0.495763,0.189161,0.140327,0.546251,0.291213,0.155165,0.393694,0.426226,0.099453,0.284988,0.200346,-0.130972,0.561865,0.303991,-0.154761,0.411532,0.434490,-0.100978,0.296524
-0.085504,-0.008061,0.460078,-0.131863,0.112637,0.384744,0.151016,0.186353,0.293747,-0.024259,0.136114,0.037734,-0.121946,-0.119622,0.370237,0.171663,-0.169313,0.299030,-0.007352,-0.149186,0.041163,-0.058099,-0.009201,0.494710,0.191105,0.140723,0.542581,0.293233,0.156743,0.390193,0.430040,0.098852,0.285478,0.202307,-0.130392,0.560815,0.306245,-0.158199,0.411375,0.438413,-0.103787,0.299107
-0.084040,-0.007999,0.459658,-0.130530,0.112798,0.384670,0.152247,0.186460,0.293314,-0.023844,0.136130,0.037911,-0.121004,-0.119472,0.370054,0.172576,-0.169371,0.298867,-0.007007,-0.149215,0.041394,-0.056485,-0.009171,0.494169,0.192994,0.141129,0.539454,0.295028,0.158338,0.387132,0.433423,0.098389,0.286272,0.204217,-0.129790,0.560224,0.308278,-0.161529,0.411654,0.441909,-0.106452,0.301976
-0.082647,-0.007830,0.460265,-0.129272,0.113059,0.385538,0.153243,0.186465,0.293169,-0.023399,0.136090,0.038172,-0.120182,-0.119226,0.370874,0.173216,-0.169291,0.299055,-0.006559,-0.149106,0.041704,-0.054937,-0.009033,0.494651,0.194815,0.141566,0.537448,0.296681,0.159974,0.385153,0.436493,0.098117,0.287995,0.206041,-0.129152,0.560586,0.310143,-0.164658,0.412898,0.445076,-0.108876,0.305687
-0.081550,-0.007721,0.461655,-0.128349,0.113229,0.387128,0.153771,0.186312,0.293304,-0.023070,0.135977,0.038434,-0.119701,-0.119075,0.372494,0.173381,-0.169247,0.299471,-0.006266,-0.149105,0.042006,-0.053671,-0.008942,0.495904,0.196357,0.141947,0.536074,0.297933,0.161497,0.383726,0.438954,0.097863,0.290033,0.207634,-0.128551,0.561521,0.311657,-0.167674,0.414693,0.447670,-0.111183,0.309699
-0.080601,-0.007642,0.463437,-0.127595,0.113355,0.389079,0.154057,0.186080,0.293583,-0.022806,0.135827,0.038699,-0.119391,-0.118970,0.374517,0.173302,-0.169221,0.300003,-0.006056,-0.149155,0.042305,-0.052548,-0.008876,0.497543,0.197750,0.142290,0.535011,0.298973,0.162884,0.382566,0.441021,0.097587,0.292097,0.209116,-0.127970,0.562734,0.312996,-0.170549,0.416769,0.449893,-0.113371,0.313737
-0.079561,-0.007423,0.466321,-0.126647,0.113624,0.391959,0.154331,0.185596,0.293938,-0.022340,0.135582,0.038842,-0.119107,-0.118737,0.377603,0.172944,-0.169006,0.300632,-0.005669,-0.149117,0.042360,-0.051341,-0.008680,0.500288,0.199272,0.142579,0.535301,0.300186,0.164147,0.382785,0.443081,0.097279,0.295280,0.210586,-0.127455,0.565066,0.314322,-0.173254,0.419976,0.451993,-0.115437,0.318728
-0.078657,-0.007103,0.469491,-0.125833,0.113987,0.395096,0.154405,0.185171,0.294414,-0.021914,0.135423,0.038985,-0.118978,-0.118409,0.380981,0.172360,-0.168708,0.301377,-0.005344,-0.149026,0.042414,-0.050271,-0.008382,0.503318,0.200661,0.142919,0.535880,0.301172,0.165298,0.383215,0.444672,0.096933,0.298284,0.211908,-0.126882,0.567630,0.315388,-0.175701,0.423343,0.453605,-0.117336,0.323498
-0.078028,-0.006581,0.473234,-0.125288,0.114539,0.398747,0.154099,0.184859,0.295130,-0.021548,0.135438,0.039125,-0.119160,-0.117896,0.384938,0.171333,-0.168250,0.302349,-0.005133,-0.148834,0.042462,-0.049474,-0.007879,0.506919,0.201797,0.143374,0.537056,0.301778,0.166383,0.384137,0.445611,0.096587,0.301300,0.212928,-0.126201,0.570676,0.315990,-0.177808,0.427063,0.454514,-0.119015,0.328189
-0.077499,-0.006002,0.477379,-0.124844,0.115134,0.402758,0.153589,0.184515,0.295983,-0.021231,0.135466,0.039278,-0.119491,-0.117341,0.389314,0.170056,-0.167563,0.303396,-0.004979,-0.148530,0.042443,-0.048771,-0.007315,0.510915,0.202887,0.143766,0.538594,0.302193,0.167161,0.385295,0.446074,0.095952,0.304052,0.213812,-0.125584,0.574027,0.316265,-0.179787,0.430936,0.454863,-0.120750,0.332559
-0.077021,-0.005393,0.481723,-0.124452,0.115753,0.406948,0.152952,0.184152,0.296912,-0.020959,0.135497,0.039447,-0.119899,-0.116760,0.393899,0.168625,-0.166762,0.304486,-0.004879,-0.148152,0.042403,-0.048116,-0.006720,0.515107,0.203942,0.144121,0.540307,0.302460,0.167663,0.386524,0.446160,0.095081,0.306427,0.214624,-0.125001,0.577524,0.316323,-0.181596,0.434823,0.454796,-0.122486,0.336514
-0.076917,-0.004443,0.486447,-0.124346,0.116702,0.411398,0.151973,0.183930,0.297958,-0.020655,0.135778,0.039463,-0.120680,-0.115854,0.398846,0.166683,-0.165802,0.305750,-0.004818,-0.147648,0.042228,-0.047861,-0.005787,0.519698,0.204631,0.144639,0.542883,0.302472,0.168261,0.388681,0.445874,0.094400,0.309419,0.214906,-0.124301,0.581531,0.315889,-0.182947,0.439151,0.454211,-0.123850,0.340782
-0.076960,-0.003458,0.491192,-0.124377,0.117679,0.415851,0.150819,0.183744,0.299048,-0.020506,0.136049,0.039528,-0.121604,-0.114916,0.403816,0.164544,-0.164792,0.307019,-0.004899,-0.147135,0.042041,-0.047758,-0.004819,0.524315,0.205183,0.145129,0.545549,0.302328,0.168670,0.390897,0.445301,0.093603,0.312142,0.215012,-0.123640,0.585514,0.315229,-0.184098,0.443352,0.453301,-0.125139,0.344668
-0.077297,-0.002406,0.495979,-0.124680,0.118712,0.420311,0.149366,0.183630,0.300205,-0.020634,0.136309,0.039665,-0.122811,-0.113919,0.408825,0.162059,-0.163682,0.308280,-0.005226,-0.146623,0.041797,-0.047960,-0.003783,0.528981,0.205476,0.145568,0.548402,0.301951,0.168929,0.393305,0.444395,0.092741,0.314763,0.214769,-0.123057,0.589459,0.314196,-0.185057,0.447409,0.451973,-0.126337,0.348247
-0.077585,-0.001548,0.500778,-0.124911,0.119519,0.424706,0.147957,0.183368,0.301385,-0.020582,0.136359,0.039758,-0.123908,-0.113146,0.413844,0.159645,-0.162858,0.309625,-0.005370,-0.146436,0.041595,-0.048133,-0.002930,0.533678,0.205768,0.145815,0.551633,0.301766,0.168916,0.396204,0.443719,0.091739,0.317782,0.214499,-0.122685,0.593623,0.313306,-0.185954,0.451701,0.450849,-0.127534,0.352073
-0.077848,-0.000787,0.505582,-0.125106,0.120213,0.429069,0.146552,0.183027,0.302583,-0.020455,0.136298,0.039845,-0.124951,-0.112484,0.418870,0.157239,-0.162182,0.311016,-0.005443,-0.146406,0.041433,-0.048292,-0.002168,0.538388,0.206061,0.145962,0.555055,0.301719,0.168692,0.399362,0.443206,0.090635,0.320964,0.214219,-0.122417,0.597898,0.312523,-0.186740,0.456102,0.449873,-0.128706,0.355979
-0.078506,0.000147,0.510000,-0.125650,0.121045,0.432998,0.144933,0.182898,0.303764,-0.020525,0.136421,0.039925,-0.126328,-0.111681,0.423529,0.154563,-0.161266,0.312288,-0.005735,-0.146286,0.041147,-0.048867,-0.001222,0.542732,0.205950,0.146250,0.558284,0.301392,0.168534,0.402396,0.442440,0.089707,0.323923,0.213492,-0.122024,0.601840,0.311392,-0.187186,0.460148,0.448605,-0.129611,0.359530
-0.079207,0.001031,0.514258,-0.126222,0.121818,0.436752,0.143310,0.182740,0.304903,-0.020617,0.136520,0.039991,-0.127710,-0.110932,0.428023,0.151894,-0.160444,0.313560,-0.006038,-0.146232,0.040910,-0.049497,-0.000324,0.546926,0.205767,0.146510,0.561450,0.301082,0.168263,0.405410,0.441732,0.088778,0.326789,0.212716,-0.121662,0.605660,0.310301,-0.187484,0.464057,0.447413,-0.130435,0.362927
-0.079992,0.001812,0.518192,-0.126843,0.122475,0.440151,0.141715,0.182532,0.305941,-0.020721,0.136582,0.039997,-0.129097,-0.110295,0.432178,0.149301,-0.159800,0.314814,-0.006317,-0.146331,0.040724,-0.050233,0.000474,0.550816,0.205439,0.146716,0.564480,0.300733,0.167910,0.408351,0.441054,0.087909,0.329526,0.211839,-0.121365,0.609229,0.309222,-0.187646,0.467702,0.446283,-0.131142,0.366091
-0.080841,0.002528,0.521801,-0.127495,0.123052,0.443196,0.140190,0.182345,0.306918,-0.020777,0.136625,0.039981,-0.130461,-0.109733,0.435972,0.146794,-0.159162,0.315904,-0.006657,-0.146418,0.040493,-0.051057,0.001215,0.554403,0.204983,0.146900,0.567554,0.300491,0.167434,0.411468,0.440616,0.086998,0.332567,0.210813,-0.121084,0.612868,0.308217,-0.187716,0.471522,0.445376,-0.131829,0.369570
-0.081721,0.003211,0.525248,-0.128161,0.123588,0.446066,0.138697,0.182165,0.307871,-0.020809,0.136657,0.039961,-0.131813,-0.109208,0.439586,0.144316,-0.158534,0.316915,-0.007037,-0.146490,0.040251,-0.051925,0.001927,0.557841,0.204461,0.147073,0.570651,0.300279,0.166865,0.414660,0.440270,0.086046,0.335716,0.209710,-0.120808,0.616544,0.307227,-0.187716,0.475406,0.444552,-0.132504,0.373158
-0.082574,0.003868,0.528090,-0.128757,0.124072,0.448322,0.137543,0.182040,0.308802,-0.020553,0.136761,0.039974,-0.133017,-0.108733,0.442592,0.142183,-0.158035,0.317843,-0.007209,-0.146669,0.040035,-0.052793,0.002622,0.560698,0.203862,0.147332,0.573447,0.300036,0.166484,0.417595,0.439969,0.085419,0.338588,0.208618,-0.120480,0.619717,0.306321,-0.187472,0.478749,0.443844,-0.132831,0.376296
-0.083465,0.004461,0.530705,-0.129395,0.124479,0.450340,0.136379,0.181911,0.309600,-0.020432,0.136815,0.039951,-0.134190,-0.108331,0.445349,0.140148,-0.157592,0.318704,-0.007414,-0.146882,0.039845,-0.053713,0.003261,0.563340,0.203166,0.147593,0.576171,0.299691,0.166110,0.420459,0.439603,0.084827,0.341418,0.207465,-0.120155,0.622796,0.305364,-0.187187,0.481981,0.443102,-0.133080,0.379364
-0.084430,0.004925,0.532865,-0.130112,0.124738,0.451878,0.135204,0.181782,0.310125,-0.020579,0.136777,0.039838,-0.135295,-0.108078,0.447610,0.138343,-0.157248,0.319424,-0.007659,-0.147170,0.039680,-0.054732,0.003784,0.565552,0.202279,0.147859,0.578750,0.299208,0.165806,0.423222,0.439191,0.084356,0.344261,0.206200,-0.119836,0.625684,0.304374,-0.186850,0.485052,0.442378,-0.133170,0.382399
-0.085399,0.005223,0.534610,-0.130833,0.124826,0.453017,0.134155,0.181579,0.310537,-0.020623,0.136616,0.039647,-0.136299,-0.107993,0.449421,0.136771,-0.157154,0.320030,-0.007888,-0.147608,0.039538,-0.055774,0.004148,0.567365,0.201320,0.148032,0.581014,0.298584,0.165463,0.425638,0.438659,0.083846,0.346798,0.204918,-0.119620,0.628229,0.303318,-0.186612,0.487745,0.441578,-0.133267,0.385097
-0.086370,0.005438,0.536148,-0.131553,0.124828,0.453958,0.133171,0.181335,0.310893,-0.020613,0.136390,0.039419,-0.137254,-0.107995,0.451009,0.135316,-0.157189,0.320582,-0.008106,-0.148123,0.039411,-0.056826,0.004432,0.568979,0.200318,0.148161,0.583121,0.297828,0.165130,0.427847,0.437998,0.083312,0.349179,0.203621,-0.119454,0.630601,0.302169,-0.186458,0.490225,0.440673,-0.133361,0.387621
-0.087231,0.005755,0.537123,-0.132214,0.124960,0.454423,0.132319,0.181397,0.310979,-0.020907,0.136311,0.039206,-0.137987,-0.107866,0.451986,0.134285,-0.157238,0.321006,-0.008255,-0.148460,0.039359,-0.057775,0.004818,0.570035,0.199340,0.148511,0.584716,0.297047,0.165038,0.429517,0.437365,0.082981,0.351172,0.202442,-0.119051,0.632582,0.301119,-0.186154,0.492344,0.439871,-0.133213,0.389848
-0.088088,0.006006,0.538019,-0.132884,0.125032,0.454841,0.131518,0.181420,0.311137,-0.021085,0.136227,0.039023,-0.138677,-0.107797,0.452862,0.133352,-0.157300,0.321429,-0.008358,-0.148762,0.039339,-0.058724,0.005138,0.571015,0.198311,0.148868,0.586233,0.296111,0.165007,0.431050,0.436588,0.082669,0.353109,0.201276,-0.118637,0.634527,0.300000,-0.185912,0.494404,0.438978,-0.133026,0.392050
-0.088935,0.006127,0.538755,-0.133570,0.124990,0.455161,0.130820,0.181375,0.311436,-0.021028,0.136141,0.038899,-0.139278,-0.107844,0.453534,0.132620,-0.157384,0.321848,-0.008366,-0.148989,0.039379,-0.059669,0.005330,0.571840,0.197198,0.149236,0.587593,0.294992,0.165044,0.432371,0.435662,0.082401,0.354939,0.200152,-0.118201,0.636402,0.298866,-0.185722,0.496389,0.438039,-0.132769,0.394209
-0.089676,0.006284,0.539413,-0.134147,0.125023,0.455452,0.130177,0.181452,0.311625,-0.021135,0.136326,0.038762,-0.139803,-0.107814,0.454114,0.132001,-0.157516,0.322293,-0.008386,-0.149181,0.039511,-0.060502,0.005540,0.572580,0.196209,0.149594,0.588750,0.293800,0.165119,0.433371,0.434586,0.082091,0.356408,0.199142,-0.117785,0.638055,0.297647,-0.185629,0.498050,0.436939,-0.132543,0.395987
-0.090363,0.006458,0.540032,-0.134669,0.125092,0.455730,0.129562,0.181589,0.311760,-0.021323,0.136647,0.038619,-0.140286,-0.107748,0.454649,0.131439,-0.157672,0.322752,-0.008411,-0.149356,0.039691,-0.061278,0.005759,0.573278,0.195278,0.149947,0.589803,0.292498,0.165231,0.434166,0.433330,0.081742,0.357648,0.198183,-0.117381,0.639595,0.296311,-0.185621,0.499515,0.435657,-0.132335,0.397521
-0.090928,0.006592,0.540846,-0.135043,0.125126,0.456193,0.129177,0.181652,0.312217,-0.021148,0.136932,0.038714,-0.140583,-0.107716,0.455299,0.131050,-0.157591,0.323196,-0.008166,-0.149200,0.039815,-0.061953,0.005936,0.574188,0.194398,0.150292,0.591381,0.291226,0.165515,0.435492,0.432118,0.081583,0.359440,0.197283,-0.117034,0.641433,0.295015,-0.185596,0.501233,0.434423,-0.131942,0.399419
-0.091381,0.006690,0.541774,-0.135303,0.125122,0.456753,0.128850,0.181674,0.312665,-0.020902,0.137171,0.038794,-0.140769,-0.107722,0.456056,0.130740,-0.157523,0.323670,-0.007803,-0.149083,0.039948,-0.062518,0.006078,0.575215,0.193607,0.150609,0.593122,0.289924,0.165833,0.436916,0.430815,0.081415,0.361284,0.196478,-0.116732,0.643378,0.293699,-0.185633,0.502987,0.433102,-0.131534,0.401316
-0.091610,0.006716,0.542929,-0.135333,0.125043,0.457502,0.128640,0.181612,0.313094,-0.020514,0.137318,0.038842,-0.140733,-0.107803,0.457022,0.130586,-0.157481,0.324201,-0.007206,-0.149040,0.040096,-0.062865,0.006146,0.576472,0.193007,0.150870,0.595196,0.288726,0.166185,0.438631,0.429560,0.081270,0.363352,0.195878,-0.116514,0.645539,0.292504,-0.185724,0.504888,0.431840,-0.131095,0.403336
-0.091849,0.006597,0.544420,-0.135400,0.124823,0.458576,0.128273,0.181363,0.313608,-0.020146,0.137309,0.038893,-0.140707,-0.108025,0.458281,0.130281,-0.157503,0.324716,-0.006707,-0.149038,0.040201,-0.063222,0.006069,0.578064,0.192375,0.150997,0.597682,0.287452,0.166432,0.440737,0.428185,0.080992,0.365787,0.195244,-0.116436,0.648095,0.291232,-0.185972,0.507168,0.430456,-0.130783,0.405708
-0.092092,0.006406,0.546080,-0.135483,0.124533,0.459815,0.127826,0.181020,0.314169,-0.019787,0.137223,0.038950,-0.140686,-0.108317,0.459689,0.129900,-0.157557,0.325225,-0.006260,-0.149053,0.040288,-0.063584,0.005921,0.579825,0.191726,0.151060,0.600374,0.286130,0.166644,0.443037,0.426717,0.080659,0.368389,0.194591,-0.116427,0.650847,0.289911,-0.186313,0.509639,0.428980,-0.130550,0.408243
-0.092316,0.006196,0.548266,-0.135608,0.124228,0.461572,0.127139,0.180651,0.314890,-0.019612,0.137038,0.039157,-0.140639,-0.108626,0.461570,0.129354,-0.157523,0.325796,-0.005878,-0.149043,0.040391,-0.063923,0.005758,0.582109,0.191099,0.151132,0.603350,0.284701,0.166848,0.445548,0.425060,0.080287,0.371115,0.194015,-0.116390,0.653985,0.288555,-0.186708,0.512466,0.427357,-0.130399,0.410992
-0.092485,0.005989,0.550574,-0.135685,0.123933,0.463443,0.126398,0.180267,0.315542,-0.019476,0.136873,0.039283,-0.140558,-0.108925,0.463563,0.128766,-0.157528,0.326363,-0.005523,-0.149108,0.040484,-0.064205,0.005594,0.584512,0.190521,0.151221,0.606399,0.283322,0.167090,0.448139,0.423438,0.079947,0.373936,0.193503,-0.116325,0.657253,0.287271,-0.187144,0.515470,0.425782,-0.130306,0.413899
-0.092547,0.005786,0.553128,-0.135667,0.123655,0.465541,0.125545,0.179860,0.316058,-0.019427,0.136752,0.039243,-0.140409,-0.109205,0.465781,0.128098,-0.157609,0.326920,-0.005220,-0.149323,0.040551,-0.064375,0.005428,0.587156,0.190045,0.151340,0.609596,0.282054,0.167367,0.450890,0.421932,0.079637,0.376959,0.193122,-0.116206,0.660782,0.286138,-0.187630,0.518807,0.424347,-0.130300,0.417124
-0.092672,0.005627,0.555892,-0.135705,0.123435,0.467847,0.124546,0.179424,0.316618,-0.019431,0.136658,0.039192,-0.140360,-0.109427,0.468187,0.127206,-0.157631,0.327454,-0.005055,-0.149457,0.040558,-0.064607,0.005300,0.590009,0.189531,0.151473,0.612894,0.280758,0.167659,0.453753,0.420391,0.079322,0.380136,0.192680,-0.116052,0.664513,0.284947,-0.188203,0.522418,0.422860,-0.130448,0.420612
-0.092829,0.005490,0.558762,-0.135773,0.123243,0.470257,0.123465,0.178973,0.317203,-0.019471,0.136574,0.039144,-0.140364,-0.109620,0.470688,0.126192,-0.157626,0.327983,-0.004970,-0.149552,0.040544,-0.064870,0.005191,0.592966,0.189000,0.151612,0.616242,0.279466,0.168000,0.456688,0.418871,0.079059,0.383433,0.192206,-0.115879,0.668346,0.283743,-0.188853,0.526198,0.421385,-0.130711,0.424293
-0.093078,0.005326,0.561859,-0.135928,0.123049,0.472893,0.122169,0.178473,0.317812,-0.019664,0.136490,0.039084,-0.140465,-0.109815,0.473378,0.125022,-0.157659,0.328642,-0.004894,-0.149699,0.040598,-0.065228,0.005044,0.596152,0.188369,0.151710,0.619876,0.278134,0.168379,0.459956,0.417357,0.078867,0.387132,0.191618,-0.115748,0.672454,0.282482,-0.189601,0.530329,0.419907,-0.131082,0.428404
-0.093275,0.005160,0.565024,-0.136021,0.122859,0.475593,0.120906,0.177948,0.318462,-0.019793,0.136402,0.039052,-0.140516,-0.110006,0.476120,0.123865,-0.157667,0.329314,-0.004766,-0.149831,0.040656,-0.065539,0.004893,0.599409,0.187786,0.151797,0.623616,0.276888,0.168804,0.463360,0.415968,0.078744,0.391025,0.191060,-0.115626,0.676673,0.281285,-0.190416,0.534631,0.418542,-0.131540,0.432747
-0.093365,0.004990,0.568323,-0.135986,0.122676,0.478419,0.119725,0.177375,0.319182,-0.019778,0.136307,0.039061,-0.140460,-0.110189,0.478963,0.122753,-0.157623,0.330003,-0.004520,-0.149932,0.040704,-0.065750,0.004733,0.602805,0.187300,0.151865,0.627566,0.275781,0.169240,0.467006,0.414758,0.078655,0.395222,0.190567,-0.115522,0.681115,0.280187,-0.191294,0.539210,0.417334,-0.132094,0.437428
-0.093530,0.004792,0.571756,-0.136015,0.122479,0.481357,0.118357,0.176779,0.319852,-0.019772,0.136186,0.038937,-0.140460,-0.110386,0.481886,0.121483,-0.157604,0.330636,-0.004359,-0.150050,0.040670,-0.066048,0.004540,0.606345,0.186749,0.151846,0.631697,0.274589,0.169624,0.470830,0.413455,0.078527,0.399569,0.189955,-0.115517,0.685678,0.278929,-0.192281,0.543899,0.415990,-0.132789,0.442234
-0.093733,0.004580,0.575255,-0.136077,0.122276,0.484352,0.116881,0.176172,0.320505,-0.019782,0.136054,0.038760,-0.140489,-0.110590,0.484847,0.120123,-0.157594,0.331250,-0.004250,-0.150175,0.040607,-0.066391,0.004330,0.609954,0.186161,0.151784,0.635916,0.273304,0.169968,0.474715,0.412042,0.078370,0.403927,0.189276,-0.115564,0.690300,0.277538,-0.193318,0.548615,0.414512,-0.133570,0.447040
-0.093779,0.004359,0.578867,-0.135941,0.122068,0.487406,0.115510,0.175542,0.321119,-0.019754,0.135865,0.038596,-0.140286,-0.110800,0.487854,0.118984,-0.157531,0.331920,-0.004165,-0.150257,0.040720,-0.066606,0.004111,0.613699,0.185634,0.151716,0.640791,0.272266,0.170384,0.479369,0.410971,0.078348,0.409157,0.188584,-0.115655,0.695416,0.276289,-0.194296,0.553875,0.413317,-0.134255,0.452593
-0.093775,0.004106,0.582507,-0.135751,0.121832,0.490483,0.114128,0.174919,0.321718,-0.019754,0.135702,0.038433,-0.140031,-0.111037,0.490872,0.117819,-0.157539,0.332534,-0.004095,-0.150456,0.040778,-0.066775,0.003858,0.617474,0.185142,0.151608,0.645698,0.271135,0.170726,0.483986,0.409746,0.078254,0.414216,0.187922,-0.115798,0.700530,0.274939,-0.195291,0.559039,0.411962,-0.134991,0.457943
-0.093673,0.003790,0.586207,-0.135454,0.121542,0.493607,0.112744,0.174308,0.322278,-0.019792,0.135601,0.038252,-0.139675,-0.111329,0.493914,0.116619,-0.157688,0.333029,-0.004043,-0.150894,0.040712,-0.066855,0.003538,0.621313,0.184732,0.151418,0.650680,0.269919,0.170950,0.488592,0.408349,0.078045,0.419070,0.187332,-0.116046,0.705651,0.273490,-0.196324,0.564076,0.410428,-0.135800,0.463022
-0.093627,0.003464,0.589979,-0.135179,0.121250,0.496775,0.111260,0.173689,0.322823,-0.019924,0.135530,0.038054,-0.139346,-0.111621,0.496980,0.115327,-0.157766,0.333481,-0.004158,-0.151246,0.040644,-0.067008,0.003203,0.625236,0.184211,0.151211,0.655905,0.268486,0.171114,0.493384,0.406668,0.077783,0.423952,0.186608,-0.116332,0.710943,0.271786,-0.197315,0.569176,0.408589,-0.136606,0.468056
-0.093608,0.003134,0.593788,-0.134915,0.120959,0.499969,0.109708,0.173068,0.323374,-0.020118,0.135477,0.037866,-0.139029,-0.111914,0.500062,0.113977,-0.157805,0.333924,-0.004370,-0.151550,0.040588,-0.067198,0.002863,0.629202,0.183621,0.151000,0.661245,0.266800,0.171194,0.498195,0.404625,0.077428,0.428624,0.185802,-0.116640,0.716316,0.269811,-0.198260,0.574216,0.406376,-0.137434,0.472835
-0.093495,0.002834,0.597686,-0.134526,0.120688,0.503209,0.108218,0.172536,0.323962,-0.020148,0.135615,0.037662,-0.138571,-0.112186,0.503214,0.112762,-0.157785,0.334477,-0.004243,-0.151885,0.040560,-0.067314,0.002556,0.633270,0.183037,0.150832,0.666967,0.265015,0.171261,0.503338,0.402401,0.077075,0.433429,0.184967,-0.116936,0.721984,0.267684,-0.199088,0.579433,0.403953,-0.138203,0.477662
-0.093364,0.002529,0.601636,-0.134102,0.120414,0.506489,0.106710,0.171978,0.324571,-0.020174,0.135702,0.037483,-0.138091,-0.112461,0.506406,0.111505,-0.157769,0.335032,-0.004147,-0.152234,0.040538,-0.067419,0.002243,0.637392,0.182431,0.150651,0.672777,0.262949,0.171195,0.508438,0.399730,0.076569,0.437872,0.184090,-0.117257,0.727736,0.265247,-0.199884,0.584561,0.401066,-0.139063,0.482107
-0.093195,0.002215,0.605691,-0.133607,0.120132,0.509846,0.105195,0.171369,0.325205,-0.020163,0.135691,0.037326,-0.137564,-0.112743,0.509677,0.110187,-0.157757,0.335572,-0.004089,-0.152609,0.040500,-0.067500,0.001919,0.641627,0.181817,0.150440,0.678780,0.260636,0.170983,0.513618,0.396648,0.075904,0.442085,0.183166,-0.117624,0.733664,0.262507,-0.200660,0.589710,0.397735,-0.140035,0.486297
-0.092877,0.001962,0.609811,-0.132950,0.119919,0.513269,0.103800,0.170777,0.325897,-0.020035,0.135643,0.037247,-0.136884,-0.112957,0.513001,0.108969,-0.157680,0.336152,-0.003868,-0.152876,0.040487,-0.067438,0.001654,0.645928,0.181334,0.150274,0.684785,0.258178,0.170668,0.518676,0.393241,0.075113,0.445869,0.182352,-0.117947,0.739647,0.259591,-0.201364,0.594770,0.394062,-0.141088,0.490091
-0.092484,0.001739,0.613963,-0.132211,0.119741,0.516728,0.102449,0.170196,0.326635,-0.019862,0.135578,0.037229,-0.136127,-0.113136,0.516353,0.107787,-0.157570,0.336767,-0.003577,-0.153085,0.040506,-0.067304,0.001417,0.650262,0.180907,0.150131,0.690790,0.255582,0.170275,0.523663,0.389576,0.074247,0.449376,0.181583,-0.118248,0.745653,0.256520,-0.202003,0.599765,0.390122,-0.142186,0.493620
-0.092240,0.001467,0.618184,-0.131595,0.119493,0.520186,0.100845,0.169478,0.327260,-0.019932,0.135355,0.037105,-0.135449,-0.113385,0.519729,0.106390,-0.157423,0.337262,-0.003486,-0.153303,0.040408,-0.067349,0.001141,0.654681,0.180239,0.149959,0.697122,0.252806,0.169854,0.529038,0.385770,0.073409,0.453287,0.180548,-0.118594,0.751922,0.253235,-0.202592,0.605037,0.386019,-0.143242,0.497496
-0.091981,0.001230,0.622498,-0.130963,0.119273,0.523720,0.099146,0.168771,0.327893,-0.020065,0.135177,0.036985,-0.134742,-0.113606,0.523189,0.104907,-0.157242,0.337760,-0.003488,-0.153478,0.040325,-0.067386,0.000902,0.659195,0.179546,0.149833,0.703630,0.250090,0.169494,0.534657,0.382100,0.072686,0.457526,0.179492,-0.118897,0.758326,0.250015,-0.203070,0.610487,0.382056,-0.144163,0.501663
-0.091694,0.001063,0.626996,-0.130305,0.119109,0.527394,0.097286,0.168080,0.328513,-0.020302,0.135092,0.036829,-0.133981,-0.113771,0.526809,0.103277,-0.156997,0.338236,-0.003659,-0.153573,0.040235,-0.067410,0.000739,0.663900,0.178821,0.149798,0.710488,0.247555,0.169295,0.540751,0.378777,0.072195,0.462435,0.178411,-0.119118,0.765005,0.246987,-0.203380,0.616302,0.378446,-0.144831,0.506433
-0.091168,0.000920,0.631556,-0.129419,0.118941,0.531099,0.095599,0.167337,0.329172,-0.020238,0.135007,0.036669,-0.132919,-0.113941,0.530488,0.101860,-0.156707,0.338735,-0.003532,-0.153667,0.040146,-0.067209,0.000614,0.668672,0.178290,0.149793,0.717545,0.245433,0.169239,0.547164,0.376030,0.071922,0.467836,0.177535,-0.119325,0.771750,0.244387,-0.203575,0.622256,0.375421,-0.145262,0.511581
-0.090523,0.000787,0.636147,-0.128419,0.118769,0.534824,0.093979,0.166562,0.329872,-0.020040,0.134910,0.036536,-0.131707,-0.114117,0.534202,0.100528,-0.156399,0.339270,-0.003275,-0.153764,0.040087,-0.066898,0.000504,0.673477,0.177848,0.149800,0.724699,0.243588,0.169271,0.553772,0.373693,0.071775,0.473580,0.176760,-0.119525,0.778523,0.242082,-0.203704,0.628311,0.372816,-0.145533,0.517008
-0.089938,0.000781,0.640840,-0.127406,0.118727,0.538598,0.092215,0.165937,0.330537,-0.020037,0.135131,0.036385,-0.130531,-0.114161,0.537964,0.098928,-0.156014,0.339682,-0.003350,-0.153841,0.039935,-0.066678,0.000514,0.678398,0.177242,0.149850,0.732449,0.241896,0.169625,0.561142,0.371669,0.072074,0.480165,0.175778,-0.119756,0.785482,0.239870,-0.203615,0.634561,0.370489,-0.145364,0.522937
-0.089212,0.000711,0.645543,-0.126227,0.118617,0.542364,0.090540,0.165242,0.331201,-0.019962,0.135259,0.036257,-0.129170,-0.114273,0.541721,0.097437,-0.155720,0.340101,-0.003341,-0.153984,0.039809,-0.066336,0.000462,0.683336,0.176717,0.149808,0.740354,0.240456,0.169936,0.568744,0.369954,0.072342,0.487029,0.174859,-0.120084,0.792518,0.237886,-0.203551,0.640929,0.368457,-0.145160,0.529066
-0.088204,0.000515,0.650264,-0.124719,0.118372,0.546100,0.089086,0.164414,0.331812,-0.019709,0.135215,0.036111,-0.127439,-0.114521,0.545453,0.096211,-0.155605,0.340485,-0.003122,-0.154265,0.039678,-0.065746,0.000288,0.688308,0.176368,0.149591,0.748572,0.239407,0.170140,0.576751,0.368671,0.072527,0.494311,0.174072,-0.120610,0.799712,0.236230,-0.203555,0.647479,0.366823,-0.144953,0.535472
-0.087214,0.000473,0.655036,-0.123197,0.118278,0.549871,0.087577,0.163813,0.332492,-0.019518,0.135411,0.036051,-0.125663,-0.114617,0.549226,0.095039,-0.155275,0.341004,-0.002806,-0.154298,0.039678,-0.065197,0.000269,0.693337,0.175900,0.149505,0.757043,0.238346,0.170546,0.585063,0.367365,0.072961,0.501806,0.173184,-0.121029,0.806985,0.234593,-0.203290,0.654075,0.365183,-0.144383,0.541929
-0.086233,0.000509,0.659832,-0.121665,0.118260,0.553665,0.086020,0.163318,0.333235,-0.019380,0.135716,0.036066,-0.123864,-0.114638,0.553027,0.093874,-0.154843,0.341619,-0.002463,-0.154216,0.039779,-0.064670,0.000327,0.698390,0.175341,0.149483,0.765624,0.237225,0.171015,0.593501,0.365928,0.073472,0.509299,0.172237,-0.121392,0.814278,0.232941,-0.202839,0.660651,0.363441,-0.143573,0.548283
-0.085167,0.000575,0.664707,-0.119955,0.118278,0.557482,0.084501,0.162862,0.333957,-0.019046,0.136133,0.036013,-0.121867,-0.114622,0.556824,0.092709,-0.154424,0.342133,-0.002161,-0.154168,0.039801,-0.064111,0.000413,0.703544,0.174649,0.149446,0.774763,0.236182,0.171533,0.602584,0.364583,0.074084,0.517404,0.171133,-0.121803,0.821908,0.231337,-0.202223,0.667545,0.361776,-0.142487,0.555045
-0.084091,0.000671,0.669568,-0.118222,0.118325,0.561285,0.082885,0.162395,0.334640,-0.018916,0.136515,0.035976,-0.119830,-0.114577,0.560612,0.091507,-0.153984,0.342660,-0.001907,-0.154093,0.039848,-0.063556,0.000528,0.708683,0.173858,0.149430,0.783963,0.235006,0.172059,0.611717,0.363008,0.074729,0.525406,0.169987,-0.122201,0.829500,0.229684,-0.201440,0.674331,0.359932,-0.141157,0.561597
-0.082995,0.000828,0.674400,-0.116451,0.118432,0.565039,0.081112,0.161917,0.335185,-0.019166,0.136845,0.035897,-0.117718,-0.114473,0.564357,0.090276,-0.153492,0.343144,-0.001706,-0.153940,0.039869,-0.063004,0.000703,0.713796,0.172933,0.149465,0.793311,0.233691,0.172684,0.621005,0.361240,0.075546,0.533432,0.168788,-0.122570,0.837051,0.228007,-0.200415,0.680996,0.357965,-0.139450,0.568001
-0.081779,0.000846,0.679295,-0.114520,0.118399,0.568851,0.079448,0.161287,0.335844,-0.019097,0.137053,0.035869,-0.115418,-0.114507,0.568144,0.089093,-0.153107,0.343634,-0.001497,-0.153926,0.039916,-0.062359,0.000740,0.718976,0.171953,0.149350,0.802909,0.232386,0.173140,0.630566,0.359477,0.076231,0.541725,0.167575,-0.123090,0.844776,0.226398,-0.199401,0.687816,0.356039,-0.137670,0.574596
-0.080504,0.000796,0.684224,-0.112506,0.118298,0.572705,0.077817,0.160571,0.336601,-0.018888,0.137178,0.035919,-0.113021,-0.114609,0.571968,0.087909,-0.152784,0.344176,-0.001309,-0.153997,0.040028,-0.061672,0.000709,0.724187,0.170900,0.149156,0.812612,0.231018,0.173491,0.640235,0.357646,0.076842,0.550130,0.166339,-0.123683,0.852562,0.224801,-0.198358,0.694683,0.354091,-0.135789,0.581264
-0.079136,0.000825,0.689160,-0.110381,0.118295,0.576556,0.075912,0.159908,0.337143,-0.019025,0.137444,0.035786,-0.110501,-0.114613,0.575766,0.086591,-0.152414,0.344582,-0.001334,-0.153988,0.040035,-0.060916,0.000750,0.729406,0.169834,0.148994,0.822338,0.229626,0.173853,0.649923,0.355791,0.077480,0.558583,0.165110,-0.124232,0.860354,0.223210,-0.197214,0.701552,0.352138,-0.133763,0.587975
-0.077708,0.000849,0.694101,-0.108196,0.118292,0.580434,0.073955,0.159202,0.337735,-0.019158,0.137632,0.035705,-0.107897,-0.114615,0.579580,0.085247,-0.152040,0.345028,-0.001352,-0.154004,0.040079,-0.060109,0.000784,0.734622,0.168678,0.148844,0.832118,0.228164,0.174262,0.659679,0.353939,0.078225,0.567192,0.163880,-0.124763,0.868171,0.221671,-0.196003,0.708467,0.350260,-0.131586,0.594838
-0.076163,0.000866,0.699052,-0.105898,0.118294,0.584346,0.071943,0.158430,0.338342,-0.019241,0.137710,0.035626,-0.105139,-0.114612,0.583398,0.083898,-0.151637,0.345461,-0.001309,-0.154028,0.040099,-0.059199,0.000806,0.739843,0.167423,0.148722,0.842051,0.226698,0.174789,0.669636,0.352242,0.079186,0.576160,0.162671,-0.125258,0.876087,0.220288,-0.194716,0.715538,0.348627,-0.129227,0.602051
-0.074539,0.000882,0.703998,-0.103486,0.118314,0.588284,0.069943,0.157616,0.339016,-0.019222,0.137841,0.035597,-0.102315,-0.114590,0.587227,0.082542,-0.151216,0.345967,-0.001248,-0.153963,0.040193,-0.058218,0.000819,0.745051,0.166229,0.148537,0.851821,0.225296,0.175193,0.679424,0.350661,0.079968,0.585125,0.161463,-0.125781,0.883999,0.218889,-0.193606,0.722685,0.347063,-0.127134,0.609419
-0.072875,0.000898,0.708943,-0.101013,0.118344,0.592251,0.067921,0.156776,0.339781,-0.019174,0.137970,0.035663,-0.099455,-0.114557,0.591080,0.081158,-0.150790,0.346568,-0.001202,-0.153871,0.040385,-0.057202,0.000829,0.750248,0.165025,0.148314,0.861487,0.223916,0.175589,0.689126,0.349202,0.080744,0.594169,0.160240,-0.126318,0.891884,0.217501,-0.192624,0.729881,0.345614,-0.125203,0.616964
-0.071104,0.000970,0.713775,-0.098458,0.118453,0.596139,0.065626,0.155986,0.340355,-0.019606,0.138072,0.035618,-0.096522,-0.114444,0.594831,0.079653,-0.150296,0.347045,-0.001229,-0.153825,0.040449,-0.056078,0.000886,0.755319,0.163896,0.148180,0.870829,0.222604,0.176064,0.698503,0.347913,0.081584,0.603065,0.159125,-0.126735,0.899626,0.216222,-0.191712,0.737028,0.344355,-0.123411,0.624538
-0.069290,0.001103,0.718621,-0.095860,0.118635,0.600077,0.063251,0.155213,0.341034,-0.019916,0.138203,0.035637,-0.093544,-0.114258,0.598615,0.078090,-0.149741,0.347610,-0.001243,-0.153752,0.040592,-0.054915,0.001000,0.760395,0.162749,0.148088,0.880105,0.221318,0.176641,0.707841,0.346764,0.082531,0.612088,0.157986,-0.127091,0.907386,0.214956,-0.190891,0.744276,0.343227,-0.121763,0.632341
-0.067388,0.001361,0.723497,-0.093179,0.118966,0.604090,0.060782,0.154493,0.341808,-0.019921,0.138442,0.035658,-0.090483,-0.113922,0.602435,0.076468,-0.149047,0.348241,-0.001176,-0.153587,0.040773,-0.053667,0.001233,0.765490,0.161650,0.148095,0.889303,0.220125,0.177314,0.717117,0.345794,0.083525,0.621229,0.156827,-0.127323,0.915232,0.213690,-0.190165,0.751713,0.342225,-0.120333,0.640421
-0.065422,0.001662,0.728330,-0.090405,0.119360,0.608090,0.058187,0.153754,0.342579,-0.019898,0.138662,0.035660,-0.087396,-0.113523,0.606218,0.074590,-0.148360,0.348791,-0.001309,-0.153508,0.040871,-0.052363,0.001500,0.770534,0.160587,0.148095,0.898355,0.218977,0.178015,0.726260,0.344931,0.084521,0.630355,0.155640,-0.127544,0.923031,0.212380,-0.189606,0.759171,0.341275,-0.119171,0.648590
-0.063423,0.001985,0.733142,-0.087583,0.119788,0.612102,0.055493,0.153005,0.343428,-0.019892,0.138852,0.035749,-0.084294,-0.113090,0.610000,0.072553,-0.147677,0.349376,-0.001573,-0.153486,0.041010,-0.051032,0.001785,0.775546,0.159506,0.148088,0.907309,0.217813,0.178776,0.735320,0.344119,0.085588,0.639487,0.154418,-0.127763,0.930780,0.211025,-0.189171,0.766626,0.340359,-0.118196,0.656826
-0.061177,0.002369,0.737846,-0.084544,0.120303,0.616058,0.052779,0.152263,0.344247,-0.019626,0.138996,0.035770,-0.080922,-0.112568,0.613680,0.070716,-0.146692,0.349931,-0.001461,-0.153099,0.041088,-0.049458,0.002124,0.780441,0.158659,0.148143,0.915994,0.216844,0.179612,0.744103,0.343545,0.086722,0.648419,0.153416,-0.127905,0.938367,0.209847,-0.188807,0.773964,0.339668,-0.117378,0.664961
-0.058875,0.002736,0.742475,-0.081440,0.120799,0.619965,0.049975,0.151486,0.345101,-0.019380,0.139117,0.035846,-0.077515,-0.112064,0.617324,0.068790,-0.145788,0.350529,-0.001353,-0.152830,0.041206,-0.047830,0.002445,0.785249,0.157825,0.148143,0.924546,0.215902,0.180447,0.752772,0.343063,0.087876,0.657309,0.152410,-0.128095,0.945831,0.208667,-0.188561,0.781205,0.339052,-0.116727,0.673075
-0.056462,0.003068,0.746950,-0.078204,0.121257,0.623735,0.047057,0.150653,0.345871,-0.019122,0.139251,0.035846,-0.074047,-0.111599,0.620857,0.066736,-0.145035,0.351070,-0.001212,-0.152769,0.041249,-0.046093,0.002730,0.789893,0.157093,0.148041,0.932875,0.215085,0.181193,0.761233,0.342754,0.088933,0.666075,0.151434,-0.128380,0.953092,0.207518,-0.188476,0.788270,0.338553,-0.116311,0.681086
-0.054230,0.003460,0.751178,-0.075134,0.121746,0.627271,0.043971,0.149813,0.346574,-0.019119,0.139298,0.035839,-0.070795,-0.111106,0.624218,0.064430,-0.144244,0.351567,-0.001344,-0.152627,0.041271,-0.044533,0.003084,0.794277,0.156148,0.148009,0.940861,0.214034,0.182054,0.769356,0.342277,0.090158,0.674547,0.150301,-0.128590,0.959994,0.206205,-0.188319,0.794975,0.337922,-0.115821,0.688795
-0.052088,0.003882,0.755283,-0.072143,0.122249,0.630708,0.040772,0.148966,0.347332,-0.019269,0.139291,0.035933,-0.067651,-0.110598,0.627512,0.061973,-0.143436,0.352117,-0.001638,-0.152457,0.041365,-0.043061,0.003471,0.798527,0.155069,0.148009,0.948651,0.212857,0.182967,0.777293,0.341747,0.091476,0.682907,0.149076,-0.128763,0.966691,0.204821,-0.188116,0.801481,0.337270,-0.115287,0.696384
-0.049618,0.004332,0.758867,-0.068793,0.122757,0.633644,0.038007,0.148185,0.347788,-0.019246,0.139292,0.035812,-0.064248,-0.110088,0.630357,0.059707,-0.142634,0.352328,-0.001679,-0.152265,0.041129,-0.041252,0.003894,0.802244,0.154378,0.147907,0.955853,0.212102,0.183761,0.784658,0.341660,0.092634,0.690776,0.148102,-0.129030,0.972773,0.203677,-0.188016,0.807372,0.336956,-0.114929,0.703457
-0.047140,0.004754,0.762260,-0.065429,0.123226,0.636426,0.035336,0.147402,0.348277,-0.019217,0.139264,0.035771,-0.060860,-0.109617,0.633064,0.057457,-0.141876,0.352556,-0.001764,-0.152142,0.040941,-0.039427,0.004293,0.805757,0.153673,0.147756,0.962798,0.211352,0.184511,0.791776,0.341653,0.093758,0.698504,0.147124,-0.129340,0.978585,0.202550,-0.187946,0.812996,0.336729,-0.114604,0.710375
-0.044649,0.005122,0.765274,-0.062040,0.123624,0.638865,0.032909,0.146621,0.348649,-0.019124,0.139198,0.035675,-0.057508,-0.109220,0.635464,0.055289,-0.141200,0.352659,-0.001886,-0.152120,0.040671,-0.037572,0.004643,0.808879,0.153000,0.147511,0.969278,0.210629,0.185180,0.798436,0.341736,0.094797,0.705885,0.146165,-0.129737,0.983912,0.201432,-0.187957,0.818131,0.336581,-0.114364,0.716925
-0.042172,0.005489,0.767957,-0.058639,0.124011,0.641005,0.030659,0.145904,0.348914,-0.019200,0.139145,0.035553,-0.054188,-0.108835,0.637592,0.053328,-0.140557,0.352708,-0.001930,-0.152140,0.040388,-0.035724,0.004995,0.811659,0.152299,0.147257,0.975344,0.209886,0.185832,0.804687,0.341879,0.095791,0.713019,0.145166,-0.130135,0.988858,0.200274,-0.188007,0.822899,0.336481,-0.114182,0.723248
-0.039701,0.005855,0.770474,-0.055229,0.124391,0.643012,0.028484,0.145223,0.349192,-0.019376,0.139113,0.035490,-0.050881,-0.108457,0.639598,0.051458,-0.139926,0.352784,-0.001948,-0.152170,0.040157,-0.033878,0.005349,0.814264,0.151556,0.146999,0.981177,0.209096,0.186500,0.810712,0.342068,0.096787,0.720098,0.144134,-0.130531,0.993586,0.199078,-0.188090,0.827461,0.336430,-0.114036,0.729524
-0.037311,0.006284,0.772572,-0.051920,0.124813,0.644641,0.026654,0.144685,0.349335,-0.019456,0.139119,0.035349,-0.047672,-0.108037,0.641259,0.049899,-0.139223,0.352758,-0.001999,-0.152066,0.039892,-0.032085,0.005776,0.816437,0.150816,0.146804,0.986426,0.208284,0.187146,0.816131,0.342262,0.097628,0.726771,0.142970,-0.130850,0.997888,0.197676,-0.188255,0.831628,0.336279,-0.114097,0.735512
-0.034960,0.006654,0.774565,-0.048662,0.125176,0.646204,0.024911,0.144133,0.349550,-0.019522,0.139120,0.035301,-0.044513,-0.107677,0.642851,0.048414,-0.138587,0.352791,-0.002120,-0.151997,0.039717,-0.030320,0.006145,0.818496,0.149994,0.146587,0.991492,0.207356,0.187782,0.821361,0.342419,0.098420,0.733451,0.141730,-0.131185,1.002074,0.196161,-0.188525,0.835697,0.336092,-0.114280,0.741554
-0.032687,0.006907,0.776348,-0.045508,0.125423,0.647604,0.023371,0.143552,0.349772,-0.019532,0.139088,0.035290,-0.041455,-0.107432,0.644276,0.047105,-0.138089,0.352826,-0.002357,-0.152017,0.039594,-0.028609,0.006398,0.820335,0.149066,0.146324,0.996239,0.206267,0.188340,0.826252,0.342471,0.099057,0.739999,0.140370,-0.131559,1.006079,0.194459,-0.188972,0.839613,0.335782,-0.114688,0.747568
-0.030222,0.007074,0.778009,-0.042180,0.125571,0.648906,0.022116,0.142912,0.350001,-0.019302,0.139014,0.035302,-0.038222,-0.107286,0.645617,0.046031,-0.137665,0.352864,-0.002380,-0.152107,0.039483,-0.026693,0.006570,0.822043,0.148148,0.146034,1.000911,0.205218,0.188880,0.831082,0.342662,0.099626,0.746753,0.139025,-0.131958,1.010079,0.192800,-0.189535,0.843563,0.335612,-0.115217,0.753839
-0.027661,0.007198,0.779609,-0.038764,0.125670,0.650168,0.020999,0.142243,0.350278,-0.018961,0.138928,0.035374,-0.034902,-0.107190,0.646928,0.045065,-0.137278,0.352945,-0.002303,-0.152223,0.039419,-0.024675,0.006702,0.823683,0.147202,0.145733,1.005514,0.204074,0.189432,0.835832,0.342792,0.100163,0.753600,0.137663,-0.132367,1.014043,0.191054,-0.190161,0.847474,0.335385,-0.115799,0.760223
-0.025611,0.007198,0.781013,-0.035979,0.125654,0.651292,0.019480,0.141480,0.350535,-0.018944,0.138775,0.035422,-0.032155,-0.107207,0.648076,0.043770,-0.136973,0.352990,-0.002423,-0.152398,0.039304,-0.023118,0.006709,0.825118,0.145438,0.145385,1.010075,0.202211,0.189912,0.840570,0.342310,0.100572,0.760763,0.135500,-0.132824,1.018041,0.188608,-0.190900,0.851474,0.334557,-0.116483,0.766978
-0.023508,0.007241,0.782344,-0.033195,0.125675,0.652367,0.018024,0.140776,0.350821,-0.018867,0.138705,0.035510,-0.029415,-0.107187,0.649182,0.042486,-0.136626,0.353058,-0.002497,-0.152504,0.039211,-0.021481,0.006759,0.826473,0.143536,0.145102,1.014613,0.200135,0.190477,0.845271,0.341629,0.101048,0.768043,0.133243,-0.133221,1.021995,0.186008,-0.191551,0.855404,0.333565,-0.117023,0.773827
-0.021297,0.007367,0.783526,-0.030414,0.125769,0.653321,0.016708,0.140187,0.351073,-0.018654,0.138782,0.035574,-0.026688,-0.107096,0.650182,0.041243,-0.136200,0.353089,-0.002462,-0.152497,0.039076,-0.019681,0.006896,0.827672,0.141419,0.144942,1.019160,0.197868,0.191173,0.849994,0.340813,0.101652,0.775576,0.130848,-0.133500,1.025925,0.183321,-0.192024,0.859305,0.332501,-0.117307,0.780895
-0.019068,0.007295,0.784613,-0.027730,0.125637,0.654189,0.015479,0.139444,0.351329,-0.018345,0.138734,0.035650,-0.024028,-0.107228,0.651135,0.039932,-0.135942,0.353124,-0.002408,-0.152598,0.038937,-0.017814,0.006844,0.828771,0.138791,0.144638,1.023894,0.195272,0.191693,0.854962,0.339768,0.102075,0.783712,0.128013,-0.133930,1.030016,0.180404,-0.192571,0.863408,0.331269,-0.117593,0.788540
-0.016830,0.007123,0.785653,-0.025096,0.125392,0.655019,0.014290,0.138621,0.351612,-0.017992,0.138616,0.035763,-0.021404,-0.107474,0.652069,0.038579,-0.135772,0.353192,-0.002353,-0.152755,0.038831,-0.015915,0.006696,0.829820,0.135854,0.144256,1.028653,0.192358,0.192071,0.859939,0.338385,0.102336,0.792029,0.124909,-0.134439,1.034119,0.177232,-0.193104,0.867493,0.329739,-0.117821,0.796346
-0.014470,0.006882,0.786458,-0.022287,0.125023,0.655574,0.013395,0.137809,0.351690,-0.017683,0.138546,0.035716,-0.018704,-0.107848,0.652831,0.037239,-0.135664,0.353125,-0.002280,-0.152863,0.038592,-0.013893,0.006495,0.830631,0.132536,0.143944,1.033269,0.189117,0.192433,0.864768,0.336710,0.102635,0.800427,0.121605,-0.134886,1.038104,0.173988,-0.193458,0.871460,0.328070,-0.117768,0.804249
-0.012070,0.006589,0.787191,-0.019393,0.124597,0.656061,0.012613,0.136983,0.351752,-0.017454,0.138443,0.035678,-0.015938,-0.108277,0.653531,0.035914,-0.135599,0.353044,-0.002339,-0.152968,0.038362,-0.011848,0.006241,0.831367,0.129095,0.143630,1.037667,0.185588,0.192678,0.869295,0.334649,0.102837,0.808507,0.118265,-0.135337,1.041899,0.170588,-0.193693,0.875156,0.326093,-0.117558,0.811851
-0.009590,0.006195,0.787782,-0.016329,0.124063,0.656404,0.012063,0.136129,0.351724,-0.017382,0.138278,0.035593,-0.013037,-0.108815,0.654101,0.034637,-0.135619,0.352876,-0.002645,-0.153079,0.038082,-0.009753,0.005887,0.831959,0.125510,0.143323,1.041768,0.181781,0.192801,0.873444,0.332251,0.102995,0.816202,0.114948,-0.135785,1.045454,0.167151,-0.193795,0.878550,0.323920,-0.117158,0.819109
-0.007041,0.005813,0.788233,-0.013182,0.123550,0.656628,0.011663,0.135361,0.351627,-0.017526,0.138150,0.035477,-0.010007,-0.109332,0.654535,0.033637,-0.135582,0.352650,-0.003009,-0.153044,0.037783,-0.007601,0.005541,0.832407,0.121881,0.143133,1.045511,0.177774,0.192899,0.877142,0.329592,0.103225,0.823392,0.111752,-0.136117,1.048730,0.163753,-0.193664,0.881598,0.321623,-0.116484,0.825925
-0.004457,0.005438,0.788613,-0.009991,0.123048,0.656797,0.011340,0.134635,0.351522,-0.017779,0.138040,0.035371,-0.006914,-0.109836,0.654908,0.032771,-0.135519,0.352428,-0.003405,-0.152939,0.037506,-0.005420,0.005198,0.832780,0.118195,0.142992,1.049001,0.173642,0.192913,0.880528,0.326757,0.103453,0.830253,0.108588,-0.136399,1.051798,0.160360,-0.193369,0.884394,0.319222,-0.115659,0.832447
-0.001968,0.005037,0.788859,-0.006958,0.122527,0.656858,0.011226,0.134015,0.351375,-0.018219,0.137949,0.035262,-0.003825,-0.110358,0.655158,0.032337,-0.135524,0.352192,-0.003668,-0.152916,0.037253,-0.003322,0.004827,0.833016,0.114368,0.142929,1.052124,0.169322,0.192854,0.883486,0.323708,0.103714,0.836707,0.105405,-0.136598,1.054615,0.156952,-0.192934,0.886924,0.316704,-0.114713,0.838653
0.000507,0.004648,0.789045,-0.003960,0.122022,0.656877,0.011222,0.133434,0.351226,-0.018643,0.137869,0.035161,-0.000738,-0.110862,0.655358,0.032014,-0.135534,0.351963,-0.003928,-0.152904,0.037021,-0.001230,0.004466,0.833189,0.110485,0.142887,1.055016,0.165005,0.192717,0.886207,0.320639,0.103977,0.843000,0.102203,-0.136769,1.057241,0.153600,-0.192415,0.889271,0.314192,-0.113737,0.844732
0.002952,0.004282,0.789110,-0.001037,0.121550,0.656797,0.011436,0.132938,0.351023,-0.019035,0.137810,0.035025,0.002345,-0.111333,0.655444,0.031923,-0.135552,0.351686,-0.004175,-0.152911,0.036767,0.000848,0.004124,0.833238,0.106556,0.142906,1.057594,0.160735,0.192562,0.888620,0.317608,0.104317,0.849106,0.099022,-0.136873,1.059621,0.150384,-0.191814,0.891405,0.311763,-0.112720,0.850679
0.005303,0.003965,0.789081,0.001758,0.121150,0.656655,0.011922,0.132599,0.350799,-0.019402,0.137837,0.034895,0.005376,-0.111730,0.655430,0.032163,-0.135526,0.351380,-0.004277,-0.152845,0.036503,0.002847,0.003822,0.833191,0.102642,0.142987,1.059846,0.156534,0.192438,0.890717,0.314621,0.104793,0.854962,0.095937,-0.136905,1.061720,0.147346,-0.191139,0.893286,0.309436,-0.111650,0.856412
0.007605,0.003673,0.789004,0.004487,0.120786,0.656485,0.012542,0.132332,0.350570,-0.019759,0.137896,0.034775,0.008380,-0.112089,0.655370,0.032563,-0.135485,0.351070,-0.004314,-0.152754,0.036248,0.004805,0.003540,0.833093,0.098723,0.143084,1.061873,0.152507,0.192324,0.892645,0.311781,0.105359,0.860794,0.092889,-0.136912,1.063625,0.144533,-0.190461,0.895040,0.307282,-0.110610,0.862145
0.009782,0.003253,0.788937,0.007049,0.120282,0.656322,0.013465,0.132017,0.350377,-0.019921,0.137857,0.034706,0.011292,-0.112587,0.655343,0.033216,-0.135633,0.350844,-0.004354,-0.152835,0.036107,0.006657,0.003138,0.833004,0.095029,0.143004,1.063662,0.148862,0.191969,0.894366,0.309182,0.105602,0.866475,0.089843,-0.137078,1.065366,0.141788,-0.190058,0.896691,0.305190,-0.110030,0.867787
0.011916,0.002927,0.788865,0.009586,0.119873,0.656161,0.014451,0.131794,0.350196,-0.020058,0.137883,0.034657,0.014137,-0.112990,0.655319,0.033900,-0.135680,0.350645,-0.004355,-0.152782,0.035991,0.008473,0.002829,0.832909,0.091422,0.142996,1.065279,0.145545,0.191697,0.895997,0.306830,0.105937,0.872189,0.086830,-0.137162,1.066967,0.139295,-0.189646,0.898294,0.303299,-0.109511,0.873487
0.013961,0.002793,0.788781,0.012070,0.119660,0.655995,0.015556,0.131768,0.350020,-0.020144,0.138065,0.034624,0.016847,-0.113199,0.655291,0.034647,-0.135507,0.350467,-0.004276,-0.152429,0.035890,0.010209,0.002712,0.832800,0.088008,0.143163,1.066678,0.142594,0.191599,0.897465,0.304720,0.106415,0.877772,0.083902,-0.137059,1.068403,0.137015,-0.189152,0.899809,0.301563,-0.109005,0.879098
0.015847,0.002564,0.788728,0.014430,0.119352,0.655865,0.016582,0.131646,0.349886,-0.020270,0.138160,0.034633,0.019282,-0.113505,0.655301,0.035182,-0.135455,0.350346,-0.004332,-0.152191,0.035837,0.011807,0.002502,0.832721,0.084785,0.143206,1.067915,0.139984,0.191374,0.898821,0.302803,0.106699,0.883228,0.081000,-0.137071,1.069719,0.134850,-0.188885,0.901269,0.299893,-0.108844,0.884615
0.017654,0.002289,0.788691,0.016728,0.119000,0.655757,0.017567,0.131479,0.349779,-0.020417,0.138217,0.034670,0.021579,-0.113858,0.655333,0.035610,-0.135460,0.350260,-0.004459,-0.152005,0.035816,0.013336,0.002248,0.832658,0.081658,0.143184,1.069034,0.137675,0.191113,0.900139,0.301071,0.106924,0.888685,0.078114,-0.137138,1.070938,0.132872,-0.188757,0.902719,0.298342,-0.108890,0.890150
0.019327,0.002029,0.788554,0.018952,0.118643,0.655535,0.018590,0.131322,0.349564,-0.020489,0.138312,0.034601,0.023575,-0.114219,0.655286,0.035926,-0.135439,0.350114,-0.004520,-0.151728,0.035707,0.014761,0.002019,0.832496,0.078872,0.143173,1.069857,0.135777,0.190819,0.901176,0.299569,0.106986,0.893764,0.075307,-0.137184,1.071930,0.130950,-0.188751,0.903983,0.296820,-0.109228,0.895362
0.020897,0.001784,0.788418,0.021073,0.118301,0.655318,0.019563,0.131170,0.349357,-0.020574,0.138400,0.034539,0.025422,-0.114566,0.655244,0.036159,-0.135439,0.349986,-0.004630,-0.151496,0.035615,0.016095,0.001807,0.832334,0.076175,0.143185,1.070561,0.134095,0.190558,0.902146,0.298169,0.107057,0.898765,0.072516,-0.137203,1.072833,0.129144,-0.188794,0.905219,0.295341,-0.109668,0.900521
0.022262,0.001569,0.788283,0.022994,0.117988,0.655106,0.020438,0.131021,0.349157,-0.020681,0.138466,0.034477,0.026974,-0.114886,0.655204,0.036237,-0.135481,0.349880,-0.004828,-0.151361,0.035538,0.017247,0.001627,0.832176,0.073659,0.143245,1.071108,0.132599,0.190317,0.902960,0.296818,0.107072,0.903497,0.069758,-0.137166,1.073635,0.127324,-0.188882,0.906377,0.293795,-0.110241,0.905456
0.023491,0.001381,0.788129,0.024779,0.117711,0.654885,0.021310,0.130897,0.348950,-0.020694,0.138543,0.034399,0.028340,-0.115169,0.655138,0.036301,-0.135492,0.349759,-0.005029,-0.151171,0.035445,0.018281,0.001474,0.831999,0.071386,0.143345,1.071496,0.131316,0.190089,0.903603,0.295553,0.107030,0.907927,0.067118,-0.137084,1.074321,0.125546,-0.189003,0.907423,0.292236,-0.110910,0.910122
0.024653,0.001205,0.787966,0.026497,0.117450,0.654663,0.022183,0.130785,0.348743,-0.020659,0.138630,0.034316,0.029612,-0.115436,0.655060,0.036359,-0.135484,0.349634,-0.005230,-0.150947,0.035346,0.019257,0.001333,0.831813,0.069239,0.143468,1.071787,0.130200,0.189874,0.904170,0.294347,0.106953,0.912234,0.064538,-0.136973,1.074931,0.123846,-0.189142,0.908419,0.290683,-0.111609,0.914684
0.025478,0.001027,0.787820,0.027829,0.117195,0.654466,0.022805,0.130668,0.348561,-0.020897,0.138657,0.034262,0.030540,-0.115695,0.654992,0.036369,-0.135548,0.349535,-0.005457,-0.150846,0.035273,0.019917,0.001187,0.831646,0.067244,0.143611,1.071953,0.129029,0.189674,0.904541,0.293011,0.106871,0.916076,0.062114,-0.136838,1.075445,0.122098,-0.189281,0.909259,0.289003,-0.112268,0.918805
0.026267,0.000858,0.787679,0.029108,0.116955,0.654281,0.023425,0.130564,0.348391,-0.021082,0.138699,0.034216,0.031424,-0.115939,0.654924,0.036429,-0.135601,0.349440,-0.005651,-0.150724,0.035207,0.020549,0.001048,0.831485,0.065370,0.143763,1.072070,0.127985,0.189486,0.904870,0.291720,0.106767,0.919805,0.059812,-0.136692,1.075905,0.120476,-0.189412,0.910052,0.287367,-0.112867,0.922809
0.026984,0.000705,0.787550,0.030281,0.116744,0.654119,0.024043,0.130483,0.348245,-0.021161,0.138759,0.034178,0.032219,-0.116154,0.654855,0.036585,-0.135637,0.349350,-0.005779,-0.150573,0.035150,0.021127,0.000921,0.831338,0.063737,0.143922,1.072127,0.127075,0.189306,0.905105,0.290494,0.106632,0.923249,0.057753,-0.136535,1.076299,0.118992,-0.189525,0.910741,0.285799,-0.113392,0.926522
0.027491,0.000535,0.787440,0.031174,0.116525,0.653984,0.024486,0.130392,0.348124,-0.021331,0.138789,0.034154,0.032826,-0.116374,0.654797,0.036674,-0.135682,0.349274,-0.005981,-0.150426,0.035107,0.021509,0.000772,0.831211,0.062140,0.144056,1.072151,0.126096,0.189118,0.905276,0.289160,0.106481,0.926435,0.055795,-0.136403,1.076644,0.117528,-0.189631,0.911344,0.284176,-0.113816,0.929965
0.027892,0.000357,0.787340,0.031926,0.116303,0.653863,0.024840,0.130296,0.348016,-0.021550,0.138804,0.034138,0.033338,-0.116598,0.654745,0.036727,-0.135729,0.349206,-0.006222,-0.150279,0.035073,0.021794,0.000614,0.831094,0.060563,0.144178,1.072153,0.125118,0.188920,0.905421,0.287779,0.106299,0.929470,0.053889,-0.136282,1.076959,0.116108,-0.189727,0.911909,0.282533,-0.114158,0.933248
0.028226,0.000227,0.787263,0.032555,0.116145,0.653777,0.025121,0.130212,0.347941,-0.021687,0.138802,0.034129,0.033755,-0.116757,0.654700,0.036852,-0.135767,0.349151,-0.006403,-0.150159,0.035054,0.022033,0.000498,0.831004,0.059270,0.144315,1.072133,0.124258,0.188750,0.905486,0.286497,0.106113,0.932135,0.052282,-0.136144,1.077224,0.114827,-0.189774,0.912357,0.281003,-0.114403,0.936138
0.028478,0.000093,0.787205,0.033073,0.115991,0.653716,0.025316,0.130125,0.347890,-0.021843,0.138797,0.034136,0.034093,-0.116912,0.654667,0.036918,-0.135813,0.349108,-0.006629,-0.150063,0.035048,0.022197,0.000375,0.830933,0.057975,0.144436,1.072120,0.123388,0.188567,0.905557,0.285180,0.105898,0.934673,0.050696,-0.136021,1.077481,0.113567,-0.189814,0.912789,0.279458,-0.114594,0.938888
0.028567,-0.000053,0.787186,0.033371,0.115841,0.653707,0.025344,0.130025,0.347889,-0.022031,0.138776,0.034170,0.034275,-0.117063,0.654659,0.036869,-0.135881,0.349093,-0.006947,-0.150021,0.035067,0.022211,0.000234,0.830904,0.056672,0.144517,1.072132,0.122432,0.188365,0.905629,0.283781,0.105667,0.937009,0.049146,-0.135939,1.077733,0.112282,-0.189858,0.913183,0.277866,-0.114742,0.941411
0.028633,-0.000091,0.787166,0.033632,0.115810,0.653705,0.025334,0.130034,0.347896,-0.022236,0.138862,0.034210,0.034413,-0.117093,0.654638,0.036796,-0.135857,0.349067,-0.007211,-0.149923,0.035066,0.022210,0.000197,0.830874,0.055514,0.144633,1.072157,0.121540,0.188238,0.905695,0.282449,0.105491,0.939115,0.047744,-0.135823,1.077921,0.111066,-0.189812,0.913465,0.276346,-0.114795,0.943642
0.028687,-0.000077,0.787144,0.033873,0.115838,0.653707,0.025305,0.130095,0.347906,-0.022449,0.139000,0.034250,0.034528,-0.117067,0.654610,0.036712,-0.135789,0.349035,-0.007447,-0.149799,0.035054,0.022201,0.000210,0.830843,0.054427,0.144765,1.072186,0.120682,0.188142,0.905755,0.281157,0.105338,0.941054,0.046414,-0.135691,1.078073,0.109887,-0.189718,0.913687,0.274867,-0.114799,0.945675
0.028514,-0.000103,0.787118,0.033856,0.115832,0.653709,0.025110,0.130064,0.347912,-0.022683,0.138991,0.034263,0.034440,-0.117073,0.654572,0.036541,-0.135772,0.348995,-0.007733,-0.149748,0.035030,0.021972,0.000181,0.830808,0.053300,0.144775,1.072231,0.119668,0.187969,0.905796,0.279734,0.105094,0.942732,0.045043,-0.135681,1.078154,0.108549,-0.189686,0.913772,0.273258,-0.114882,0.947377
0.028331,-0.000093,0.787084,0.033829,0.115863,0.653703,0.024917,0.130065,0.347910,-0.022896,0.139016,0.034265,0.034322,-0.117042,0.654524,0.036345,-0.135733,0.348947,-0.007989,-0.149692,0.034990,0.021737,0.000188,0.830766,0.052218,0.144796,1.072274,0.118653,0.187815,0.905820,0.278331,0.104875,0.944252,0.043721,-0.135662,1.078204,0.107218,-0.189613,0.913800,0.271671,-0.114939,0.948899
0.028126,-0.000013,0.787033,0.033780,0.115965,0.653681,0.024723,0.130128,0.347890,-0.023073,0.139105,0.034243,0.034141,-0.116941,0.654458,0.036092,-0.135654,0.348881,-0.008195,-0.149629,0.034919,0.021489,0.000265,0.830709,0.051226,0.144834,1.072317,0.117632,0.187705,0.905813,0.276956,0.104708,0.945557,0.042496,-0.135627,1.078193,0.105891,-0.189473,0.913715,0.270119,-0.114951,0.950159
0.028003,0.000040,0.786980,0.033807,0.116035,0.653652,0.024681,0.130178,0.347862,-0.023079,0.139184,0.034211,0.034057,-0.116871,0.654392,0.036014,-0.135574,0.348816,-0.008207,-0.149526,0.034843,0.021324,0.000315,0.830650,0.050402,0.144827,1.072357,0.116672,0.187555,0.905761,0.275693,0.104533,0.946651,0.041464,-0.135640,1.078155,0.104661,-0.189341,0.913553,0.268697,-0.114992,0.951189
0.027920,0.000079,0.786925,0.033870,0.116090,0.653619,0.024714,0.130222,0.347830,-0.023002,0.139257,0.034174,0.034021,-0.116817,0.654327,0.036021,-0.135494,0.348749,-0.008124,-0.149406,0.034764,0.021201,0.000353,0.830588,0.049661,0.144797,1.072392,0.115711,0.187370,0.905669,0.274474,0.104364,0.947577,0.040526,-0.135676,1.078102,0.103447,-0.189199,0.913335,0.267327,-0.115059,0.952044
0.027664,0.000107,0.786943,0.033751,0.116131,0.653657,0.024605,0.130213,0.347865,-0.022966,0.139255,0.034186,0.033790,-0.116776,0.654336,0.035821,-0.135478,0.348760,-0.008220,-0.149404,0.034760,0.020911,0.000380,0.830601,0.048832,0.144745,1.072497,0.114561,0.187136,0.905600,0.273114,0.104179,0.948387,0.039480,-0.135734,1.078109,0.102018,-0.189042,0.913126,0.265800,-0.115182,0.952776
0.027391,0.000146,0.786935,0.033597,0.116180,0.653665,0.024463,0.130230,0.347872,-0.022987,0.139287,0.034175,0.033552,-0.116726,0.654321,0.035608,-0.135429,0.348745,-0.008312,-0.149356,0.034729,0.020606,0.000419,0.830588,0.048004,0.144714,1.072566,0.113332,0.186877,0.905453,0.271733,0.104034,0.949021,0.038439,-0.135771,1.078089,0.100520,-0.188823,0.912851,0.264253,-0.115310,0.953340
0.027085,0.000205,0.786879,0.033374,0.116244,0.653619,0.024259,0.130300,0.347827,-0.023123,0.139390,0.034121,0.033302,-0.116662,0.654264,0.035369,-0.135317,0.348685,-0.008397,-0.149212,0.034646,0.020272,0.000479,0.830528,0.047185,0.144720,1.072572,0.112015,0.186592,0.905190,0.270332,0.103943,0.949431,0.037414,-0.135771,1.078024,0.098948,-0.188517,0.912481,0.262690,-0.115426,0.953695
0.026843,0.000197,0.786839,0.033204,0.116239,0.653586,0.024130,0.130298,0.347793,-0.023152,0.139417,0.034075,0.033109,-0.116667,0.654224,0.035169,-0.135297,0.348644,-0.008456,-0.149183,0.034585,0.020005,0.000473,0.830484,0.046493,0.144668,1.072581,0.110740,0.186162,0.904879,0.269029,0.103772,0.949694,0.036474,-0.135828,1.077976,0.097368,-0.188209,0.912080,0.261191,-0.115657,0.953915
0.026632,0.000155,0.786808,0.033060,0.116199,0.653560,0.024039,0.130260,0.347767,-0.023127,0.139409,0.034033,0.032943,-0.116707,0.654195,0.034990,-0.135324,0.348613,-0.008500,-0.149210,0.034536,0.019772,0.000435,0.830449,0.045860,0.144588,1.072592,0.109454,0.185614,0.904526,0.267778,0.103561,0.949835,0.035573,-0.135914,1.077937,0.095758,-0.187851,0.911643,0.259727,-0.115947,0.954018
0.026296,0.000341,0.786741,0.032742,0.116393,0.653501,0.023736,0.130496,0.347711,-0.023349,0.139708,0.033967,0.032666,-0.116514,0.654124,0.034683,-0.135126,0.348543,-0.008764,-0.149021,0.034461,0.019419,0.000620,0.830380,0.045129,0.144771,1.072541,0.107933,0.185256,0.904045,0.266412,0.103715,0.949730,0.034717,-0.135740,1.077870,0.094111,-0.187130,0.911120,0.258261,-0.115883,0.953902
0.026001,0.000476,0.786670,0.032452,0.116538,0.653440,0.023468,0.130674,0.347651,-0.023556,0.139928,0.033900,0.032432,-0.116369,0.654048,0.034424,-0.134977,0.348466,-0.009000,-0.148880,0.034383,0.019110,0.000753,0.830307,0.044458,0.144903,1.072483,0.106408,0.184766,0.903522,0.265117,0.103842,0.949497,0.033960,-0.135620,1.077795,0.092519,-0.186359,0.910549,0.256896,-0.115840,0.953657
0.025788,0.000506,0.786591,0.032220,0.116583,0.653373,0.023264,0.130732,0.347585,-0.023737,0.139992,0.033832,0.032285,-0.116323,0.653959,0.034256,-0.134924,0.348376,-0.009184,-0.148832,0.034298,0.018888,0.000777,0.830226,0.043912,0.144927,1.072413,0.104934,0.184106,0.902953,0.263959,0.103913,0.949109,0.033403,-0.135609,1.077703,0.091085,-0.185594,0.909924,0.255728,-0.115839,0.953252
0.025572,0.000618,0.786512,0.031963,0.116713,0.653308,0.023029,0.130915,0.347522,-0.023992,0.140213,0.033774,0.032127,-0.116194,0.653868,0.034081,-0.134786,0.348284,-0.009436,-0.148690,0.034218,0.018668,0.000883,0.830147,0.043449,0.145011,1.072350,0.103512,0.183446,0.902376,0.262901,0.104025,0.948604,0.032912,-0.135539,1.077599,0.089685,-0.184692,0.909263,0.254645,-0.115775,0.952716
0.025354,0.000771,0.786433,0.031692,0.116885,0.653243,0.022776,0.131161,0.347461,-0.024287,0.140514,0.033722,0.031963,-0.116021,0.653775,0.033899,-0.134605,0.348190,-0.009726,-0.148500,0.034142,0.018450,0.001030,0.830068,0.043031,0.145124,1.072290,0.102150,0.182775,0.901808,0.261931,0.104149,0.948030,0.032455,-0.135437,1.077488,0.088335,-0.183711,0.908597,0.253644,-0.115677,0.952102
0.025280,0.000815,0.786342,0.031566,0.116950,0.653167,0.022712,0.131267,0.347386,-0.024374,0.140635,0.033652,0.031928,-0.115956,0.653666,0.033888,-0.134531,0.348081,-0.009861,-0.148413,0.034053,0.018381,0.001066,0.829977,0.042713,0.145085,1.072250,0.100916,0.182002,0.901291,0.261141,0.104244,0.947429,0.032238,-0.135494,1.077336,0.087296,-0.182810,0.907904,0.252933,-0.115593,0.951414
0.025146,0.000848,0.786257,0.031383,0.117003,0.653096,0.022573,0.131355,0.347317,-0.024550,0.140733,0.033589,0.031829,-0.115903,0.653565,0.033825,-0.134468,0.347980,-0.010031,-0.148336,0.033969,0.018252,0.001091,0.829893,0.042347,0.145015,1.072229,0.099731,0.181212,0.900837,0.260380,0.104274,0.946859,0.031932,-0.135578,1.077184,0.086251,-0.181950,0.907251,0.252221,-0.115554,0.950741
0.024889,0.000857,0.786185,0.031084,0.117030,0.653037,0.022280,0.131406,0.347259,-0.024904,0.140788,0.033542,0.031599,-0.115876,0.653479,0.033655,-0.134426,0.347893,-0.010273,-0.148276,0.033893,0.017999,0.001094,0.829822,0.041877,0.144881,1.072246,0.098572,0.180403,0.900482,0.259598,0.104184,0.946371,0.031442,-0.135724,1.077029,0.085126,-0.181182,0.906646,0.251425,-0.115613,0.950118
0.024796,0.000881,0.786146,0.030959,0.117072,0.653012,0.022169,0.131458,0.347234,-0.025028,0.140841,0.033519,0.031527,-0.115834,0.653425,0.033638,-0.134390,0.347839,-0.010346,-0.148240,0.033849,0.017910,0.001113,0.829784,0.041580,0.144751,1.072303,0.097703,0.179657,0.900224,0.259066,0.104079,0.945972,0.031110,-0.135863,1.076904,0.084266,-0.180467,0.906129,0.250868,-0.115663,0.949576
0.024786,0.000914,0.786124,0.030925,0.117123,0.653004,0.022151,0.131513,0.347227,-0.025032,0.140897,0.033509,0.031535,-0.115783,0.653387,0.033700,-0.134355,0.347804,-0.010333,-0.148213,0.033822,0.017903,0.001141,0.829762,0.041375,0.144625,1.072381,0.097042,0.178986,0.900044,0.258696,0.103957,0.945665,0.030861,-0.135997,1.076795,0.083599,-0.179821,0.905687,0.250465,-0.115700,0.949120
0.024618,0.000997,0.786067,0.030739,0.117227,0.652965,0.021969,0.131657,0.347190,-0.025298,0.141056,0.033485,0.031406,-0.115679,0.653313,0.033631,-0.134239,0.347729,-0.010468,-0.148076,0.033757,0.017732,0.001217,0.829705,0.041012,0.144545,1.072426,0.096348,0.178432,0.899887,0.258228,0.103848,0.945423,0.030432,-0.136082,1.076653,0.082865,-0.179212,0.905273,0.249952,-0.115689,0.948730
0.024576,0.001076,0.786011,0.030685,0.117328,0.652928,0.021896,0.131780,0.347154,-0.025457,0.141179,0.033463,0.031414,-0.115578,0.653241,0.033689,-0.134140,0.347657,-0.010488,-0.147974,0.033697,0.017683,0.001290,0.829648,0.040740,0.144463,1.072475,0.095869,0.177954,0.899792,0.257916,0.103728,0.945317,0.030107,-0.136169,1.076515,0.082356,-0.178683,0.904925,0.249603,-0.115652,0.948475
0.024785,0.001146,0.785958,0.030894,0.117422,0.652898,0.022039,0.131862,0.347125,-0.025406,0.141233,0.033447,0.031695,-0.115483,0.653170,0.034001,-0.134075,0.347588,-0.010277,-0.147933,0.033646,0.017876,0.001352,0.829592,0.040639,0.144374,1.072532,0.095698,0.177542,0.899763,0.257845,0.103601,0.945386,0.029975,-0.136262,1.076384,0.082179,-0.178235,0.904647,0.249517,-0.115586,0.948395
0.024994,0.001190,0.785922,0.031106,0.117495,0.652888,0.022173,0.131938,0.347118,-0.025390,0.141295,0.033458,0.031993,-0.115411,0.653114,0.034350,-0.134033,0.347535,-0.010054,-0.147911,0.033612,0.018065,0.001386,0.829553,0.040513,0.144266,1.072603,0.095565,0.177187,0.899783,0.257775,0.103489,0.945573,0.029887,-0.136376,1.076272,0.082122,-0.177867,0.904426,0.249485,-0.115473,0.948436
0.025205,0.001223,0.785895,0.031323,0.117558,0.652890,0.022306,0.132016,0.347123,-0.025387,0.141364,0.033482,0.032301,-0.115347,0.653066,0.034720,-0.134000,0.347489,-0.009821,-0.147895,0.033588,0.018253,0.001408,0.829522,0.040378,0.144148,1.072681,0.095475,0.176885,0.899841,0.257707,0.103384,0.945866,0.029824,-0.136500,1.076170,0.082146,-0.177562,0.904248,0.249482,-0.115331,0.948586
0.025405,0.001243,0.785884,0.031563,0.117600,0.652902,0.022551,0.132081,0.347137,-0.025292,0.141408,0.033518,0.032639,-0.115305,0.653044,0.035109,-0.133929,0.347465,-0.009566,-0.147781,0.033582,0.018417,0.001418,0.829506,0.040150,0.144051,1.072761,0.095352,0.176647,0.899928,0.257574,0.103332,0.946286,0.029736,-0.136605,1.076099,0.082219,-0.177297,0.904137,0.249468,-0.115123,0.948883
0.025669,0.001267,0.785850,0.031865,0.117644,0.652889,0.022852,0.132163,0.347126,-0.025151,0.141481,0.033533,0.033053,-0.115261,0.653002,0.035557,-0.133858,0.347421,-0.009268,-0.147671,0.033559,0.018641,0.001433,0.829465,0.039962,0.143963,1.072817,0.095295,0.176465,0.900007,0.257479,0.103316,0.946758,0.029723,-0.136702,1.076006,0.082398,-0.177062,0.904024,0.249520,-0.114881,0.949237
0.026061,0.001297,0.785769,0.032292,0.117689,0.652826,0.023267,0.132279,0.347067,-0.024915,0.141615,0.033502,0.033619,-0.115215,0.652918,0.036121,-0.133787,0.347336,-0.008885,-0.147568,0.033499,0.018988,0.001454,0.829377,0.039850,0.143891,1.072822,0.095328,0.176346,0.900050,0.257464,0.103373,0.947247,0.029855,-0.136785,1.075868,0.082751,-0.176842,0.903883,0.249702,-0.114579,0.949613
0.026260,0.001234,0.785705,0.032537,0.117635,0.652774,0.023510,0.132329,0.347021,-0.024779,0.141733,0.033476,0.033992,-0.115268,0.652857,0.036497,-0.133816,0.347273,-0.008667,-0.147563,0.033459,0.019141,0.001384,0.829305,0.039502,0.143756,1.072829,0.095140,0.176186,0.900103,0.257215,0.103396,0.947800,0.029789,-0.136931,1.075762,0.082928,-0.176727,0.903792,0.249680,-0.114334,0.950075
0.026362,0.001124,0.785648,0.032691,0.117530,0.652727,0.023666,0.132345,0.346981,-0.024697,0.141844,0.033451,0.034267,-0.115372,0.652807,0.036779,-0.133896,0.347221,-0.008534,-0.147608,0.033427,0.019195,0.001267,0.829241,0.039037,0.143589,1.072836,0.094838,0.176017,0.900162,0.256841,0.103410,0.948389,0.029626,-0.137110,1.075671,0.083013,-0.176680,0.903725,0.249548,-0.114128,0.950586
0.026477,0.001114,0.785663,0.032847,0.117530,0.652755,0.023792,0.132433,0.347015,-0.024658,0.141993,0.033502,0.034557,-0.115371,0.652825,0.037037,-0.133836,0.347235,-0.008473,-0.147483,0.033468,0.019262,0.001249,0.829248,0.038575,0.143538,1.072904,0.094542,0.175979,0.900287,0.256465,0.103553,0.949065,0.029472,-0.137173,1.075661,0.083110,-0.176553,0.903750,0.249416,-0.113825,0.951200
0.026589,0.001133,0.785663,0.032988,0.117561,0.652770,0.023867,0.132548,0.347037,-0.024680,0.142167,0.033542,0.034846,-0.115338,0.652826,0.037276,-0.133744,0.347232,-0.008445,-0.147326,0.033494,0.019328,0.001258,0.829240,0.038109,0.143526,1.072949,0.094235,0.176000,0.900390,0.256076,0.103757,0.949726,0.029331,-0.137197,1.075643,0.083216,-0.176416,0.903771,0.249283,-0.113492,0.951810
0.026698,0.001208,0.785630,0.033102,0.117655,0.652757,0.023842,0.132715,0.347032,-0.024820,0.142389,0.033558,0.035137,-0.115244,0.652789,0.037482,-0.133590,0.347190,-0.008477,-0.147109,0.033486,0.019392,0.001321,0.829200,0.037637,0.143591,1.072947,0.093914,0.176111,0.900446,0.255678,0.104064,0.950340,0.029217,-0.137143,1.075603,0.083346,-0.176233,0.903779,0.249165,-0.113079,0.952394
0.026831,0.001152,0.785625,0.033240,0.117618,0.652773,0.023821,0.132728,0.347056,-0.024937,0.142448,0.033599,0.035422,-0.115279,0.652778,0.037653,-0.133573,0.347175,-0.008536,-0.147034,0.033503,0.019486,0.001254,0.829188,0.037256,0.143530,1.072966,0.093672,0.176101,0.900519,0.255350,0.104216,0.950948,0.029148,-0.137214,1.075595,0.083498,-0.176208,0.903819,0.249082,-0.112841,0.952981
0.026974,0.001031,0.785634,0.033387,0.117518,0.652804,0.023800,0.132666,0.347094,-0.025044,0.142425,0.033653,0.035703,-0.115378,0.652779,0.037808,-0.133624,0.347171,-0.008609,-0.147030,0.033533,0.019592,0.001121,0.829191,0.036919,0.143406,1.072995,0.093477,0.176037,0.900606,0.255063,0.104292,0.951556,0.029101,-0.137347,1.075604,0.083667,-0.176269,0.903880,0.249021,-0.112693,0.953572
0.027156,0.000950,0.785581,0.033553,0.117455,0.652769,0.023880,0.132681,0.347065,-0.025004,0.142508,0.033633,0.036036,-0.115439,0.652721,0.038008,-0.133622,0.347108,-0.008665,-0.146957,0.033507,0.019741,0.001029,0.829132,0.036629,0.143336,1.072954,0.093331,0.176040,0.900626,0.254830,0.104441,0.952089,0.029124,-0.137426,1.075557,0.083913,-0.176299,0.903893,0.249031,-0.112489,0.954100
0.027352,0.000789,0.785543,0.033731,0.117309,0.652745,0.024008,0.132615,0.347048,-0.024894,0.142506,0.033620,0.036378,-0.115583,0.652680,0.038211,-0.133692,0.347061,-0.008669,-0.146956,0.033490,0.019905,0.000857,0.829089,0.036361,0.143188,1.072927,0.093225,0.175977,0.900668,0.254629,0.104514,0.952647,0.029159,-0.137582,1.075527,0.084185,-0.176426,0.903933,0.249066,-0.112381,0.954656
0.027575,0.000470,0.785532,0.033933,0.116999,0.652743,0.024228,0.132387,0.347050,-0.024648,0.142339,0.033620,0.036737,-0.115891,0.652670,0.038418,-0.133906,0.347045,-0.008578,-0.147093,0.033488,0.020101,0.000530,0.829073,0.036133,0.142886,1.072924,0.093177,0.175772,0.900744,0.254480,0.104435,0.953250,0.029218,-0.137890,1.075528,0.084496,-0.176729,0.904012,0.249138,-0.112457,0.955261
0.027746,0.000293,0.785507,0.034092,0.116828,0.652724,0.024437,0.132311,0.347034,-0.024391,0.142341,0.033599,0.037031,-0.116060,0.652649,0.038580,-0.133991,0.347017,-0.008463,-0.147116,0.033465,0.020247,0.000346,0.829044,0.035853,0.142730,1.072907,0.093090,0.175732,0.900813,0.254290,0.104534,0.953861,0.029237,-0.138054,1.075515,0.084779,-0.176904,0.904088,0.249177,-0.112405,0.955876
0.027892,0.000188,0.785474,0.034231,0.116727,0.652694,0.024640,0.132310,0.347009,-0.024127,0.142425,0.033566,0.037294,-0.116160,0.652621,0.038719,-0.134013,0.346984,-0.008336,-0.147083,0.033431,0.020368,0.000234,0.829007,0.035550,0.142647,1.072880,0.092987,0.175785,0.900879,0.254083,0.104745,0.954496,0.029238,-0.138143,1.075495,0.085056,-0.177024,0.904165,0.249204,-0.112309,0.956517
0.027923,-0.000132,0.785451,0.034297,0.116410,0.652676,0.024808,0.132084,0.346993,-0.023876,0.142281,0.033540,0.037406,-0.116476,0.652602,0.038694,-0.134228,0.346958,-0.008156,-0.147244,0.033371,0.020373,-0.000091,0.828979,0.035183,0.142356,1.072857,0.092816,0.175633,0.900947,0.253801,0.104751,0.955151,0.029127,-0.138439,1.075489,0.085202,-0.177385,0.904257,0.249115,-0.112506,0.957188
0.027915,-0.000407,0.785439,0.034335,0.116138,0.652670,0.024982,0.131893,0.346987,-0.023603,0.142165,0.033520,0.037475,-0.116747,0.652595,0.038649,-0.134398,0.346944,-0.007960,-0.147362,0.033317,0.020340,-0.000371,0.828963,0.034789,0.142125,1.072834,0.092626,0.175540,0.901020,0.253494,0.104837,0.955849,0.028958,-0.138674,1.075504,0.085291,-0.177719,0.904378,0.248976,-0.112725,0.957917
0.027831,-0.000594,0.785449,0.034318,0.115956,0.652686,0.025169,0.131779,0.347002,-0.023286,0.142111,0.033516,0.037458,-0.116930,0.652607,0.038561,-0.134477,0.346950,-0.007734,-0.147392,0.033273,0.020230,-0.000562,0.828968,0.034347,0.142012,1.072815,0.092395,0.175543,0.901093,0.253136,0.105031,0.956582,0.028679,-0.138789,1.075558,0.085259,-0.177982,0.904547,0.248736,-0.112944,0.958711
0.027611,-0.000781,0.785479,0.034177,0.115773,0.652723,0.025261,0.131672,0.347037,-0.023058,0.142062,0.033529,0.037288,-0.117112,0.652638,0.038345,-0.134568,0.346976,-0.007710,-0.147429,0.033261,0.019987,-0.000751,0.828994,0.033901,0.141898,1.072809,0.092109,0.175526,0.901160,0.252728,0.105186,0.957260,0.028288,-0.138903,1.075632,0.085037,-0.178273,0.904717,0.248361,-0.113293,0.959456
0.027324,-0.000969,0.785519,0.033974,0.115590,0.652771,0.025306,0.131566,0.347082,-0.022872,0.142015,0.033552,0.037043,-0.117296,0.652678,0.038066,-0.134664,0.347011,-0.007784,-0.147469,0.033263,0.019678,-0.000941,0.829030,0.033452,0.141783,1.072809,0.091790,0.175492,0.901219,0.252300,0.105321,0.957873,0.027841,-0.139017,1.075716,0.084715,-0.178571,0.904884,0.247924,-0.113710,0.960140
0.027045,-0.001096,0.785518,0.033839,0.115469,0.652782,0.025405,0.131514,0.347089,-0.022818,0.141972,0.033565,0.036759,-0.117419,0.652675,0.037752,-0.134697,0.347002,-0.007950,-0.147420,0.033231,0.019373,-0.001068,0.829025,0.033066,0.141774,1.072740,0.091511,0.175500,0.901189,0.251928,0.105479,0.958322,0.027395,-0.139024,1.075782,0.084356,-0.178790,0.905028,0.247493,-0.114081,0.960701
0.026764,-0.001282,0.785516,0.033688,0.115292,0.652795,0.025459,0.131383,0.347097,-0.022796,0.141833,0.033575,0.036464,-0.117597,0.652666,0.037414,-0.134793,0.346990,-0.008188,-0.147442,0.033202,0.019071,-0.001255,0.829019,0.032725,0.141703,1.072668,0.091272,0.175400,0.901146,0.251603,0.105469,0.958647,0.026927,-0.139090,1.075849,0.083954,-0.179051,0.905161,0.247062,-0.114512,0.961139
0.026477,-0.001586,0.785515,0.033505,0.115003,0.652812,0.025424,0.131095,0.347108,-0.022834,0.141503,0.033583,0.036145,-0.117888,0.652652,0.037028,-0.135019,0.346972,-0.008569,-0.147611,0.033184,0.018770,-0.001559,0.829016,0.032472,0.141509,1.072597,0.091119,0.175109,0.901090,0.251354,0.105134,0.958818,0.026414,-0.139277,1.075918,0.083470,-0.179421,0.905283,0.246602,-0.115077,0.961422
