body_0_w,body_0_x,body_0_y,body_0_z,body_1_w,body_1_x,body_1_y,body_1_z,body_2_w,body_2_x,body_2_y,body_2_z,body_3_w,body_3_x,body_3_y,body_3_z,body_4_w,body_4_x,body_4_y,body_4_z,body_5_w,body_5_x,body_5_y,body_5_z,body_6_w,body_6_x,body_6_y,body_6_z,body_7_w,body_7_x,body_7_y,body_7_z,body_8_w,body_8_x,body_8_y,body_8_z,body_9_w,body_9_x,body_9_y,body_9_z,body_10_w,body_10_x,body_10_y,body_10_z,body_11_w,body_11_x,body_11_y,body_11_z,body_12_w,body_12_x,body_12_y,body_12_z,body_13_w,body_13_x,body_13_y,body_13_z
0.999932,0.003107,-0.011249,-0.000279,0.996659,0.054408,-0.060848,0.002699,0.988924,0.030628,0.094967,0.109872,0.994153,-0.007928,0.007480,0.107434,0.996319,-0.038773,-0.076360,-0.003690,0.993593,-0.023476,0.088184,-0.066676,0.997896,0.002709,-0.011815,-0.063698,0.999365,-0.000211,0.029433,-0.020094,0.992650,0.093200,-0.065993,-0.040053,0.902775,0.204881,0.267889,-0.266941,0.897888,0.236594,0.109693,-0.354666,0.993307,-0.097367,-0.062133,0.000271,0.912435,-0.195408,0.276327,0.230048,0.926198,-0.239293,0.107493,0.270817
0.999930,0.003108,-0.011382,-0.000337,0.996658,0.054423,-0.060860,0.002643,0.988935,0.030649,0.094845,0.109874,0.994162,-0.007805,0.006941,0.107390,0.996333,-0.038920,-0.076109,-0.003747,0.993538,-0.023514,0.088385,-0.067207,0.997864,0.002920,-0.011475,-0.064237,0.999383,-0.000159,0.028902,-0.019981,0.992605,0.093657,-0.066181,-0.039808,0.903087,0.204995,0.266740,-0.266947,0.897975,0.236697,0.108048,-0.354881,0.993263,-0.097687,-0.062330,0.000241,0.912723,-0.195512,0.275106,0.230282,0.926350,-0.239309,0.105690,0.270994
0.999929,0.003118,-0.011493,-0.000305,0.996656,0.054407,-0.060913,0.002676,0.988943,0.030632,0.094774,0.109871,0.994169,-0.007672,0.006561,0.107357,0.996347,-0.039066,-0.075852,-0.003716,0.993487,-0.023563,0.088603,-0.067660,0.997838,0.003078,-0.011188,-0.064694,0.999399,-0.000105,0.028429,-0.019828,0.992551,0.094487,-0.066016,-0.039450,0.903534,0.205062,0.264971,-0.267144,0.898081,0.236660,0.105278,-0.355470,0.993208,-0.098356,-0.062167,0.000175,0.913135,-0.195610,0.273246,0.230775,0.926589,-0.239194,0.102694,0.271429
0.999928,0.003147,-0.011562,-0.000092,0.996651,0.054331,-0.061050,0.002887,0.988944,0.030542,0.094801,0.109862,0.994172,-0.007519,0.006495,0.107344,0.996362,-0.039205,-0.075589,-0.003506,0.993443,-0.023631,0.088852,-0.067956,0.997821,0.003131,-0.011008,-0.064985,0.999414,-0.000046,0.028066,-0.019596,0.992492,0.095662,-0.065502,-0.038959,0.904096,0.205080,0.262692,-0.267482,0.898232,0.236451,0.101495,-0.356326,0.993142,-0.099337,-0.061658,0.000135,0.913633,-0.195711,0.270841,0.231553,0.926881,-0.238905,0.098626,0.272191
0.999927,0.003180,-0.011649,0.000076,0.996645,0.054255,-0.061207,0.003054,0.988946,0.030458,0.094933,0.109752,0.994186,-0.007322,0.006467,0.107229,0.996374,-0.039294,-0.075387,-0.003341,0.993408,-0.023658,0.089040,-0.068206,0.997805,0.003183,-0.010948,-0.065229,0.999428,-0.000032,0.027712,-0.019397,0.992419,0.097077,-0.064821,-0.038449,0.904755,0.205074,0.259858,-0.268025,0.898432,0.236045,0.096648,-0.357439,0.993053,-0.100647,-0.060965,0.000018,0.914232,-0.195875,0.267918,0.232450,0.927234,-0.238472,0.093548,0.273162
0.999926,0.003215,-0.011745,0.000222,0.996638,0.054180,-0.061374,0.003200,0.988949,0.030378,0.095116,0.109592,0.994206,-0.007103,0.006457,0.107064,0.996385,-0.039358,-0.075216,-0.003197,0.993378,-0.023666,0.089197,-0.068434,0.997791,0.003234,-0.010948,-0.065449,0.999441,-0.000040,0.027362,-0.019214,0.992330,0.098697,-0.064041,-0.037922,0.905484,0.205077,0.256584,-0.268714,0.898689,0.235436,0.090860,-0.358709,0.992942,-0.102207,-0.060161,-0.000143,0.914903,-0.196097,0.264575,0.233451,0.927626,-0.237842,0.087580,0.274354
0.999925,0.003230,-0.011802,0.000499,0.996627,0.054150,-0.061560,0.003481,0.988953,0.030334,0.095104,0.109579,0.994210,-0.006945,0.006350,0.107043,0.996394,-0.039396,-0.075094,-0.002921,0.993369,-0.023703,0.089332,-0.068378,0.997794,0.003236,-0.011004,-0.065382,0.999452,-0.000087,0.027113,-0.018991,0.992236,0.100448,-0.063114,-0.037347,0.906245,0.205043,0.253092,-0.269485,0.899016,0.234550,0.084373,-0.360052,0.992817,-0.103966,-0.059211,-0.000266,0.915573,-0.196380,0.261017,0.234588,0.928014,-0.236982,0.080959,0.275816
0.999924,0.003246,-0.011862,0.000770,0.996617,0.054117,-0.061739,0.003757,0.988958,0.030293,0.095093,0.109548,0.994216,-0.006792,0.006236,0.107003,0.996402,-0.039438,-0.074971,-0.002651,0.993365,-0.023757,0.089437,-0.068278,0.997801,0.003216,-0.011081,-0.065269,0.999463,-0.000150,0.026870,-0.018749,0.992129,0.102286,-0.062180,-0.036748,0.907028,0.205022,0.249420,-0.270289,0.899395,0.233438,0.077281,-0.361418,0.992675,-0.105841,-0.058255,-0.000372,0.916250,-0.196718,0.257280,0.235787,0.928400,-0.235898,0.073771,0.277458
0.999923,0.003267,-0.011926,0.001027,0.996608,0.054084,-0.061901,0.004016,0.988967,0.030263,0.095084,0.109483,0.994226,-0.006646,0.006110,0.106928,0.996411,-0.039484,-0.074842,-0.002396,0.993372,-0.023845,0.089482,-0.068090,0.997813,0.003153,-0.011196,-0.065064,0.999474,-0.000241,0.026643,-0.018469,0.992017,0.104136,-0.061262,-0.036118,0.907818,0.204987,0.245690,-0.271076,0.899812,0.232103,0.069802,-0.362759,0.992521,-0.107781,-0.057324,-0.000429,0.916903,-0.197112,0.253486,0.237027,0.928762,-0.234626,0.066222,0.279226
0.999922,0.003290,-0.011953,0.001178,0.996601,0.054015,-0.062068,0.004168,0.988997,0.030224,0.095003,0.109294,0.994248,-0.006565,0.005996,0.106734,0.996415,-0.039554,-0.074747,-0.002249,0.993379,-0.023932,0.089421,-0.068041,0.997816,0.003058,-0.011334,-0.065000,0.999480,-0.000330,0.026488,-0.018373,0.991896,0.105955,-0.060351,-0.035693,0.908524,0.204991,0.242011,-0.272017,0.900155,0.230603,0.062165,-0.364251,0.992363,-0.109718,-0.056362,-0.000644,0.917561,-0.197453,0.249816,0.238087,0.929150,-0.233159,0.058618,0.280858
0.999922,0.003314,-0.011962,0.001275,0.996594,0.053927,-0.062237,0.004264,0.989037,0.030180,0.094887,0.109043,0.994276,-0.006515,0.005888,0.106480,0.996418,-0.039635,-0.074669,-0.002159,0.993385,-0.024019,0.089308,-0.068062,0.997814,0.002948,-0.011483,-0.065006,0.999483,-0.000417,0.026369,-0.018368,0.991771,0.107704,-0.059482,-0.035382,0.909172,0.205005,0.238438,-0.272997,0.900442,0.228992,0.054574,-0.365770,0.992206,-0.111602,-0.055426,-0.000927,0.918206,-0.197756,0.246291,0.239022,0.929534,-0.231573,0.051109,0.282363
0.999922,0.003336,-0.011935,0.001518,0.996578,0.053864,-0.062539,0.004514,0.989064,0.030105,0.094691,0.108995,0.994283,-0.006477,0.005727,0.106430,0.996429,-0.039674,-0.074508,-0.001916,0.993399,-0.024120,0.089321,-0.067818,0.997831,0.002904,-0.011558,-0.064747,0.999486,-0.000521,0.026331,-0.018254,0.991658,0.109350,-0.058591,-0.034991,0.909803,0.204943,0.235105,-0.273831,0.900737,0.227289,0.047308,-0.367115,0.992053,-0.113399,-0.054495,-0.001072,0.918770,-0.198055,0.242969,0.240005,0.929844,-0.229937,0.043885,0.283889
0.999922,0.003359,-0.011907,0.001732,0.996565,0.053794,-0.062791,0.004732,0.989086,0.030027,0.094544,0.108944,0.994289,-0.006444,0.005578,0.106378,0.996438,-0.039720,-0.074368,-0.001703,0.993412,-0.024222,0.089314,-0.067599,0.997845,0.002878,-0.011614,-0.064515,0.999489,-0.000623,0.026310,-0.018158,0.991549,0.110877,-0.057758,-0.034644,0.910392,0.204860,0.231970,-0.274605,0.900992,0.225596,0.040449,-0.368352,0.991907,-0.115080,-0.053623,-0.001210,0.919299,-0.198315,0.239851,0.240898,0.930119,-0.228312,0.037073,0.285268
0.999922,0.003384,-0.011880,0.001889,0.996559,0.053712,-0.062946,0.004888,0.989099,0.029944,0.094492,0.108889,0.994296,-0.006418,0.005446,0.106319,0.996443,-0.039777,-0.074271,-0.001550,0.993425,-0.024326,0.089268,-0.067430,0.997856,0.002890,-0.011636,-0.064336,0.999489,-0.000722,0.026319,-0.018099,0.991447,0.112273,-0.056978,-0.034361,0.910931,0.204758,0.229067,-0.275330,0.901202,0.223967,0.034131,-0.369471,0.991769,-0.116634,-0.052800,-0.001358,0.919794,-0.198528,0.236976,0.241677,0.930360,-0.226755,0.030818,0.286467
0.999922,0.003406,-0.011868,0.001973,0.996558,0.053600,-0.063051,0.004967,0.989121,0.029851,0.094456,0.108752,0.994312,-0.006415,0.005356,0.106183,0.996447,-0.039853,-0.074189,-0.001471,0.993423,-0.024417,0.089294,-0.067384,0.997860,0.002877,-0.011604,-0.064281,0.999488,-0.000805,0.026370,-0.018075,0.991351,0.113550,-0.056243,-0.034142,0.911414,0.204655,0.226423,-0.275996,0.901370,0.222463,0.028452,-0.370450,0.991643,-0.118046,-0.052020,-0.001513,0.920253,-0.198685,0.234368,0.242343,0.930567,-0.225302,0.025211,0.287486
0.999922,0.003427,-0.011863,0.002020,0.996559,0.053471,-0.063132,0.005007,0.989146,0.029754,0.094428,0.108575,0.994330,-0.006425,0.005287,0.106008,0.996449,-0.039936,-0.074113,-0.001430,0.993414,-0.024501,0.089358,-0.067399,0.997860,0.002852,-0.011545,-0.064289,0.999487,-0.000880,0.026443,-0.018070,0.991261,0.114713,-0.055572,-0.033968,0.911850,0.204554,0.224027,-0.276583,0.901510,0.221125,0.023436,-0.371261,0.991526,-0.119333,-0.051305,-0.001663,0.920676,-0.198814,0.232010,0.242900,0.930735,-0.224012,0.020276,0.288338
0.999922,0.003437,-0.011842,0.002124,0.996562,0.053388,-0.063153,0.005105,0.989146,0.029669,0.094429,0.108595,0.994328,-0.006420,0.005252,0.106031,0.996444,-0.039996,-0.074143,-0.001334,0.993417,-0.024557,0.089330,-0.067379,0.997862,0.002804,-0.011500,-0.064268,0.999484,-0.000907,0.026555,-0.018044,0.991174,0.115817,-0.054942,-0.033803,0.912241,0.204494,0.221910,-0.277046,0.901633,0.220017,0.019135,-0.371866,0.991423,-0.120467,-0.050641,-0.001769,0.921058,-0.198895,0.229898,0.243391,0.930863,-0.222878,0.016023,0.289071
0.999922,0.003442,-0.011813,0.002186,0.996567,0.053306,-0.063134,0.005160,0.989151,0.029599,0.094415,0.108577,0.994330,-0.006417,0.005208,0.106015,0.996440,-0.040051,-0.074176,-0.001279,0.993420,-0.024607,0.089281,-0.067382,0.997863,0.002734,-0.011477,-0.064269,0.999481,-0.000938,0.026675,-0.018054,0.991089,0.116825,-0.054390,-0.033694,0.912589,0.204458,0.220015,-0.277438,0.901737,0.219124,0.015478,-0.372311,0.991324,-0.121522,-0.050048,-0.001892,0.921411,-0.198985,0.228027,0.243742,0.930958,-0.221980,0.012443,0.289635
0.999923,0.003434,-0.011768,0.002163,0.996578,0.053221,-0.063036,0.005128,0.989167,0.029557,0.094370,0.108486,0.994340,-0.006416,0.005147,0.105923,0.996435,-0.040103,-0.074216,-0.001306,0.993423,-0.024649,0.089193,-0.067435,0.997860,0.002615,-0.011496,-0.064320,0.999475,-0.000980,0.026811,-0.018139,0.991008,0.117743,-0.053905,-0.033678,0.912886,0.204453,0.218332,-0.277794,0.901815,0.218446,0.012434,-0.372635,0.991228,-0.122523,-0.049507,-0.002068,0.921742,-0.199090,0.226405,0.243917,0.931031,-0.221329,0.009528,0.290006
0.999923,0.003439,-0.011707,0.002140,0.996588,0.053143,-0.062943,0.005095,0.989169,0.029496,0.094377,0.108479,0.994339,-0.006432,0.005231,0.105927,0.996428,-0.040128,-0.074293,-0.001336,0.993431,-0.024690,0.089152,-0.067358,0.997865,0.002478,-0.011460,-0.064244,0.999469,-0.001000,0.026972,-0.018229,0.990927,0.118626,-0.053456,-0.033684,0.913144,0.204498,0.216885,-0.278045,0.901892,0.217999,0.009992,-0.372784,0.991138,-0.123447,-0.049004,-0.002234,0.922043,-0.199193,0.225010,0.243988,0.931078,-0.220883,0.007215,0.290262
0.999924,0.003449,-0.011638,0.002118,0.996598,0.053066,-0.062853,0.005063,0.989164,0.029421,0.094411,0.108516,0.994332,-0.006456,0.005388,0.105982,0.996420,-0.040142,-0.074387,-0.001365,0.993441,-0.024731,0.089135,-0.067216,0.997875,0.002331,-0.011396,-0.064104,0.999463,-0.001010,0.027146,-0.018321,0.990847,0.119472,-0.053039,-0.033705,0.913373,0.204581,0.215650,-0.278192,0.901978,0.217755,0.008087,-0.372764,0.991052,-0.124316,-0.048533,-0.002391,0.922315,-0.199309,0.223824,0.243955,0.931103,-0.220632,0.005444,0.290412
0.999926,0.003451,-0.011514,0.001975,0.996607,0.053040,-0.062753,0.004913,0.989175,0.029410,0.094258,0.108555,0.994328,-0.006414,0.005384,0.106027,0.996412,-0.040114,-0.074512,-0.001512,0.993456,-0.024743,0.089086,-0.067052,0.997887,0.002233,-0.011301,-0.063947,0.999457,-0.001029,0.027265,-0.018469,0.990766,0.120265,-0.052709,-0.033781,0.913580,0.204705,0.214541,-0.278281,0.902065,0.217684,0.006582,-0.372624,0.990965,-0.125161,-0.048137,-0.002602,0.922585,-0.199455,0.222793,0.243757,0.931127,-0.220580,0.004116,0.290397
0.999928,0.003452,-0.011388,0.001814,0.996614,0.053006,-0.062681,0.004747,0.989184,0.029386,0.094151,0.108569,0.994326,-0.006374,0.005420,0.106048,0.996402,-0.040102,-0.074647,-0.001678,0.993467,-0.024757,0.089039,-0.066946,0.997894,0.002143,-0.011227,-0.063847,0.999450,-0.001042,0.027419,-0.018649,0.990688,0.121026,-0.052355,-0.033897,0.913749,0.204846,0.213638,-0.278315,0.902162,0.217726,0.005511,-0.372383,0.990883,-0.125967,-0.047709,-0.002837,0.922834,-0.199589,0.221978,0.243448,0.931157,-0.220642,0.003241,0.290264
0.999929,0.003453,-0.011255,0.001615,0.996618,0.052961,-0.062661,0.004544,0.989190,0.029340,0.094140,0.108531,0.994328,-0.006337,0.005539,0.106024,0.996389,-0.040120,-0.074801,-0.001885,0.993470,-0.024773,0.088999,-0.066959,0.997894,0.002072,-0.011192,-0.063863,0.999439,-0.001044,0.027645,-0.018892,0.990615,0.121759,-0.051918,-0.034085,0.913866,0.204992,0.212958,-0.278346,0.902257,0.217824,0.004843,-0.372105,0.990809,-0.126732,-0.047183,-0.003128,0.923065,-0.199678,0.221407,0.243021,0.931215,-0.220752,0.002797,0.289999
0.999931,0.003469,-0.011114,0.001444,0.996620,0.052928,-0.062669,0.004370,0.989208,0.029316,0.094015,0.108485,0.994333,-0.006269,0.005555,0.105984,0.996377,-0.040134,-0.074947,-0.002066,0.993483,-0.024809,0.088902,-0.066884,0.997899,0.001951,-0.011219,-0.063787,0.999428,-0.001061,0.027876,-0.019109,0.990549,0.122449,-0.051437,-0.034244,0.913975,0.205109,0.212439,-0.278297,0.902388,0.217938,0.004469,-0.371724,0.990740,-0.127477,-0.046620,-0.003394,0.923266,-0.199769,0.220992,0.242560,0.931278,-0.220908,0.002644,0.289678
0.999933,0.003494,-0.010968,0.001288,0.996621,0.052904,-0.062688,0.004210,0.989231,0.029306,0.093834,0.108437,0.994338,-0.006183,0.005521,0.105939,0.996366,-0.040145,-0.075089,-0.002233,0.993501,-0.024854,0.088776,-0.066764,0.997906,0.001805,-0.011277,-0.063664,0.999418,-0.001083,0.028110,-0.019312,0.990491,0.123105,-0.050901,-0.034383,0.914072,0.205201,0.212062,-0.278198,0.902544,0.218045,0.004335,-0.371285,0.990675,-0.128195,-0.046006,-0.003651,0.923443,-0.199846,0.220716,0.242071,0.931357,-0.221072,0.002723,0.289299
0.999934,0.003502,-0.010849,0.001071,0.996621,0.052845,-0.062753,0.003992,0.989259,0.029262,0.093706,0.108306,0.994352,-0.006227,0.005462,0.105812,0.996357,-0.040149,-0.075196,-0.002455,0.993506,-0.024884,0.088763,-0.066687,0.997911,0.001659,-0.011309,-0.063583,0.999405,-0.001107,0.028338,-0.019615,0.990434,0.123726,-0.050332,-0.034615,0.914127,0.205293,0.211777,-0.278167,0.902672,0.218134,0.004357,-0.370919,0.990614,-0.128893,-0.045335,-0.004014,0.923627,-0.199884,0.220575,0.241466,0.931484,-0.221227,0.002994,0.288768
0.999936,0.003502,-0.010750,0.000834,0.996621,0.052800,-0.062800,0.003755,0.989284,0.029232,0.093605,0.108169,0.994366,-0.006277,0.005416,0.105678,0.996347,-0.040127,-0.075336,-0.002696,0.993517,-0.024885,0.088696,-0.066617,0.997915,0.001547,-0.011330,-0.063514,0.999393,-0.001143,0.028552,-0.019931,0.990383,0.124311,-0.049730,-0.034853,0.914165,0.205364,0.211572,-0.278145,0.902796,0.218196,0.004494,-0.370580,0.990555,-0.129579,-0.044627,-0.004395,0.923796,-0.199915,0.220524,0.240840,0.931627,-0.221379,0.003383,0.288185
0.999937,0.003487,-0.010690,0.000558,0.996623,0.052780,-0.062811,0.003480,0.989304,0.029230,0.093562,0.108021,0.994381,-0.006337,0.005398,0.105531,0.996334,-0.040051,-0.075541,-0.002973,0.993537,-0.024831,0.088525,-0.066559,0.997918,0.001506,-0.011331,-0.063468,0.999381,-0.001204,0.028738,-0.020272,0.990337,0.124852,-0.049117,-0.035105,0.914188,0.205413,0.211403,-0.278162,0.902901,0.218227,0.004675,-0.370305,0.990494,-0.130274,-0.043900,-0.004808,0.923952,-0.199958,0.220532,0.240198,0.931778,-0.221546,0.003829,0.287564
0.999937,0.003461,-0.010635,0.000223,0.996625,0.052790,-0.062783,0.003149,0.989322,0.029249,0.093447,0.107954,0.994389,-0.006349,0.005317,0.105460,0.996320,-0.040016,-0.075730,-0.003309,0.993551,-0.024801,0.088350,-0.066595,0.997915,0.001494,-0.011382,-0.063509,0.999367,-0.001282,0.028919,-0.020658,0.990293,0.125363,-0.048482,-0.035396,0.914184,0.205450,0.211259,-0.278259,0.902965,0.218232,0.004864,-0.370143,0.990433,-0.130975,-0.043140,-0.005268,0.924097,-0.200002,0.220591,0.239548,0.931932,-0.221720,0.004302,0.286922
0.999938,0.003428,-0.010583,-0.000142,0.996628,0.052814,-0.062737,0.002788,0.989338,0.029278,0.093295,0.107928,0.994393,-0.006337,0.005202,0.105428,0.996305,-0.040001,-0.075911,-0.003674,0.993562,-0.024785,0.088174,-0.066677,0.997909,0.001496,-0.011458,-0.063594,0.999354,-0.001370,0.029095,-0.021066,0.990251,0.125857,-0.047827,-0.035705,0.914156,0.205479,0.211117,-0.278435,0.902987,0.218220,0.005016,-0.370094,0.990370,-0.131680,-0.042354,-0.005753,0.924228,-0.200048,0.220667,0.238933,0.932076,-0.221896,0.004744,0.286311
0.999939,0.003401,-0.010478,-0.000420,0.996631,0.052865,-0.062657,0.002513,0.989337,0.029317,0.093230,0.107988,0.994387,-0.006333,0.005191,0.105487,0.996296,-0.039929,-0.076057,-0.003949,0.993574,-0.024727,0.088075,-0.066654,0.997910,0.001496,-0.011453,-0.063580,0.999340,-0.001420,0.029307,-0.021435,0.990208,0.126388,-0.047113,-0.035981,0.914106,0.205525,0.211010,-0.278648,0.902973,0.218220,0.005149,-0.370125,0.990315,-0.132340,-0.041518,-0.006199,0.924335,-0.200055,0.220744,0.238441,0.932196,-0.222013,0.005118,0.285822
0.999940,0.003375,-0.010366,-0.000701,0.996634,0.052909,-0.062581,0.002235,0.989340,0.029358,0.093146,0.108019,0.994384,-0.006324,0.005168,0.105517,0.996287,-0.039851,-0.076201,-0.004225,0.993588,-0.024666,0.087949,-0.066633,0.997910,0.001509,-0.011468,-0.063569,0.999325,-0.001476,0.029530,-0.021795,0.990166,0.126913,-0.046378,-0.036249,0.914042,0.205558,0.210876,-0.278935,0.902925,0.218197,0.005181,-0.370256,0.990259,-0.133003,-0.040663,-0.006635,0.924425,-0.200067,0.220793,0.238039,0.932287,-0.222117,0.005391,0.285441
0.999941,0.003354,-0.010238,-0.000988,0.996637,0.052944,-0.062511,0.001950,0.989353,0.029405,0.093026,0.107993,0.994387,-0.006302,0.005123,0.105487,0.996279,-0.039759,-0.076334,-0.004507,0.993606,-0.024595,0.087773,-0.066616,0.997910,0.001552,-0.011516,-0.063562,0.999310,-0.001543,0.029781,-0.022136,0.990126,0.127426,-0.045616,-0.036502,0.913968,0.205568,0.210711,-0.279295,0.902851,0.218138,0.005105,-0.370472,0.990202,-0.133673,-0.039785,-0.007047,0.924494,-0.200086,0.220809,0.237741,0.932341,-0.222205,0.005555,0.285190
0.999943,0.003338,-0.010110,-0.001189,0.996638,0.052994,-0.062467,0.001752,0.989373,0.029471,0.092769,0.108008,0.994387,-0.006298,0.004989,0.105497,0.996274,-0.039665,-0.076432,-0.004702,0.993628,-0.024532,0.087605,-0.066542,0.997914,0.001594,-0.011586,-0.063495,0.999295,-0.001637,0.030057,-0.022456,0.990090,0.127912,-0.044838,-0.036739,0.913892,0.205541,0.210495,-0.279724,0.902763,0.218022,0.004896,-0.370758,0.990140,-0.134366,-0.038895,-0.007429,0.924542,-0.200129,0.220779,0.237542,0.932358,-0.222287,0.005600,0.285073
0.999944,0.003324,-0.009982,-0.001345,0.996637,0.053050,-0.062438,0.001600,0.989397,0.029547,0.092443,0.108048,0.994385,-0.006305,0.004809,0.105529,0.996271,-0.039570,-0.076512,-0.004852,0.993650,-0.024474,0.087441,-0.066438,0.997919,0.001635,-0.011668,-0.063398,0.999279,-0.001746,0.030346,-0.022763,0.990055,0.128386,-0.044064,-0.036967,0.913818,0.205491,0.210204,-0.280223,0.902660,0.217861,0.004530,-0.371108,0.990075,-0.135074,-0.038011,-0.007793,0.924583,-0.200187,0.220676,0.237431,0.932343,-0.222349,0.005498,0.285073
0.999945,0.003310,-0.009833,-0.001546,0.996639,0.053099,-0.062366,0.001401,0.989419,0.029628,0.092240,0.108004,0.994391,-0.006281,0.004717,0.105478,0.996264,-0.039477,-0.076643,-0.005049,0.993665,-0.024368,0.087228,-0.066536,0.997911,0.001697,-0.011712,-0.063510,0.999259,-0.001829,0.030734,-0.023098,0.990017,0.128888,-0.043211,-0.037240,0.913711,0.205440,0.209908,-0.280831,0.902521,0.217652,0.004077,-0.371572,0.990015,-0.135764,-0.037040,-0.008170,0.924619,-0.200190,0.220568,0.237389,0.932324,-0.222322,0.005313,0.285161
0.999947,0.003292,-0.009654,-0.001705,0.996642,0.053135,-0.062295,0.001243,0.989440,0.029692,0.091995,0.108002,0.994391,-0.006279,0.004639,0.105475,0.996258,-0.039391,-0.076756,-0.005204,0.993683,-0.024285,0.087032,-0.066563,0.997908,0.001744,-0.011743,-0.063548,0.999239,-0.001916,0.031161,-0.023383,0.989980,0.129401,-0.042319,-0.037471,0.913613,0.205359,0.209560,-0.281468,0.902383,0.217384,0.003481,-0.372071,0.989953,-0.136464,-0.036043,-0.008490,0.924641,-0.200194,0.220389,0.237466,0.932276,-0.222243,0.004969,0.285387
0.999949,0.003268,-0.009416,-0.001781,0.996645,0.053147,-0.062225,0.001167,0.989460,0.029727,0.091662,0.108085,0.994382,-0.006320,0.004588,0.105565,0.996254,-0.039316,-0.076835,-0.005274,0.993706,-0.024244,0.086869,-0.066446,0.997915,0.001764,-0.011752,-0.063441,0.999218,-0.002007,0.031670,-0.023571,0.989947,0.129930,-0.041336,-0.037617,0.913531,0.205223,0.209210,-0.282090,0.902260,0.217038,0.002784,-0.372576,0.989891,-0.137176,-0.034979,-0.008703,0.924631,-0.200194,0.220170,0.237708,0.932190,-0.222095,0.004480,0.285788
0.999951,0.003255,-0.009145,-0.001831,0.996645,0.053161,-0.062216,0.001118,0.989494,0.029782,0.091325,0.108053,0.994385,-0.006322,0.004553,0.105538,0.996250,-0.039256,-0.076919,-0.005322,0.993734,-0.024215,0.086622,-0.066355,0.997920,0.001779,-0.011759,-0.063361,0.999197,-0.002096,0.032233,-0.023722,0.989913,0.130481,-0.040290,-0.037734,0.913456,0.205057,0.208825,-0.282739,0.902126,0.216631,0.001945,-0.373143,0.989828,-0.137897,-0.033861,-0.008872,0.924613,-0.200176,0.219897,0.238045,0.932092,-0.221881,0.003823,0.286285
0.999954,0.003247,-0.008857,-0.001868,0.996643,0.053177,-0.062236,0.001083,0.989533,0.029847,0.090984,0.107962,0.994394,-0.006306,0.004526,0.105454,0.996245,-0.039206,-0.077004,-0.005359,0.993765,-0.024193,0.086335,-0.066279,0.997924,0.001790,-0.011766,-0.063295,0.999174,-0.002183,0.032826,-0.023854,0.989877,0.131053,-0.039211,-0.037838,0.913392,0.204868,0.208373,-0.283416,0.901971,0.216171,0.000930,-0.373789,0.989762,-0.138634,-0.032713,-0.009018,0.924599,-0.200144,0.219550,0.238446,0.931989,-0.221612,0.002966,0.286837
0.999957,0.003248,-0.008477,-0.001921,0.996641,0.053172,-0.062275,0.001030,0.989571,0.029891,0.090728,0.107820,0.994406,-0.006304,0.004683,0.105331,0.996235,-0.039171,-0.077152,-0.005416,0.993794,-0.024161,0.085993,-0.066296,0.997922,0.001797,-0.011797,-0.063324,0.999148,-0.002284,0.033548,-0.023924,0.989845,0.131635,-0.037992,-0.037895,0.913337,0.204604,0.207946,-0.284097,0.901811,0.215611,-0.000177,-0.374498,0.989695,-0.139400,-0.031442,-0.009083,0.924558,-0.200094,0.219209,0.238963,0.931870,-0.221273,0.001982,0.287495
0.999960,0.003258,-0.008063,-0.001944,0.996636,0.053167,-0.062355,0.001009,0.989604,0.029917,0.090468,0.107720,0.994413,-0.006290,0.004890,0.105256,0.996224,-0.039142,-0.077309,-0.005447,0.993825,-0.024142,0.085662,-0.066270,0.997922,0.001799,-0.011808,-0.063310,0.999120,-0.002370,0.034349,-0.023955,0.989810,0.132258,-0.036687,-0.037928,0.913291,0.204311,0.207495,-0.284785,0.901631,0.214992,-0.001424,-0.375283,0.989628,-0.140171,-0.030093,-0.009101,0.924515,-0.200003,0.218818,0.239562,0.931752,-0.220848,0.000811,0.288209
0.999964,0.003284,-0.007580,-0.001909,0.996627,0.053158,-0.062517,0.001046,0.989630,0.029909,0.090205,0.107703,0.994410,-0.006255,0.005202,0.105275,0.996211,-0.039129,-0.077483,-0.005424,0.993858,-0.024152,0.085354,-0.066162,0.997929,0.001789,-0.011775,-0.063213,0.999087,-0.002427,0.035313,-0.023913,0.989773,0.132938,-0.035216,-0.037913,0.913249,0.203973,0.207095,-0.285454,0.901445,0.214298,-0.002728,-0.376119,0.989565,-0.140933,-0.028598,-0.009024,0.924450,-0.199849,0.218433,0.240290,0.931630,-0.220299,-0.000488,0.289022
0.999968,0.003322,-0.007047,-0.001879,0.996616,0.053144,-0.062705,0.001078,0.989660,0.029892,0.089887,0.107700,0.994405,-0.006206,0.005471,0.105306,0.996195,-0.039127,-0.077688,-0.005411,0.993900,-0.024174,0.084927,-0.066069,0.997934,0.001795,-0.011779,-0.063131,0.999049,-0.002466,0.036390,-0.023911,0.989728,0.133661,-0.033652,-0.037958,0.913192,0.203617,0.206667,-0.286196,0.901217,0.213538,-0.004158,-0.377084,0.989500,-0.141707,-0.026998,-0.008969,0.924401,-0.199634,0.218028,0.241023,0.931536,-0.219655,-0.001924,0.289810
0.999972,0.003366,-0.006488,-0.001852,0.996604,0.053127,-0.062904,0.001106,0.989692,0.029870,0.089541,0.107703,0.994401,-0.006152,0.005718,0.105343,0.996178,-0.039129,-0.077907,-0.005403,0.993947,-0.024201,0.084442,-0.065984,0.997939,0.001811,-0.011797,-0.063058,0.999006,-0.002494,0.037525,-0.023929,0.989675,0.134424,-0.032054,-0.038037,0.913142,0.203253,0.206158,-0.286982,0.900959,0.212729,-0.005755,-0.378136,0.989429,-0.142504,-0.025357,-0.008922,0.924374,-0.199391,0.217544,0.241765,0.931458,-0.218946,-0.003538,0.290577
0.999976,0.003413,-0.005837,-0.001810,0.996590,0.053050,-0.063191,0.001149,0.989731,0.029781,0.089163,0.107682,0.994397,-0.006089,0.005980,0.105363,0.996154,-0.039166,-0.078189,-0.005386,0.993980,-0.024240,0.084080,-0.065928,0.997942,0.001747,-0.011748,-0.063013,0.998955,-0.002554,0.038888,-0.023897,0.989624,0.135196,-0.030255,-0.038099,0.913089,0.202794,0.205718,-0.287789,0.900708,0.211784,-0.007358,-0.379234,0.989351,-0.143368,-0.023527,-0.008786,0.924306,-0.199136,0.217126,0.242611,0.931366,-0.218165,-0.005170,0.291436
0.999979,0.003466,-0.005132,-0.001738,0.996577,0.052956,-0.063474,0.001219,0.989774,0.029679,0.088729,0.107671,0.994393,-0.006057,0.006210,0.105392,0.996131,-0.039200,-0.078477,-0.005341,0.994021,-0.024285,0.083651,-0.065839,0.997948,0.001671,-0.011680,-0.062938,0.998897,-0.002603,0.040350,-0.023860,0.989562,0.136029,-0.028399,-0.038179,0.913037,0.202335,0.205223,-0.288629,0.900434,0.210802,-0.009075,-0.380393,0.989264,-0.144271,-0.021639,-0.008624,0.924241,-0.198869,0.216646,0.243505,0.931274,-0.217326,-0.006933,0.292319
0.999983,0.003529,-0.004320,-0.001607,0.996566,0.052823,-0.063752,0.001344,0.989827,0.029553,0.088181,0.107674,0.994387,-0.006086,0.006372,0.105437,0.996106,-0.039232,-0.078774,-0.005239,0.994077,-0.024346,0.083088,-0.065686,0.997958,0.001565,-0.011572,-0.062805,0.998830,-0.002633,0.042011,-0.023816,0.989487,0.136937,-0.026406,-0.038291,0.912960,0.201873,0.204758,-0.289526,0.900130,0.209773,-0.010809,-0.381634,0.989170,-0.145215,-0.019613,-0.008418,0.924157,-0.198574,0.216184,0.244473,0.931177,-0.216411,-0.008734,0.293257
0.999987,0.003587,-0.003416,-0.001525,0.996552,0.052682,-0.064086,0.001421,0.989879,0.029393,0.087554,0.107752,0.994373,-0.006169,0.006455,0.105556,0.996080,-0.039280,-0.079089,-0.005188,0.994125,-0.024404,0.082549,-0.065616,0.997962,0.001410,-0.011470,-0.062753,0.998750,-0.002663,0.043872,-0.023790,0.989399,0.137911,-0.024296,-0.038461,0.912851,0.201412,0.204305,-0.290510,0.899783,0.208696,-0.012567,-0.382986,0.989063,-0.146230,-0.017462,-0.008188,0.924050,-0.198282,0.215746,0.245498,0.931072,-0.215457,-0.010557,0.294232
0.999989,0.003643,-0.002465,-0.001468,0.996536,0.052538,-0.064448,0.001475,0.989930,0.029218,0.086889,0.107868,0.994356,-0.006278,0.006497,0.105712,0.996052,-0.039336,-0.079410,-0.005163,0.994169,-0.024460,0.082024,-0.065587,0.997964,0.001230,-0.011370,-0.062742,0.998662,-0.002694,0.045835,-0.023773,0.989294,0.138959,-0.022182,-0.038670,0.912728,0.200992,0.203771,-0.291561,0.899386,0.207622,-0.014437,-0.384435,0.988938,-0.147327,-0.015301,-0.007937,0.923935,-0.198037,0.215236,0.246573,0.930949,-0.214509,-0.012496,0.295236
0.999991,0.003721,-0.001290,-0.001380,0.996516,0.052382,-0.064874,0.001558,0.989990,0.029034,0.086160,0.107951,0.994341,-0.006303,0.006585,0.105840,0.996016,-0.039430,-0.079821,-0.005119,0.994219,-0.024548,0.081407,-0.065560,0.997966,0.001031,-0.011344,-0.062729,0.998554,-0.002731,0.048181,-0.023684,0.989178,0.140088,-0.019781,-0.038877,0.912551,0.200531,0.203430,-0.292668,0.898963,0.206459,-0.016149,-0.385979,0.988798,-0.148512,-0.012868,-0.007542,0.923728,-0.197793,0.214895,0.247838,0.930784,-0.213487,-0.014313,0.296411
0.999992,0.003808,-0.000033,-0.001281,0.996495,0.052230,-0.065320,0.001651,0.990049,0.028849,0.085407,0.108054,0.994325,-0.006308,0.006692,0.105990,0.995979,-0.039521,-0.080239,-0.005066,0.994270,-0.024633,0.080789,-0.065527,0.997968,0.000864,-0.011276,-0.062713,0.998432,-0.002763,0.050694,-0.023582,0.989040,0.141312,-0.017323,-0.039114,0.912344,0.200116,0.203077,-0.293840,0.898480,0.205301,-0.017917,-0.387639,0.988639,-0.149785,-0.010380,-0.007090,0.923488,-0.197599,0.214539,0.249196,0.930589,-0.212460,-0.016207,0.297660
0.999991,0.003910,0.001387,-0.001160,0.996470,0.052084,-0.065808,0.001765,0.990108,0.028659,0.084602,0.108197,0.994303,-0.006272,0.006837,0.106184,0.995941,-0.039609,-0.080672,-0.004995,0.994321,-0.024714,0.080165,-0.065483,0.997971,0.000757,-0.011125,-0.062691,0.998287,-0.002788,0.053537,-0.023455,0.988883,0.142633,-0.014653,-0.039394,0.912072,0.199710,0.202874,-0.295097,0.897938,0.204099,-0.019591,-0.389445,0.988460,-0.151143,-0.007681,-0.006544,0.923173,-0.197414,0.214323,0.250690,0.930362,-0.211381,-0.018032,0.299030
0.999987,0.004019,0.002990,-0.001024,0.996442,0.051930,-0.066357,0.001894,0.990191,0.028488,0.083613,0.108256,0.994291,-0.006178,0.006958,0.106295,0.995895,-0.039708,-0.081191,-0.004917,0.994393,-0.024824,0.079319,-0.065380,0.997977,0.000685,-0.011033,-0.062610,0.998117,-0.002862,0.056673,-0.023299,0.988711,0.143992,-0.011811,-0.039709,0.911754,0.199272,0.202789,-0.296433,0.897345,0.202820,-0.021219,-0.391389,0.988253,-0.152638,-0.004815,-0.005901,0.922775,-0.197304,0.214246,0.252301,0.930087,-0.210316,-0.019802,0.300520
0.999980,0.004131,0.004684,-0.000881,0.996411,0.051772,-0.066935,0.002029,0.990285,0.028327,0.082531,0.108272,0.994284,-0.006054,0.007067,0.106365,0.995845,-0.039814,-0.081755,-0.004837,0.994475,-0.024950,0.078359,-0.065248,0.997984,0.000631,-0.010974,-0.062501,0.997929,-0.002962,0.059955,-0.023130,0.988520,0.145406,-0.008953,-0.040053,0.911407,0.198872,0.202706,-0.297821,0.896688,0.201541,-0.022925,-0.393455,0.988017,-0.154244,-0.001935,-0.005196,0.922332,-0.197286,0.214182,0.253986,0.929770,-0.209293,-0.021652,0.302084
0.999969,0.004244,0.006597,-0.000563,0.996373,0.051545,-0.067661,0.002338,0.990383,0.028089,0.081447,0.108252,0.994277,-0.005949,0.007314,0.106413,0.995785,-0.039861,-0.082471,-0.004588,0.994566,-0.025029,0.077441,-0.064927,0.998004,0.000739,-0.010808,-0.062211,0.997704,-0.003139,0.063672,-0.022845,0.988323,0.146817,-0.005795,-0.040369,0.911011,0.198367,0.202910,-0.299227,0.896023,0.200114,-0.024430,-0.395601,0.987749,-0.155988,0.001216,-0.004278,0.921743,-0.197344,0.214402,0.255884,0.929380,-0.208252,-0.023311,0.303875
0.999954,0.004360,0.008593,-0.000195,0.996333,0.051307,-0.068420,0.002695,0.990490,0.027850,0.080248,0.108233,0.994271,-0.005877,0.007508,0.106462,0.995724,-0.039930,-0.083195,-0.004293,0.994660,-0.025131,0.076472,-0.064592,0.998025,0.000823,-0.010624,-0.061908,0.997456,-0.003340,0.067549,-0.022513,0.988107,0.148261,-0.002640,-0.040693,0.910590,0.197897,0.203155,-0.300650,0.895318,0.198674,-0.025963,-0.397820,0.987454,-0.157814,0.004349,-0.003255,0.921093,-0.197497,0.214661,0.257882,0.928945,-0.207228,-0.025012,0.305765
0.999932,0.004481,0.010754,0.000274,0.996288,0.051045,-0.069246,0.003150,0.990613,0.027603,0.078819,0.108217,0.994265,-0.005874,0.007591,0.106513,0.995659,-0.040043,-0.083934,-0.003906,0.994761,-0.025281,0.075404,-0.064231,0.998047,0.000859,-0.010402,-0.061582,0.997172,-0.003593,0.071744,-0.022086,0.987882,0.149693,0.000644,-0.041002,0.910129,0.197390,0.203596,-0.302076,0.894617,0.197124,-0.027354,-0.400068,0.987130,-0.159725,0.007584,-0.002049,0.920328,-0.197736,0.215107,0.260051,0.928454,-0.206172,-0.026577,0.307833
0.999904,0.004616,0.013007,0.000899,0.996234,0.050770,-0.070192,0.003759,0.990741,0.027338,0.077303,0.108209,0.994258,-0.005817,0.007671,0.106574,0.995583,-0.040168,-0.084797,-0.003377,0.994863,-0.025428,0.074355,-0.063816,0.998074,0.000891,-0.010120,-0.061205,0.996846,-0.003882,0.076324,-0.021399,0.987650,0.151119,0.004110,-0.041152,0.909656,0.196829,0.204339,-0.303365,0.894009,0.195451,-0.028462,-0.402166,0.986784,-0.161673,0.010917,-0.000483,0.919392,-0.198058,0.215765,0.262559,0.927867,-0.205011,-0.027940,0.310245
0.999870,0.004759,0.015306,0.001603,0.996173,0.050491,-0.071199,0.004446,0.990869,0.027069,0.075742,0.108205,0.994251,-0.005728,0.007747,0.106639,0.995500,-0.040297,-0.085723,-0.002777,0.994965,-0.025570,0.073315,-0.063375,0.998101,0.000925,-0.009809,-0.060804,0.996485,-0.004190,0.081095,-0.020581,0.987410,0.152529,0.007491,-0.041247,0.909168,0.196319,0.205183,-0.304586,0.893469,0.193721,-0.029446,-0.404125,0.986420,-0.163632,0.014119,0.001293,0.918358,-0.198495,0.216481,0.265245,0.927222,-0.203793,-0.029197,0.312850
0.999831,0.004928,0.017530,0.002365,0.996090,0.050262,-0.072466,0.005197,0.990978,0.026773,0.074322,0.108269,0.994238,-0.005564,0.007825,0.106766,0.995389,-0.040429,-0.086957,-0.002143,0.995037,-0.025634,0.072609,-0.063032,0.998123,0.000985,-0.009486,-0.060499,0.996055,-0.004511,0.086445,-0.019513,0.987162,0.153904,0.011124,-0.041239,0.908614,0.195762,0.206516,-0.305695,0.893089,0.191803,-0.029877,-0.405845,0.986039,-0.165557,0.017488,0.003464,0.917110,-0.198968,0.217585,0.268286,0.926494,-0.202373,-0.029953,0.315842
0.999789,0.005119,0.019653,0.003222,0.995995,0.050056,-0.073838,0.006042,0.991079,0.026476,0.072882,0.108392,0.994219,-0.005380,0.007875,0.106950,0.995262,-0.040613,-0.088332,-0.001434,0.995094,-0.025722,0.072112,-0.062659,0.998147,0.000953,-0.009167,-0.060155,0.995583,-0.004842,0.091944,-0.018382,0.986911,0.155225,0.014485,-0.041249,0.908028,0.195336,0.207903,-0.306767,0.892816,0.189862,-0.030140,-0.407337,0.985650,-0.167446,0.020555,0.005787,0.915783,-0.199594,0.218722,0.271412,0.925717,-0.200926,-0.030504,0.318978
0.999744,0.005356,0.021574,0.004269,0.995878,0.049892,-0.075418,0.007075,0.991169,0.026173,0.071401,0.108636,0.994187,-0.005159,0.007870,0.107251,0.995102,-0.040902,-0.089994,-0.000574,0.995124,-0.025863,0.072028,-0.062227,0.998175,0.000735,-0.008859,-0.059735,0.995051,-0.005187,0.097739,-0.017124,0.986662,0.156478,0.017667,-0.041245,0.907392,0.195021,0.209493,-0.307766,0.892696,0.187877,-0.030053,-0.408525,0.985254,-0.169283,0.023393,0.008353,0.914321,-0.200374,0.220015,0.274702,0.924860,-0.199434,-0.030677,0.322363
0.999699,0.005703,0.023255,0.005379,0.995730,0.049770,-0.077313,0.008163,0.991241,0.025837,0.070232,0.108819,0.994165,-0.004870,0.007828,0.107478,0.994870,-0.041247,-0.092369,0.000276,0.995099,-0.025901,0.072583,-0.061964,0.998193,0.000423,-0.008550,-0.059473,0.994442,-0.005498,0.103962,-0.015682,0.986407,0.157713,0.020747,-0.041200,0.906677,0.194854,0.211428,-0.308653,0.892746,0.185897,-0.029441,-0.409365,0.984861,-0.171005,0.026059,0.011244,0.912685,-0.201264,0.221547,0.278238,0.923905,-0.197851,-0.030351,0.326087
0.999652,0.006104,0.024816,0.006520,0.995564,0.049671,-0.079365,0.009273,0.991305,0.025490,0.069221,0.108966,0.994147,-0.004540,0.007767,0.107662,0.994597,-0.041617,-0.095100,0.001116,0.995046,-0.025880,0.073456,-0.061791,0.998206,0.000071,-0.008243,-0.059296,0.993770,-0.005801,0.110395,-0.014150,0.986157,0.158904,0.023428,-0.041171,0.905903,0.194928,0.213467,-0.309475,0.892913,0.184048,-0.028510,-0.409903,0.984472,-0.172652,0.028286,0.014338,0.910929,-0.202382,0.223134,0.281886,0.922842,-0.196358,-0.029680,0.330039
0.999606,0.006700,0.026113,0.007849,0.995329,0.049626,-0.082130,0.010556,0.991345,0.025039,0.068598,0.109101,0.994132,-0.004172,0.007626,0.107820,0.994176,-0.042240,-0.099126,0.001987,0.994875,-0.025851,0.075786,-0.061742,0.998214,-0.000609,-0.007980,-0.059196,0.992969,-0.006043,0.117558,-0.012526,0.985892,0.160097,0.026159,-0.041254,0.904932,0.195186,0.216084,-0.310337,0.893161,0.182262,-0.026745,-0.410278,0.984085,-0.174156,0.030521,0.017724,0.908943,-0.203567,0.225217,0.285763,0.921676,-0.194817,-0.028190,0.334313
0.999555,0.007380,0.027358,0.009329,0.995042,0.049647,-0.085345,0.011981,0.991357,0.024535,0.068314,0.109285,0.994113,-0.003752,0.007520,0.108022,0.993676,-0.042929,-0.103714,0.002924,0.994655,-0.025770,0.078641,-0.061742,0.998219,-0.001305,-0.007714,-0.059133,0.992068,-0.006271,0.125075,-0.010836,0.985631,0.161259,0.028491,-0.041414,0.903839,0.195741,0.218895,-0.311200,0.893437,0.180745,-0.024485,-0.410491,0.983704,-0.175576,0.032324,0.021325,0.906792,-0.205013,0.227443,0.289772,0.920366,-0.193499,-0.026203,0.338818
0.999498,0.008229,0.028499,0.011109,0.994651,0.049797,-0.089459,0.013691,0.991313,0.023921,0.068711,0.109571,0.994083,-0.003236,0.007485,0.108313,0.993023,-0.043756,-0.109425,0.003998,0.994338,-0.025593,0.082548,-0.061835,0.998220,-0.002041,-0.007441,-0.059139,0.991013,-0.006456,0.133305,-0.009012,0.985364,0.162416,0.030724,-0.041651,0.902546,0.196545,0.222227,-0.312083,0.893714,0.179484,-0.021346,-0.410617,0.983326,-0.176856,0.033971,0.025269,0.904374,-0.206627,0.230088,0.294061,0.918890,-0.192334,-0.023405,0.343658
0.999434,0.009162,0.029628,0.013071,0.994118,0.050141,-0.094725,0.015591,0.991195,0.023186,0.070080,0.109926,0.994048,-0.002619,0.007523,0.108656,0.992233,-0.044707,-0.115970,0.005116,0.993954,-0.025341,0.086915,-0.062121,0.998209,-0.002691,-0.007177,-0.059329,0.989783,-0.006571,0.142253,-0.007048,0.985091,0.163580,0.032790,-0.041968,0.901039,0.197651,0.226068,-0.312980,0.893939,0.178589,-0.017282,-0.410707,0.982960,-0.177943,0.035391,0.029565,0.901686,-0.208410,0.233113,0.298640,0.917235,-0.191372,-0.019803,0.348804
0.999361,0.010137,0.030750,0.015123,0.993487,0.050598,-0.100567,0.017568,0.991039,0.022419,0.071929,0.110299,0.994010,-0.001922,0.007592,0.109007,0.991343,-0.045698,-0.122930,0.006221,0.993525,-0.025008,0.091509,-0.062527,0.998191,-0.003260,-0.006921,-0.059639,0.988415,-0.006670,0.151547,-0.005014,0.984842,0.164675,0.034243,-0.042366,0.899394,0.199144,0.230033,-0.313873,0.894062,0.178212,-0.012632,-0.410773,0.982618,-0.178865,0.036160,0.034087,0.898817,-0.210528,0.236188,0.303350,0.915398,-0.190861,-0.015696,0.354079
0.999270,0.011045,0.032165,0.017383,0.992664,0.051184,-0.107736,0.019774,0.990801,0.021446,0.074802,0.110719,0.993964,-0.001399,0.007959,0.109409,0.990344,-0.046687,-0.130324,0.007449,0.993048,-0.024530,0.096343,-0.063024,0.998168,-0.003472,-0.006502,-0.060056,0.986726,-0.006653,0.162230,-0.002919,0.984575,0.165703,0.036061,-0.043049,0.897345,0.200787,0.235086,-0.314946,0.894051,0.178031,-0.006394,-0.411019,0.982294,-0.179415,0.037260,0.038991,0.895558,-0.212551,0.240217,0.308373,0.913435,-0.190350,-0.010146,0.359584
0.999165,0.011905,0.033775,0.019645,0.991750,0.051836,-0.115164,0.021968,0.990553,0.020520,0.077743,0.111085,0.993923,-0.000842,0.008382,0.109759,0.989267,-0.047612,-0.137875,0.008621,0.992565,-0.023956,0.101040,-0.063493,0.998146,-0.003525,-0.006107,-0.060461,0.984846,-0.006638,0.173303,-0.000765,0.984362,0.166509,0.037212,-0.043829,0.895167,0.202750,0.240295,-0.315952,0.893942,0.178329,0.000504,-0.411176,0.982018,-0.179655,0.037661,0.044110,0.892132,-0.214864,0.244328,0.313429,0.911317,-0.190286,-0.004027,0.365070
0.999039,0.012668,0.035779,0.021908,0.990704,0.052587,-0.123110,0.024168,0.990291,0.019632,0.080831,0.111376,0.993887,-0.000274,0.008923,0.110037,0.988088,-0.048448,-0.145742,0.009737,0.992096,-0.023276,0.105472,-0.063873,0.998128,-0.003332,-0.005752,-0.060798,0.982682,-0.006591,0.185177,0.001498,0.984201,0.167025,0.038098,-0.044726,0.892792,0.204878,0.246081,-0.316847,0.893792,0.178915,0.008472,-0.411161,0.981799,-0.179418,0.037749,0.049550,0.888464,-0.217254,0.248883,0.318575,0.909072,-0.190420,0.003030,0.370566
0.998886,0.013372,0.038408,0.023922,0.989564,0.053362,-0.131277,0.026101,0.990030,0.018735,0.083823,0.111643,0.993853,0.000127,0.009470,0.110299,0.986803,-0.049292,-0.153878,0.010530,0.991624,-0.022555,0.109689,-0.064360,0.998103,-0.003044,-0.005444,-0.061253,0.980194,-0.006480,0.197905,0.003461,0.984095,0.167123,0.038711,-0.046145,0.890109,0.207147,0.252426,-0.317926,0.893503,0.179644,0.017471,-0.411188,0.981663,-0.178620,0.037667,0.054904,0.884693,-0.219573,0.254065,0.323354,0.906874,-0.190684,0.011186,0.375626
0.998713,0.014047,0.041348,0.025810,0.988339,0.054166,-0.139549,0.027884,0.989765,0.017865,0.086764,0.111884,0.993821,0.000476,0.010017,0.110540,0.985431,-0.050117,-0.162144,0.011127,0.991142,-0.021772,0.113799,-0.064917,0.998072,-0.002670,-0.005160,-0.061792,0.977443,-0.006354,0.211039,0.005276,0.984084,0.166716,0.038677,-0.047840,0.887316,0.209566,0.258996,-0.318863,0.893231,0.180579,0.027119,-0.410845,0.981628,-0.177229,0.036993,0.060229,0.880914,-0.221949,0.259488,0.327711,0.904697,-0.191159,0.020041,0.380237
0.998498,0.014692,0.045171,0.027304,0.987005,0.055125,-0.148073,0.029270,0.989476,0.017019,0.089719,0.112239,0.993776,0.000660,0.010553,0.110897,0.983894,-0.050890,-0.170986,0.011222,0.990708,-0.021114,0.117511,-0.065131,0.998062,-0.002278,-0.004994,-0.061984,0.974349,-0.006311,0.224848,0.006973,0.984179,0.165653,0.038354,-0.049797,0.884398,0.211885,0.266076,-0.319608,0.893084,0.181426,0.037653,-0.409960,0.981669,-0.175272,0.036083,0.065603,0.877050,-0.224322,0.265477,0.331641,0.902528,-0.191717,0.029922,0.384437
0.998255,0.015376,0.049362,0.028527,0.985607,0.056118,-0.156554,0.030347,0.989177,0.016185,0.092719,0.112564,0.993733,0.000884,0.011073,0.111224,0.982250,-0.051582,-0.180013,0.010959,0.990278,-0.020425,0.121095,-0.065327,0.998052,-0.001815,-0.004759,-0.062172,0.970995,-0.006307,0.238866,0.008428,0.984383,0.163971,0.037342,-0.052045,0.881446,0.214261,0.273282,-0.320098,0.893079,0.182333,0.048676,-0.408406,0.981808,-0.172752,0.034584,0.070805,0.873285,-0.226757,0.271701,0.334863,0.900448,-0.192436,0.040491,0.387972
0.997967,0.016140,0.054290,0.029209,0.984161,0.057138,-0.164957,0.030834,0.988864,0.015301,0.095814,0.112844,0.993696,0.001122,0.011565,0.111507,0.980458,-0.052165,-0.189420,0.010045,0.989871,-0.019758,0.124421,-0.065458,0.998046,-0.001290,-0.004385,-0.062312,0.967309,-0.006332,0.253346,0.009400,0.984668,0.161642,0.035949,-0.054849,0.878320,0.216609,0.280840,-0.320568,0.893136,0.183133,0.060429,-0.406348,0.982031,-0.169742,0.032892,0.075632,0.869614,-0.229138,0.278534,0.337174,0.898530,-0.193214,0.052146,0.390632
0.997622,0.016979,0.059912,0.029535,0.982626,0.058275,-0.173472,0.030929,0.988554,0.014446,0.098741,0.113152,0.993656,0.001511,0.011946,0.111816,0.978504,-0.052528,-0.199235,0.008672,0.989488,-0.019118,0.127636,-0.065252,0.998060,-0.000712,-0.003856,-0.062129,0.963350,-0.006497,0.267993,0.009757,0.985040,0.158592,0.033964,-0.058241,0.875076,0.218927,0.288484,-0.321075,0.893227,0.183844,0.072686,-0.403810,0.982315,-0.166484,0.030845,0.079925,0.866086,-0.231672,0.285866,0.338383,0.896772,-0.194285,0.064821,0.392240
0.997226,0.017856,0.065879,0.029682,0.981008,0.059461,-0.182038,0.030811,0.988243,0.013593,0.101586,0.113448,0.993618,0.001964,0.012276,0.112114,0.976414,-0.052783,-0.209238,0.007036,0.989108,-0.018521,0.130798,-0.064923,0.998082,-0.000142,-0.003247,-0.061827,0.959137,-0.006728,0.282690,0.009811,0.985467,0.155033,0.031445,-0.061897,0.871763,0.221305,0.296288,-0.321351,0.893363,0.184679,0.085605,-0.400584,0.982646,-0.162953,0.028385,0.083944,0.862618,-0.234362,0.293562,0.338802,0.895046,-0.195613,0.078442,0.393033
0.996765,0.018996,0.072284,0.029571,0.979250,0.060583,-0.191002,0.030285,0.987933,0.012637,0.104721,0.113408,0.993615,0.002549,0.012665,0.112083,0.974132,-0.052868,-0.219654,0.004938,0.988751,-0.018086,0.133844,-0.064260,0.998123,0.000479,-0.002577,-0.061182,0.954901,-0.007214,0.296695,0.009125,0.985968,0.150795,0.027674,-0.066043,0.868513,0.223838,0.303445,-0.321718,0.893400,0.185782,0.098454,-0.397025,0.983007,-0.159599,0.024946,0.087196,0.859423,-0.237626,0.301194,0.337947,0.893424,-0.197798,0.092636,0.392540
0.996241,0.020150,0.078934,0.029443,0.977314,0.061795,-0.200390,0.029709,0.987578,0.011650,0.108200,0.113347,0.993613,0.003176,0.013148,0.112032,0.971646,-0.052983,-0.230412,0.002679,0.988365,-0.017756,0.137003,-0.063632,0.998163,0.000942,-0.001944,-0.060554,0.950551,-0.007720,0.310362,0.008342,0.986477,0.146285,0.023249,-0.070164,0.865257,0.226572,0.310555,-0.321794,0.893309,0.187377,0.111943,-0.392884,0.983384,-0.156097,0.020889,0.090298,0.856236,-0.241146,0.308852,0.336630,0.891650,-0.200442,0.107568,0.391424
0.995629,0.021333,0.086079,0.029286,0.975086,0.063204,-0.210633,0.029080,0.987128,0.010601,0.112371,0.113305,0.993605,0.003895,0.013818,0.112000,0.968849,-0.053150,-0.241880,0.000172,0.987935,-0.017592,0.140385,-0.062985,0.998204,0.001142,-0.001387,-0.059875,0.946191,-0.008272,0.323419,0.007363,0.986982,0.141504,0.017962,-0.074295,0.862023,0.229561,0.317323,-0.321753,0.892950,0.189592,0.125816,-0.388415,0.983767,-0.152565,0.016038,0.093114,0.853107,-0.245012,0.316322,0.334842,0.889676,-0.203739,0.123039,0.389652
0.994926,0.022463,0.093647,0.029130,0.972586,0.064664,-0.221552,0.028439,0.986577,0.009381,0.117265,0.113252,0.993592,0.004401,0.014733,0.111975,0.965800,-0.053411,-0.253714,-0.002484,0.987399,-0.017445,0.144289,-0.062606,0.998230,0.001351,-0.000902,-0.059443,0.941783,-0.008660,0.336050,0.006397,0.987438,0.136691,0.012092,-0.078326,0.858697,0.232906,0.324001,-0.321586,0.892177,0.192594,0.140304,-0.383721,0.984168,-0.148737,0.010588,0.095807,0.849954,-0.248957,0.323627,0.332963,0.887391,-0.207414,0.139025,0.387542
0.994142,0.023567,0.101425,0.028975,0.969878,0.066131,-0.232791,0.027771,0.985961,0.008067,0.122522,0.113153,0.993581,0.004789,0.015773,0.111918,0.962544,-0.053721,-0.265697,-0.005263,0.986793,-0.017329,0.148461,-0.062440,0.998244,0.001533,-0.000443,-0.059209,0.937271,-0.008972,0.348444,0.005447,0.987850,0.131723,0.005844,-0.082261,0.855214,0.236459,0.330699,-0.321457,0.890904,0.196215,0.155359,-0.379016,0.984563,-0.144654,0.004745,0.098429,0.846654,-0.252988,0.330920,0.331158,0.884669,-0.211440,0.155535,0.385309
0.993170,0.024519,0.110352,0.028902,0.966687,0.067871,-0.245292,0.027253,0.985225,0.006662,0.128352,0.113198,0.993551,0.005218,0.016801,0.112009,0.958817,-0.053819,-0.278761,-0.008107,0.986083,-0.017055,0.153252,-0.062162,0.998263,0.001708,0.000180,-0.058882,0.932998,-0.009068,0.359738,0.004634,0.988195,0.126830,-0.001691,-0.085919,0.851841,0.240660,0.336657,-0.321111,0.889245,0.200895,0.169913,-0.374185,0.984963,-0.140206,-0.002447,0.100917,0.843522,-0.257292,0.337299,0.329394,0.881647,-0.215957,0.171357,0.383012
0.992083,0.025472,0.119552,0.028813,0.963223,0.069632,-0.258146,0.026692,0.984420,0.005171,0.134457,0.113192,0.993526,0.005631,0.017798,0.112062,0.954816,-0.053866,-0.292065,-0.011092,0.985316,-0.016790,0.158200,-0.061994,0.998276,0.001837,0.000817,-0.058660,0.928720,-0.009101,0.370649,0.003966,0.988474,0.121807,-0.009800,-0.089365,0.848376,0.245159,0.342427,-0.320779,0.887176,0.206118,0.184182,-0.369473,0.985317,-0.135449,-0.010270,0.103434,0.840258,-0.261791,0.343380,0.327907,0.878197,-0.220717,0.186810,0.380993
0.990838,0.026427,0.129303,0.028693,0.959357,0.071475,-0.271743,0.026086,0.983499,0.003524,0.141110,0.113157,0.993502,0.006035,0.018724,0.112100,0.950432,-0.053806,-0.305909,-0.014266,0.984469,-0.016489,0.163452,-0.061905,0.998284,0.001946,0.001472,-0.058515,0.924587,-0.008990,0.380848,0.003570,0.988655,0.116845,-0.018856,-0.092481,0.844951,0.250201,0.347684,-0.320271,0.884860,0.212031,0.197487,-0.364780,0.985602,-0.130317,-0.019138,0.106022,0.837006,-0.266580,0.348707,0.326740,0.874458,-0.225684,0.201102,0.379405
0.989454,0.027334,0.139319,0.028703,0.955032,0.073517,-0.286096,0.025649,0.982450,0.001883,0.148265,0.113167,0.993477,0.006529,0.019389,0.112181,0.945592,-0.053658,-0.320422,-0.017486,0.983486,-0.016088,0.169305,-0.061899,0.998287,0.001913,0.002024,-0.058449,0.920397,-0.008837,0.390872,0.003288,0.988726,0.111820,-0.028357,-0.095457,0.841408,0.255580,0.352699,-0.319868,0.882295,0.218264,0.209878,-0.360370,0.985782,-0.124975,-0.028494,0.108644,0.833612,-0.271630,0.353705,0.325885,0.870428,-0.230718,0.214462,0.378325
0.987946,0.028215,0.149459,0.028776,0.950351,0.075626,-0.300789,0.025289,0.981307,0.000221,0.155666,0.113161,0.993455,0.007043,0.019923,0.112257,0.940394,-0.053466,-0.335214,-0.020773,0.982406,-0.015663,0.175460,-0.062030,0.998282,0.001765,0.002531,-0.058512,0.916125,-0.008671,0.400786,0.003065,0.988661,0.106832,-0.038295,-0.098340,0.837803,0.261339,0.357280,-0.319591,0.879596,0.224787,0.221065,-0.356247,0.985823,-0.119610,-0.038311,0.111261,0.830136,-0.277036,0.358227,0.325267,0.866206,-0.235858,0.226666,0.377730
0.986255,0.028880,0.160129,0.028748,0.945175,0.077896,-0.316147,0.025049,0.980027,-0.001381,0.163563,0.113106,0.993449,0.007606,0.019900,0.112275,0.934629,-0.053079,-0.350813,-0.024133,0.981258,-0.015029,0.181751,-0.062229,0.998273,0.001614,0.002676,-0.058659,0.911700,-0.008586,0.410757,0.002800,0.988434,0.101984,-0.048592,-0.101179,0.834239,0.267443,0.361177,-0.319484,0.876895,0.231528,0.230823,-0.352380,0.985680,-0.114577,-0.048472,0.113830,0.826647,-0.282932,0.362133,0.324752,0.861875,-0.241224,0.237631,0.377510
0.984416,0.029510,0.170969,0.028707,0.939660,0.080186,-0.331649,0.024861,0.978663,-0.003059,0.171519,0.113095,0.993441,0.008082,0.019619,0.112363,0.928510,-0.052630,-0.366525,-0.027551,0.980027,-0.014388,0.188227,-0.062537,0.998258,0.001397,0.002830,-0.058914,0.907098,-0.008580,0.420825,0.002449,0.988004,0.097569,-0.059310,-0.103979,0.830901,0.273983,0.363993,-0.319445,0.874366,0.238578,0.238852,-0.348590,0.985316,-0.110203,-0.059034,0.116288,0.823343,-0.289406,0.365053,0.324172,0.857600,-0.246918,0.247109,0.377480
0.982391,0.030073,0.182164,0.028645,0.933703,0.082589,-0.347510,0.024785,0.977189,-0.004861,0.179599,0.113233,0.993423,0.008428,0.018819,0.112628,0.921939,-0.052045,-0.382569,-0.031010,0.978677,-0.013677,0.195064,-0.062890,0.998240,0.001135,0.002992,-0.059221,0.902245,-0.008720,0.431131,0.001927,0.987351,0.093757,-0.070391,-0.106736,0.827966,0.280890,0.365441,-0.319415,0.872180,0.245866,0.244992,-0.344717,0.984700,-0.106864,-0.069908,0.118567,0.820368,-0.296517,0.366789,0.323325,0.853516,-0.253022,0.255056,0.377408
0.980149,0.030597,0.193803,0.028502,0.927305,0.085128,-0.363653,0.024789,0.975618,-0.006782,0.187710,0.113526,0.993387,0.008694,0.017811,0.113089,0.914891,-0.051353,-0.398926,-0.034566,0.977284,-0.012967,0.201838,-0.063317,0.998218,0.000848,0.002911,-0.059595,0.897104,-0.009132,0.441723,0.001141,0.986481,0.090553,-0.081788,-0.109393,0.825616,0.287965,0.365324,-0.319331,0.870519,0.253184,0.249168,-0.340602,0.983815,-0.104879,-0.081008,0.120611,0.817818,-0.304306,0.367259,0.322012,0.849731,-0.259597,0.261534,0.377050
0.977722,0.031101,0.205648,0.028317,0.920537,0.087674,-0.379877,0.024866,0.973966,-0.008843,0.195827,0.113859,0.993343,0.008840,0.016697,0.113638,0.907443,-0.050625,-0.415364,-0.038181,0.975841,-0.012296,0.208577,-0.063871,0.998189,0.000489,0.002712,-0.060087,0.891750,-0.009695,0.452424,0.000238,0.985384,0.088148,-0.093548,-0.111787,0.823974,0.295206,0.363612,-0.318916,0.869515,0.260529,0.251437,-0.335927,0.982666,-0.104097,-0.092432,0.122426,0.815845,-0.312563,0.366274,0.320225,0.846409,-0.266424,0.266437,0.376326
0.975003,0.031441,0.218148,0.028145,0.913392,0.090207,-0.396161,0.025172,0.972365,-0.011047,0.203258,0.114324,0.993282,0.008782,0.015234,0.114379,0.899694,-0.049735,-0.431679,-0.041591,0.974412,-0.011282,0.215020,-0.064505,0.998151,0.000313,0.002406,-0.060736,0.885880,-0.010563,0.463793,-0.000887,0.984179,0.086121,-0.104867,-0.113924,0.822831,0.302020,0.361021,-0.318428,0.869074,0.267235,0.252612,-0.330883,0.981338,-0.104468,-0.103326,0.124044,0.814126,-0.320998,0.364677,0.318072,0.843385,-0.273162,0.270683,0.375254
0.972095,0.031751,0.230740,0.027975,0.905927,0.092627,-0.412387,0.025573,0.970759,-0.013329,0.210467,0.114689,0.993221,0.008686,0.014007,0.115071,0.891630,-0.048829,-0.447874,-0.044960,0.973006,-0.010275,0.221129,-0.065233,0.998106,0.000055,0.002017,-0.061488,0.879771,-0.011543,0.475253,-0.002036,0.982858,0.084520,-0.116061,-0.115654,0.822258,0.308514,0.357573,-0.317573,0.869261,0.273376,0.252752,-0.325218,0.979853,-0.105504,-0.114081,0.125466,0.812822,-0.329363,0.362261,0.315606,0.840849,-0.279538,0.274050,0.373802
0.968962,0.032006,0.243546,0.027816,0.898108,0.094940,-0.428611,0.026104,0.969199,-0.015606,0.217248,0.114944,0.993159,0.008670,0.013252,0.115692,0.883239,-0.047856,-0.463975,-0.048233,0.971710,-0.009218,0.226578,-0.066001,0.998056,-0.000264,0.001456,-0.062305,0.873324,-0.012713,0.486963,-0.003251,0.981542,0.082833,-0.126586,-0.117003,0.822004,0.314255,0.353993,-0.316611,0.869902,0.278450,0.252702,-0.319183,0.978318,-0.106859,-0.124129,0.126754,0.811625,-0.337376,0.359797,0.313032,0.838630,-0.285216,0.277361,0.372053
0.965769,0.032194,0.255872,0.027996,0.889958,0.097184,-0.444749,0.026972,0.967753,-0.017871,0.223265,0.115273,0.993080,0.008795,0.012696,0.116416,0.874698,-0.046652,-0.479703,-0.051100,0.970440,-0.008090,0.231864,-0.066489,0.998019,-0.000565,0.001260,-0.062896,0.866898,-0.013945,0.498272,-0.004267,0.980250,0.080941,-0.136653,-0.117835,0.822028,0.319313,0.350508,-0.315363,0.870928,0.282527,0.252828,-0.312636,0.976766,-0.107887,-0.133771,0.128040,0.810551,-0.344825,0.357249,0.310606,0.836755,-0.289975,0.280642,0.370130
0.962476,0.032348,0.267938,0.028343,0.881497,0.099354,-0.460766,0.028026,0.966352,-0.020173,0.228895,0.115607,0.992995,0.008947,0.012241,0.117179,0.865948,-0.045329,-0.495166,-0.053766,0.969164,-0.006935,0.237064,-0.066880,0.997986,-0.000877,0.001247,-0.063417,0.860414,-0.015226,0.509341,-0.005175,0.979104,0.078361,-0.145622,-0.118359,0.821962,0.323388,0.347872,-0.314299,0.871994,0.285293,0.254124,-0.306031,0.975350,-0.108175,-0.142338,0.129348,0.809282,-0.351389,0.355449,0.308616,0.834983,-0.293472,0.284863,0.368145
0.959451,0.032201,0.278558,0.028661,0.872918,0.101121,-0.476370,0.029338,0.965023,-0.022271,0.234216,0.115656,0.992940,0.009046,0.012150,0.117647,0.857186,-0.044228,-0.510031,-0.056077,0.967982,-0.005774,0.241736,-0.067382,0.997943,-0.001493,0.001488,-0.064080,0.854726,-0.016166,0.518801,-0.005286,0.977939,0.075776,-0.154614,-0.118267,0.822069,0.327277,0.345514,-0.312591,0.873201,0.287631,0.256139,-0.298634,0.973949,-0.106925,-0.151193,0.130886,0.808335,-0.356988,0.353135,0.307327,0.833650,-0.295693,0.288856,0.366273
0.956456,0.031933,0.288671,0.028991,0.864128,0.102781,-0.491697,0.030852,0.963652,-0.024419,0.239552,0.115733,0.992879,0.009022,0.012033,0.118174,0.848216,-0.043128,-0.524674,-0.058196,0.966795,-0.004575,0.246333,-0.067865,0.997898,-0.002091,0.001786,-0.064743,0.849195,-0.016932,0.527783,-0.005068,0.976950,0.072605,-0.162368,-0.118039,0.821884,0.330377,0.344262,-0.311195,0.874106,0.288940,0.259959,-0.291331,0.972770,-0.104375,-0.158914,0.132554,0.807219,-0.361391,0.351600,0.306874,0.832340,-0.296418,0.294081,0.364503
0.953657,0.031425,0.297809,0.029353,0.855208,0.104320,-0.506623,0.032717,0.962220,-0.026583,0.244926,0.115920,0.992804,0.008840,0.011864,0.118835,0.839102,-0.042020,-0.539026,-0.059936,0.965630,-0.003294,0.250787,-0.068212,0.997859,-0.002618,0.002199,-0.065310,0.844102,-0.017322,0.535886,-0.004206,0.976027,0.069503,-0.169464,-0.117567,0.821658,0.333158,0.343502,-0.309662,0.874813,0.289751,0.265024,-0.283740,0.971713,-0.100458,-0.166185,0.134401,0.806341,-0.364616,0.349916,0.307292,0.831296,-0.295749,0.299669,0.362874
0.951066,0.030664,0.306022,0.029718,0.846121,0.105679,-0.521241,0.034909,0.960838,-0.028606,0.249969,0.116140,0.992729,0.008673,0.011380,0.119519,0.829850,-0.041070,-0.553077,-0.061387,0.964498,-0.001991,0.255023,-0.068583,0.997817,-0.003296,0.002539,-0.065914,0.839516,-0.017326,0.543052,-0.002814,0.975092,0.066815,-0.176235,-0.116934,0.821647,0.335764,0.342533,-0.307945,0.875472,0.290196,0.270599,-0.275882,0.970695,-0.095637,-0.173309,0.136270,0.806006,-0.366799,0.347490,0.308324,0.830731,-0.293911,0.305002,0.361215
0.948557,0.029775,0.313764,0.030084,0.836828,0.106925,-0.535624,0.037313,0.959461,-0.030606,0.254843,0.116417,0.992646,0.008482,0.010741,0.120274,0.820415,-0.040178,-0.566901,-0.062669,0.963374,-0.000673,0.259145,-0.068942,0.997773,-0.004042,0.002842,-0.066518,0.835160,-0.017123,0.549740,-0.001172,0.974193,0.064590,-0.182392,-0.116230,0.821965,0.337937,0.341080,-0.306327,0.876184,0.289966,0.276292,-0.268113,0.969728,-0.090592,-0.179900,0.138047,0.806213,-0.368058,0.344334,0.309818,0.830639,-0.291052,0.309971,0.359506
0.946451,0.028848,0.320125,0.030307,0.827695,0.107829,-0.549291,0.039656,0.958082,-0.032129,0.259793,0.116427,0.992604,0.008563,0.010113,0.120670,0.810963,-0.039489,-0.580253,-0.063918,0.962218,0.000653,0.263267,-0.069469,0.997717,-0.004809,0.003084,-0.067292,0.831504,-0.016467,0.555274,0.001079,0.973149,0.063712,-0.188774,-0.115267,0.822958,0.340301,0.338269,-0.304154,0.877294,0.289612,0.280870,-0.259985,0.968636,-0.085369,-0.186932,0.139690,0.807491,-0.368458,0.339215,0.311657,0.831488,-0.287265,0.313058,0.357912
0.944437,0.027977,0.326069,0.030590,0.818555,0.108691,-0.562485,0.042008,0.956671,-0.033689,0.264704,0.116521,0.992548,0.008573,0.009575,0.121171,0.801547,-0.038808,-0.593105,-0.065143,0.961034,0.001905,0.267414,-0.069999,0.997660,-0.005620,0.003408,-0.068060,0.828070,-0.015746,0.560394,0.003350,0.972109,0.063603,-0.194704,-0.114234,0.824461,0.342302,0.334400,-0.302110,0.878811,0.288455,0.284320,-0.252285,0.967536,-0.080754,-0.193528,0.141069,0.809385,-0.368285,0.333031,0.313612,0.833004,-0.282767,0.314829,0.356411
0.942660,0.027218,0.331197,0.030998,0.809649,0.109528,-0.574901,0.044284,0.955242,-0.035238,0.269544,0.116694,0.992481,0.008503,0.009209,0.121757,0.792443,-0.038170,-0.605120,-0.066380,0.959809,0.003014,0.271618,-0.070576,0.997599,-0.006518,0.003895,-0.068844,0.825137,-0.014928,0.564707,0.005689,0.970963,0.064435,-0.200736,-0.113066,0.826471,0.344356,0.329264,-0.299918,0.880921,0.286779,0.285909,-0.244934,0.966326,-0.076814,-0.200266,0.142151,0.811905,-0.367873,0.325518,0.315463,0.835335,-0.277809,0.314563,0.355088
0.941136,0.026542,0.335524,0.031346,0.801298,0.110237,-0.586189,0.046387,0.953828,-0.036692,0.274249,0.116846,0.992419,0.008295,0.008710,0.122313,0.783696,-0.037642,-0.616302,-0.067639,0.958573,0.004160,0.275756,-0.071262,0.997527,-0.007457,0.004447,-0.069750,0.822654,-0.014341,0.568310,0.007681,0.969722,0.065615,-0.206952,-0.111825,0.828806,0.346377,0.323087,-0.297857,0.883705,0.284331,0.285329,-0.238344,0.964997,-0.074007,-0.207079,0.142903,0.814599,-0.367863,0.317320,0.316880,0.838290,-0.272883,0.312390,0.353860
0.939734,0.025909,0.339449,0.031665,0.793166,0.110869,-0.596868,0.048417,0.952408,-0.038118,0.278883,0.117002,0.992356,0.008004,0.008147,0.122879,0.775064,-0.037154,-0.627014,-0.068908,0.957323,0.005352,0.279859,-0.071994,0.997448,-0.008393,0.005035,-0.070718,0.820391,-0.013863,0.571556,0.009497,0.968447,0.067203,-0.213032,-0.110503,0.830983,0.348708,0.316723,-0.295899,0.887003,0.281341,0.282804,-0.232584,0.963628,-0.071985,-0.213710,0.143412,0.817068,-0.368346,0.309102,0.318083,0.841685,-0.267863,0.308398,0.353137
0.938452,0.025427,0.342968,0.032158,0.785995,0.111682,-0.605977,0.050310,0.951023,-0.039674,0.283179,0.117437,0.992254,0.007694,0.007533,0.123758,0.767329,-0.036468,-0.636380,-0.069978,0.956067,0.006319,0.283986,-0.072437,0.997392,-0.009343,0.005523,-0.071350,0.818429,-0.013959,0.574338,0.010684,0.967116,0.068519,-0.219318,-0.109046,0.833017,0.351180,0.310155,-0.294209,0.891050,0.277433,0.277722,-0.227883,0.962138,-0.071353,-0.220326,0.143717,0.818926,-0.370170,0.301303,0.318671,0.845409,-0.263426,0.302452,0.352723
0.937211,0.025008,0.346335,0.032577,0.779078,0.112472,-0.614550,0.052115,0.949612,-0.041205,0.287484,0.117868,0.992150,0.007335,0.007063,0.124637,0.759841,-0.035743,-0.645231,-0.070999,0.954805,0.007294,0.288080,-0.072826,0.997337,-0.010294,0.006099,-0.071937,0.816495,-0.014273,0.577059,0.011571,0.965794,0.070000,-0.225360,-0.107491,0.834539,0.354156,0.304091,-0.292653,0.895664,0.272921,0.270350,-0.224080,0.960644,-0.071594,-0.226613,0.143820,0.820100,-0.372978,0.294273,0.318945,0.849444,-0.259048,0.294506,0.352995
0.936069,0.024719,0.349406,0.032851,0.772802,0.113241,-0.622147,0.053718,0.948174,-0.042635,0.291819,0.118282,0.992049,0.006913,0.006881,0.125475,0.752980,-0.034972,-0.653165,-0.071923,0.953550,0.008235,0.292114,-0.073102,0.997287,-0.011286,0.006849,-0.072413,0.814631,-0.015030,0.579664,0.011873,0.964479,0.071374,-0.231273,-0.105820,0.835770,0.357324,0.298248,-0.291302,0.900991,0.267448,0.260359,-0.221132,0.959115,-0.073161,-0.232593,0.143686,0.820614,-0.376991,0.288014,0.318621,0.853803,-0.254938,0.284502,0.353675
0.934880,0.024580,0.352566,0.033043,0.767102,0.114080,-0.628887,0.055151,0.946794,-0.043811,0.295892,0.118781,0.991942,0.006795,0.006844,0.126324,0.746694,-0.034109,-0.660294,-0.072773,0.952348,0.009122,0.295949,-0.073246,0.997245,-0.012179,0.007790,-0.072755,0.812652,-0.016567,0.582402,0.011457,0.963305,0.072411,-0.236681,-0.103841,0.837008,0.359990,0.292561,-0.290230,0.907069,0.260405,0.248000,-0.218885,0.957602,-0.076461,-0.237825,0.143498,0.820434,-0.382160,0.282616,0.317758,0.858300,-0.251153,0.272821,0.354701
0.933662,0.024517,0.355770,0.033193,0.761672,0.114941,-0.635178,0.056504,0.945435,-0.044882,0.299835,0.119320,0.991832,0.006810,0.006885,0.127184,0.740672,-0.033204,-0.666999,-0.073580,0.951164,0.009979,0.299684,-0.073331,0.997205,-0.013028,0.008827,-0.073037,0.810605,-0.018498,0.585204,0.010690,0.962270,0.073786,-0.241404,-0.101564,0.838407,0.362205,0.286810,-0.289174,0.913742,0.252032,0.233480,-0.216895,0.956143,-0.081127,-0.242285,0.143202,0.820039,-0.387708,0.277483,0.316580,0.863054,-0.247094,0.259304,0.356151
0.932674,0.024794,0.358338,0.033136,0.757498,0.115882,-0.639900,0.057419,0.944233,-0.045626,0.303267,0.119883,0.991729,0.006914,0.007109,0.127965,0.735937,-0.032166,-0.672196,-0.074261,0.950084,0.010512,0.303098,-0.073223,0.997186,-0.013647,0.009876,-0.073049,0.808911,-0.021164,0.587481,0.008983,0.961266,0.075036,-0.246031,-0.099029,0.840585,0.363362,0.279757,-0.288308,0.921124,0.241817,0.216167,-0.215239,0.954571,-0.088029,-0.246382,0.142626,0.819731,-0.393908,0.271973,0.314497,0.868119,-0.243361,0.243798,0.357362
0.931673,0.025153,0.360919,0.033014,0.753783,0.116753,-0.644048,0.058149,0.943069,-0.046247,0.306586,0.120364,0.991639,0.007126,0.007394,0.128631,0.731669,-0.031226,-0.676805,-0.074967,0.949050,0.010987,0.306309,-0.073201,0.997158,-0.014256,0.011127,-0.073131,0.807164,-0.024132,0.589792,0.007039,0.960483,0.076901,-0.249615,-0.096183,0.843310,0.363506,0.272100,-0.287494,0.928680,0.230183,0.197347,-0.213596,0.953081,-0.096304,-0.249414,0.141969,0.819650,-0.399735,0.266091,0.312379,0.873212,-0.239160,0.226929,0.358897
0.930653,0.025675,0.363528,0.032761,0.751032,0.117510,-0.647087,0.058492,0.941998,-0.046575,0.309684,0.120689,0.991578,0.007596,0.007795,0.129054,0.728390,-0.030473,-0.680281,-0.075736,0.948123,0.011356,0.309122,-0.073329,0.997115,-0.014829,0.012783,-0.073333,0.805321,-0.027701,0.592174,0.004608,0.959998,0.078872,-0.252052,-0.093021,0.846702,0.362169,0.263761,-0.286982,0.936177,0.216915,0.177567,-0.212108,0.951653,-0.106201,-0.251184,0.141363,0.819640,-0.405365,0.260014,0.310262,0.878012,-0.234970,0.209445,0.360580
0.929772,0.026265,0.365746,0.032629,0.749272,0.118338,-0.648959,0.058655,0.941039,-0.047017,0.312376,0.121065,0.991506,0.007928,0.008197,0.129558,0.726096,-0.029703,-0.682694,-0.076358,0.947325,0.011504,0.311553,-0.073332,0.997089,-0.015268,0.014133,-0.073354,0.803791,-0.031463,0.594076,0.002033,0.959622,0.081282,-0.253924,-0.089672,0.850617,0.360002,0.254577,-0.286424,0.943302,0.202954,0.157041,-0.210544,0.950154,-0.117017,-0.252404,0.140733,0.819944,-0.410605,0.253231,0.308172,0.882527,-0.230840,0.191248,0.362330
0.928959,0.026890,0.367767,0.032556,0.748010,0.119199,-0.650250,0.058724,0.940134,-0.047514,0.314862,0.121458,0.991430,0.008192,0.008597,0.130095,0.724295,-0.028926,-0.684577,-0.076908,0.946590,0.011542,0.313790,-0.073279,0.997070,-0.015641,0.015328,-0.073291,0.802397,-0.035327,0.595744,-0.000602,0.959414,0.083888,-0.255034,-0.086282,0.854738,0.357142,0.245162,-0.285951,0.949726,0.188730,0.136758,-0.209042,0.948655,-0.128270,-0.252893,0.140165,0.820340,-0.415403,0.246279,0.306315,0.886516,-0.226883,0.173245,0.364142
0.928175,0.027497,0.369744,0.032007,0.748073,0.119592,-0.650138,0.058364,0.939501,-0.047507,0.316738,0.121480,0.991419,0.008704,0.009050,0.130117,0.723844,-0.028724,-0.685003,-0.077432,0.946101,0.011396,0.315196,-0.073580,0.997024,-0.016092,0.016708,-0.073524,0.800824,-0.039215,0.597603,-0.003547,0.959456,0.086218,-0.255128,-0.083188,0.858738,0.353608,0.236073,-0.286007,0.955222,0.174462,0.117616,-0.208038,0.947274,-0.139772,-0.252311,0.139556,0.820586,-0.419812,0.239952,0.304663,0.889870,-0.223270,0.156485,0.365780
0.927377,0.028062,0.371751,0.031382,0.748511,0.119865,-0.649622,0.057921,0.938970,-0.047519,0.318338,0.121404,0.991419,0.009199,0.009517,0.130047,0.723776,-0.028636,-0.685028,-0.077881,0.945732,0.011277,0.316238,-0.073876,0.996979,-0.016423,0.017945,-0.073763,0.799232,-0.042971,0.599450,-0.006412,0.959609,0.088550,-0.254690,-0.080261,0.862533,0.349935,0.227325,-0.286193,0.959805,0.160840,0.099690,-0.207284,0.945911,-0.150995,-0.251253,0.139012,0.820739,-0.423871,0.233883,0.303347,0.892627,-0.220076,0.140778,0.367375
0.926555,0.028544,0.373824,0.030606,0.749702,0.119905,-0.648294,0.057310,0.938644,-0.047564,0.319392,0.121136,0.991443,0.009668,0.010017,0.129799,0.724476,-0.028768,-0.684248,-0.078180,0.945604,0.011215,0.316558,-0.074148,0.996942,-0.016503,0.018899,-0.074006,0.797646,-0.046448,0.601265,-0.009137,0.959781,0.090965,-0.254031,-0.077551,0.866031,0.346464,0.218848,-0.286459,0.963506,0.148262,0.082983,-0.206853,0.944538,-0.161734,-0.250049,0.138438,0.820845,-0.427632,0.227938,0.302304,0.894871,-0.217360,0.126089,0.368866
0.925657,0.028830,0.376089,0.029747,0.751388,0.119773,-0.646414,0.056738,0.938567,-0.047540,0.319725,0.120860,0.991470,0.010086,0.010548,0.129515,0.725866,-0.029119,-0.682751,-0.078243,0.945688,0.011091,0.316258,-0.074374,0.996915,-0.016592,0.019501,-0.074193,0.795848,-0.049880,0.603323,-0.011758,0.960040,0.093214,-0.253023,-0.074922,0.869232,0.343023,0.210881,-0.286879,0.966433,0.136588,0.067820,-0.206763,0.943167,-0.172072,-0.248549,0.138022,0.820669,-0.431311,0.222393,0.301687,0.896514,-0.215289,0.112840,0.370378
0.924717,0.029020,0.378449,0.028845,0.753316,0.119555,-0.644255,0.056182,0.938616,-0.047479,0.319697,0.120581,0.991499,0.010481,0.011094,0.129214,0.727597,-0.029577,-0.680892,-0.078192,0.945877,0.010940,0.315649,-0.074578,0.996893,-0.016684,0.019928,-0.074354,0.793928,-0.053290,0.605503,-0.014318,0.960345,0.095206,-0.251866,-0.072369,0.872132,0.339695,0.203373,-0.287459,0.968690,0.125871,0.054164,-0.207033,0.941765,-0.182011,-0.246933,0.137749,0.820171,-0.435046,0.217243,0.301428,0.897614,-0.213955,0.101066,0.371883
0.923829,0.029090,0.380717,0.027369,0.756225,0.118778,-0.641058,0.055312,0.938901,-0.047345,0.319163,0.119823,0.991591,0.010688,0.011821,0.128425,0.730475,-0.030397,-0.677810,-0.077819,0.946369,0.010688,0.314136,-0.074762,0.996880,-0.016552,0.020217,-0.074481,0.792148,-0.056191,0.607504,-0.016830,0.960566,0.097189,-0.250861,-0.070264,0.874526,0.337003,0.196212,-0.288330,0.970274,0.116573,0.041885,-0.207904,0.940393,-0.191237,-0.245486,0.137211,0.819619,-0.438584,0.212403,0.301254,0.898434,-0.213062,0.090561,0.373122
0.922929,0.029103,0.383000,0.025820,0.759279,0.117932,-0.637671,0.054440,0.939295,-0.047199,0.318313,0.119054,0.991685,0.010900,0.012474,0.127619,0.733553,-0.031312,-0.674483,-0.077402,0.946960,0.010400,0.312307,-0.074983,0.996868,-0.016348,0.020394,-0.074640,0.790330,-0.058979,0.609530,-0.019315,0.960864,0.098777,-0.249609,-0.068408,0.876467,0.334505,0.189887,-0.289578,0.971345,0.108236,0.031439,-0.209249,0.939098,-0.199892,-0.243784,0.136777,0.818675,-0.442130,0.208401,0.301432,0.898838,-0.212721,0.081899,0.374342
0.922014,0.029005,0.385314,0.024123,0.762632,0.116945,-0.633913,0.053566,0.939908,-0.047024,0.316825,0.118252,0.991785,0.011125,0.012976,0.126771,0.737039,-0.032423,-0.670679,-0.076893,0.947749,0.010034,0.309844,-0.075282,0.996858,-0.016008,0.020346,-0.074862,0.788467,-0.061530,0.611604,-0.021767,0.961263,0.099966,-0.247990,-0.066946,0.877867,0.332251,0.184638,-0.291321,0.971970,0.100872,0.023004,-0.211114,0.937971,-0.207826,-0.241692,0.136394,0.817377,-0.445531,0.205485,0.301947,0.898938,-0.212721,0.075232,0.375502
0.921057,0.028804,0.387722,0.022279,0.766228,0.115809,-0.629848,0.052676,0.940637,-0.046816,0.315006,0.117391,0.991891,0.011304,0.013667,0.125845,0.740936,-0.033463,-0.666414,-0.076069,0.948685,0.009582,0.306976,-0.075309,0.996868,-0.015424,0.020483,-0.074813,0.786518,-0.063880,0.613774,-0.024306,0.961790,0.100586,-0.245951,-0.065955,0.878750,0.330102,0.180540,-0.293661,0.972236,0.094283,0.016603,-0.213524,0.937046,-0.215107,-0.239099,0.136037,0.815721,-0.448793,0.203861,0.302697,0.898812,-0.213041,0.070664,0.376506
0.920073,0.028552,0.390175,0.020360,0.769929,0.114599,-0.625617,0.051769,0.941421,-0.046591,0.313022,0.116502,0.992000,0.011464,0.014452,0.124883,0.745025,-0.034456,-0.661899,-0.075104,0.949684,0.009113,0.303908,-0.075210,0.996886,-0.014698,0.020720,-0.074646,0.784514,-0.066129,0.615989,-0.026884,0.962431,0.100616,-0.243596,-0.065308,0.879232,0.327973,0.177516,-0.296434,0.972249,0.088345,0.012034,-0.216292,0.936284,-0.221756,-0.236127,0.135796,0.813733,-0.451952,0.203397,0.303657,0.898492,-0.213694,0.067988,0.377391
0.919229,0.028170,0.392293,0.018164,0.773784,0.113058,-0.621206,0.050788,0.942472,-0.046326,0.310305,0.115378,0.992145,0.011553,0.014699,0.123690,0.749309,-0.035801,-0.657079,-0.074173,0.950931,0.008565,0.299950,-0.075416,0.996887,-0.013978,0.020753,-0.074764,0.782852,-0.067678,0.617823,-0.029277,0.962942,0.100679,-0.241566,-0.065210,0.879248,0.326579,0.175047,-0.299377,0.971991,0.083725,0.008630,-0.219431,0.935695,-0.227329,-0.233475,0.135224,0.811954,-0.454619,0.203357,0.304464,0.898277,-0.214295,0.066239,0.377873
0.918405,0.027752,0.394344,0.015942,0.777581,0.111516,-0.616805,0.049842,0.943512,-0.046124,0.307568,0.114281,0.992282,0.011555,0.015076,0.122535,0.753602,-0.037116,-0.652187,-0.073200,0.952192,0.007968,0.295893,-0.075596,0.996890,-0.013175,0.020835,-0.074850,0.781192,-0.069008,0.619659,-0.031602,0.963478,0.100374,-0.239497,-0.065396,0.878993,0.325313,0.173345,-0.302482,0.971579,0.079813,0.006582,-0.222757,0.935260,-0.232175,-0.230754,0.134673,0.810115,-0.457028,0.204047,0.305292,0.898028,-0.215061,0.065778,0.378110
0.917629,0.027261,0.396266,0.013667,0.781293,0.109970,-0.612444,0.048985,0.944540,-0.046042,0.304800,0.113233,0.992407,0.011380,0.015716,0.121453,0.757943,-0.038390,-0.647184,-0.072117,0.953500,0.007237,0.291641,-0.075704,0.996899,-0.012234,0.021009,-0.074845,0.779557,-0.069898,0.621500,-0.033806,0.963980,0.099914,-0.237503,-0.065963,0.878447,0.324358,0.172277,-0.305684,0.971013,0.076779,0.005724,-0.226288,0.935016,-0.236154,-0.228094,0.133975,0.808431,-0.458980,0.205273,0.306006,0.897878,-0.215796,0.066324,0.377953
0.916972,0.026595,0.397901,0.011394,0.784888,0.108429,-0.608158,0.048348,0.945606,-0.046041,0.301814,0.112332,0.992515,0.011134,0.016194,0.120534,0.762191,-0.039798,-0.642216,-0.070986,0.954835,0.006433,0.287205,-0.075911,0.996904,-0.011434,0.020922,-0.074920,0.778245,-0.070535,0.622958,-0.035831,0.964339,0.099314,-0.236115,-0.066610,0.877854,0.323723,0.171329,-0.308581,0.970376,0.074598,0.005426,-0.229729,0.934791,-0.239412,-0.226061,0.133205,0.806963,-0.460740,0.206444,0.306448,0.897801,-0.216776,0.067267,0.377409
0.916371,0.025841,0.399392,0.009123,0.788411,0.106893,-0.603900,0.047809,0.946684,-0.046075,0.298720,0.111508,0.992612,0.010859,0.016592,0.119697,0.766379,-0.041265,-0.637246,-0.069850,0.956168,0.005611,0.282679,-0.076178,0.996907,-0.010692,0.020709,-0.075051,0.777092,-0.071047,0.624223,-0.037766,0.964615,0.098440,-0.235157,-0.067303,0.877272,0.323186,0.170560,-0.311215,0.969702,0.073022,0.005752,-0.233050,0.934594,-0.242104,-0.224460,0.132427,0.805651,-0.462350,0.207693,0.306631,0.897780,-0.218029,0.068738,0.376470
0.915892,0.024901,0.400593,0.006825,0.791456,0.105289,-0.600211,0.047527,0.947745,-0.046146,0.295620,0.110720,0.992707,0.010456,0.016873,0.118907,0.770298,-0.042619,-0.632564,-0.068469,0.957520,0.004607,0.278066,-0.076244,0.996929,-0.010138,0.020314,-0.074943,0.776063,-0.071308,0.625359,-0.039589,0.964801,0.097424,-0.234580,-0.068121,0.876671,0.322821,0.169962,-0.313603,0.968987,0.072086,0.006670,-0.236270,0.934469,-0.244176,-0.223249,0.131555,0.804595,-0.463678,0.208983,0.306521,0.897884,-0.219384,0.070641,0.375080
0.915476,0.023934,0.401635,0.004564,0.794345,0.103699,-0.596679,0.047290,0.948778,-0.046193,0.292569,0.109958,0.992800,0.010075,0.017072,0.118135,0.774015,-0.043972,-0.628060,-0.067143,0.958823,0.003636,0.273522,-0.076356,0.996948,-0.009605,0.019828,-0.074891,0.775102,-0.071512,0.626416,-0.041306,0.964940,0.096175,-0.234288,-0.068919,0.876150,0.322433,0.169544,-0.315680,0.968284,0.071552,0.008142,-0.239251,0.934378,-0.245782,-0.222343,0.130740,0.803700,-0.464837,0.210322,0.306200,0.898048,-0.220905,0.072986,0.373342
0.915192,0.022916,0.402360,0.002375,0.796947,0.102135,-0.593481,0.047161,0.949766,-0.046197,0.289615,0.109238,0.992890,0.009725,0.017104,0.117397,0.777357,-0.045344,-0.623954,-0.065888,0.960059,0.002681,0.269110,-0.076547,0.996964,-0.009150,0.019144,-0.074918,0.774281,-0.071606,0.627319,-0.042813,0.965011,0.094852,-0.234316,-0.069667,0.875715,0.322120,0.169257,-0.317355,0.967610,0.071475,0.010055,-0.241913,0.934324,-0.246858,-0.221820,0.129983,0.803032,-0.465764,0.211555,0.305693,0.898298,-0.222466,0.075575,0.371292
0.915056,0.021848,0.402735,0.000297,0.799215,0.100655,-0.590675,0.047190,0.950709,-0.046232,0.286733,0.108623,0.992968,0.009390,0.017076,0.116771,0.780475,-0.046583,-0.620097,-0.064567,0.961200,0.001775,0.264996,-0.076607,0.996987,-0.008876,0.018447,-0.074824,0.773891,-0.071740,0.627679,-0.044332,0.964932,0.093271,-0.235082,-0.070308,0.875518,0.321801,0.168586,-0.318577,0.966982,0.071647,0.011838,-0.244278,0.934152,-0.247748,-0.222019,0.129186,0.802592,-0.466779,0.212391,0.304719,0.898643,-0.224396,0.078024,0.368780
0.914993,0.020756,0.402933,-0.001725,0.801312,0.099219,-0.588064,0.047289,0.951626,-0.046278,0.283884,0.108059,0.993039,0.009067,0.017017,0.116195,0.783473,-0.047751,-0.616354,-0.063230,0.962285,0.000912,0.261033,-0.076609,0.997012,-0.008677,0.017747,-0.074683,0.773718,-0.071895,0.627765,-0.045855,0.964798,0.091467,-0.236147,-0.070937,0.875473,0.321360,0.167819,-0.319548,0.966381,0.071905,0.013759,-0.246471,0.933955,-0.248460,-0.222503,0.128402,0.802317,-0.467729,0.213122,0.303472,0.899080,-0.226463,0.080572,0.365892
0.915095,0.019562,0.402747,-0.003593,0.802746,0.097771,-0.586321,0.047624,0.952493,-0.046289,0.281174,0.107496,0.993118,0.008807,0.016364,0.115636,0.785877,-0.048956,-0.613322,-0.061946,0.963268,0.000051,0.257357,-0.076697,0.997032,-0.008811,0.016788,-0.074613,0.773788,-0.071878,0.627596,-0.046994,0.964611,0.089937,-0.237329,-0.071496,0.875496,0.321082,0.167130,-0.320125,0.965805,0.072518,0.015848,-0.248416,0.933823,-0.248658,-0.223232,0.127715,0.802327,-0.468300,0.213541,0.302269,0.899641,-0.228221,0.082939,0.362881
0.915277,0.018339,0.402372,-0.005309,0.804058,0.096403,-0.584712,0.048046,0.953265,-0.046328,0.278723,0.107017,0.993185,0.008501,0.015699,0.115170,0.788077,-0.050090,-0.610530,-0.060659,0.964173,-0.000780,0.253933,-0.076737,0.997054,-0.008916,0.015932,-0.074503,0.774026,-0.071884,0.627223,-0.048033,0.964427,0.088398,-0.238490,-0.072032,0.875638,0.320648,0.166408,-0.320548,0.965237,0.073042,0.017982,-0.250319,0.933707,-0.248737,-0.223967,0.127119,0.802476,-0.468689,0.213834,0.301061,0.900295,-0.229845,0.085224,0.359691
0.915623,0.017056,0.401619,-0.006718,0.805134,0.095194,-0.583378,0.048659,0.953856,-0.046430,0.276794,0.106711,0.993231,0.008094,0.015006,0.114899,0.789880,-0.051087,-0.608242,-0.059333,0.964944,-0.001582,0.251006,-0.076658,0.997080,-0.008986,0.015276,-0.074285,0.774601,-0.071940,0.626442,-0.048867,0.964200,0.087006,-0.239798,-0.072424,0.875963,0.320148,0.165430,-0.320666,0.964701,0.073485,0.019824,-0.252109,0.933546,-0.248724,-0.224920,0.126646,0.802804,-0.468949,0.213680,0.299887,0.901052,-0.231311,0.087032,0.356406
0.916077,0.015793,0.400613,-0.007879,0.805891,0.094107,-0.582449,0.049375,0.954406,-0.046585,0.274948,0.106501,0.993267,0.007585,0.014028,0.114747,0.791299,-0.052105,-0.606422,-0.058159,0.965586,-0.002274,0.248505,-0.076702,0.997095,-0.009191,0.014573,-0.074200,0.775274,-0.072026,0.625543,-0.049577,0.964017,0.085731,-0.240878,-0.072796,0.876389,0.319448,0.164413,-0.320722,0.964170,0.073626,0.021606,-0.253947,0.933420,-0.248685,-0.225684,0.126287,0.803253,-0.468973,0.213381,0.298861,0.901934,-0.232432,0.088616,0.353041
0.916584,0.014539,0.399478,-0.008916,0.806487,0.093080,-0.581722,0.050140,0.954934,-0.046765,0.273141,0.106337,0.993297,0.007025,0.012906,0.114653,0.792522,-0.053134,-0.604838,-0.057066,0.966163,-0.002912,0.246212,-0.076810,0.997103,-0.009464,0.013844,-0.074186,0.775996,-0.072128,0.624585,-0.050223,0.963893,0.084576,-0.241658,-0.073200,0.876898,0.318517,0.163326,-0.320812,0.963640,0.073333,0.023286,-0.255888,0.933338,-0.248703,-0.226166,0.125997,0.803813,-0.468757,0.212971,0.297984,0.902966,-0.233127,0.089969,0.349584
0.917131,0.013489,0.398244,-0.009515,0.806857,0.092427,-0.581245,0.050922,0.955188,-0.047073,0.272173,0.106403,0.993292,0.006341,0.012217,0.114813,0.793185,-0.054136,-0.603946,-0.056355,0.966547,-0.003337,0.244590,-0.077149,0.997089,-0.009877,0.013286,-0.074434,0.776850,-0.072524,0.623424,-0.050855,0.963824,0.083387,-0.242283,-0.073412,0.877638,0.317174,0.161963,-0.320812,0.963187,0.072322,0.024603,-0.257750,0.933178,-0.249033,-0.226506,0.125923,0.804354,-0.468587,0.212293,0.297274,0.904063,-0.233613,0.090953,0.346153
0.917696,0.012497,0.396962,-0.009963,0.807097,0.091821,-0.580941,0.051680,0.955477,-0.047334,0.271084,0.106475,0.993287,0.005758,0.011441,0.114965,0.793733,-0.055024,-0.603209,-0.055674,0.966906,-0.003675,0.243073,-0.077420,0.997076,-0.010323,0.012734,-0.074633,0.777735,-0.073060,0.622210,-0.051439,0.963835,0.082293,-0.242568,-0.073563,0.878496,0.315515,0.160474,-0.320848,0.962793,0.070626,0.025736,-0.259574,0.933023,-0.249562,-0.226524,0.125992,0.804917,-0.468295,0.211470,0.296797,0.905271,-0.233628,0.091694,0.342774
0.918300,0.011621,0.395586,-0.010110,0.807078,0.091311,-0.580983,0.052399,0.955836,-0.047507,0.269749,0.106561,0.993283,0.005375,0.010488,0.115111,0.794055,-0.055684,-0.602783,-0.055044,0.967223,-0.003838,0.241767,-0.077551,0.997070,-0.010837,0.012196,-0.074729,0.778679,-0.073874,0.620891,-0.051928,0.963933,0.081254,-0.242543,-0.073508,0.879528,0.313480,0.158840,-0.320827,0.962512,0.068140,0.026653,-0.261185,0.932827,-0.250350,-0.226274,0.126327,0.805420,-0.467997,0.210442,0.296634,0.906524,-0.233228,0.092194,0.339588
0.918858,0.010953,0.394302,-0.010265,0.807157,0.090953,-0.580881,0.052944,0.956109,-0.047395,0.268761,0.106659,0.993280,0.005407,0.009971,0.115179,0.794226,-0.056369,-0.602524,-0.054705,0.967465,-0.003928,0.240686,-0.077884,0.997044,-0.011416,0.011883,-0.075039,0.779472,-0.074635,0.619761,-0.052425,0.964166,0.080342,-0.241883,-0.073637,0.880493,0.311202,0.157354,-0.321130,0.962241,0.064968,0.027765,-0.262868,0.932761,-0.251233,-0.225372,0.126671,0.805949,-0.467384,0.209611,0.296750,0.907921,-0.232076,0.092852,0.336451
0.919393,0.010388,0.393064,-0.010422,0.807284,0.090670,-0.580706,0.053402,0.956339,-0.047139,0.267945,0.106764,0.993278,0.005647,0.009674,0.115209,0.794323,-0.057066,-0.602348,-0.054510,0.967671,-0.003983,0.239717,-0.078317,0.997008,-0.012029,0.011684,-0.075456,0.780190,-0.075370,0.618725,-0.052924,0.964511,0.079537,-0.240685,-0.073913,0.881395,0.308722,0.155966,-0.321727,0.961985,0.061155,0.029016,-0.264580,0.932797,-0.252216,-0.223919,0.127033,0.806479,-0.466533,0.208929,0.297130,0.909423,-0.230255,0.093646,0.333412
0.920048,0.009865,0.391542,-0.010439,0.807267,0.090345,-0.580743,0.053801,0.956652,-0.046866,0.266866,0.106782,0.993287,0.005797,0.009415,0.115147,0.794572,-0.057423,-0.602020,-0.054122,0.967941,-0.003788,0.238608,-0.078368,0.997002,-0.012408,0.011183,-0.075551,0.781178,-0.075803,0.617409,-0.053122,0.964827,0.079277,-0.239384,-0.074292,0.882183,0.306582,0.154470,-0.322334,0.961743,0.057300,0.030088,-0.266199,0.932917,-0.252933,-0.222451,0.127307,0.807228,-0.465312,0.207889,0.297742,0.911088,-0.227629,0.094031,0.330548
0.920714,0.009332,0.389987,-0.010472,0.807365,0.090030,-0.580621,0.054190,0.956968,-0.046595,0.265763,0.106826,0.993292,0.005994,0.009214,0.115106,0.794908,-0.057760,-0.601583,-0.053694,0.968233,-0.003620,0.237420,-0.078378,0.996998,-0.012774,0.010753,-0.075604,0.782198,-0.076160,0.616061,-0.053237,0.965211,0.079188,-0.237707,-0.074781,0.882850,0.304456,0.153104,-0.323174,0.961483,0.053131,0.031234,-0.267864,0.933124,-0.253624,-0.220622,0.127591,0.807948,-0.463911,0.206950,0.298627,0.912781,-0.224479,0.094472,0.327894
0.921403,0.008780,0.388367,-0.010539,0.807691,0.089736,-0.580178,0.054557,0.957289,-0.046327,0.264614,0.106920,0.993291,0.006286,0.009130,0.115109,0.795415,-0.058058,-0.600929,-0.053189,0.968568,-0.003502,0.236076,-0.078307,0.996999,-0.013113,0.010463,-0.075576,0.783289,-0.076365,0.614652,-0.053190,0.965632,0.079368,-0.235746,-0.075367,0.883348,0.302520,0.151922,-0.324189,0.961184,0.048916,0.032412,-0.269595,0.933426,-0.254166,-0.218555,0.127866,0.808655,-0.462318,0.206080,0.299784,0.914478,-0.220868,0.094873,0.325494
0.922090,0.008256,0.386745,-0.010529,0.808283,0.089454,-0.579371,0.054821,0.957680,-0.046030,0.263203,0.107021,0.993290,0.006545,0.009027,0.115109,0.796263,-0.058280,-0.599831,-0.052634,0.968933,-0.003321,0.234629,-0.078147,0.997005,-0.013231,0.010399,-0.075485,0.784465,-0.076550,0.613135,-0.053114,0.966068,0.079635,-0.233659,-0.075988,0.883722,0.300705,0.150821,-0.325369,0.960835,0.044655,0.033437,-0.271447,0.933744,-0.254737,-0.216366,0.128131,0.809250,-0.460768,0.205302,0.301097,0.916106,-0.217145,0.095178,0.323326
0.922774,0.007747,0.385122,-0.010480,0.809009,0.089176,-0.578380,0.055031,0.958106,-0.045718,0.261662,0.107125,0.993290,0.006786,0.008917,0.115106,0.797281,-0.058465,-0.598510,-0.052056,0.969311,-0.003107,0.233131,-0.077948,0.997013,-0.013237,0.010449,-0.075367,0.785680,-0.076724,0.611563,-0.053021,0.966511,0.079991,-0.231488,-0.076619,0.883965,0.299052,0.149822,-0.326691,0.960426,0.040463,0.034244,-0.273444,0.934060,-0.255366,-0.214097,0.128382,0.809701,-0.459325,0.204640,0.302535,0.917629,-0.213453,0.095340,0.321409
0.923436,0.007267,0.383546,-0.010261,0.810127,0.089009,-0.576826,0.055166,0.958527,-0.045504,0.260057,0.107356,0.993274,0.007022,0.008535,0.115261,0.798754,-0.058518,-0.596596,-0.051385,0.969742,-0.002947,0.231455,-0.077586,0.997038,-0.013085,0.010352,-0.075079,0.786663,-0.077087,0.610254,-0.052993,0.967050,0.080246,-0.228948,-0.077185,0.884098,0.297297,0.149174,-0.328225,0.959961,0.036143,0.035060,-0.275571,0.934376,-0.256223,-0.211447,0.128767,0.809824,-0.458099,0.204416,0.304209,0.918945,-0.209972,0.095689,0.319837
0.924082,0.006819,0.382001,-0.010070,0.811448,0.088858,-0.574983,0.055226,0.958959,-0.045235,0.258411,0.107593,0.993257,0.007278,0.008321,0.115402,0.800350,-0.058618,-0.594497,-0.050766,0.970173,-0.002861,0.229744,-0.077296,0.997057,-0.012965,0.010342,-0.074849,0.787618,-0.077551,0.608961,-0.053008,0.967581,0.080545,-0.226428,-0.077657,0.884166,0.295660,0.148546,-0.329803,0.959459,0.031930,0.035513,-0.277774,0.934615,-0.257311,-0.208814,0.129160,0.809745,-0.457161,0.204268,0.305927,0.920108,-0.206800,0.095816,0.318520
0.924698,0.006437,0.380518,-0.009935,0.813174,0.088746,-0.572567,0.055132,0.959412,-0.044853,0.256682,0.107847,0.993241,0.007582,0.008442,0.115517,0.802196,-0.058809,-0.592029,-0.050255,0.970605,-0.002918,0.227961,-0.077141,0.997065,-0.012903,0.010504,-0.074725,0.788519,-0.078213,0.607700,-0.053114,0.968106,0.080824,-0.223963,-0.077973,0.884231,0.294047,0.147876,-0.331369,0.958947,0.027735,0.035573,-0.279974,0.934732,-0.258754,-0.206221,0.129598,0.809429,-0.456607,0.204174,0.307649,0.921104,-0.204045,0.095741,0.317437
0.925297,0.006119,0.379065,-0.009871,0.815085,0.088582,-0.569892,0.054882,0.959923,-0.044421,0.254769,0.108011,0.993236,0.007839,0.008552,0.115530,0.804265,-0.058998,-0.589235,-0.049784,0.971068,-0.002938,0.226025,-0.077018,0.997071,-0.012777,0.010730,-0.074645,0.789337,-0.078991,0.606513,-0.053375,0.968618,0.081103,-0.221541,-0.078238,0.884272,0.292468,0.147133,-0.332981,0.958414,0.023548,0.035295,-0.282210,0.934743,-0.260569,-0.203629,0.129979,0.808944,-0.456374,0.204161,0.309273,0.921997,-0.201638,0.095515,0.316451
0.925887,0.005833,0.377628,-0.009843,0.817085,0.088389,-0.567084,0.054554,0.960461,-0.043965,0.252766,0.108127,0.993238,0.008071,0.008659,0.115491,0.806442,-0.059187,-0.586272,-0.049334,0.971542,-0.002939,0.224012,-0.076918,0.997074,-0.012619,0.010990,-0.074594,0.790112,-0.079826,0.605364,-0.053717,0.969104,0.081493,-0.219187,-0.078446,0.884308,0.290982,0.146287,-0.334557,0.957883,0.019421,0.034695,-0.284394,0.934658,-0.262679,-0.201090,0.130297,0.808370,-0.456376,0.204116,0.310798,0.922828,-0.199459,0.095078,0.315540
0.926493,0.005673,0.376140,-0.009813,0.819313,0.088245,-0.563931,0.054047,0.961029,-0.043445,0.250644,0.108228,0.993244,0.008252,0.008715,0.115424,0.808670,-0.059351,-0.583205,-0.049014,0.972063,-0.002956,0.221753,-0.076883,0.997073,-0.012533,0.011050,-0.074601,0.790946,-0.080638,0.604136,-0.054059,0.969530,0.082112,-0.217005,-0.078597,0.884360,0.289679,0.145252,-0.335998,0.957375,0.015448,0.033720,-0.286457,0.934481,-0.264980,-0.198733,0.130524,0.807814,-0.456524,0.203869,0.312186,0.923650,-0.197395,0.094299,0.314664
0.927117,0.005543,0.374604,-0.009796,0.821567,0.088080,-0.560721,0.053485,0.961612,-0.042907,0.248463,0.108289,0.993255,0.008378,0.008741,0.115315,0.810939,-0.059472,-0.580061,-0.048692,0.972594,-0.002979,0.219431,-0.076821,0.997076,-0.012444,0.011040,-0.074580,0.791822,-0.081443,0.602846,-0.054425,0.969917,0.082889,-0.214927,-0.078719,0.884448,0.288465,0.144072,-0.337318,0.956895,0.011551,0.032478,-0.288382,0.934229,-0.267461,-0.196479,0.130676,0.807291,-0.456770,0.203486,0.313427,0.924475,-0.195415,0.093290,0.313776
0.927775,0.005470,0.372971,-0.009803,0.823885,0.087877,-0.557407,0.052813,0.962230,-0.042331,0.246166,0.108275,0.993277,0.008396,0.008706,0.115128,0.813298,-0.059504,-0.576773,-0.048365,0.973153,-0.003013,0.216987,-0.076692,0.997086,-0.012351,0.010889,-0.074489,0.792785,-0.082241,0.601434,-0.054833,0.970264,0.083760,-0.212971,-0.078841,0.884591,0.287287,0.142735,-0.338515,0.956443,0.007717,0.031010,-0.290166,0.933913,-0.270088,-0.194332,0.130744,0.806839,-0.457078,0.202972,0.314473,0.925315,-0.193524,0.092096,0.312825
0.928495,0.005470,0.371176,-0.009772,0.826379,0.087752,-0.553793,0.052059,0.962910,-0.041772,0.243561,0.108339,0.993291,0.008328,0.008514,0.115024,0.815794,-0.059523,-0.573256,-0.048105,0.973731,-0.003036,0.214409,-0.076603,0.997090,-0.012271,0.010902,-0.074446,0.793757,-0.082890,0.600021,-0.055254,0.970602,0.084757,-0.210927,-0.079109,0.884708,0.286150,0.141461,-0.339703,0.955987,0.004026,0.029615,-0.291882,0.933635,-0.272673,-0.192082,0.130690,0.806528,-0.457214,0.202516,0.315365,0.926196,-0.191538,0.090948,0.311774
0.929244,0.005507,0.369299,-0.009721,0.828952,0.087663,-0.550023,0.051265,0.963615,-0.041222,0.240802,0.108446,0.993301,0.008216,0.008244,0.114968,0.818350,-0.059531,-0.569620,-0.047875,0.974315,-0.003054,0.211762,-0.076537,0.997091,-0.012198,0.010998,-0.074428,0.794734,-0.083464,0.598608,-0.055682,0.970961,0.085766,-0.208703,-0.079505,0.884824,0.284927,0.140342,-0.340892,0.955537,0.000420,0.028426,-0.293496,0.933409,-0.275194,-0.189633,0.130592,0.806323,-0.457162,0.202212,0.316158,0.927072,-0.189508,0.090004,0.310683
0.930141,0.005567,0.367035,-0.009600,0.831629,0.087586,-0.546058,0.050425,0.964273,-0.040714,0.238185,0.108567,0.993310,0.007808,0.007837,0.114944,0.820894,-0.059424,-0.565983,-0.047599,0.974806,-0.003097,0.209558,-0.076349,0.997104,-0.012071,0.011031,-0.074277,0.796247,-0.083762,0.596526,-0.055964,0.971172,0.087059,-0.207005,-0.079961,0.884998,0.284061,0.138836,-0.341779,0.955136,-0.002601,0.026858,-0.294934,0.933171,-0.277443,-0.187740,0.130269,0.806484,-0.456936,0.201358,0.316619,0.928015,-0.187460,0.088536,0.309528
0.931051,0.005647,0.364721,-0.009476,0.834342,0.087563,-0.541984,0.049591,0.964911,-0.040158,0.235601,0.108747,0.993313,0.007427,0.007464,0.114968,0.823505,-0.059358,-0.562203,-0.047365,0.975292,-0.003225,0.207331,-0.076216,0.997112,-0.012020,0.011088,-0.074164,0.797745,-0.084003,0.594463,-0.056216,0.971457,0.088247,-0.204913,-0.080582,0.885139,0.282987,0.137727,-0.342753,0.954743,-0.005536,0.025842,-0.296256,0.933061,-0.279488,-0.185438,0.129985,0.806721,-0.456398,0.200878,0.317096,0.928890,-0.185343,0.087616,0.308440
0.931994,0.005769,0.362307,-0.009347,0.837143,0.087655,-0.537709,0.048760,0.965518,-0.039496,0.233078,0.109038,0.993306,0.007108,0.007152,0.115075,0.826265,-0.059377,-0.558149,-0.047216,0.975773,-0.003525,0.205061,-0.076183,0.997113,-0.012118,0.011189,-0.074118,0.799223,-0.084130,0.592439,-0.056406,0.971833,0.089333,-0.202311,-0.081429,0.885196,0.281714,0.137166,-0.343876,0.954353,-0.008343,0.025585,-0.297467,0.933133,-0.281214,-0.182618,0.129740,0.807046,-0.455439,0.200895,0.317636,0.929691,-0.183069,0.087415,0.307438
0.933018,0.005932,0.359663,-0.009216,0.840006,0.087757,-0.533288,0.047871,0.966127,-0.038774,0.230531,0.109321,0.993299,0.006808,0.006958,0.115160,0.829097,-0.059280,-0.553961,-0.047027,0.976229,-0.003792,0.202928,-0.076042,0.997123,-0.012088,0.011315,-0.073972,0.800853,-0.084136,0.590221,-0.056530,0.972259,0.090303,-0.199383,-0.082482,0.885185,0.280312,0.137031,-0.345102,0.953983,-0.010960,0.025986,-0.298533,0.933362,-0.282599,-0.179459,0.129491,0.807488,-0.454110,0.201290,0.318167,0.930425,-0.180690,0.087833,0.306506
0.934077,0.006115,0.356903,-0.009083,0.842889,0.087862,-0.528785,0.046959,0.966731,-0.038024,0.227973,0.109605,0.993293,0.006517,0.006825,0.115240,0.831952,-0.059124,-0.549698,-0.046816,0.976670,-0.004041,0.200865,-0.075843,0.997137,-0.011995,0.011456,-0.073774,0.802554,-0.084082,0.587904,-0.056620,0.972787,0.091035,-0.195910,-0.083770,0.885070,0.278650,0.137543,-0.346537,0.953625,-0.013529,0.027329,-0.299447,0.933779,-0.283651,-0.175728,0.129296,0.807956,-0.452394,0.202331,0.318761,0.931060,-0.178186,0.089189,0.305652
0.935221,0.006250,0.353896,-0.008942,0.845773,0.088005,-0.524210,0.046129,0.967373,-0.037113,0.225214,0.109958,0.993281,0.006415,0.006720,0.115352,0.834767,-0.058922,-0.545462,-0.046520,0.977189,-0.004388,0.198432,-0.075545,0.997158,-0.011940,0.011673,-0.073468,0.804545,-0.083886,0.585205,-0.056628,0.973355,0.091623,-0.192128,-0.085277,0.884840,0.276916,0.138571,-0.348100,0.953294,-0.015891,0.029488,-0.300180,0.934372,-0.284285,-0.171676,0.129069,0.808523,-0.450302,0.203835,0.319328,0.931632,-0.175533,0.091295,0.304820
0.936386,0.006386,0.350803,-0.008828,0.848673,0.088128,-0.519555,0.045282,0.968011,-0.036249,0.222423,0.110309,0.993268,0.006295,0.006640,0.115476,0.837620,-0.058720,-0.541117,-0.046219,0.977705,-0.004754,0.195982,-0.075243,0.997180,-0.011848,0.011845,-0.073158,0.806572,-0.083662,0.582437,-0.056652,0.974059,0.091846,-0.187594,-0.087072,0.884432,0.274836,0.140516,-0.350002,0.952951,-0.018338,0.032953,-0.300771,0.935186,-0.284571,-0.166824,0.128901,0.809022,-0.447805,0.206313,0.319984,0.932094,-0.172710,0.094721,0.303974
0.937601,0.006528,0.347541,-0.008767,0.851629,0.088223,-0.514756,0.044390,0.968651,-0.035471,0.219569,0.110660,0.993253,0.006150,0.006608,0.115620,0.840572,-0.058517,-0.536569,-0.045914,0.978221,-0.005152,0.193500,-0.074936,0.997204,-0.011678,0.011930,-0.072837,0.808683,-0.083380,0.579538,-0.056704,0.974872,0.091718,-0.182384,-0.089155,0.883830,0.272464,0.143345,-0.352221,0.952579,-0.020834,0.037705,-0.301227,0.936211,-0.284493,-0.161245,0.128733,0.809469,-0.444909,0.209735,0.320665,0.932462,-0.169707,0.099429,0.303031
0.938828,0.006704,0.344212,-0.008718,0.854593,0.088278,-0.509893,0.043434,0.969277,-0.034788,0.216737,0.110981,0.993238,0.005930,0.006602,0.115758,0.843530,-0.058322,-0.531950,-0.045653,0.978745,-0.005480,0.190920,-0.074681,0.997226,-0.011388,0.011922,-0.072580,0.810740,-0.083147,0.576676,-0.056848,0.975812,0.091124,-0.176402,-0.091485,0.883059,0.269647,0.147095,-0.354768,0.952155,-0.023539,0.043796,-0.301545,0.937412,-0.284160,-0.154830,0.128607,0.809788,-0.441677,0.214199,0.321378,0.932704,-0.166587,0.105526,0.301953
0.940054,0.006897,0.340845,-0.008675,0.857545,0.088311,-0.504991,0.042451,0.969891,-0.034151,0.213912,0.111294,0.993223,0.005675,0.006607,0.115902,0.846478,-0.058128,-0.527290,-0.045411,0.979270,-0.005772,0.188292,-0.074450,0.997247,-0.011036,0.011866,-0.072357,0.812766,-0.082940,0.573828,-0.057038,0.976818,0.090191,-0.169896,-0.093953,0.882189,0.266490,0.151491,-0.357458,0.951685,-0.026347,0.050891,-0.301681,0.938728,-0.283582,-0.147859,0.128488,0.810056,-0.438149,0.219355,0.322052,0.932838,-0.163367,0.112629,0.300730
0.941396,0.006994,0.337122,-0.008563,0.860613,0.088211,-0.499843,0.041487,0.970502,-0.033564,0.211073,0.111565,0.993211,0.005265,0.006704,0.116015,0.849588,-0.057844,-0.522333,-0.044973,0.979806,-0.006106,0.185637,-0.074033,0.997285,-0.010401,0.011761,-0.071945,0.815034,-0.082633,0.570634,-0.057162,0.977744,0.089239,-0.163600,-0.096373,0.881379,0.263369,0.155814,-0.359902,0.951232,-0.028884,0.058154,-0.301565,0.940051,-0.282737,-0.141129,0.128240,0.810520,-0.434445,0.224328,0.322478,0.932949,-0.160118,0.119792,0.299362
0.942753,0.007057,0.333310,-0.008432,0.863749,0.088059,-0.494511,0.040526,0.971120,-0.032928,0.208175,0.111822,0.993202,0.004859,0.006785,0.116108,0.852783,-0.057589,-0.517170,-0.044495,0.980331,-0.006429,0.182998,-0.073631,0.997320,-0.009762,0.011736,-0.071553,0.817366,-0.082281,0.567333,-0.057232,0.978592,0.088299,-0.157568,-0.098663,0.880719,0.260225,0.159886,-0.362013,0.950801,-0.031185,0.065396,-0.301213,0.941339,-0.281733,-0.134706,0.127913,0.811195,-0.430621,0.228927,0.322677,0.933029,-0.156920,0.126848,0.297897
0.944153,0.007053,0.329328,-0.008261,0.867048,0.087809,-0.488828,0.039562,0.971761,-0.032192,0.205165,0.112034,0.993199,0.004462,0.006834,0.116140,0.856173,-0.057395,-0.511608,-0.043940,0.980839,-0.006739,0.180393,-0.073260,0.997350,-0.009120,0.011873,-0.071199,0.819836,-0.081840,0.563826,-0.057195,0.979305,0.087541,-0.152164,-0.100717,0.880310,0.257239,0.163312,-0.363608,0.950425,-0.033034,0.072215,-0.300643,0.942537,-0.280598,-0.128988,0.127479,0.812192,-0.426772,0.232684,0.322595,0.933106,-0.153885,0.133362,0.296391
0.945595,0.006921,0.325175,-0.007957,0.870333,0.087380,-0.483103,0.038692,0.972449,-0.031414,0.201936,0.112149,0.993210,0.003984,0.006652,0.116076,0.859608,-0.057207,-0.505900,-0.043204,0.981374,-0.007094,0.177640,-0.072796,0.997386,-0.008501,0.011984,-0.070748,0.822380,-0.081220,0.560220,-0.057000,0.979886,0.087106,-0.147374,-0.102553,0.880125,0.254526,0.166089,-0.364707,0.950084,-0.034250,0.078683,-0.299961,0.943673,-0.279277,-0.123983,0.126939,0.813539,-0.422841,0.235531,0.322311,0.933170,-0.151008,0.139361,0.294905
0.947048,0.006726,0.320933,-0.007585,0.873592,0.086850,-0.477346,0.037878,0.973155,-0.030628,0.198595,0.112215,0.993227,0.003455,0.006354,0.115967,0.863044,-0.057025,-0.500108,-0.042375,0.981916,-0.007474,0.174812,-0.072290,0.997425,-0.007896,0.012084,-0.070254,0.824952,-0.080512,0.556557,-0.056719,0.980363,0.086886,-0.143125,-0.104183,0.880136,0.252007,0.168257,-0.365434,0.949728,-0.034851,0.084953,-0.299308,0.944731,-0.277891,-0.119588,0.126327,0.815124,-0.418934,0.237607,0.321885,0.933152,-0.148484,0.145090,0.293477
0.948601,0.006544,0.316324,-0.007306,0.876941,0.086313,-0.471332,0.037012,0.973856,-0.029579,0.195302,0.112189,0.993258,0.003124,0.006219,0.115718,0.866660,-0.056906,-0.493895,-0.041585,0.982428,-0.007963,0.172079,-0.071841,0.997457,-0.007274,0.012404,-0.069807,0.827859,-0.079164,0.552486,-0.056049,0.980636,0.087521,-0.139716,-0.105696,0.880187,0.250432,0.169775,-0.365693,0.949368,-0.034016,0.091003,-0.298768,0.945855,-0.275888,-0.116220,0.125449,0.817238,-0.414697,0.238496,0.321355,0.933157,-0.145942,0.150187,0.292169
0.950198,0.006345,0.311503,-0.006988,0.880282,0.085758,-0.465231,0.036185,0.974534,-0.028563,0.192051,0.112183,0.993285,0.002773,0.006131,0.115501,0.870260,-0.056845,-0.487599,-0.040789,0.982918,-0.008428,0.169397,-0.071458,0.997484,-0.006631,0.012724,-0.069431,0.830870,-0.077687,0.548233,-0.055326,0.980825,0.088324,-0.136801,-0.107082,0.880286,0.249168,0.170876,-0.365804,0.948902,-0.032362,0.097193,-0.298481,0.946945,-0.273761,-0.113396,0.124465,0.819462,-0.410522,0.238865,0.320776,0.933002,-0.143899,0.155389,0.290954
0.951904,0.006109,0.306265,-0.006590,0.883645,0.085186,-0.458978,0.035424,0.975175,-0.027594,0.188885,0.112228,0.993303,0.002401,0.006136,0.115347,0.873869,-0.056899,-0.481162,-0.039979,0.983374,-0.008855,0.166817,-0.071203,0.997501,-0.005956,0.013039,-0.069188,0.834106,-0.075948,0.543625,-0.054505,0.980906,0.089385,-0.134489,-0.108383,0.880356,0.248420,0.171593,-0.365810,0.948311,-0.029688,0.103540,-0.298505,0.948045,-0.271352,-0.111237,0.123306,0.821829,-0.406354,0.238693,0.320156,0.932708,-0.142287,0.160647,0.289833
0.953658,0.005863,0.300773,-0.006141,0.886966,0.084699,-0.452668,0.034761,0.975789,-0.026581,0.185734,0.112388,0.993309,0.002105,0.006265,0.115301,0.877380,-0.056870,-0.474808,-0.039094,0.983837,-0.009213,0.164187,-0.070867,0.997525,-0.005342,0.013152,-0.068869,0.837463,-0.073969,0.538816,-0.053484,0.980928,0.090671,-0.132491,-0.109568,0.880317,0.248126,0.172281,-0.365779,0.947563,-0.026071,0.110343,-0.298780,0.949204,-0.268534,-0.109499,0.122112,0.824216,-0.402094,0.238259,0.319721,0.932207,-0.140979,0.166233,0.288933
0.955418,0.005610,0.295150,-0.005666,0.890247,0.084242,-0.446315,0.034159,0.976385,-0.025559,0.182593,0.112603,0.993307,0.001833,0.006459,0.115313,0.880818,-0.056804,-0.468484,-0.038167,0.984300,-0.009545,0.161532,-0.070498,0.997552,-0.004770,0.013167,-0.068518,0.840860,-0.071879,0.533899,-0.052346,0.980938,0.091963,-0.130603,-0.110662,0.880131,0.248079,0.173130,-0.365860,0.946602,-0.021788,0.117739,-0.299344,0.950418,-0.265387,-0.107939,0.120935,0.826485,-0.397788,0.237865,0.319542,0.931456,-0.139985,0.172369,0.288239
0.957332,0.005387,0.288895,-0.005131,0.893574,0.083783,-0.439749,0.033553,0.977021,-0.024446,0.179173,0.112827,0.993305,0.001572,0.006549,0.115325,0.884360,-0.056821,-0.461835,-0.037260,0.984736,-0.009931,0.158950,-0.070218,0.997572,-0.004376,0.013185,-0.068246,0.844643,-0.069454,0.528349,-0.051004,0.980850,0.093511,-0.129324,-0.111645,0.879819,0.248665,0.173776,-0.365904,0.945486,-0.016568,0.125211,-0.300173,0.951698,-0.261719,-0.107094,0.119606,0.828848,-0.393400,0.237022,0.319481,0.930613,-0.139155,0.178399,0.287696
0.959240,0.005161,0.282510,-0.004567,0.896932,0.083254,-0.433009,0.032945,0.977613,-0.023362,0.175944,0.113005,0.993307,0.001255,0.006765,0.115303,0.887878,-0.056864,-0.455103,-0.036331,0.985160,-0.010312,0.156389,-0.069973,0.997589,-0.003974,0.013222,-0.068012,0.848448,-0.066924,0.522692,-0.049509,0.980781,0.095009,-0.127978,-0.112533,0.879332,0.249403,0.174761,-0.366104,0.944130,-0.010966,0.133243,-0.301238,0.953062,-0.257631,-0.106266,0.118350,0.831058,-0.388860,0.236367,0.319783,0.929567,-0.138382,0.184903,0.287343
0.961173,0.004928,0.275876,-0.003944,0.900391,0.082604,-0.425945,0.032314,0.978136,-0.022321,0.173095,0.113097,0.993314,0.000847,0.007227,0.115210,0.891400,-0.056951,-0.448233,-0.035367,0.985565,-0.010666,0.153873,-0.069788,0.997601,-0.003535,0.013294,-0.067842,0.852337,-0.064171,0.516842,-0.047736,0.980712,0.096628,-0.126630,-0.113279,0.878697,0.250419,0.176045,-0.366320,0.942577,-0.004960,0.141637,-0.302428,0.954531,-0.252969,-0.105576,0.117180,0.833215,-0.384047,0.235707,0.320473,0.928404,-0.137446,0.191556,0.287196
0.963140,0.004696,0.268939,-0.003235,0.903792,0.081904,-0.418860,0.031742,0.978710,-0.021269,0.169895,0.113185,0.993323,0.000347,0.007516,0.115120,0.894965,-0.057001,-0.441148,-0.034313,0.985959,-0.011063,0.151424,-0.069524,0.997618,-0.003200,0.013437,-0.067590,0.856370,-0.061333,0.510653,-0.045846,0.980633,0.098200,-0.125489,-0.113881,0.878027,0.251568,0.177327,-0.366520,0.940866,0.001185,0.149984,-0.303769,0.956028,-0.247971,-0.105162,0.116028,0.835346,-0.379148,0.234907,0.321346,0.927213,-0.136493,0.198054,0.287088
0.965097,0.004465,0.261842,-0.002484,0.907139,0.081158,-0.411750,0.031213,0.979302,-0.020234,0.166520,0.113269,0.993331,-0.000220,0.007721,0.115035,0.898519,-0.057044,-0.433944,-0.033207,0.986343,-0.011498,0.149006,-0.069228,0.997635,-0.002933,0.013613,-0.067302,0.860440,-0.058464,0.504281,-0.043875,0.980566,0.099686,-0.124403,-0.114351,0.877357,0.252709,0.178661,-0.366692,0.939015,0.007256,0.158230,-0.305224,0.957539,-0.242722,-0.104860,0.114932,0.837439,-0.374147,0.234050,0.322382,0.926031,-0.135473,0.204358,0.286971
0.967065,0.004311,0.254487,-0.001714,0.910723,0.080365,-0.403968,0.030579,0.979874,-0.019059,0.163251,0.113284,0.993349,-0.000732,0.007961,0.114868,0.902191,-0.057183,-0.426319,-0.032156,0.986690,-0.011914,0.146717,-0.069107,0.997638,-0.002640,0.013981,-0.067198,0.864492,-0.055566,0.497806,-0.041901,0.980514,0.101097,-0.123302,-0.114752,0.876705,0.253778,0.180011,-0.366853,0.937048,0.013135,0.166238,-0.306811,0.959051,-0.237333,-0.104565,0.113840,0.839527,-0.369037,0.233161,0.323484,0.924915,-0.134357,0.210352,0.286762
0.968991,0.004181,0.247058,-0.000891,0.914291,0.079505,-0.396047,0.029965,0.980445,-0.017950,0.159905,0.113300,0.993364,-0.001281,0.008127,0.114719,0.905845,-0.057317,-0.418563,-0.031063,0.987039,-0.012372,0.144375,-0.068966,0.997643,-0.002330,0.014286,-0.067070,0.868569,-0.052686,0.491149,-0.039799,0.980471,0.102569,-0.122257,-0.114932,0.876177,0.254808,0.181267,-0.366783,0.935090,0.018818,0.173737,-0.308330,0.960522,-0.231867,-0.104396,0.112855,0.841630,-0.363879,0.232024,0.324677,0.923901,-0.133174,0.215731,0.286588
0.970889,0.004101,0.239495,0.000036,0.917888,0.078544,-0.387880,0.029356,0.981025,-0.016929,0.156402,0.113324,0.993377,-0.001863,0.008140,0.114598,0.909526,-0.057421,-0.410574,-0.029901,0.987401,-0.012872,0.141926,-0.068772,0.997654,-0.001946,0.014464,-0.066885,0.872761,-0.049816,0.484150,-0.037495,0.980407,0.104257,-0.121472,-0.114789,0.875865,0.255917,0.182219,-0.366282,0.933276,0.024396,0.180391,-0.309613,0.961909,-0.226384,-0.104584,0.111995,0.843815,-0.358752,0.230355,0.325899,0.923058,-0.131976,0.220122,0.286517
0.972736,0.004100,0.231876,0.000860,0.921457,0.077485,-0.379596,0.028633,0.981642,-0.015805,0.152735,0.113145,0.993414,-0.002394,0.008070,0.114267,0.913143,-0.057508,-0.402532,-0.028821,0.987756,-0.013272,0.139441,-0.068693,0.997655,-0.001462,0.014682,-0.066831,0.876834,-0.047117,0.477161,-0.035479,0.980353,0.105776,-0.120706,-0.114671,0.875697,0.256741,0.182889,-0.365775,0.931508,0.029508,0.186287,-0.310997,0.963189,-0.221321,-0.104683,0.111020,0.846008,-0.353806,0.228653,0.326817,0.922399,-0.130953,0.223899,0.286184
0.974528,0.004139,0.224221,0.001632,0.924973,0.076356,-0.371237,0.027876,0.982268,-0.014662,0.148984,0.112867,0.993463,-0.002930,0.007960,0.113842,0.916690,-0.057593,-0.394450,-0.027772,0.988102,-0.013645,0.136937,-0.068675,0.997651,-0.000949,0.014921,-0.066846,0.880817,-0.044511,0.470162,-0.033587,0.980288,0.107363,-0.120012,-0.114483,0.875701,0.257453,0.183256,-0.365080,0.929882,0.034353,0.191338,-0.312297,0.964365,-0.216599,-0.104814,0.109999,0.848258,-0.349001,0.226731,0.327491,0.921939,-0.130045,0.226877,0.285734
0.976245,0.004270,0.216616,0.002365,0.928627,0.075260,-0.362293,0.027046,0.982809,-0.013587,0.145587,0.112719,0.993490,-0.003493,0.008267,0.113564,0.920272,-0.057625,-0.386087,-0.026752,0.988460,-0.014179,0.134342,-0.068548,0.997655,-0.000397,0.015161,-0.066740,0.884652,-0.042195,0.463244,-0.031849,0.980245,0.108883,-0.119303,-0.114154,0.875928,0.257874,0.183337,-0.364197,0.928429,0.038787,0.195571,-0.313477,0.965394,-0.212439,-0.104866,0.109025,0.850456,-0.344508,0.224699,0.327948,0.921609,-0.129457,0.229199,0.285212
0.977902,0.004449,0.208994,0.003102,0.932240,0.074075,-0.353206,0.026204,0.983390,-0.012532,0.141856,0.112533,0.993521,-0.004130,0.008452,0.113258,0.923807,-0.057658,-0.377617,-0.025735,0.988826,-0.014761,0.131624,-0.068419,0.997659,0.000106,0.015406,-0.066632,0.888430,-0.039988,0.456267,-0.030230,0.980180,0.110556,-0.118695,-0.113737,0.876326,0.258249,0.183062,-0.363108,0.927150,0.043118,0.198964,-0.314558,0.966308,-0.208729,-0.104975,0.107991,0.852703,-0.340238,0.222407,0.328132,0.921459,-0.129127,0.230751,0.284593
0.979500,0.004723,0.201351,0.003844,0.935853,0.072749,-0.343872,0.025288,0.984060,-0.011469,0.137454,0.112257,0.993563,-0.004867,0.008386,0.112870,0.927322,-0.057679,-0.368964,-0.024746,0.989214,-0.015402,0.128665,-0.068288,0.997662,0.000553,0.015663,-0.066524,0.892159,-0.037976,0.449195,-0.028890,0.980097,0.112231,-0.118208,-0.113321,0.876880,0.258488,0.182370,-0.361947,0.925996,0.047314,0.201559,-0.315701,0.967091,-0.205631,-0.105094,0.106798,0.854972,-0.336310,0.219966,0.327922,0.921478,-0.129239,0.231684,0.283721
0.981049,0.005076,0.193642,0.004457,0.939480,0.071341,-0.334215,0.024250,0.984745,-0.010437,0.132798,0.111948,0.993605,-0.005627,0.008352,0.112459,0.930899,-0.057768,-0.359891,-0.023863,0.989600,-0.016173,0.125597,-0.068238,0.997658,0.000887,0.016022,-0.066495,0.895814,-0.036057,0.442092,-0.027769,0.979994,0.114004,-0.117729,-0.112934,0.877530,0.258665,0.181404,-0.360730,0.924908,0.051522,0.203576,-0.316933,0.967789,-0.203006,-0.105135,0.105448,0.857281,-0.332587,0.217436,0.327380,0.921642,-0.129714,0.232142,0.282594
0.982542,0.005470,0.185895,0.005004,0.943059,0.069878,-0.324376,0.023184,0.985423,-0.009447,0.128014,0.111646,0.993645,-0.006418,0.008336,0.112069,0.934456,-0.057893,-0.350587,-0.023016,0.989978,-0.017027,0.122476,-0.068217,0.997651,0.001148,0.016433,-0.066495,0.899402,-0.034186,0.434961,-0.026750,0.979875,0.115949,-0.117228,-0.112510,0.878277,0.258830,0.180238,-0.359376,0.923879,0.055836,0.205139,-0.318195,0.968422,-0.200725,-0.105118,0.104014,0.859632,-0.328988,0.214778,0.326603,0.921929,-0.130510,0.232171,0.281266
0.983974,0.005969,0.178121,0.005644,0.946639,0.068322,-0.314194,0.022134,0.986116,-0.008569,0.122778,0.111482,0.993665,-0.007289,0.008351,0.111836,0.937956,-0.057660,-0.341218,-0.022021,0.990405,-0.017725,0.119083,-0.067848,0.997668,0.001688,0.016668,-0.066170,0.902867,-0.032469,0.427911,-0.025870,0.979768,0.117899,-0.116612,-0.112051,0.879133,0.258820,0.178942,-0.357935,0.922869,0.060101,0.206389,-0.319537,0.968989,-0.198836,-0.104928,0.102540,0.861971,-0.325550,0.212134,0.325610,0.922295,-0.131694,0.231966,0.279677
0.985345,0.006459,0.170340,0.006198,0.950155,0.066732,-0.303822,0.021100,0.986789,-0.007681,0.117439,0.111344,0.993682,-0.008171,0.008249,0.111633,0.941390,-0.057525,-0.331710,-0.021068,0.990827,-0.018486,0.115550,-0.067594,0.997678,0.002166,0.016830,-0.065958,0.906269,-0.030742,0.420837,-0.025058,0.979641,0.119990,-0.116010,-0.111572,0.880079,0.258817,0.177464,-0.356344,0.921887,0.064476,0.207315,-0.320918,0.969523,-0.197127,-0.104730,0.100986,0.864395,-0.322134,0.209335,0.324392,0.922803,-0.133088,0.231403,0.277803
0.986652,0.006932,0.162561,0.006578,0.953650,0.065121,-0.293107,0.020010,0.987457,-0.006709,0.111898,0.111191,0.993702,-0.009024,0.007912,0.111410,0.944787,-0.057571,-0.321954,-0.020235,0.991247,-0.019346,0.111744,-0.067592,0.997675,0.002553,0.016848,-0.065991,0.909602,-0.028987,0.413750,-0.024406,0.979487,0.122135,-0.115459,-0.111167,0.881094,0.258789,0.175766,-0.354693,0.920905,0.068881,0.207945,-0.322411,0.970036,-0.195574,-0.104528,0.099274,0.866931,-0.318715,0.206411,0.322871,0.923483,-0.134611,0.230534,0.275524
0.987887,0.007283,0.154856,0.006824,0.956991,0.063428,-0.282462,0.018965,0.988073,-0.005846,0.106528,0.111037,0.993719,-0.009959,0.007606,0.111204,0.948067,-0.057625,-0.312205,-0.019386,0.991642,-0.020149,0.107988,-0.067671,0.997667,0.002964,0.016783,-0.066112,0.912826,-0.027236,0.406751,-0.023685,0.979338,0.124362,-0.114838,-0.110650,0.882222,0.258695,0.174016,-0.352816,0.919978,0.073203,0.208446,-0.323779,0.970539,-0.194025,-0.104283,0.097635,0.869515,-0.315218,0.203358,0.321290,0.924265,-0.136114,0.229442,0.273062
0.989055,0.007574,0.147183,0.007002,0.960197,0.061684,-0.271836,0.017964,0.988648,-0.005047,0.101243,0.110906,0.993730,-0.010941,0.007317,0.111031,0.951240,-0.057680,-0.302445,-0.018527,0.992016,-0.020939,0.104256,-0.067793,0.997656,0.003372,0.016677,-0.066277,0.915968,-0.025493,0.399785,-0.022919,0.979188,0.126620,-0.114236,-0.110034,0.883479,0.258525,0.172123,-0.350719,0.919138,0.077356,0.208763,-0.324991,0.971030,-0.192463,-0.104077,0.096050,0.872168,-0.311649,0.200109,0.319616,0.925176,-0.137511,0.228091,0.270398
0.990148,0.007767,0.139635,0.006975,0.963211,0.060054,-0.261399,0.016964,0.989135,-0.004283,0.096423,0.110892,0.993729,-0.011724,0.006989,0.110976,0.954314,-0.057749,-0.292634,-0.017746,0.992374,-0.021689,0.100451,-0.068062,0.997644,0.003839,0.016124,-0.066574,0.919022,-0.023598,0.392862,-0.022391,0.978999,0.128878,-0.113707,-0.109644,0.884753,0.258341,0.169978,-0.348682,0.918311,0.081353,0.208874,-0.326280,0.971550,-0.190862,-0.103867,0.094205,0.875016,-0.307890,0.196719,0.317574,0.926311,-0.138586,0.226517,0.267268
0.991169,0.007924,0.132186,0.006889,0.966047,0.058472,-0.251155,0.016008,0.989574,-0.003543,0.091764,0.110949,0.993721,-0.012434,0.006582,0.110996,0.957245,-0.057787,-0.282937,-0.016989,0.992709,-0.022478,0.096758,-0.068273,0.997639,0.004261,0.015396,-0.066800,0.921999,-0.021683,0.385965,-0.021869,0.978803,0.131137,-0.113224,-0.109217,0.886161,0.258049,0.167583,-0.346475,0.917625,0.085043,0.208742,-0.327350,0.972066,-0.189219,-0.103705,0.092359,0.877980,-0.303998,0.193054,0.315384,0.927600,-0.139328,0.224665,0.263952
0.992109,0.008010,0.124945,0.006685,0.968649,0.057007,-0.241332,0.015083,0.989952,-0.002832,0.087432,0.111097,0.993706,-0.012983,0.006017,0.111104,0.959996,-0.057770,-0.273505,-0.016294,0.993015,-0.023299,0.093292,-0.068372,0.997647,0.004635,0.014318,-0.066886,0.924880,-0.019719,0.379145,-0.021387,0.978599,0.133419,-0.112713,-0.108804,0.887690,0.257625,0.164925,-0.344145,0.917093,0.088385,0.208376,-0.328189,0.972590,-0.187532,-0.103505,0.090477,0.881081,-0.299905,0.189119,0.313028,0.929045,-0.139616,0.222563,0.260478
0.992984,0.008057,0.117804,0.006364,0.971060,0.055665,-0.231827,0.014152,0.990254,-0.002137,0.083688,0.111308,0.993685,-0.013286,0.005597,0.111278,0.962521,-0.057702,-0.264531,-0.015708,0.993295,-0.024135,0.090052,-0.068365,0.997663,0.005023,0.013188,-0.066859,0.927690,-0.017797,0.372336,-0.020980,0.978395,0.135664,-0.112212,-0.108381,0.889389,0.256985,0.161863,-0.341683,0.916770,0.091292,0.207643,-0.328759,0.973098,-0.185931,-0.103288,0.088557,0.884314,-0.295702,0.184836,0.310459,0.930637,-0.139515,0.220156,0.256869
0.993802,0.008084,0.110710,0.005985,0.973332,0.054386,-0.222470,0.013224,0.990512,-0.001435,0.080239,0.111560,0.993660,-0.013449,0.005250,0.111495,0.964899,-0.057599,-0.255778,-0.015184,0.993557,-0.024972,0.086926,-0.068303,0.997681,0.005426,0.012033,-0.066772,0.930439,-0.015902,0.365522,-0.020599,0.978190,0.137937,-0.111688,-0.107909,0.891269,0.256142,0.158369,-0.339043,0.916687,0.093814,0.206524,-0.328985,0.973588,-0.184409,-0.103034,0.086624,0.887680,-0.291361,0.180134,0.307709,0.932357,-0.139007,0.217415,0.253214
0.994535,0.008032,0.103938,0.005616,0.975327,0.053267,-0.213883,0.012426,0.990700,-0.000842,0.077231,0.112021,0.993611,-0.013597,0.004872,0.111927,0.967013,-0.057366,-0.247749,-0.014652,0.993779,-0.025729,0.084373,-0.067986,0.997709,0.005882,0.011266,-0.066445,0.933095,-0.014183,0.358761,-0.020577,0.978000,0.139978,-0.111084,-0.107619,0.893291,0.254878,0.154336,-0.336524,0.916766,0.095814,0.204971,-0.329160,0.974045,-0.183263,-0.102558,0.084462,0.891164,-0.287035,0.175212,0.304528,0.934192,-0.138307,0.214517,0.249276
0.995209,0.007982,0.097302,0.005255,0.977183,0.052200,-0.205552,0.011665,0.990868,-0.000225,0.074342,0.112489,0.993562,-0.013684,0.004525,0.112366,0.968998,-0.057125,-0.239959,-0.014153,0.993977,-0.026454,0.082054,-0.067656,0.997734,0.006301,0.010753,-0.066117,0.935706,-0.012581,0.351954,-0.020610,0.977827,0.142010,-0.110378,-0.107260,0.895498,0.253324,0.149800,-0.333872,0.917069,0.097526,0.202986,-0.329045,0.974470,-0.182333,-0.101948,0.082281,0.894735,-0.282653,0.169857,0.301174,0.936082,-0.137445,0.211311,0.245373
0.995812,0.007937,0.090946,0.004911,0.978850,0.051240,-0.197753,0.010964,0.991010,0.000407,0.071695,0.112952,0.993514,-0.013678,0.004238,0.112801,0.970797,-0.056882,-0.232659,-0.013704,0.994134,-0.027132,0.080205,-0.067297,0.997754,0.006634,0.010753,-0.065783,0.938275,-0.011207,0.345083,-0.020779,0.977690,0.143909,-0.109525,-0.106853,0.897881,0.251362,0.144720,-0.331185,0.917547,0.098981,0.200539,-0.328777,0.974850,-0.181754,-0.101125,0.080046,0.898342,-0.278317,0.164130,0.297630,0.937977,-0.136677,0.207847,0.241490
0.996362,0.007847,0.084731,0.004580,0.980409,0.050311,-0.190161,0.010317,0.991144,0.001070,0.069116,0.113386,0.993467,-0.013785,0.004113,0.113213,0.972514,-0.056563,-0.225480,-0.013228,0.994296,-0.027796,0.078387,-0.066773,0.997783,0.006795,0.010902,-0.065295,0.940924,-0.009968,0.337818,-0.020998,0.977552,0.145807,-0.108767,-0.106307,0.900443,0.249179,0.138881,-0.328364,0.918212,0.100539,0.197398,-0.328348,0.975177,-0.181421,-0.100368,0.077732,0.902025,-0.274023,0.157717,0.293918,0.939908,-0.136164,0.203800,0.237695
0.996868,0.007734,0.078586,0.004256,0.981885,0.049398,-0.182668,0.009697,0.991269,0.001761,0.066569,0.113806,0.993419,-0.013938,0.004069,0.113614,0.974166,-0.056201,-0.218355,-0.012748,0.994458,-0.028441,0.076585,-0.066169,0.997817,0.006882,0.011128,-0.064732,0.943581,-0.008799,0.330344,-0.021237,0.977440,0.147718,-0.107827,-0.105663,0.903097,0.246752,0.132559,-0.325510,0.918946,0.102347,0.193829,-0.327864,0.975501,-0.181202,-0.099414,0.075364,0.905737,-0.269617,0.150846,0.290161,0.941799,-0.135949,0.199383,0.234049
0.997293,0.007659,0.073014,0.004068,0.983231,0.048411,-0.175584,0.009189,0.991427,0.002467,0.063887,0.113953,0.993398,-0.014298,0.004087,0.113749,0.975677,-0.055768,-0.211647,-0.012205,0.994643,-0.029025,0.074587,-0.065423,0.997864,0.006707,0.011104,-0.064018,0.946426,-0.007793,0.322108,-0.021504,0.977323,0.149550,-0.107205,-0.104795,0.905914,0.244138,0.125283,-0.322521,0.919811,0.104603,0.189331,-0.327351,0.975762,-0.181175,-0.098758,0.072877,0.909492,-0.265325,0.143089,0.286274,0.943713,-0.136393,0.194117,0.230482
0.997666,0.007565,0.067751,0.003880,0.984501,0.047426,-0.168621,0.008699,0.991588,0.003203,0.061208,0.114004,0.993388,-0.014672,0.004063,0.113790,0.977130,-0.055334,-0.204983,-0.011673,0.994824,-0.029569,0.072541,-0.064723,0.997911,0.006444,0.010971,-0.063345,0.949311,-0.006789,0.313516,-0.021700,0.977240,0.151382,-0.106400,-0.103754,0.908764,0.241329,0.117589,-0.319502,0.920662,0.107380,0.184421,-0.326864,0.976051,-0.181050,-0.097949,0.070364,0.913233,-0.260815,0.134849,0.282484,0.945562,-0.137292,0.188393,0.227096
0.997972,0.007431,0.063109,0.003693,0.985677,0.046445,-0.161911,0.008238,0.991763,0.003979,0.058537,0.113858,0.993400,-0.015097,0.003954,0.113632,0.978514,-0.054906,-0.198421,-0.011151,0.995003,-0.030060,0.070397,-0.064110,0.997955,0.005981,0.010614,-0.062748,0.952332,-0.005791,0.304232,-0.021761,0.977172,0.153195,-0.105711,-0.102424,0.911673,0.238407,0.109255,-0.316351,0.921541,0.110771,0.178840,-0.326357,0.976347,-0.180766,-0.097308,0.067828,0.916959,-0.256149,0.125863,0.278803,0.947392,-0.138724,0.181908,0.223859
0.998225,0.007198,0.059009,0.003615,0.986751,0.045514,-0.155523,0.007937,0.991940,0.004795,0.055857,0.113631,0.993422,-0.015553,0.003680,0.113389,0.979856,-0.054438,-0.191858,-0.010497,0.995185,-0.030453,0.068135,-0.063540,0.998001,0.005527,0.009886,-0.062176,0.955612,-0.004816,0.293788,-0.021704,0.977086,0.154930,-0.105608,-0.100730,0.914662,0.235473,0.099898,-0.312995,0.922506,0.114827,0.172189,-0.325804,0.976612,-0.180312,-0.097304,0.065182,0.920686,-0.251462,0.115773,0.275138,0.949286,-0.140758,0.174254,0.220634
0.998446,0.006916,0.055181,0.003592,0.987756,0.044606,-0.149293,0.007716,0.992114,0.005623,0.053175,0.113357,0.993449,-0.016032,0.003327,0.113099,0.981153,-0.053948,-0.185289,-0.009786,0.995365,-0.030794,0.065814,-0.063002,0.998046,0.005079,0.008974,-0.061628,0.958945,-0.003849,0.282742,-0.021592,0.977044,0.156453,-0.105551,-0.098831,0.917608,0.232345,0.090114,-0.309662,0.923414,0.119251,0.165074,-0.325325,0.976916,-0.179586,-0.097375,0.062470,0.924323,-0.246564,0.105210,0.271596,0.951151,-0.143127,0.166058,0.217375
0.998654,0.006420,0.051361,0.003385,0.988682,0.043905,-0.143265,0.007430,0.992258,0.006563,0.051062,0.113019,0.993484,-0.016566,0.002718,0.112727,0.982424,-0.053399,-0.178627,-0.009162,0.995526,-0.030976,0.063516,-0.062724,0.998077,0.004932,0.007614,-0.061318,0.962371,-0.003033,0.270893,-0.021203,0.977064,0.157673,-0.105756,-0.096439,0.920599,0.229000,0.079815,-0.306081,0.924396,0.123857,0.157376,-0.324628,0.977213,-0.178599,-0.097813,0.059913,0.927776,-0.241613,0.094014,0.268360,0.952959,-0.145846,0.157169,0.214232
0.998855,0.005911,0.047362,0.003156,0.989560,0.043284,-0.137284,0.007132,0.992375,0.007510,0.049272,0.112727,0.993515,-0.017003,0.002162,0.112401,0.983660,-0.052846,-0.171891,-0.008574,0.995660,-0.031109,0.061470,-0.062572,0.998099,0.004831,0.006174,-0.061124,0.965659,-0.002297,0.258978,-0.020700,0.977203,0.158486,-0.105576,-0.093859,0.923492,0.225275,0.069725,-0.302575,0.925294,0.128317,0.149848,-0.323899,0.977594,-0.177255,-0.097914,0.057474,0.931013,-0.236373,0.082989,0.265436,0.954644,-0.148534,0.148395,0.211118
0.999056,0.005373,0.043005,0.002887,0.990380,0.042822,-0.131402,0.006821,0.992443,0.008476,0.048130,0.112553,0.993536,-0.017246,0.001706,0.112187,0.984870,-0.052294,-0.165019,-0.008032,0.995748,-0.031156,0.059927,-0.062646,0.998108,0.004811,0.004577,-0.061130,0.968815,-0.001724,0.246973,-0.019954,0.977472,0.158836,-0.105115,-0.090943,0.926350,0.221165,0.059858,-0.298962,0.926216,0.132441,0.142492,-0.322922,0.978030,-0.175583,-0.097825,0.055297,0.933993,-0.230949,0.072118,0.262904,0.956197,-0.151125,0.139739,0.208137
0.999242,0.004871,0.038522,0.002701,0.991145,0.042482,-0.125629,0.006586,0.992463,0.009432,0.047600,0.112530,0.993545,-0.017187,0.001388,0.112122,0.985994,-0.051688,-0.158395,-0.007463,0.995802,-0.031096,0.058942,-0.062740,0.998111,0.004858,0.003149,-0.061156,0.971793,-0.001337,0.235069,-0.018972,0.977877,0.158685,-0.104306,-0.087724,0.929179,0.216646,0.050362,-0.295219,0.927199,0.136042,0.135453,-0.321631,0.978522,-0.173614,-0.097469,0.053419,0.936712,-0.225366,0.061578,0.260748,0.957620,-0.153479,0.131378,0.205301
0.999410,0.004386,0.033975,0.002557,0.991867,0.042201,-0.119909,0.006384,0.992459,0.010386,0.047375,0.112572,0.993549,-0.016975,0.001140,0.112119,0.987054,-0.051053,-0.151892,-0.006892,0.995840,-0.030989,0.058237,-0.062860,0.998111,0.004932,0.001806,-0.061208,0.974608,-0.001040,0.223199,-0.017867,0.978367,0.158115,-0.103371,-0.084333,0.931945,0.211873,0.041085,-0.291376,0.928267,0.139141,0.128569,-0.320048,0.979056,-0.171353,-0.097028,0.051693,0.939241,-0.219648,0.051254,0.258754,0.958995,-0.155448,0.123178,0.202464
0.999552,0.003931,0.029554,0.002734,0.992475,0.042149,-0.114782,0.006519,0.992378,0.011291,0.047814,0.113017,0.993515,-0.016331,0.001067,0.112517,0.987963,-0.050450,-0.146103,-0.006100,0.995866,-0.030913,0.058035,-0.062669,0.998130,0.004772,0.000530,-0.060932,0.977247,-0.000964,0.211450,-0.016604,0.978946,0.157069,-0.102373,-0.080713,0.934698,0.206792,0.031961,-0.287323,0.929500,0.141558,0.121734,-0.318074,0.979592,-0.168981,-0.096564,0.050209,0.941547,-0.213978,0.041129,0.256927,0.960314,-0.157090,0.115096,0.199683
0.999671,0.003494,0.025222,0.002996,0.993027,0.042120,-0.109896,0.006731,0.992288,0.012166,0.048415,0.113453,0.993482,-0.015647,0.000981,0.112902,0.988810,-0.049854,-0.140503,-0.005265,0.995887,-0.030853,0.058015,-0.062378,0.998154,0.004585,-0.000675,-0.060556,0.979732,-0.000940,0.199726,-0.015297,0.979536,0.155756,-0.101576,-0.077014,0.937367,0.201666,0.022748,-0.283118,0.930884,0.143493,0.114671,-0.315778,0.980117,-0.166478,-0.096306,0.048792,0.943703,-0.208352,0.030958,0.255059,0.961661,-0.158283,0.106842,0.196822
0.999767,0.003094,0.021068,0.003430,0.993501,0.042143,-0.105493,0.007115,0.992182,0.012973,0.049338,0.113896,0.993450,-0.014884,0.000868,0.113288,0.989570,-0.049271,-0.135293,-0.004319,0.995900,-0.030820,0.058358,-0.061861,0.998190,0.004355,-0.001735,-0.059950,0.982054,-0.001024,0.188085,-0.013901,0.980122,0.154230,-0.101072,-0.073196,0.939957,0.196548,0.013332,-0.278695,0.932445,0.144958,0.107218,-0.313110,0.980595,-0.163988,-0.096351,0.047516,0.945671,-0.202919,0.020636,0.253188,0.963016,-0.159129,0.098270,0.193963
0.999842,0.002783,0.017083,0.004040,0.993882,0.042259,-0.101750,0.007677,0.992056,0.013711,0.050685,0.114311,0.993421,-0.014120,0.000760,0.113639,0.990219,-0.048711,-0.130705,-0.003282,0.995903,-0.030754,0.059007,-0.061236,0.998232,0.004127,-0.002576,-0.059245,0.984168,-0.001178,0.176800,-0.012378,0.980693,0.152619,-0.100737,-0.069288,0.942436,0.191527,0.003848,-0.274074,0.934144,0.146050,0.099478,-0.310079,0.981027,-0.161551,-0.096587,0.046456,0.947426,-0.197686,0.010268,0.251395,0.964337,-0.159653,0.089463,0.191212
0.999899,0.002516,0.013183,0.004738,0.994214,0.042416,-0.098336,0.008326,0.991920,0.014408,0.052245,0.114710,0.993394,-0.013361,0.000657,0.113970,0.990804,-0.048168,-0.126425,-0.002202,0.995899,-0.030678,0.059810,-0.060562,0.998275,0.003894,-0.003305,-0.058494,0.986119,-0.001358,0.165682,-0.010789,0.981190,0.151038,-0.100913,-0.065344,0.944749,0.186802,-0.005996,-0.269292,0.935939,0.147042,0.091175,-0.306731,0.981375,-0.159240,-0.097335,0.045523,0.948966,-0.192790,-0.000420,0.249589,0.965627,-0.160029,0.080136,0.188502
0.999937,0.002204,0.009506,0.005635,0.994453,0.042636,-0.095708,0.009210,0.991789,0.015040,0.053997,0.114951,0.993381,-0.012868,0.000574,0.114142,0.991295,-0.047723,-0.122701,-0.000968,0.995868,-0.030600,0.061013,-0.059900,0.998317,0.003603,-0.003515,-0.057779,0.987857,-0.001570,0.155062,-0.009616,0.981607,0.149407,-0.101467,-0.061889,0.946754,0.182300,-0.016045,-0.264888,0.937617,0.147992,0.082506,-0.303589,0.981657,-0.157229,-0.098305,0.044323,0.950369,-0.188322,-0.011056,0.247409,0.966895,-0.160423,0.070665,0.185433
0.999960,0.001897,0.005889,0.006440,0.994673,0.042853,-0.093219,0.010004,0.991658,0.015634,0.055810,0.115134,0.993372,-0.012501,0.000547,0.114257,0.991752,-0.047273,-0.119139,0.000159,0.995830,-0.030474,0.062199,-0.059371,0.998350,0.003348,-0.003686,-0.057205,0.989442,-0.001795,0.144665,-0.008543,0.981911,0.147898,-0.102681,-0.058597,0.948496,0.178229,-0.026493,-0.260555,0.939234,0.149188,0.073324,-0.300344,0.981831,-0.155472,-0.099889,0.043116,0.951547,-0.184349,-0.021999,0.245131,0.968071,-0.161017,0.060742,0.182268
0.999971,0.001599,0.002392,0.007061,0.994861,0.043080,-0.091010,0.010620,0.991530,0.016170,0.057742,0.115210,0.993372,-0.012367,0.000627,0.114272,0.992157,-0.046796,-0.115907,0.001081,0.995781,-0.030237,0.063350,-0.059097,0.998368,0.003177,-0.003777,-0.056900,0.990850,-0.002063,0.134735,-0.007674,0.982123,0.146478,-0.104342,-0.055607,0.949945,0.174512,-0.037112,-0.256461,0.940700,0.150640,0.063918,-0.297162,0.981912,-0.154034,-0.101840,0.041852,0.952509,-0.180881,-0.032972,0.242738,0.969119,-0.161925,0.050690,0.178938
0.999972,0.001301,-0.000882,0.007348,0.995040,0.043375,-0.088853,0.010910,0.991394,0.016720,0.059603,0.115350,0.993364,-0.012278,0.000753,0.114351,0.992536,-0.046347,-0.112789,0.001658,0.995726,-0.029996,0.064359,-0.059062,0.998371,0.003095,-0.003751,-0.056849,0.992087,-0.002347,0.125328,-0.007101,0.982242,0.145166,-0.106375,-0.053026,0.951080,0.171143,-0.047807,-0.252728,0.941952,0.152405,0.054441,-0.294170,0.981914,-0.152909,-0.104062,0.040443,0.953284,-0.177891,-0.043864,0.240167,0.970039,-0.163185,0.040666,0.175332
0.999963,0.001005,-0.004043,0.007468,0.995212,0.043707,-0.086722,0.011032,0.991254,0.017281,0.061428,0.115517,0.993353,-0.012208,0.000903,0.114457,0.992899,-0.045908,-0.109727,0.002058,0.995666,-0.029752,0.065301,-0.059152,0.998367,0.003057,-0.003662,-0.056929,0.993202,-0.002638,0.116178,-0.006674,0.982253,0.144015,-0.108956,-0.050673,0.951930,0.168190,-0.058728,-0.249182,0.943027,0.154567,0.044784,-0.291211,0.981814,-0.152048,-0.106780,0.038989,0.953841,-0.175380,-0.054903,0.237519,0.970815,-0.164828,0.030480,0.171525
0.999951,0.000632,-0.006862,0.007078,0.995367,0.044113,-0.084760,0.010669,0.991126,0.017870,0.063193,0.115569,0.993357,-0.011993,0.001011,0.114444,0.993223,-0.045350,-0.106993,0.001958,0.995623,-0.029393,0.065949,-0.059350,0.998355,0.003049,-0.003656,-0.057130,0.994159,-0.002991,0.107678,-0.006719,0.982206,0.142865,-0.111665,-0.048909,0.952472,0.165401,-0.069504,-0.246189,0.943826,0.156877,0.035327,-0.288677,0.981665,-0.151533,-0.109475,0.037241,0.954276,-0.173310,-0.065573,0.234566,0.971481,-0.166811,0.020660,0.167248
0.999933,0.000259,-0.009546,0.006582,0.995513,0.044530,-0.082872,0.010196,0.990994,0.018438,0.064901,0.115670,0.993356,-0.011725,0.001060,0.114475,0.993526,-0.044825,-0.104373,0.001733,0.995580,-0.029073,0.066544,-0.059561,0.998343,0.003048,-0.003693,-0.057340,0.995011,-0.003381,0.099472,-0.006896,0.982084,0.141810,-0.114708,-0.047353,0.952776,0.162883,-0.080334,-0.243380,0.944457,0.159393,0.025854,-0.286230,0.981438,-0.151246,-0.112460,0.035461,0.954520,-0.171631,-0.076227,0.231569,0.972012,-0.169062,0.010845,0.162769
0.999911,-0.000117,-0.011965,0.005875,0.995643,0.044964,-0.081136,0.009515,0.990854,0.018959,0.066493,0.115875,0.993346,-0.011359,0.000990,0.114605,0.993795,-0.044371,-0.101989,0.001272,0.995541,-0.028830,0.067024,-0.059781,0.998331,0.003059,-0.003821,-0.057552,0.995738,-0.003847,0.091858,-0.007339,0.981937,0.140743,-0.117725,-0.046169,0.952861,0.160444,-0.090910,-0.240935,0.944887,0.161886,0.016630,-0.284087,0.981176,-0.151208,-0.115335,0.033565,0.954635,-0.170272,-0.086495,0.228467,0.972430,-0.171486,0.001377,0.158023
0.999887,-0.000458,-0.014188,0.005046,0.995754,0.045378,-0.079613,0.008709,0.990731,0.019439,0.067935,0.116013,0.993344,-0.010912,0.000837,0.114667,0.994029,-0.043908,-0.099891,0.000662,0.995502,-0.028553,0.067488,-0.060041,0.998315,0.003076,-0.003951,-0.057806,0.996351,-0.004373,0.084856,-0.008010,0.981780,0.139661,-0.120617,-0.045321,0.952756,0.158047,-0.101158,-0.238840,0.945131,0.164283,0.007680,-0.282274,0.980900,-0.151364,-0.118014,0.031586,0.954640,-0.169158,-0.096330,0.225319,0.972748,-0.173975,-0.007738,0.153082
0.999858,-0.000781,-0.016313,0.004156,0.995855,0.045785,-0.078196,0.007837,0.990615,0.019903,0.069302,0.116116,0.993346,-0.010420,0.000642,0.114690,0.994244,-0.043436,-0.097938,-0.000026,0.995463,-0.028254,0.067941,-0.060324,0.998298,0.003101,-0.004084,-0.058086,0.996890,-0.004932,0.078158,-0.008793,0.981589,0.138601,-0.123610,-0.044655,0.952468,0.155760,-0.111308,-0.236970,0.945218,0.166635,-0.001273,-0.280702,0.980584,-0.151647,-0.120761,0.029580,0.954500,-0.168270,-0.106018,0.222205,0.972963,-0.176477,-0.016837,0.148038
0.999828,-0.001072,-0.018194,0.003325,0.995937,0.046152,-0.077004,0.007022,0.990499,0.020287,0.070709,0.116189,0.993352,-0.009856,0.000592,0.114696,0.994403,-0.043081,-0.096468,-0.000699,0.995425,-0.028030,0.068366,-0.060577,0.998284,0.003061,-0.004390,-0.058321,0.997313,-0.005546,0.072420,-0.009570,0.981460,0.137520,-0.125998,-0.044148,0.952112,0.153400,-0.120683,-0.235345,0.945178,0.168702,-0.009595,-0.279440,0.980315,-0.152007,-0.122903,0.027758,0.954273,-0.167421,-0.114919,0.219380,0.973077,-0.178846,-0.025305,0.143158
0.999796,-0.001339,-0.019980,0.002503,0.996011,0.046510,-0.075896,0.006213,0.990391,0.020660,0.072027,0.116240,0.993359,-0.009293,0.000528,0.114680,0.994544,-0.042736,-0.095148,-0.001380,0.995384,-0.027794,0.068815,-0.060844,0.998268,0.003021,-0.004637,-0.058573,0.997682,-0.006157,0.066981,-0.010342,0.981314,0.136475,-0.128398,-0.043712,0.951621,0.151147,-0.129863,-0.233897,0.944996,0.170682,-0.017880,-0.278441,0.980030,-0.152396,-0.125060,0.026013,0.953913,-0.166686,-0.123633,0.216751,0.973099,-0.181094,-0.033778,0.138353
0.999765,-0.001557,-0.021576,0.001700,0.996071,0.046844,-0.074957,0.005418,0.990298,0.021004,0.073169,0.116251,0.993370,-0.008741,0.000438,0.114627,0.994654,-0.042416,-0.094131,-0.002069,0.995339,-0.027542,0.069310,-0.061134,0.998251,0.002975,-0.004767,-0.058856,0.997983,-0.006759,0.062142,-0.011107,0.981196,0.135448,-0.130484,-0.043390,0.951048,0.148921,-0.138507,-0.232691,0.944676,0.172471,-0.025792,-0.277804,0.979775,-0.152778,-0.126906,0.024387,0.953475,-0.165969,-0.131823,0.214387,0.973050,-0.183139,-0.041916,0.133703
0.999733,-0.001738,-0.022998,0.001095,0.996117,0.047147,-0.074198,0.004821,0.990213,0.021305,0.074168,0.116291,0.993375,-0.008266,0.000450,0.114617,0.994743,-0.042124,-0.093302,-0.002580,0.995294,-0.027284,0.069816,-0.061408,0.998234,0.002886,-0.004871,-0.059126,0.998230,-0.007341,0.057836,-0.011753,0.981106,0.134460,-0.132280,-0.043062,0.950432,0.146758,-0.146600,-0.231621,0.944255,0.174078,-0.033302,-0.277436,0.979549,-0.153114,-0.128498,0.022977,0.952955,-0.165239,-0.139516,0.212387,0.972932,-0.184944,-0.049734,0.129326
0.999702,-0.001900,-0.024332,0.000589,0.996155,0.047437,-0.073528,0.004322,0.990130,0.021585,0.075099,0.116346,0.993377,-0.007828,0.000516,0.114628,0.994822,-0.041846,-0.092566,-0.003003,0.995249,-0.027023,0.070328,-0.061675,0.998219,0.002776,-0.004960,-0.059390,0.998444,-0.007913,0.053797,-0.012337,0.981015,0.133491,-0.134024,-0.042743,0.949749,0.144690,-0.154348,-0.230693,0.943729,0.175531,-0.040591,-0.277340,0.979324,-0.153426,-0.130059,0.021688,0.952349,-0.164567,-0.146889,0.210649,0.972753,-0.186541,-0.057388,0.125140
0.999675,-0.002003,-0.025414,0.000117,0.996191,0.047639,-0.072937,0.003847,0.990069,0.021793,0.075773,0.116394,0.993377,-0.007640,0.000613,0.114649,0.994873,-0.041646,-0.092100,-0.003420,0.995203,-0.026818,0.070845,-0.061916,0.998205,0.002747,-0.004919,-0.059632,0.998608,-0.008434,0.050440,-0.012894,0.980979,0.132556,-0.135282,-0.042529,0.949072,0.142648,-0.161293,-0.229995,0.943121,0.176729,-0.047178,-0.277605,0.979167,-0.153661,-0.131145,0.020536,0.951761,-0.163817,-0.153491,0.209179,0.972569,-0.187822,-0.064375,0.121198
0.999649,-0.002076,-0.026421,-0.000284,0.996224,0.047815,-0.072392,0.003438,0.990018,0.021987,0.076335,0.116425,0.993376,-0.007508,0.000724,0.114657,0.994919,-0.041469,-0.091666,-0.003776,0.995159,-0.026635,0.071340,-0.062129,0.998192,0.002734,-0.004860,-0.059847,0.998753,-0.008930,0.047251,-0.013409,0.980938,0.131645,-0.136522,-0.042323,0.948360,0.140717,-0.167883,-0.229407,0.942451,0.177766,-0.053478,-0.278077,0.979012,-0.153859,-0.132228,0.019463,0.951130,-0.163117,-0.159763,0.207894,0.972357,-0.188875,-0.071104,0.117443
0.999626,-0.002089,-0.027280,-0.000544,0.996251,0.047936,-0.071941,0.003164,0.989989,0.022150,0.076672,0.116419,0.993378,-0.007491,0.000864,0.114640,0.994957,-0.041339,-0.091296,-0.004008,0.995120,-0.026499,0.071792,-0.062285,0.998183,0.002750,-0.004762,-0.060005,0.998874,-0.009377,0.044395,-0.013842,0.980920,0.130784,-0.137541,-0.042110,0.947666,0.138882,-0.173915,-0.228898,0.941760,0.178609,-0.059263,-0.278702,0.978891,-0.153980,-0.133116,0.018524,0.950503,-0.162385,-0.165524,0.206825,0.972145,-0.189646,-0.077353,0.113953
0.999604,-0.002058,-0.028047,-0.000826,0.996280,0.048022,-0.071491,0.002860,0.989973,0.022301,0.076973,0.116325,0.993390,-0.007519,0.001049,0.114540,0.994991,-0.041242,-0.090961,-0.004273,0.995091,-0.026410,0.072115,-0.062416,0.998175,0.002751,-0.004726,-0.060135,0.998974,-0.009682,0.041866,-0.014264,0.980915,0.130046,-0.138319,-0.041970,0.946984,0.137204,-0.179365,-0.228529,0.941040,0.179331,-0.064491,-0.279509,0.978823,-0.153946,-0.133774,0.017627,0.949930,-0.161539,-0.170765,0.205857,0.971973,-0.190061,-0.083072,0.110654
0.999583,-0.002005,-0.028769,-0.001119,0.996310,0.048090,-0.071042,0.002541,0.989964,0.022445,0.077255,0.116187,0.993405,-0.007570,0.001254,0.114399,0.995022,-0.041161,-0.090646,-0.004554,0.995067,-0.026343,0.072372,-0.062534,0.998168,0.002745,-0.004722,-0.060250,0.999062,-0.009918,0.039500,-0.014681,0.980916,0.129362,-0.138986,-0.041870,0.946313,0.135633,-0.184390,-0.228245,0.940316,0.179901,-0.069314,-0.280422,0.978781,-0.153827,-0.134327,0.016753,0.949390,-0.160664,-0.175613,0.204951,0.971826,-0.190217,-0.088376,0.107522
0.999565,-0.001926,-0.029417,-0.001295,0.996334,0.048042,-0.070751,0.002336,0.989977,0.022476,0.077322,0.116027,0.993424,-0.007629,0.001228,0.114235,0.995036,-0.041081,-0.090520,-0.004730,0.995057,-0.026297,0.072569,-0.062476,0.998172,0.002667,-0.004711,-0.060190,0.999132,-0.009996,0.037503,-0.015099,0.980944,0.128804,-0.139304,-0.041856,0.945696,0.134187,-0.188766,-0.228081,0.939602,0.180346,-0.073506,-0.281460,0.978814,-0.153523,-0.134539,0.015907,0.948954,-0.159614,-0.179880,0.204092,0.971751,-0.190012,-0.093055,0.104574
0.999547,-0.001845,-0.030014,-0.001515,0.996356,0.047981,-0.070479,0.002088,0.989998,0.022502,0.077358,0.115816,0.993448,-0.007661,0.001187,0.114019,0.995048,-0.041031,-0.090401,-0.004953,0.995050,-0.026275,0.072675,-0.062472,0.998173,0.002567,-0.004751,-0.060183,0.999195,-0.010019,0.035617,-0.015508,0.980988,0.128271,-0.139490,-0.041860,0.945118,0.132805,-0.192754,-0.227950,0.938919,0.180634,-0.077335,-0.282529,0.978876,-0.153133,-0.134627,0.015076,0.948569,-0.158518,-0.183786,0.203251,0.971712,-0.189583,-0.097348,0.101771
0.999531,-0.001761,-0.030507,-0.001823,0.996378,0.047893,-0.070240,0.001752,0.990036,0.022517,0.077336,0.115504,0.993485,-0.007642,0.001122,0.113701,0.995055,-0.041039,-0.090297,-0.005270,0.995048,-0.026302,0.072600,-0.062578,0.998167,0.002424,-0.004890,-0.060279,0.999248,-0.009936,0.033953,-0.015902,0.981061,0.127802,-0.139391,-0.041896,0.944610,0.131488,-0.196230,-0.227852,0.938276,0.180784,-0.080681,-0.283630,0.978999,-0.152587,-0.134441,0.014269,0.948280,-0.157275,-0.187232,0.202419,0.971739,-0.188866,-0.101149,0.099108
0.999516,-0.001692,-0.030982,-0.002080,0.996390,0.047818,-0.070132,0.001476,0.990080,0.022531,0.077286,0.115160,0.993526,-0.007575,0.001039,0.113352,0.995053,-0.041017,-0.090313,-0.005535,0.995048,-0.026270,0.072495,-0.062727,0.998157,0.002372,-0.005023,-0.060426,0.999292,-0.009809,0.032495,-0.016253,0.981180,0.127324,-0.138984,-0.041923,0.944202,0.130157,-0.199210,-0.227721,0.937706,0.180735,-0.083563,-0.284709,0.979178,-0.151930,-0.133963,0.013518,0.948085,-0.155914,-0.190217,0.201604,0.971826,-0.187920,-0.104467,0.096580
0.999501,-0.001631,-0.031448,-0.002312,0.996397,0.047748,-0.070090,0.001230,0.990126,0.022544,0.077223,0.114799,0.993568,-0.007486,0.000949,0.112985,0.995046,-0.040980,-0.090388,-0.005775,0.995047,-0.026208,0.072375,-0.062899,0.998146,0.002365,-0.005154,-0.060597,0.999331,-0.009662,0.031142,-0.016584,0.981340,0.126793,-0.138337,-0.041942,0.943891,0.128777,-0.201792,-0.227524,0.937213,0.180473,-0.086076,-0.285748,0.979402,-0.151166,-0.133255,0.012788,0.947980,-0.154452,-0.192824,0.200743,0.971973,-0.186764,-0.107385,0.094103
0.999489,-0.001578,-0.031831,-0.002562,0.996402,0.047607,-0.070112,0.000965,0.990192,0.022499,0.076999,0.114386,0.993616,-0.007436,0.000795,0.112571,0.995038,-0.041006,-0.090448,-0.006037,0.995051,-0.026230,0.072201,-0.063024,0.998138,0.002399,-0.005242,-0.060721,0.999363,-0.009494,0.029936,-0.016953,0.981550,0.126168,-0.137389,-0.042016,0.943689,0.127290,-0.203936,-0.227286,0.936802,0.179943,-0.088172,-0.286789,0.979686,-0.150273,-0.132242,0.012029,0.948004,-0.152855,-0.194998,0.199751,0.972208,-0.185370,-0.109831,0.091581
0.999477,-0.001536,-0.032196,-0.002748,0.996406,0.047481,-0.070143,0.000767,0.990256,0.022470,0.076817,0.113963,0.993665,-0.007355,0.000630,0.112143,0.995033,-0.040994,-0.090495,-0.006230,0.995061,-0.026223,0.072004,-0.063099,0.998133,0.002458,-0.005377,-0.060793,0.999392,-0.009345,0.028777,-0.017317,0.981811,0.125387,-0.136214,-0.042084,0.943609,0.125654,-0.205735,-0.226905,0.936505,0.179082,-0.089927,-0.287753,0.980018,-0.149248,-0.131008,0.011276,0.948138,-0.151132,-0.196830,0.198623,0.972526,-0.183726,-0.111880,0.089001
0.999466,-0.001514,-0.032525,-0.002804,0.996407,0.047388,-0.070192,0.000704,0.990314,0.022477,0.076719,0.113519,0.993717,-0.007203,0.000444,0.111688,0.995035,-0.040904,-0.090514,-0.006282,0.995082,-0.026155,0.071761,-0.063071,0.998133,0.002571,-0.005601,-0.060763,0.999417,-0.009226,0.027716,-0.017670,0.982135,0.124394,-0.134758,-0.042150,0.943680,0.123805,-0.207147,-0.226342,0.936352,0.177789,-0.091279,-0.288623,0.980406,-0.148060,-0.129503,0.010548,0.948404,-0.149245,-0.198277,0.197338,0.972950,-0.181767,-0.113456,0.086353
0.999457,-0.001502,-0.032808,-0.002842,0.996406,0.047290,-0.070278,0.000662,0.990375,0.022476,0.076575,0.113085,0.993768,-0.007098,0.000184,0.111240,0.995037,-0.040871,-0.090504,-0.006318,0.995096,-0.026127,0.071540,-0.063109,0.998130,0.002610,-0.005864,-0.060793,0.999437,-0.009131,0.026739,-0.018099,0.982519,0.123143,-0.133050,-0.042303,0.943887,0.121700,-0.208202,-0.225649,0.936341,0.175979,-0.092246,-0.289462,0.980855,-0.146674,-0.127732,0.009760,0.948826,-0.147171,-0.199351,0.195778,0.973505,-0.179423,-0.114530,0.083540
0.999448,-0.001494,-0.033069,-0.002870,0.996403,0.047191,-0.070385,0.000631,0.990437,0.022471,0.076406,0.112658,0.993818,-0.007015,-0.000114,0.110798,0.995039,-0.040864,-0.090481,-0.006346,0.995107,-0.026119,0.071328,-0.063180,0.998124,0.002613,-0.006148,-0.060853,0.999454,-0.009046,0.025805,-0.018565,0.982957,0.121623,-0.131139,-0.042505,0.944233,0.119340,-0.208951,-0.224769,0.936491,0.173604,-0.092858,-0.290214,0.981360,-0.145040,-0.125761,0.008948,0.949392,-0.144873,-0.200120,0.193957,0.974195,-0.176611,-0.115134,0.080607
0.999442,-0.001467,-0.033256,-0.002769,0.996401,0.047170,-0.070430,0.000729,0.990479,0.022533,0.076287,0.112356,0.993855,-0.006897,-0.000447,0.110472,0.995044,-0.040881,-0.090429,-0.006250,0.995109,-0.026129,0.071275,-0.063204,0.998122,0.002617,-0.006465,-0.060857,0.999469,-0.009025,0.025067,-0.018778,0.983481,0.119804,-0.128864,-0.042488,0.944815,0.116703,-0.209239,-0.223436,0.936915,0.170564,-0.092937,-0.290622,0.981929,-0.143147,-0.123503,0.008426,0.950066,-0.142295,-0.200488,0.192176,0.975008,-0.173295,-0.115156,0.077891
0.999437,-0.001432,-0.033418,-0.002636,0.996398,0.047142,-0.070481,0.000859,0.990512,0.022570,0.076199,0.112117,0.993884,-0.006815,-0.000741,0.110212,0.995048,-0.040895,-0.090382,-0.006123,0.995111,-0.026139,0.071254,-0.063200,0.998121,0.002631,-0.006793,-0.060832,0.999482,-0.009002,0.024407,-0.018925,0.984052,0.117727,-0.126415,-0.042431,0.945546,0.113849,-0.209213,-0.221836,0.937529,0.166955,-0.092629,-0.290836,0.982547,-0.140968,-0.121099,0.007991,0.950856,-0.139460,-0.200575,0.190244,0.975945,-0.169473,-0.114697,0.075205
0.999434,-0.001377,-0.033527,-0.002440,0.996395,0.047105,-0.070543,0.001049,0.990527,0.022565,0.076177,0.112000,0.993899,-0.006800,-0.000953,0.110082,0.995053,-0.040901,-0.090342,-0.005935,0.995111,-0.026143,0.071302,-0.063142,0.998124,0.002668,-0.007139,-0.060750,0.999495,-0.008972,0.023905,-0.018937,0.984667,0.115431,-0.123771,-0.042281,0.946435,0.110827,-0.208813,-0.219943,0.938330,0.162860,-0.091873,-0.290814,0.983210,-0.138514,-0.118546,0.007723,0.951748,-0.136377,-0.200338,0.188262,0.976982,-0.165216,-0.113727,0.072632
0.999433,-0.001313,-0.033564,-0.002213,0.996391,0.047111,-0.070599,0.001272,0.990543,0.022615,0.076214,0.111823,0.993920,-0.006719,-0.001047,0.109894,0.995057,-0.040919,-0.090305,-0.005719,0.995101,-0.026141,0.071454,-0.063125,0.998124,0.002618,-0.007520,-0.060703,0.999503,-0.008904,0.023545,-0.018982,0.985294,0.112974,-0.121041,-0.042203,0.947410,0.107701,-0.208099,-0.217966,0.939217,0.158468,-0.090747,-0.290731,0.983900,-0.135834,-0.115906,0.007454,0.952744,-0.133125,-0.199800,0.186111,0.978095,-0.160680,-0.112309,0.069996
0.999434,-0.001244,-0.033564,-0.001972,0.996386,0.047139,-0.070650,0.001509,0.990559,0.022694,0.076281,0.111616,0.993945,-0.006603,-0.001081,0.109676,0.995060,-0.040945,-0.090267,-0.005491,0.995086,-0.026137,0.071660,-0.063128,0.998123,0.002524,-0.007917,-0.060675,0.999509,-0.008815,0.023258,-0.019046,0.985912,0.110419,-0.118354,-0.042169,0.948428,0.104556,-0.207173,-0.215944,0.940130,0.154009,-0.089374,-0.290602,0.984588,-0.133026,-0.113311,0.007190,0.953790,-0.129820,-0.199056,0.183868,0.979220,-0.156095,-0.110614,0.067285
0.999436,-0.001167,-0.033509,-0.001766,0.996377,0.047147,-0.070767,0.001713,0.990567,0.022713,0.076331,0.111511,0.993959,-0.006479,-0.001245,0.109557,0.995059,-0.040929,-0.090301,-0.005297,0.995078,-0.026119,0.071894,-0.063000,0.998130,0.002454,-0.008258,-0.060519,0.999520,-0.008626,0.023008,-0.018859,0.986499,0.107973,-0.115774,-0.041920,0.949493,0.101629,-0.206064,-0.213712,0.941063,0.149852,-0.087793,-0.290236,0.985259,-0.130066,-0.110887,0.007180,0.954808,-0.126425,-0.198225,0.181840,0.980300,-0.151577,-0.108847,0.064720
0.999438,-0.001095,-0.033454,-0.001582,0.996370,0.047151,-0.070852,0.001893,0.990572,0.022728,0.076401,0.111418,0.993971,-0.006396,-0.001375,0.109451,0.995056,-0.040905,-0.090354,-0.005125,0.995073,-0.026098,0.072097,-0.062858,0.998137,0.002390,-0.008554,-0.060354,0.999531,-0.008401,0.022729,-0.018743,0.987030,0.105615,-0.113466,-0.041751,0.950495,0.098888,-0.204933,-0.211620,0.941869,0.146157,-0.086207,-0.289981,0.985882,-0.127150,-0.108716,0.007112,0.955796,-0.123176,-0.197358,0.179807,0.981295,-0.147453,-0.107140,0.061962
0.999440,-0.001030,-0.033400,-0.001442,0.996368,0.047149,-0.070873,0.002027,0.990572,0.022739,0.076508,0.111342,0.993980,-0.006395,-0.001440,0.109367,0.995050,-0.040859,-0.090449,-0.004995,0.995074,-0.026064,0.072235,-0.062690,0.998147,0.002343,-0.008761,-0.060171,0.999540,-0.008100,0.022391,-0.018767,0.987481,0.103453,-0.111518,-0.041736,0.951378,0.096435,-0.203860,-0.209810,0.942468,0.143151,-0.084716,-0.289974,0.986445,-0.124329,-0.106870,0.006911,0.956736,-0.120132,-0.196534,0.177759,0.982179,-0.143855,-0.105633,0.058918
0.999442,-0.000965,-0.033357,-0.001340,0.996367,0.047137,-0.070901,0.002122,0.990576,0.022740,0.076532,0.111289,0.993985,-0.006497,-0.001486,0.109311,0.995042,-0.040858,-0.090537,-0.004906,0.995072,-0.026063,0.072345,-0.062599,0.998151,0.002370,-0.008959,-0.060064,0.999550,-0.007781,0.022040,-0.018820,0.987864,0.101505,-0.109899,-0.041763,0.952157,0.094280,-0.202859,-0.208223,0.942869,0.140888,-0.083338,-0.290178,0.986938,-0.121703,-0.105340,0.006701,0.957585,-0.117364,-0.195765,0.175877,0.982926,-0.140910,-0.104386,0.055716
0.999444,-0.000899,-0.033321,-0.001258,0.996365,0.047121,-0.070934,0.002197,0.990582,0.022735,0.076512,0.111245,0.993989,-0.006650,-0.001525,0.109266,0.995034,-0.040879,-0.090624,-0.004840,0.995068,-0.026077,0.072438,-0.062548,0.998154,0.002432,-0.009153,-0.059997,0.999559,-0.007451,0.021684,-0.018888,0.988177,0.099804,-0.108612,-0.041819,0.952815,0.092441,-0.201987,-0.206881,0.943059,0.139380,-0.082134,-0.290633,0.987359,-0.119317,-0.104129,0.006497,0.958321,-0.114900,-0.195109,0.174215,0.983530,-0.138628,-0.103470,0.052397
0.999443,-0.000820,-0.033357,-0.001147,0.996362,0.047170,-0.070946,0.002304,0.990571,0.022775,0.076643,0.111252,0.993986,-0.006966,-0.001453,0.109274,0.995027,-0.040859,-0.090719,-0.004743,0.995064,-0.026047,0.072563,-0.062484,0.998156,0.002515,-0.009319,-0.059920,0.999567,-0.007122,0.021301,-0.018994,0.988421,0.098352,-0.107672,-0.041923,0.953333,0.090904,-0.201325,-0.205818,0.943028,0.138564,-0.081181,-0.291389,0.987707,-0.117200,-0.103247,0.006276,0.958933,-0.112758,-0.194638,0.172768,0.983995,-0.136958,-0.102946,0.048978
0.999440,-0.000739,-0.033442,-0.001029,0.996362,0.047196,-0.070919,0.002413,0.990556,0.022793,0.076778,0.111289,0.993980,-0.007291,-0.001357,0.109313,0.995020,-0.040856,-0.090798,-0.004641,0.995059,-0.026042,0.072705,-0.062394,0.998161,0.002580,-0.009453,-0.059817,0.999577,-0.006796,0.020851,-0.019079,0.988599,0.097153,-0.107090,-0.042012,0.953711,0.089666,-0.200953,-0.204971,0.942806,0.138339,-0.080547,-0.292388,0.987981,-0.115346,-0.102720,0.006091,0.959399,-0.110917,-0.194446,0.171586,0.984329,-0.135781,-0.102878,0.045569
0.999434,-0.000649,-0.033625,-0.000897,0.996370,0.047182,-0.070813,0.002529,0.990534,0.022773,0.076923,0.111385,0.993966,-0.007632,-0.001212,0.109418,0.995015,-0.040882,-0.090848,-0.004528,0.995055,-0.026081,0.072880,-0.062248,0.998170,0.002616,-0.009525,-0.059658,0.999591,-0.006473,0.020266,-0.019123,0.988712,0.096194,-0.106896,-0.042059,0.953943,0.088710,-0.200965,-0.204293,0.942422,0.138579,-0.080315,-0.293575,0.988183,-0.113736,-0.102580,0.005952,0.959706,-0.109352,-0.194631,0.170664,0.984544,-0.134955,-0.103320,0.042247
0.999426,-0.000545,-0.033856,-0.000742,0.996378,0.047198,-0.070686,0.002667,0.990506,0.022779,0.077109,0.111503,0.993951,-0.007853,-0.001066,0.109541,0.995007,-0.040922,-0.090929,-0.004396,0.995045,-0.026117,0.073095,-0.062138,0.998177,0.002628,-0.009565,-0.059536,0.999606,-0.006160,0.019697,-0.019044,0.988787,0.095450,-0.106889,-0.041996,0.954087,0.087978,-0.201216,-0.203692,0.941948,0.139085,-0.080336,-0.294849,0.988337,-0.112337,-0.102643,0.005952,0.959879,-0.107986,-0.195065,0.170064,0.984676,-0.134320,-0.104097,0.039182
0.999418,-0.000433,-0.034112,-0.000577,0.996385,0.047230,-0.070551,0.002815,0.990475,0.022799,0.077315,0.111631,0.993935,-0.008014,-0.000920,0.109673,0.994996,-0.040969,-0.091026,-0.004257,0.995032,-0.026152,0.073327,-0.062049,0.998183,0.002631,-0.009592,-0.059435,0.999621,-0.005852,0.019135,-0.018907,0.988830,0.094889,-0.107035,-0.041880,0.954140,0.087425,-0.201707,-0.203193,0.941407,0.139717,-0.080614,-0.296200,0.988451,-0.111121,-0.102866,0.006021,0.959942,-0.106788,-0.195740,0.169687,0.984748,-0.133754,-0.105155,0.036375
0.999403,-0.000352,-0.034532,-0.000376,0.996383,0.047232,-0.070569,0.003008,0.990458,0.022790,0.077560,0.111616,0.993936,-0.008030,-0.000757,0.109663,0.994991,-0.040953,-0.091101,-0.004071,0.995017,-0.026097,0.073554,-0.062047,0.998183,0.002670,-0.009570,-0.059431,0.999639,-0.005598,0.018499,-0.018648,0.988848,0.094444,-0.107362,-0.041632,0.954123,0.086995,-0.202490,-0.202679,0.940860,0.140342,-0.081210,-0.297476,0.988520,-0.110102,-0.103284,0.006214,0.959880,-0.105773,-0.196703,0.169557,0.984763,-0.133205,-0.106521,0.033943
0.999388,-0.000281,-0.034982,-0.000141,0.996381,0.047258,-0.070579,0.003237,0.990437,0.022805,0.077821,0.111619,0.993936,-0.008003,-0.000613,0.109667,0.994988,-0.040944,-0.091147,-0.003849,0.995000,-0.026049,0.073806,-0.062037,0.998184,0.002710,-0.009512,-0.059421,0.999658,-0.005352,0.017851,-0.018328,0.988847,0.094127,-0.107768,-0.041319,0.954049,0.086680,-0.203462,-0.202191,0.940324,0.140907,-0.082035,-0.298672,0.988564,-0.109214,-0.103789,0.006467,0.959739,-0.104865,-0.197859,0.169576,0.984748,-0.132576,-0.108072,0.031868
0.999370,-0.000227,-0.035493,0.000161,0.996377,0.047333,-0.070574,0.003537,0.990408,0.022866,0.078110,0.111657,0.993934,-0.007890,-0.000507,0.109698,0.994990,-0.040946,-0.091132,-0.003557,0.994980,-0.026014,0.074106,-0.062011,0.998187,0.002753,-0.009378,-0.059398,0.999679,-0.005118,0.017176,-0.017887,0.988835,0.093921,-0.108224,-0.040877,0.953944,0.086469,-0.204588,-0.201639,0.939847,0.141389,-0.083071,-0.299659,0.988587,-0.108433,-0.104363,0.006833,0.959521,-0.104037,-0.199182,0.169770,0.984708,-0.131850,-0.109784,0.030230
0.999351,-0.000198,-0.036029,0.000440,0.996369,0.047441,-0.070588,0.003821,0.990398,0.022988,0.078282,0.111607,0.993943,-0.007706,-0.000564,0.109629,0.994991,-0.040964,-0.091126,-0.003285,0.994959,-0.025980,0.074367,-0.062058,0.998185,0.002802,-0.009235,-0.059448,0.999701,-0.004938,0.016457,-0.017378,0.988817,0.093762,-0.108728,-0.040347,0.953813,0.086301,-0.205853,-0.201040,0.939437,0.141761,-0.084328,-0.300419,0.988588,-0.107789,-0.104993,0.007261,0.959242,-0.103325,-0.200634,0.170074,0.984637,-0.131099,-0.111637,0.028983
0.999331,-0.000181,-0.036576,0.000708,0.996361,0.047566,-0.070611,0.004097,0.990395,0.023142,0.078398,0.111514,0.993957,-0.007485,-0.000701,0.109511,0.994991,-0.040990,-0.091123,-0.003023,0.994937,-0.025946,0.074608,-0.062140,0.998181,0.002852,-0.009087,-0.059535,0.999723,-0.004784,0.015717,-0.016833,0.988793,0.093663,-0.109246,-0.039768,0.953663,0.086184,-0.207194,-0.200422,0.939089,0.142084,-0.085764,-0.300947,0.988574,-0.107247,-0.105640,0.007715,0.958925,-0.102700,-0.202157,0.170437,0.984539,-0.130350,-0.113592,0.028078
0.999310,-0.000148,-0.037116,0.001003,0.996357,0.047666,-0.070579,0.004393,0.990379,0.023253,0.078540,0.111534,0.993959,-0.007276,-0.000828,0.109509,0.995000,-0.040939,-0.091058,-0.002728,0.994915,-0.025860,0.074943,-0.062116,0.998182,0.002995,-0.009039,-0.059510,0.999745,-0.004667,0.014964,-0.016279,0.988764,0.093602,-0.109773,-0.039163,0.953498,0.086099,-0.208583,-0.199802,0.938797,0.142409,-0.087371,-0.301241,0.988548,-0.106813,-0.106292,0.008173,0.958582,-0.102171,-0.203711,0.170833,0.984405,-0.129683,-0.115646,0.027467
0.999290,-0.000104,-0.037646,0.001324,0.996357,0.047773,-0.070484,0.004712,0.990354,0.023369,0.078695,0.111623,0.993953,-0.007108,-0.000950,0.109575,0.995011,-0.040898,-0.090963,-0.002407,0.994891,-0.025778,0.075299,-0.062114,0.998183,0.003130,-0.008960,-0.059508,0.999765,-0.004572,0.014223,-0.015695,0.988734,0.093589,-0.110284,-0.038520,0.953330,0.086060,-0.209969,-0.199168,0.938561,0.142804,-0.089110,-0.301281,0.988512,-0.106466,-0.106930,0.008657,0.958220,-0.101717,-0.205258,0.171282,0.984232,-0.129140,-0.117786,0.027139
0.999270,-0.000040,-0.038157,0.001696,0.996365,0.047892,-0.070265,0.005075,0.990311,0.023491,0.078877,0.111848,0.993931,-0.007018,-0.001060,0.109777,0.995027,-0.040879,-0.090808,-0.002038,0.994860,-0.025705,0.075694,-0.062159,0.998181,0.003247,-0.008824,-0.059556,0.999785,-0.004525,0.013504,-0.015054,0.988705,0.093598,-0.110779,-0.037812,0.953171,0.086050,-0.211330,-0.198494,0.938382,0.143291,-0.090966,-0.301053,0.988465,-0.106221,-0.107561,0.009200,0.957837,-0.101355,-0.206769,0.171818,0.984011,-0.128781,-0.120013,0.027095
0.999252,0.000031,-0.038607,0.002007,0.996377,0.047972,-0.070014,0.005372,0.990277,0.023591,0.079027,0.112025,0.993913,-0.006974,-0.001112,0.109939,0.995046,-0.040877,-0.090608,-0.001730,0.994825,-0.025643,0.076081,-0.062271,0.998174,0.003323,-0.008776,-0.059664,0.999802,-0.004495,0.012863,-0.014494,0.988674,0.093635,-0.111232,-0.037187,0.953004,0.086058,-0.212611,-0.197924,0.938210,0.143880,-0.092887,-0.300721,0.988416,-0.106058,-0.108130,0.009671,0.957473,-0.101077,-0.208176,0.172312,0.983756,-0.128603,-0.122257,0.027171
0.999236,0.000105,-0.039027,0.002289,0.996392,0.048034,-0.069746,0.005637,0.990247,0.023679,0.079161,0.112181,0.993897,-0.006953,-0.001136,0.110082,0.995066,-0.040884,-0.090386,-0.001451,0.994788,-0.025588,0.076463,-0.062416,0.998166,0.003378,-0.008774,-0.059801,0.999817,-0.004473,0.012262,-0.013974,0.988637,0.093711,-0.111688,-0.036604,0.952830,0.086109,-0.213841,-0.197415,0.938043,0.144573,-0.094891,-0.300281,0.988360,-0.105961,-0.108692,0.010109,0.957115,-0.100873,-0.209519,0.172796,0.983467,-0.128568,-0.124556,0.027375
0.999220,0.000169,-0.039409,0.002664,0.996393,0.048148,-0.069618,0.006007,0.990220,0.023804,0.079209,0.112358,0.993879,-0.006876,-0.001122,0.110250,0.995088,-0.040886,-0.090151,-0.001077,0.994747,-0.025513,0.076890,-0.062575,0.998157,0.003403,-0.008678,-0.059959,0.999832,-0.004478,0.011691,-0.013415,0.988598,0.093814,-0.112154,-0.035985,0.952664,0.086203,-0.215027,-0.196882,0.937902,0.145309,-0.096970,-0.299704,0.988294,-0.105936,-0.109269,0.010593,0.956745,-0.100744,-0.210813,0.173339,0.983147,-0.128626,-0.126914,0.027762
0.999204,0.000222,-0.039769,0.003041,0.996390,0.048259,-0.069549,0.006383,0.990198,0.023921,0.079222,0.112516,0.993864,-0.006796,-0.001120,0.110399,0.995111,-0.040870,-0.089906,-0.000698,0.994713,-0.025430,0.077238,-0.062719,0.998149,0.003455,-0.008611,-0.060103,0.999845,-0.004487,0.011119,-0.012872,0.988547,0.093960,-0.112669,-0.035383,0.952489,0.086354,-0.216212,-0.196364,0.937758,0.146041,-0.099155,-0.299082,0.988217,-0.105967,-0.109891,0.011065,0.956371,-0.100685,-0.212100,0.173870,0.982808,-0.128687,-0.129348,0.028247
0.999191,0.000254,-0.040081,0.003423,0.996380,0.048360,-0.069594,0.006771,0.990186,0.024021,0.079165,0.112638,0.993851,-0.006706,-0.001141,0.110513,0.995137,-0.040818,-0.089639,-0.000306,0.994693,-0.025328,0.077436,-0.062831,0.998142,0.003560,-0.008598,-0.060219,0.999858,-0.004504,0.010546,-0.012359,0.988486,0.094143,-0.113233,-0.034810,0.952303,0.086553,-0.217413,-0.195854,0.937608,0.146682,-0.101454,-0.298466,0.988128,-0.106059,-0.110553,0.011511,0.955993,-0.100701,-0.213391,0.174357,0.982462,-0.128666,-0.131851,0.028794
0.999178,0.000273,-0.040374,0.003759,0.996365,0.048474,-0.069690,0.007117,0.990184,0.024139,0.079068,0.112702,0.993846,-0.006571,-0.001155,0.110570,0.995160,-0.040772,-0.089406,0.000040,0.994682,-0.025241,0.077516,-0.062936,0.998135,0.003687,-0.008566,-0.060330,0.999870,-0.004525,0.009981,-0.011826,0.988416,0.094374,-0.113828,-0.034219,0.952117,0.086808,-0.218637,-0.195281,0.937468,0.147163,-0.103870,-0.297839,0.988029,-0.106202,-0.111250,0.011979,0.955606,-0.100771,-0.214709,0.174818,0.982120,-0.128469,-0.134427,0.029427
0.999165,0.000284,-0.040657,0.004074,0.996348,0.048593,-0.069812,0.007445,0.990186,0.024264,0.078951,0.112740,0.993844,-0.006415,-0.001166,0.110601,0.995182,-0.040731,-0.089188,0.000365,0.994676,-0.025164,0.077537,-0.063036,0.998128,0.003823,-0.008523,-0.060439,0.999882,-0.004549,0.009421,-0.011281,0.988338,0.094651,-0.114448,-0.033616,0.951931,0.087112,-0.219912,-0.194623,0.937339,0.147422,-0.106421,-0.297215,0.987920,-0.106396,-0.111974,0.012459,0.955212,-0.100891,-0.216077,0.175219,0.981789,-0.128030,-0.137082,0.030107
0.999152,0.000294,-0.040948,0.004228,0.996330,0.048672,-0.069995,0.007612,0.990212,0.024369,0.078807,0.112589,0.993862,-0.006277,-0.001231,0.110442,0.995207,-0.040625,-0.088956,0.000537,0.994700,-0.025064,0.077198,-0.063118,0.998121,0.004116,-0.008574,-0.060535,0.999891,-0.004590,0.008916,-0.010823,0.988259,0.094944,-0.115042,-0.033099,0.951740,0.087413,-0.221213,-0.193943,0.937207,0.147388,-0.109077,-0.296684,0.987809,-0.106660,-0.112653,0.012860,0.954840,-0.101079,-0.217450,0.175442,0.981485,-0.127337,-0.139748,0.030713
0.999140,0.000304,-0.041240,0.004352,0.996310,0.048725,-0.070236,0.007751,0.990248,0.024453,0.078636,0.112375,0.993887,-0.006181,-0.001267,0.110225,0.995229,-0.040501,-0.088762,0.000679,0.994731,-0.024960,0.076803,-0.063149,0.998116,0.004412,-0.008683,-0.060578,0.999900,-0.004665,0.008405,-0.010420,0.988176,0.095233,-0.115651,-0.032628,0.951546,0.087700,-0.222601,-0.193179,0.937088,0.147067,-0.111866,-0.296181,0.987690,-0.107001,-0.113334,0.013205,0.954475,-0.101342,-0.218886,0.175491,0.981198,-0.126411,-0.142461,0.031230
0.999127,0.000318,-0.041532,0.004414,0.996284,0.048733,-0.070589,0.007829,0.990303,0.024500,0.078415,0.112034,0.993924,-0.006160,-0.001240,0.109889,0.995246,-0.040338,-0.088645,0.000758,0.994778,-0.024847,0.076297,-0.063078,0.998116,0.004721,-0.008907,-0.060517,0.999906,-0.004804,0.007885,-0.010129,0.988093,0.095469,-0.116267,-0.032253,0.951345,0.087918,-0.224068,-0.192370,0.936979,0.146465,-0.114738,-0.295725,0.987563,-0.107442,-0.113996,0.013440,0.954130,-0.101709,-0.220359,0.175311,0.980928,-0.125348,-0.145156,0.031574
0.999116,0.000334,-0.041799,0.004414,0.996253,0.048795,-0.070980,0.007851,0.990343,0.024556,0.078171,0.111837,0.993944,-0.006134,-0.001063,0.109709,0.995259,-0.040185,-0.088569,0.000773,0.994813,-0.024734,0.075916,-0.063023,0.998115,0.005018,-0.009189,-0.060464,0.999909,-0.004951,0.007522,-0.010030,0.988025,0.095675,-0.116720,-0.032076,0.951164,0.088057,-0.225409,-0.191637,0.936875,0.145655,-0.117423,-0.295402,0.987457,-0.107915,-0.114456,0.013497,0.953870,-0.102100,-0.221667,0.174847,0.980711,-0.124200,-0.147577,0.031655
0.999106,0.000352,-0.042054,0.004383,0.996219,0.048884,-0.071391,0.007844,0.990375,0.024617,0.077914,0.111714,0.993956,-0.006106,-0.000812,0.109608,0.995270,-0.040036,-0.088515,0.000755,0.994843,-0.024620,0.075597,-0.062976,0.998114,0.005310,-0.009499,-0.060415,0.999911,-0.005102,0.007235,-0.010026,0.987970,0.095843,-0.117070,-0.031997,0.951009,0.088142,-0.226619,-0.190933,0.936797,0.144778,-0.119832,-0.295112,0.987367,-0.108381,-0.114795,0.013465,0.953671,-0.102488,-0.222826,0.174233,0.980533,-0.123087,-0.149694,0.031559
0.999094,0.000375,-0.042346,0.004111,0.996185,0.049088,-0.071750,0.007603,0.990342,0.024660,0.077958,0.111974,0.993925,-0.006007,-0.000420,0.109891,0.995281,-0.039846,-0.088475,0.000500,0.994865,-0.024473,0.075384,-0.062950,0.998109,0.005861,-0.009961,-0.060375,0.999910,-0.005346,0.007003,-0.010134,0.987934,0.095856,-0.117354,-0.032024,0.950888,0.088076,-0.227656,-0.190335,0.936747,0.143864,-0.121857,-0.294888,0.987283,-0.108903,-0.115041,0.013339,0.953527,-0.102952,-0.223756,0.173552,0.980385,-0.122246,-0.151395,0.031310
0.999085,0.000410,-0.042593,0.003845,0.996155,0.049293,-0.072055,0.007363,0.990294,0.024684,0.077976,0.112371,0.993879,-0.005885,0.000010,0.110316,0.995294,-0.039649,-0.088418,0.000251,0.994885,-0.024338,0.075251,-0.062841,0.998108,0.006437,-0.010409,-0.060249,0.999908,-0.005592,0.006790,-0.010360,0.987906,0.095776,-0.117616,-0.032175,0.950780,0.087938,-0.228464,-0.189968,0.936692,0.143110,-0.123370,-0.294800,0.987212,-0.109365,-0.115242,0.013106,0.953442,-0.103397,-0.224434,0.172878,0.980274,-0.121719,-0.152610,0.030942
0.999079,0.000468,-0.042752,0.003587,0.996132,0.049496,-0.072254,0.007124,0.990222,0.024668,0.077941,0.113039,0.993802,-0.005719,0.000515,0.111020,0.995311,-0.039438,-0.088324,0.000009,0.994903,-0.024227,0.075279,-0.062570,0.998117,0.007059,-0.010828,-0.059956,0.999902,-0.005841,0.006617,-0.010825,0.987884,0.095573,-0.117854,-0.032576,0.950660,0.087683,-0.228993,-0.190051,0.936579,0.142569,-0.124292,-0.295035,0.987158,-0.109767,-0.115372,0.012650,0.953435,-0.103837,-0.224786,0.172195,0.980205,-0.121615,-0.153246,0.030401
