body_0_vel_x,body_0_vel_y,body_0_vel_z,body_1_vel_x,body_1_vel_y,body_1_vel_z,body_2_vel_x,body_2_vel_y,body_2_vel_z,body_3_vel_x,body_3_vel_y,body_3_vel_z,body_4_vel_x,body_4_vel_y,body_4_vel_z,body_5_vel_x,body_5_vel_y,body_5_vel_z,body_6_vel_x,body_6_vel_y,body_6_vel_z,body_7_vel_x,body_7_vel_y,body_7_vel_z,body_8_vel_x,body_8_vel_y,body_8_vel_z,body_9_vel_x,body_9_vel_y,body_9_vel_z,body_10_vel_x,body_10_vel_y,body_10_vel_z,body_11_vel_x,body_11_vel_y,body_11_vel_z,body_12_vel_x,body_12_vel_y,body_12_vel_z,body_13_vel_x,body_13_vel_y,body_13_vel_z
-0.011700,0.014600,-0.001350,-0.009634,0.014617,-0.001301,-0.009170,0.014807,-0.001318,-0.004704,0.016055,-0.001990,-0.011761,0.014613,-0.001322,-0.019142,0.013950,-0.001154,-0.026129,0.014536,-0.000041,-0.012286,0.014555,-0.001416,-0.027391,0.013782,0.000520,-0.026343,0.023832,0.005443,-0.015248,0.018728,0.022129,-0.024316,0.013632,-0.001311,-0.022895,0.006222,0.002372,-0.012404,0.018349,0.021205
-0.010875,0.011625,-0.001500,-0.009379,0.011698,-0.001410,-0.008364,0.011631,-0.001466,-0.004720,0.012191,-0.002025,-0.010540,0.011698,-0.001520,-0.017977,0.010977,-0.001346,-0.025154,0.011323,-0.000178,-0.011413,0.011550,-0.001561,-0.026356,0.010782,0.000328,-0.029029,0.025312,0.006969,-0.015834,0.017109,0.027961,-0.022741,0.010598,-0.001563,-0.025300,-0.000678,0.003204,-0.012878,0.016572,0.027189
-0.008350,0.002625,-0.001950,-0.008555,0.002874,-0.001733,-0.005851,0.002026,-0.001906,-0.004607,0.000524,-0.002141,-0.006807,0.002887,-0.002120,-0.014365,0.001990,-0.001931,-0.022068,0.001618,-0.000606,-0.008746,0.002458,-0.001995,-0.022945,0.001684,-0.000227,-0.033091,0.024957,0.009787,-0.016057,0.011209,0.038833,-0.017675,0.001414,-0.002277,-0.027733,-0.016976,0.004484,-0.012180,0.010389,0.038004
-0.005300,-0.002450,-0.002575,-0.006255,-0.002054,-0.002244,-0.002139,-0.003086,-0.002483,-0.004002,-0.005877,-0.002205,-0.003017,-0.002033,-0.002872,-0.009733,-0.002532,-0.002720,-0.016700,-0.002875,-0.001483,-0.005643,-0.002681,-0.002615,-0.019074,-0.002943,-0.001255,-0.034775,0.027858,0.011870,-0.014213,0.008647,0.048832,-0.013133,-0.003254,-0.002770,-0.028953,-0.028073,0.006050,-0.010635,0.007645,0.048298
-0.003275,-0.001025,-0.003050,-0.003660,-0.000587,-0.002678,0.000855,-0.001118,-0.002899,-0.003302,-0.003781,-0.002165,-0.001095,-0.000568,-0.003386,-0.006448,-0.000304,-0.003300,-0.011792,0.000104,-0.002352,-0.003677,-0.001258,-0.003096,-0.016862,-0.000728,-0.002244,-0.035556,0.036243,0.013746,-0.011829,0.011881,0.058420,-0.011557,-0.001027,-0.002802,-0.030915,-0.031195,0.008050,-0.010025,0.010819,0.058369
-0.005450,0.002525,-0.002825,-0.006572,0.002840,-0.002572,-0.001648,0.002876,-0.002775,-0.003754,0.000931,-0.002408,-0.002678,0.002863,-0.003055,-0.006844,0.002977,-0.002981,-0.011220,0.002784,-0.002164,-0.005786,0.002323,-0.002864,-0.018011,0.003596,-0.002550,-0.039565,0.045698,0.015920,-0.014054,0.018130,0.066236,-0.012300,0.003282,-0.002246,-0.034094,-0.030420,0.010050,-0.012403,0.017092,0.066354
-0.005300,0.005250,-0.002200,-0.007308,0.005433,-0.002073,-0.002227,0.005902,-0.002255,-0.001511,0.004719,-0.002405,-0.001926,0.005463,-0.002317,-0.005420,0.004923,-0.002217,-0.008913,0.003511,-0.001500,-0.005556,0.005074,-0.002230,-0.016977,0.007032,-0.002398,-0.040609,0.053066,0.018145,-0.014331,0.024088,0.072406,-0.010344,0.006692,-0.001333,-0.033141,-0.028818,0.011882,-0.011801,0.023129,0.072604
0.003625,0.004250,-0.001425,0.001731,0.004473,-0.001259,0.006428,0.005062,-0.001411,0.007127,0.004165,-0.001543,0.006909,0.004505,-0.001576,0.003235,0.003249,-0.001428,0.001134,0.000765,-0.000915,0.003353,0.004050,-0.001457,-0.008239,0.006591,-0.001951,-0.032583,0.055345,0.020287,-0.006030,0.026497,0.077316,-0.000708,0.006231,-0.000267,-0.022826,-0.029545,0.013432,-0.002267,0.025632,0.077604
0.007675,0.002775,-0.000800,0.006285,0.003049,-0.000587,0.010802,0.003400,-0.000743,0.012568,0.002867,-0.001071,0.010146,0.003076,-0.001005,0.006854,0.001290,-0.000834,0.007207,-0.001812,-0.000740,0.007475,0.002591,-0.000823,-0.002026,0.005299,-0.001613,-0.026347,0.055576,0.021839,-0.000980,0.026898,0.079420,0.003573,0.005012,0.000513,-0.018547,-0.029908,0.014029,0.000761,0.026135,0.079736
0.004850,0.001525,-0.000650,0.004112,0.001826,-0.000414,0.008758,0.001667,-0.000606,0.012163,0.001358,-0.001253,0.006197,0.001844,-0.000893,0.003669,-0.000040,-0.000735,0.006311,-0.003021,-0.001062,0.004772,0.001393,-0.000659,-0.001464,0.003794,-0.001577,-0.025077,0.054732,0.022743,-0.001707,0.026639,0.079104,0.000388,0.003637,0.000623,-0.021985,-0.029363,0.013370,-0.004106,0.025960,0.079147
0.004575,0.005375,-0.000250,0.003236,0.005665,-0.000043,0.009972,0.005270,-0.000348,0.015131,0.004381,-0.001360,0.006070,0.005689,-0.000485,0.002509,0.003737,-0.000294,0.004065,0.000362,-0.000415,0.004616,0.005240,-0.000246,-0.000270,0.007808,-0.001380,-0.024240,0.058761,0.023371,-0.002552,0.034247,0.077087,0.001940,0.007650,0.001060,-0.019262,-0.022414,0.012731,-0.003934,0.033574,0.077191
0.003925,0.007825,-0.000050,0.001848,0.008103,0.000132,0.009887,0.007489,-0.000249,0.015515,0.005830,-0.001379,0.005805,0.008134,-0.000273,0.001263,0.006075,-0.000048,0.001227,0.002265,0.000126,0.004048,0.007671,-0.000037,-0.000216,0.010464,-0.001352,-0.024473,0.060890,0.023546,-0.004311,0.041276,0.073581,0.003389,0.010274,0.001294,-0.015868,-0.016333,0.011704,-0.003481,0.040578,0.073827
0.000000,0.002325,-0.000550,-0.001805,0.002626,-0.000332,0.004066,0.001539,-0.000645,0.007564,-0.000473,-0.001371,0.001485,0.002653,-0.000799,-0.002092,0.000389,-0.000585,-0.001332,-0.003407,-0.000568,0.000122,0.002177,-0.000537,-0.003107,0.004860,-0.001876,-0.026380,0.054332,0.023046,-0.007797,0.039259,0.068784,-0.000141,0.004701,0.000757,-0.017248,-0.018389,0.009857,-0.007432,0.038560,0.069074
0.000400,0.000100,-0.001025,-0.000798,0.000400,-0.000791,0.002888,-0.001355,-0.001047,0.004761,-0.003660,-0.001471,0.001311,0.000419,-0.001278,-0.001389,-0.001965,-0.001079,-0.001246,-0.005321,-0.000981,0.000487,-0.000028,-0.001016,-0.001258,0.002343,-0.002304,-0.023479,0.050755,0.022565,-0.006625,0.040632,0.063049,0.000856,0.002223,0.000120,-0.013946,-0.017273,0.007850,-0.007039,0.039950,0.063318
0.004900,0.002325,-0.001275,0.004335,0.002604,-0.001048,0.006899,0.000319,-0.001286,0.008441,-0.002075,-0.001655,0.005325,0.002615,-0.001510,0.002944,0.000265,-0.001323,0.001352,-0.002430,-0.000946,0.004938,0.002220,-0.001271,0.004463,0.004222,-0.002456,-0.016555,0.051621,0.022371,-0.001295,0.046930,0.057136,0.005995,0.004132,-0.000329,-0.005969,-0.011716,0.006044,-0.002126,0.046283,0.057443
0.001175,0.006675,-0.001725,0.000321,0.006872,-0.001564,0.001684,0.004476,-0.001762,0.002556,0.001903,-0.002016,0.001838,0.006886,-0.001895,0.001201,0.004928,-0.001775,0.000442,0.002764,-0.001572,0.001233,0.006596,-0.001719,0.001594,0.007896,-0.002567,-0.018306,0.054720,0.022436,-0.004410,0.056220,0.051170,0.003317,0.007811,-0.001195,-0.005342,-0.003923,0.003613,-0.004664,0.055620,0.051001
-0.003025,0.009175,-0.001650,-0.004238,0.009265,-0.001580,-0.004308,0.006970,-0.001713,-0.003788,0.004561,-0.001897,-0.002233,0.009280,-0.001734,-0.001185,0.007750,-0.001680,-0.000209,0.005982,-0.001805,-0.002914,0.009134,-0.001638,-0.001748,0.009873,-0.002229,-0.020268,0.056237,0.023020,-0.007592,0.063854,0.045778,-0.000096,0.009801,-0.001432,-0.005521,0.002421,0.001645,-0.007646,0.063313,0.045276
0.000025,0.005900,-0.000350,-0.000758,0.005877,-0.000370,-0.002619,0.003674,-0.000417,-0.001421,0.002196,-0.000693,-0.000020,0.005881,-0.000343,0.001142,0.004474,-0.000297,0.003059,0.002952,-0.000592,0.000188,0.005924,-0.000331,0.002557,0.006752,-0.001077,-0.013979,0.052344,0.024269,-0.002510,0.065153,0.041409,0.002790,0.006734,0.000001,-0.000009,0.003628,0.001273,-0.004113,0.064684,0.041517
0.000625,0.000725,0.000250,0.000056,0.000706,0.000238,-0.002850,-0.001674,0.000223,-0.002086,-0.003093,0.000015,-0.000006,0.000704,0.000245,0.001734,-0.000753,0.000285,0.003567,-0.002213,0.000003,0.000859,0.000767,0.000277,0.004398,0.001376,-0.000445,-0.010527,0.046628,0.025204,-0.000219,0.064978,0.036698,0.003608,0.001398,0.000524,0.002872,0.003391,-0.000536,-0.002853,0.064574,0.036840
-0.001525,-0.003725,-0.000175,-0.002212,-0.003625,-0.000084,-0.004903,-0.006377,-0.000139,-0.005497,-0.008662,-0.000147,-0.002191,-0.003626,-0.000289,0.000297,-0.005278,-0.000251,0.001060,-0.006890,-0.000343,-0.001239,-0.003721,-0.000142,0.002900,-0.003530,-0.000675,-0.010929,0.041718,0.025426,-0.001601,0.066150,0.031469,0.002064,-0.003501,-0.000143,0.003102,0.004286,-0.003938,-0.003967,0.065798,0.031204
-0.003675,-0.004600,-0.000625,-0.004002,-0.004514,-0.000549,-0.006680,-0.006906,-0.000590,-0.004935,-0.008191,-0.001007,-0.005280,-0.004524,-0.000740,-0.002159,-0.005968,-0.000723,-0.001268,-0.007242,-0.000860,-0.003251,-0.004574,-0.000577,0.000853,-0.004435,-0.001074,-0.011314,0.040548,0.025359,-0.002706,0.070308,0.026891,-0.000771,-0.004377,-0.000531,0.001851,0.009027,-0.006979,-0.005683,0.070016,0.026771
-0.005375,-0.002325,-0.000425,-0.005163,-0.002291,-0.000400,-0.007475,-0.004215,-0.000433,-0.003620,-0.004432,-0.001204,-0.008008,-0.002313,-0.000506,-0.004323,-0.003540,-0.000511,-0.002967,-0.004368,-0.000753,-0.004826,-0.002258,-0.000363,-0.000305,-0.002142,-0.000884,-0.011209,0.042514,0.025807,-0.003544,0.077004,0.023026,-0.003157,-0.002044,-0.000253,0.000174,0.016779,-0.009353,-0.007649,0.076779,0.023085
-0.006175,0.002725,0.001100,-0.005563,0.002756,0.001116,-0.006651,0.000748,0.001023,-0.004906,-0.000163,0.000624,-0.009132,0.002730,0.001020,-0.004973,0.001318,0.001011,-0.003765,0.000652,0.000798,-0.005606,0.002814,0.001165,0.000907,0.002620,0.000635,-0.010104,0.047090,0.027560,-0.004095,0.085886,0.019874,-0.003292,0.002762,0.001086,-0.000833,0.026821,-0.010765,-0.009448,0.085732,0.019670
-0.008375,0.003925,0.001300,-0.007661,0.004056,0.001397,-0.007564,0.002292,0.001268,-0.005506,0.001503,0.000816,-0.011448,0.004031,0.001131,-0.007122,0.002295,0.001137,-0.005124,0.001263,0.000811,-0.007773,0.003989,0.001368,-0.000084,0.003786,0.000730,-0.011673,0.047913,0.027754,-0.007162,0.090805,0.015811,-0.004798,0.003945,0.001253,-0.003200,0.032668,-0.013001,-0.012710,0.090711,0.015597
-0.010850,0.000700,0.000150,-0.010393,0.000987,0.000381,-0.009748,-0.000317,0.000257,-0.005125,-0.000223,-0.000639,-0.013761,0.000968,-0.000155,-0.009650,-0.001070,-0.000123,-0.006296,-0.002822,-0.000650,-0.010219,0.000701,0.000221,-0.002772,0.000779,-0.000560,-0.015128,0.044452,0.026477,-0.011740,0.091337,0.011208,-0.006910,0.000920,0.000229,-0.005717,0.033732,-0.016010,-0.016143,0.091285,0.011156
-0.005175,0.000625,0.000700,-0.004253,0.000861,0.000885,-0.002761,-0.000609,0.000714,0.002030,-0.000698,-0.000210,-0.008296,0.000840,0.000444,-0.004808,-0.001161,0.000491,-0.002670,-0.002741,0.000181,-0.004592,0.000662,0.000766,0.003360,0.000751,-0.000075,-0.009250,0.043979,0.027013,-0.007254,0.093351,0.008870,-0.002003,0.000932,0.000834,-0.001988,0.037205,-0.017136,-0.012867,0.093352,0.008698
-0.000100,0.001300,0.001625,0.001573,0.001374,0.001671,0.003486,-0.000245,0.001473,0.007163,-0.000649,0.000756,-0.003447,0.001347,0.001515,-0.000003,-0.000120,0.001534,0.001262,-0.000892,0.001346,0.000380,0.001416,0.001679,0.008816,0.001582,0.000743,-0.003827,0.044336,0.027874,-0.003239,0.095315,0.007387,0.001842,0.001815,0.001875,0.000491,0.040886,-0.017474,-0.010681,0.095348,0.007121
-0.004300,0.000425,0.001750,-0.002064,0.000349,0.001675,-0.000943,-0.000711,0.001546,0.001373,-0.000584,0.001110,-0.007534,0.000319,0.001773,-0.002610,0.000068,0.001691,0.001031,0.000501,0.001017,-0.003950,0.000599,0.001790,0.004195,0.001201,0.000626,-0.008597,0.043421,0.027746,-0.009195,0.095787,0.005496,-0.003337,0.001455,0.002283,-0.005652,0.042653,-0.018009,-0.017272,0.095807,0.005447
-0.006375,-0.000575,0.001050,-0.003460,-0.000821,0.000839,-0.003357,-0.001498,0.000771,-0.000901,-0.000671,0.000340,-0.009872,-0.000854,0.001221,-0.004221,-0.000698,0.001101,0.001039,0.000261,0.000115,-0.006122,-0.000328,0.001079,0.002053,0.000732,-0.000356,-0.010588,0.042411,0.026762,-0.012454,0.095243,0.003077,-0.006480,0.001024,0.001901,-0.009860,0.043685,-0.018993,-0.021741,0.095231,0.003385
-0.005250,-0.001175,-0.000200,-0.001865,-0.001538,-0.000506,-0.002474,-0.002222,-0.000553,0.001585,-0.000890,-0.001263,-0.009254,-0.001574,0.000072,-0.003976,-0.002052,-0.000004,0.001340,-0.001533,-0.000970,-0.005014,-0.000874,-0.000173,0.003479,0.000449,-0.001794,-0.008967,0.041690,0.025386,-0.012182,0.094424,0.000433,-0.006029,0.000780,0.000850,-0.010445,0.044472,-0.020410,-0.022493,0.094376,0.001017
-0.003825,-0.000425,0.000575,-0.001106,-0.000799,0.000257,-0.002492,-0.001212,0.000259,0.000685,0.000173,-0.000288,-0.007825,-0.000828,0.000853,-0.003173,-0.000805,0.000765,0.001022,0.000155,-0.000022,-0.003479,-0.000126,0.000614,0.005277,0.000854,-0.000839,-0.007471,0.042030,0.026626,-0.012027,0.094894,0.000434,-0.004060,0.001182,0.001406,-0.009273,0.045937,-0.020178,-0.021711,0.094795,0.000495
-0.003700,0.001175,0.001250,-0.001820,0.000843,0.000963,-0.003705,0.000714,0.001007,-0.001658,0.002085,0.000665,-0.007586,0.000821,0.001489,-0.003491,0.001663,0.001368,-0.000019,0.003259,0.000680,-0.003222,0.001447,0.001304,0.005784,0.002062,0.000033,-0.007313,0.043048,0.027692,-0.013066,0.095641,0.000666,-0.002941,0.002373,0.001821,-0.008741,0.047728,-0.019828,-0.021496,0.095469,0.000162
-0.006450,0.003250,-0.000350,-0.004620,0.002957,-0.000605,-0.006386,0.002894,-0.000559,-0.003482,0.004597,-0.001047,-0.010525,0.002938,-0.000147,-0.006623,0.004094,-0.000281,-0.001951,0.005835,-0.001181,-0.005921,0.003503,-0.000291,0.003395,0.004332,-0.001721,-0.009675,0.044513,0.025722,-0.016359,0.095793,-0.001402,-0.004982,0.004637,0.000304,-0.011230,0.049595,-0.020928,-0.023977,0.095524,-0.001747
-0.011050,-0.000050,-0.001050,-0.009714,-0.000280,-0.001256,-0.011058,-0.000039,-0.001205,-0.005545,0.002383,-0.002154,-0.014818,-0.000294,-0.000899,-0.011575,0.001118,-0.001033,-0.006208,0.002773,-0.002044,-0.010486,0.000171,-0.000987,-0.000747,0.001477,-0.002740,-0.013781,0.040424,0.024164,-0.021169,0.089727,-0.002562,-0.008608,0.001771,-0.000182,-0.015257,0.045569,-0.020661,-0.027917,0.089342,-0.002531
-0.015200,-0.007100,-0.000575,-0.014560,-0.007288,-0.000751,-0.015353,-0.006698,-0.000702,-0.006754,-0.003578,-0.002198,-0.018299,-0.007297,-0.000454,-0.015836,-0.005855,-0.000573,-0.010609,-0.004517,-0.001538,-0.014635,-0.006905,-0.000512,-0.004597,-0.005076,-0.002603,-0.017330,0.032277,0.023493,-0.025114,0.078916,-0.002267,-0.012029,-0.004790,0.000544,-0.018860,0.037167,-0.018876,-0.031165,0.078442,-0.001765
0.001575,-0.010050,0.000600,0.002065,-0.010225,0.000435,0.000802,-0.009396,0.000525,0.008550,-0.006060,-0.000800,-0.001582,-0.010232,0.000708,0.001457,-0.008135,0.000535,0.007310,-0.005946,-0.000579,0.002186,-0.009856,0.000668,0.013748,-0.008216,-0.001479,0.001130,0.027575,0.023789,-0.007289,0.070890,-0.001254,0.006045,-0.007915,0.001551,-0.001662,0.031944,-0.016829,-0.013551,0.070388,-0.001042
0.015350,-0.009950,0.001575,0.015534,-0.010151,0.001384,0.013617,-0.009487,0.001496,0.020122,-0.006408,0.000391,0.011965,-0.010158,0.001701,0.015571,-0.007687,0.001493,0.021847,-0.004953,0.000275,0.016073,-0.009752,0.001655,0.029247,-0.008411,-0.000496,0.016375,0.025609,0.023734,0.007382,0.065424,-0.000537,0.021782,-0.008114,0.002254,0.013086,0.029188,-0.014944,0.001443,0.064926,-0.000695
0.002125,-0.007875,0.001300,0.001135,-0.008144,0.001033,-0.000763,-0.008328,0.001092,0.007657,-0.005959,-0.000414,-0.001082,-0.008151,0.001486,0.001718,-0.006504,0.001344,0.007232,-0.005009,0.000308,0.003043,-0.007687,0.001401,0.016747,-0.006155,-0.000930,0.003065,0.025682,0.021896,-0.006123,0.062349,-0.001208,0.011272,-0.005930,0.001914,0.002065,0.028199,-0.013811,-0.009753,0.061838,-0.001220
-0.008175,-0.003125,0.001500,-0.010171,-0.003363,0.001242,-0.011237,-0.003526,0.001271,-0.001471,-0.001128,-0.000492,-0.011276,-0.003368,0.001658,-0.008909,-0.002343,0.001561,-0.002684,-0.001902,0.000437,-0.007055,-0.002978,0.001622,0.007452,-0.001355,-0.000861,-0.007094,0.028159,0.020414,-0.016440,0.061318,-0.001429,0.003776,-0.001198,0.001984,-0.006238,0.029371,-0.012194,-0.018262,0.060796,-0.001434
-0.010375,0.001950,0.002100,-0.012715,0.001817,0.001923,-0.012560,0.002514,0.001959,-0.002683,0.005646,0.000212,-0.013498,0.001814,0.002165,-0.010999,0.002701,0.002071,-0.002977,0.002774,0.000643,-0.009145,0.002050,0.002234,0.006089,0.003631,-0.000321,-0.008506,0.030702,0.019317,-0.017704,0.059628,-0.000717,0.003101,0.003762,0.002458,-0.007603,0.030395,-0.010044,-0.019300,0.059108,-0.000776
-0.010350,-0.000500,0.002625,-0.013158,-0.000540,0.002517,-0.012342,0.000304,0.002538,-0.003757,0.003246,0.001008,-0.013953,-0.000542,0.002600,-0.010440,0.000362,0.002483,-0.001022,0.000524,0.000812,-0.008882,-0.000448,0.002783,0.007786,0.001311,-0.000050,-0.007517,0.025795,0.017769,-0.016784,0.050556,-0.000819,0.005874,0.001402,0.002915,-0.005939,0.023828,-0.007897,-0.017705,0.050030,-0.000571
-0.009650,-0.003600,0.003150,-0.013092,-0.003520,0.003132,-0.011370,-0.002930,0.003097,-0.004103,-0.000756,0.001757,-0.013711,-0.003521,0.003013,-0.009079,-0.002753,0.002881,0.000979,-0.002619,0.001103,-0.007906,-0.003608,0.003337,0.010685,-0.001840,0.000261,-0.005762,0.020190,0.016308,-0.015208,0.041056,-0.001105,0.010131,-0.001802,0.003217,-0.002919,0.016523,-0.006001,-0.014961,0.040533,-0.000655
-0.009825,-0.000400,0.003700,-0.014114,-0.000157,0.003808,-0.010478,0.000091,0.003662,-0.003209,0.001260,0.002263,-0.013870,-0.000155,0.003418,-0.008839,-0.000049,0.003318,0.000657,-0.000695,0.001666,-0.007855,-0.000487,0.003909,0.012991,0.000776,0.000842,-0.004854,0.020741,0.015379,-0.014508,0.038139,-0.001048,0.013946,0.000753,0.003194,-0.000295,0.015433,-0.004635,-0.012662,0.037638,-0.000996
-0.009775,0.002125,0.003625,-0.014816,0.002552,0.003881,-0.009518,0.002406,0.003632,-0.001393,0.002839,0.002038,-0.014054,0.002557,0.003179,-0.008287,0.002083,0.003099,0.002599,0.000628,0.001240,-0.007543,0.001969,0.003860,0.016520,0.002606,0.000750,-0.002479,0.020639,0.013872,-0.012452,0.034225,-0.001724,0.017898,0.002565,0.002499,0.002160,0.013737,-0.004054,-0.010207,0.033763,-0.002063
-0.009525,0.002675,0.003000,-0.014853,0.003222,0.003359,-0.008964,0.002832,0.003068,0.000468,0.003173,0.001240,-0.014173,0.003228,0.002449,-0.007719,0.002576,0.002368,0.005813,0.000713,0.000079,-0.007126,0.002492,0.003250,0.019563,0.002660,0.000057,0.000770,0.018803,0.011836,-0.008919,0.028067,-0.002089,0.020042,0.002655,0.001477,0.003529,0.010349,-0.003728,-0.007905,0.027634,-0.002581
-0.010575,0.003550,0.004500,-0.016424,0.004156,0.004902,-0.009018,0.002879,0.004493,0.001427,0.002201,0.002442,-0.015643,0.004163,0.003895,-0.007992,0.003027,0.003822,0.004498,0.001009,0.001722,-0.007916,0.003340,0.004773,0.022135,0.003708,0.001002,0.002309,0.017978,0.011386,-0.007487,0.023712,-0.001645,0.023044,0.003691,0.002778,0.005259,0.008048,-0.001204,-0.006076,0.023247,-0.001651
-0.013450,0.003325,0.006225,-0.020176,0.003989,0.006670,-0.011514,0.001636,0.006145,0.000382,-0.000137,0.003793,-0.018907,0.003998,0.005569,-0.010184,0.002417,0.005504,0.001393,0.000163,0.003570,-0.010470,0.003083,0.006527,0.023279,0.003651,0.002113,0.002165,0.016416,0.011373,-0.007893,0.019214,-0.001170,0.024979,0.003609,0.004228,0.005890,0.005112,0.001269,-0.005608,0.018707,-0.000786
-0.018700,0.000575,0.006325,-0.026776,0.001343,0.006864,-0.018286,-0.001830,0.006304,-0.003733,-0.003930,0.003472,-0.024454,0.001353,0.005581,-0.015480,-0.000297,0.005521,-0.000957,-0.003197,0.003108,-0.015365,0.000295,0.006659,0.022078,0.000416,0.001942,0.000438,0.012364,0.010641,-0.009790,0.012544,-0.001420,0.023912,0.000372,0.003711,0.003955,-0.000232,0.001537,-0.007407,0.012036,-0.001447
-0.020800,0.001775,0.006150,-0.029874,0.002575,0.006718,-0.020539,-0.001679,0.006057,-0.002961,-0.004482,0.002675,-0.027483,0.002587,0.005382,-0.018089,0.000807,0.005327,-0.001985,-0.002371,0.002664,-0.017027,0.001486,0.006521,0.025509,0.001253,0.001236,0.003115,0.012664,0.009588,-0.007851,0.010405,-0.002843,0.027192,0.001219,0.002863,0.005874,-0.001281,0.001336,-0.005773,0.009918,-0.003048
-0.018700,0.006300,0.005800,-0.027930,0.007056,0.006335,-0.017169,0.002023,0.005563,0.002278,-0.001479,0.001849,-0.026488,0.007067,0.005081,-0.016727,0.005190,0.005030,-0.001213,0.002267,0.002478,-0.014621,0.006033,0.006194,0.031951,0.005689,0.000287,0.009996,0.016760,0.008480,-0.001200,0.012192,-0.003701,0.033271,0.005677,0.002035,0.011831,0.001326,0.001291,0.000218,0.011727,-0.003757
-0.019750,0.008025,0.006875,-0.030259,0.008914,0.007535,-0.018089,0.003627,0.006698,0.002911,-0.000110,0.002721,-0.028753,0.008927,0.006052,-0.017499,0.006465,0.006019,-0.000801,0.003038,0.003317,-0.015075,0.007701,0.007317,0.037159,0.007355,0.000446,0.014103,0.018466,0.008748,0.001759,0.012561,-0.004594,0.039399,0.007317,0.002376,0.017000,0.001431,0.002202,0.004047,0.012086,-0.004562
-0.024125,0.008300,0.008150,-0.036311,0.009392,0.009006,-0.022883,0.004123,0.008133,-0.000609,0.000372,0.003953,-0.034319,0.009408,0.007168,-0.021581,0.006442,0.007150,-0.003503,0.002472,0.004264,-0.018776,0.007891,0.008643,0.039749,0.007488,0.000687,0.015134,0.019016,0.009396,0.001250,0.012270,-0.005685,0.043252,0.007413,0.002721,0.019753,0.000266,0.002997,0.004838,0.011767,-0.005784
-0.032025,0.008475,0.008575,-0.045556,0.009723,0.009603,-0.031144,0.004461,0.008703,-0.007798,0.000649,0.004359,-0.043262,0.009743,0.007487,-0.030172,0.006889,0.007469,-0.012089,0.003029,0.004580,-0.026136,0.008006,0.009103,0.038337,0.007359,0.000118,0.012840,0.019658,0.009551,-0.002435,0.012050,-0.006979,0.042451,0.007271,0.002081,0.018361,-0.000915,0.002790,0.001621,0.011495,-0.007612
-0.034925,0.008025,0.008450,-0.050280,0.009415,0.009648,-0.034356,0.004358,0.008721,-0.007532,0.001195,0.003833,-0.047582,0.009439,0.007278,-0.032939,0.006239,0.007273,-0.011487,0.001674,0.003882,-0.028273,0.007497,0.009027,0.043569,0.007257,-0.001675,0.016125,0.020211,0.008391,-0.001297,0.011824,-0.010485,0.048565,0.007155,0.000991,0.022953,-0.002313,0.002141,0.003433,0.011138,-0.011081
-0.031325,0.007200,0.007825,-0.048067,0.008653,0.009138,-0.030866,0.003938,0.008209,0.000095,0.001847,0.002703,-0.045074,0.008679,0.006648,-0.028461,0.004870,0.006672,-0.001969,-0.000831,0.002555,-0.024069,0.006643,0.008431,0.052967,0.007254,-0.004027,0.024964,0.020745,0.006610,0.006343,0.011521,-0.013251,0.058722,0.007147,-0.000241,0.033212,-0.003790,0.001609,0.011419,0.010620,-0.013584
-0.035350,0.006350,0.010275,-0.054453,0.007813,0.011688,-0.034717,0.002698,0.010679,-0.002298,-0.000215,0.004944,-0.049359,0.007846,0.009138,-0.029685,0.004396,0.009133,-0.002089,-0.001107,0.004869,-0.027408,0.005761,0.010911,0.055900,0.007627,-0.003841,0.025976,0.021528,0.007283,0.005493,0.012161,-0.014468,0.063691,0.007475,0.001379,0.037575,-0.004940,0.003873,0.012285,0.010965,-0.014439
-0.039525,0.005150,0.012850,-0.061192,0.006616,0.014385,-0.038880,0.000914,0.013292,-0.004651,-0.003034,0.007277,-0.053563,0.006660,0.011762,-0.031364,0.003516,0.011742,-0.003649,-0.001817,0.007490,-0.030915,0.004526,0.013507,0.058604,0.007694,-0.003671,0.026865,0.021843,0.007824,0.004566,0.012711,-0.015794,0.068896,0.007487,0.002933,0.042512,-0.006370,0.006095,0.013434,0.011200,-0.015483
-0.036250,0.003375,0.012700,-0.059898,0.004870,0.014408,-0.036148,-0.001067,0.013296,0.003332,-0.004593,0.006530,-0.050674,0.004928,0.011649,-0.028058,0.000968,0.011703,0.001796,-0.005636,0.007218,-0.027090,0.002714,0.013361,0.067394,0.006913,-0.006021,0.035438,0.021108,0.005705,0.012085,0.012296,-0.018817,0.079876,0.006669,0.001585,0.054646,-0.008540,0.005523,0.022415,0.010502,-0.018465
-0.038000,0.002275,0.013050,-0.064155,0.003855,0.015022,-0.037709,-0.002121,0.013874,0.006615,-0.005542,0.006444,-0.052072,0.003938,0.011972,-0.027190,-0.000640,0.012082,0.003771,-0.008097,0.007512,-0.028271,0.001516,0.013710,0.072452,0.007132,-0.008464,0.038255,0.020952,0.003178,0.013035,0.014125,-0.023667,0.090121,0.006761,0.000079,0.065506,-0.009604,0.004660,0.028350,0.012046,-0.023113
-0.043925,0.002400,0.013725,-0.071861,0.004080,0.015989,-0.042815,-0.001618,0.014838,0.003524,-0.005201,0.007219,-0.057087,0.004195,0.012596,-0.029224,-0.000401,0.012734,0.001280,-0.007771,0.008290,-0.033888,0.001533,0.014360,0.071331,0.008309,-0.010269,0.036563,0.021432,0.001017,0.010451,0.017165,-0.027124,0.094629,0.007816,-0.001363,0.072592,-0.009354,0.003886,0.031208,0.014847,-0.026648
-0.045600,0.002650,0.013525,-0.073681,0.004514,0.016128,-0.039768,-0.000286,0.014958,0.005195,-0.004596,0.007673,-0.057274,0.004666,0.012258,-0.023633,0.000466,0.012416,0.001808,-0.005163,0.008717,-0.035624,0.001650,0.014111,0.076540,0.009336,-0.013494,0.040881,0.021375,-0.002859,0.012996,0.019924,-0.033516,0.105303,0.008760,-0.004585,0.084963,-0.008783,0.001065,0.038962,0.017418,-0.033266
-0.047975,0.003175,0.012500,-0.075474,0.005311,0.015502,-0.036001,0.001653,0.014333,0.007231,-0.003430,0.007433,-0.057193,0.005512,0.010983,-0.016553,0.000922,0.011241,0.000871,-0.003262,0.008724,-0.038384,0.002025,0.013019,0.080721,0.010480,-0.017646,0.045855,0.020942,-0.008129,0.016556,0.022104,-0.040907,0.113966,0.009886,-0.008867,0.096266,-0.007624,-0.002927,0.046705,0.019451,-0.040688
-0.056100,0.004175,0.010675,-0.083212,0.006694,0.014178,-0.039035,0.004163,0.013078,0.005161,-0.001104,0.006165,-0.061490,0.006973,0.008744,-0.014162,0.000091,0.009277,-0.005990,-0.004827,0.008189,-0.047170,0.002863,0.011119,0.076373,0.012050,-0.022249,0.045967,0.020379,-0.014433,0.016821,0.023495,-0.047343,0.112322,0.011529,-0.013555,0.100056,-0.005570,-0.007272,0.049425,0.020749,-0.046603
-0.063450,0.003375,0.007275,-0.088953,0.006863,0.011742,-0.036907,0.006241,0.010742,0.003410,-0.000088,0.004502,-0.063622,0.007250,0.004392,-0.000819,-0.001513,0.005322,-0.008243,-0.004561,0.006481,-0.055488,0.001681,0.007635,0.075047,0.011245,-0.028990,0.047340,0.017511,-0.022826,0.016911,0.023968,-0.057949,0.115330,0.010784,-0.021210,0.107390,-0.004586,-0.015266,0.054690,0.021177,-0.057372
-0.066325,0.001150,0.004000,-0.089797,0.005683,0.009468,-0.030657,0.006904,0.008647,0.002887,-0.000715,0.003470,-0.062512,0.006179,0.000153,0.016820,-0.002960,0.001574,-0.004742,-0.002322,0.004698,-0.059151,-0.000944,0.004293,0.077606,0.008762,-0.035471,0.054336,0.012878,-0.031144,0.023022,0.022701,-0.068056,0.121669,0.008416,-0.028969,0.119547,-0.004368,-0.023635,0.066174,0.019941,-0.067585
-0.066750,0.000225,0.000850,-0.088182,0.006350,0.007814,-0.015908,0.009873,0.007248,0.009880,-0.000348,0.003181,-0.057250,0.007021,-0.004436,0.047540,-0.005774,-0.001818,-0.000323,-0.002267,0.005270,-0.060411,-0.002432,0.001081,0.086848,0.006976,-0.042985,0.067394,0.008982,-0.040474,0.033216,0.021646,-0.081402,0.133335,0.006817,-0.038066,0.134978,-0.002635,-0.033848,0.080824,0.018991,-0.081092
-0.069600,-0.001650,-0.002375,-0.089589,0.006248,0.006305,0.000275,0.012867,0.006182,0.015596,-0.000987,0.003538,-0.053783,0.007156,-0.009232,0.079674,-0.009878,-0.004841,0.002460,-0.003462,0.006907,-0.063941,-0.004924,-0.002198,0.095700,0.004120,-0.051397,0.080234,0.003954,-0.050804,0.042222,0.019183,-0.096845,0.144219,0.004197,-0.048189,0.149128,-0.001370,-0.045377,0.094519,0.016702,-0.096529
-0.079725,-0.006725,-0.005800,-0.099461,0.002750,0.004545,0.010828,0.013663,0.005291,0.011216,-0.004528,0.004646,-0.058057,0.003977,-0.013995,0.101548,-0.015094,-0.007223,0.001082,-0.004756,0.008642,-0.074388,-0.010555,-0.005661,0.097081,-0.001464,-0.060662,0.086605,-0.004098,-0.062294,0.044784,0.013679,-0.113351,0.148171,-0.001105,-0.059108,0.157336,-0.002421,-0.057786,0.103061,0.011479,-0.112556
-0.090750,-0.011075,-0.011100,-0.109552,-0.000007,0.000996,0.031842,0.017708,0.003342,0.008030,-0.006926,0.005983,-0.062868,0.001597,-0.020537,0.127103,-0.019770,-0.010383,0.004404,-0.004984,0.009835,-0.085641,-0.015471,-0.010996,0.101413,-0.006793,-0.073233,0.094173,-0.011756,-0.076912,0.046430,0.009160,-0.135429,0.155930,-0.006114,-0.074391,0.167006,-0.002089,-0.075215,0.112108,0.007407,-0.135199
-0.097200,-0.012525,-0.015675,-0.114855,-0.000655,-0.002500,0.052765,0.023494,0.002124,0.007642,-0.005944,0.007814,-0.065879,0.001282,-0.025536,0.143482,-0.020907,-0.011701,0.010822,-0.002587,0.011245,-0.092107,-0.017204,-0.015597,0.106540,-0.008561,-0.084719,0.106646,-0.016635,-0.091283,0.055184,0.006699,-0.154550,0.163489,-0.007481,-0.088248,0.179682,0.002032,-0.090993,0.127306,0.005579,-0.154001
-0.108225,-0.014050,-0.022375,-0.126177,-0.002365,-0.008764,0.070294,0.027653,-0.000788,0.003061,-0.008083,0.008259,-0.075491,-0.000106,-0.031705,0.147115,-0.021093,-0.013970,0.007720,0.001623,0.011324,-0.102475,-0.018646,-0.022300,0.116055,-0.010663,-0.101698,0.120148,-0.022340,-0.111384,0.060920,0.003121,-0.183444,0.174132,-0.009120,-0.108294,0.189510,0.006608,-0.113751,0.137652,0.002821,-0.183507
-0.119825,-0.015700,-0.029775,-0.139070,-0.004780,-0.016096,0.081400,0.030422,-0.004093,-0.001947,-0.009670,0.007691,-0.087605,-0.002241,-0.037988,0.144179,-0.020950,-0.016262,0.003528,0.005892,0.010467,-0.112976,-0.020005,-0.029692,0.125742,-0.012358,-0.120697,0.134093,-0.028809,-0.134437,0.067093,-0.001017,-0.214931,0.184696,-0.010289,-0.130249,0.199026,0.011873,-0.138483,0.147875,-0.000276,-0.215609
-0.128100,-0.017450,-0.036425,-0.149171,-0.007477,-0.022762,0.082925,0.032088,-0.006392,-0.003768,-0.006943,0.006525,-0.098265,-0.004728,-0.043265,0.140635,-0.020998,-0.017299,0.006415,0.008581,0.009401,-0.119936,-0.021407,-0.036338,0.131279,-0.012757,-0.138298,0.147704,-0.035768,-0.157651,0.076892,-0.004953,-0.241842,0.191867,-0.010070,-0.149902,0.210793,0.018197,-0.160222,0.162493,-0.002875,-0.242264
-0.136650,-0.017875,-0.045500,-0.160300,-0.008893,-0.031657,0.083041,0.033424,-0.010565,-0.004468,-0.005181,0.003085,-0.112677,-0.006094,-0.050679,0.134832,-0.021490,-0.019837,0.008086,0.010084,0.006483,-0.126230,-0.021378,-0.045406,0.144964,-0.013341,-0.161583,0.167687,-0.044083,-0.187265,0.090194,-0.011509,-0.277361,0.202141,-0.010048,-0.175427,0.221111,0.024242,-0.188118,0.173822,-0.008010,-0.278678
-0.141125,-0.016775,-0.052475,-0.166804,-0.008332,-0.038038,0.081642,0.034667,-0.012385,-0.003670,-0.003403,0.001507,-0.123604,-0.005564,-0.056329,0.129543,-0.021184,-0.020525,0.007848,0.012090,0.005800,-0.128636,-0.019928,-0.052404,0.159210,-0.012978,-0.182612,0.191453,-0.052967,-0.215724,0.109940,-0.019269,-0.308387,0.209510,-0.009093,-0.197752,0.231972,0.030746,-0.212194,0.187045,-0.014249,-0.310396
-0.149575,-0.019025,-0.060400,-0.177654,-0.010925,-0.044937,0.076497,0.033708,-0.014276,-0.008299,-0.003647,0.000127,-0.140195,-0.008320,-0.062783,0.122886,-0.025987,-0.020759,0.008928,0.005442,0.004910,-0.134452,-0.021923,-0.060394,0.165808,-0.013914,-0.205796,0.206037,-0.064684,-0.247143,0.122003,-0.027722,-0.340715,0.212328,-0.009367,-0.220612,0.241342,0.035858,-0.236327,0.196438,-0.020863,-0.342751
-0.157775,-0.019550,-0.068400,-0.187892,-0.011343,-0.051411,0.069784,0.034184,-0.015825,-0.015866,-0.002864,-0.000671,-0.157586,-0.009014,-0.069465,0.115978,-0.029013,-0.020620,0.009931,-0.000105,0.004195,-0.139895,-0.022335,-0.068508,0.170439,-0.013035,-0.229462,0.218566,-0.075079,-0.278921,0.133070,-0.034173,-0.372254,0.212306,-0.007825,-0.242817,0.249636,0.043324,-0.259658,0.203896,-0.025417,-0.374472
-0.161500,-0.013325,-0.075650,-0.192519,-0.004287,-0.056527,0.063799,0.039497,-0.016706,-0.023685,0.001696,-0.000598,-0.170908,-0.002359,-0.075808,0.109952,-0.023698,-0.020136,0.009561,0.004905,0.004062,-0.141188,-0.016200,-0.075948,0.178628,-0.007636,-0.252442,0.236071,-0.080463,-0.309076,0.149479,-0.036430,-0.401495,0.210950,-0.001896,-0.263655,0.256786,0.056340,-0.281843,0.210721,-0.026178,-0.404833
-0.162925,-0.008800,-0.085175,-0.195688,0.001277,-0.063347,0.061752,0.043794,-0.018862,-0.024386,0.005796,-0.002390,-0.183777,0.002712,-0.084136,0.107420,-0.019940,-0.020477,0.012336,0.006859,0.003104,-0.139466,-0.011777,-0.085745,0.190995,-0.004465,-0.279663,0.257692,-0.088372,-0.342977,0.168747,-0.043068,-0.435352,0.209345,0.001661,-0.285647,0.261677,0.066965,-0.305100,0.214608,-0.032019,-0.437877
-0.161350,-0.008200,-0.092175,-0.195772,0.002570,-0.067891,0.064327,0.045211,-0.018266,-0.017936,0.008065,-0.001941,-0.189859,0.003706,-0.089726,0.108853,-0.019361,-0.018173,0.016089,0.005328,0.005485,-0.135605,-0.011225,-0.093080,0.198981,-0.004706,-0.302398,0.274924,-0.098417,-0.370712,0.184738,-0.049629,-0.462296,0.206203,0.001853,-0.302685,0.267287,0.076123,-0.323533,0.218101,-0.038173,-0.464947
-0.157225,-0.003475,-0.101775,-0.192087,0.009178,-0.073831,0.074867,0.050293,-0.018099,-0.010110,0.011743,-0.000615,-0.191620,0.010134,-0.098803,0.114475,-0.014733,-0.018638,0.024035,0.005671,0.005097,-0.129751,-0.006960,-0.103088,0.199988,-0.001151,-0.322783,0.290592,-0.104902,-0.395297,0.203124,-0.053659,-0.483023,0.195163,0.005826,-0.314536,0.270375,0.088494,-0.335458,0.222084,-0.042315,-0.482468
-0.154650,0.000075,-0.113950,-0.189789,0.014417,-0.082249,0.089405,0.055347,-0.018686,-0.004623,0.014178,0.001361,-0.193285,0.015292,-0.110135,0.122440,-0.012887,-0.020021,0.031910,0.002670,0.004461,-0.125668,-0.003849,-0.115719,0.193683,0.000980,-0.341682,0.299660,-0.111743,-0.416716,0.215359,-0.056640,-0.500781,0.179622,0.008468,-0.325829,0.271144,0.100309,-0.346169,0.223379,-0.045257,-0.496980
-0.157850,-0.002850,-0.128700,-0.194185,0.011610,-0.094119,0.103692,0.056645,-0.019866,-0.005465,0.012306,0.004316,-0.199196,0.012475,-0.122388,0.130615,-0.020716,-0.019890,0.035142,-0.009191,0.006739,-0.127244,-0.006766,-0.130987,0.179485,-0.003572,-0.360241,0.296781,-0.122988,-0.435283,0.212854,-0.060145,-0.518711,0.162754,0.004612,-0.341527,0.269672,0.107871,-0.361380,0.219056,-0.047949,-0.515143
-0.159925,-0.002850,-0.150925,-0.198054,0.011263,-0.113321,0.122102,0.059821,-0.026238,-0.007550,0.009487,0.003695,-0.204745,0.012085,-0.141342,0.139244,-0.026435,-0.025279,0.033005,-0.016710,0.005295,-0.127312,-0.006610,-0.153823,0.165820,-0.006775,-0.383215,0.294409,-0.132081,-0.456985,0.209402,-0.061589,-0.540822,0.146948,0.002096,-0.364449,0.268627,0.116888,-0.382985,0.215627,-0.048182,-0.537919
-0.159800,0.000050,-0.169525,-0.199305,0.013434,-0.129443,0.134793,0.062411,-0.030614,-0.010362,0.006237,0.004444,-0.207258,0.014211,-0.156592,0.142328,-0.028186,-0.028856,0.024746,-0.017613,0.006005,-0.125819,-0.003486,-0.173052,0.156545,-0.007450,-0.403531,0.292550,-0.138256,-0.475257,0.202377,-0.060131,-0.562041,0.137617,0.002133,-0.387303,0.269663,0.128386,-0.404252,0.211878,-0.045207,-0.560705
-0.164450,0.004350,-0.195100,-0.208503,0.016274,-0.151588,0.147718,0.069484,-0.036503,-0.010535,0.008766,0.003696,-0.216745,0.017013,-0.176946,0.148611,-0.025663,-0.032851,0.018407,-0.012115,0.006958,-0.127514,0.001306,-0.199528,0.137406,-0.006346,-0.423369,0.286532,-0.142725,-0.491879,0.196252,-0.057896,-0.576930,0.119423,0.003946,-0.410815,0.267475,0.141225,-0.423881,0.210549,-0.041379,-0.576520
-0.168825,0.007575,-0.222575,-0.217548,0.018175,-0.174965,0.160863,0.075684,-0.041901,-0.008984,0.010730,0.003537,-0.226260,0.018872,-0.198824,0.155673,-0.023249,-0.036750,0.014547,-0.006692,0.007775,-0.128810,0.004945,-0.228044,0.116979,-0.005459,-0.442563,0.280765,-0.147532,-0.506891,0.192429,-0.057089,-0.587602,0.101445,0.005575,-0.434169,0.267419,0.153646,-0.441694,0.213389,-0.038910,-0.587918
-0.167850,0.007175,-0.246925,-0.218335,0.017448,-0.194844,0.174167,0.075450,-0.044733,-0.006628,0.005632,0.006357,-0.228846,0.018098,-0.218721,0.160981,-0.025504,-0.040208,0.013531,-0.007733,0.007967,-0.126090,0.004524,-0.253436,0.103891,-0.006879,-0.460984,0.279406,-0.154375,-0.520239,0.191967,-0.059443,-0.596471,0.092817,0.004966,-0.456699,0.275102,0.164197,-0.457474,0.222525,-0.039434,-0.597568
-0.166875,0.008950,-0.281175,-0.219352,0.018533,-0.224230,0.192234,0.080722,-0.052877,-0.002633,0.006986,0.005329,-0.229939,0.019218,-0.247739,0.173467,-0.025128,-0.048736,0.013626,-0.004053,0.005471,-0.123404,0.006434,-0.288813,0.093195,-0.005670,-0.490794,0.279067,-0.157679,-0.543824,0.193419,-0.060136,-0.614308,0.086426,0.007034,-0.490317,0.285933,0.178601,-0.482847,0.235448,-0.038090,-0.615775
-0.166375,0.012025,-0.308175,-0.219943,0.020728,-0.246961,0.203876,0.087430,-0.054982,-0.000761,0.012377,0.009625,-0.229157,0.021510,-0.269792,0.183426,-0.023857,-0.050636,0.011369,0.000481,0.010011,-0.122148,0.009745,-0.316856,0.087718,-0.002558,-0.520058,0.278682,-0.158847,-0.566855,0.192875,-0.062355,-0.632812,0.083561,0.011068,-0.520721,0.298105,0.195562,-0.503750,0.248455,-0.037918,-0.630663
-0.166675,0.020100,-0.345275,-0.221503,0.026902,-0.280293,0.212379,0.097639,-0.066528,-0.001635,0.022426,0.004979,-0.231464,0.027503,-0.300060,0.191413,-0.017540,-0.058130,0.014243,0.011317,0.006911,-0.121157,0.018403,-0.355175,0.084525,0.006474,-0.563026,0.278022,-0.152339,-0.602792,0.194408,-0.059606,-0.663149,0.082021,0.021084,-0.562360,0.311922,0.220013,-0.534120,0.264030,-0.033348,-0.654227
-0.168650,0.026800,-0.384000,-0.224821,0.031642,-0.315151,0.215655,0.105133,-0.079814,-0.004694,0.029083,-0.001920,-0.236321,0.031992,-0.331602,0.193654,-0.012707,-0.066975,0.013085,0.020286,0.002087,-0.121772,0.025709,-0.395215,0.082058,0.014314,-0.610893,0.278144,-0.142721,-0.641422,0.203352,-0.055102,-0.692914,0.079773,0.029899,-0.606896,0.320651,0.244019,-0.566725,0.272439,-0.031356,-0.680692
-0.173075,0.025725,-0.415800,-0.230573,0.029487,-0.342300,0.211533,0.103692,-0.086482,-0.009350,0.024064,-0.003684,-0.243090,0.029727,-0.357367,0.186364,-0.015841,-0.072574,-0.001150,0.019343,0.002081,-0.125237,0.024952,-0.428359,0.078807,0.013880,-0.654807,0.280630,-0.134993,-0.672526,0.225485,-0.052540,-0.709649,0.074751,0.030330,-0.645996,0.316402,0.257526,-0.595282,0.262338,-0.038218,-0.704583
-0.178475,0.028050,-0.456325,-0.237972,0.030662,-0.377354,0.206904,0.107003,-0.098808,-0.013922,0.022863,-0.011110,-0.252300,0.030734,-0.390816,0.178498,-0.015785,-0.083214,-0.012130,0.021148,-0.004176,-0.129122,0.027628,-0.470477,0.076885,0.017653,-0.711863,0.285883,-0.119269,-0.714886,0.258546,-0.043425,-0.733933,0.069300,0.034834,-0.694976,0.300854,0.267888,-0.635979,0.237316,-0.039145,-0.739501
-0.182200,0.032600,-0.485325,-0.243200,0.034348,-0.400862,0.199796,0.111166,-0.101216,-0.019549,0.022587,-0.009112,-0.259559,0.034265,-0.413115,0.168176,-0.014904,-0.084056,-0.019932,0.021971,-0.002789,-0.131693,0.032395,-0.501091,0.074150,0.023668,-0.756175,0.288910,-0.099143,-0.744143,0.292079,-0.030196,-0.744298,0.063784,0.041446,-0.731558,0.283011,0.273782,-0.664725,0.215638,-0.023678,-0.755517
-0.183750,0.031875,-0.514600,-0.248156,0.031972,-0.424699,0.188997,0.107933,-0.105652,-0.018600,0.015724,-0.013439,-0.265559,0.031732,-0.434832,0.153122,-0.015866,-0.088507,-0.028974,0.026137,-0.006718,-0.131688,0.032202,-0.532245,0.075445,0.025092,-0.806242,0.287356,-0.084653,-0.782611,0.314020,-0.024098,-0.768394,0.063797,0.043436,-0.773783,0.268624,0.269437,-0.700671,0.201203,0.003154,-0.775691
-0.185000,0.029725,-0.538825,-0.252698,0.028132,-0.443632,0.175998,0.102240,-0.106558,-0.017173,0.008087,-0.015953,-0.270606,0.027768,-0.451712,0.136004,-0.017548,-0.090307,-0.035934,0.029742,-0.010122,-0.131674,0.030600,-0.558372,0.075183,0.025112,-0.851085,0.280503,-0.072768,-0.818190,0.326467,-0.021096,-0.791936,0.063764,0.043997,-0.811836,0.255971,0.260730,-0.732674,0.191759,0.038876,-0.792607
-0.187900,0.029975,-0.552750,-0.256779,0.027406,-0.452454,0.161996,0.098890,-0.098064,-0.021589,0.005217,-0.008075,-0.275096,0.026990,-0.459542,0.119068,-0.019006,-0.082763,-0.038008,0.028545,-0.006871,-0.134296,0.031102,-0.573984,0.067534,0.026892,-0.879715,0.265908,-0.061160,-0.839358,0.328016,-0.017624,-0.802619,0.057630,0.046127,-0.836174,0.237700,0.247226,-0.752294,0.178888,0.071858,-0.799639
-0.181650,0.026650,-0.564650,-0.251197,0.022911,-0.460431,0.156306,0.094100,-0.088993,-0.010343,0.002664,-0.003662,-0.266049,0.022681,-0.467366,0.112928,-0.018296,-0.079029,-0.032071,0.029707,-0.006734,-0.128984,0.028210,-0.587072,0.062475,0.026426,-0.898648,0.250520,-0.057018,-0.854802,0.319748,-0.020527,-0.812787,0.055531,0.045382,-0.853471,0.214377,0.210002,-0.771719,0.164908,0.075838,-0.807934
-0.169375,0.021400,-0.568525,-0.238557,0.016653,-0.461446,0.155527,0.088353,-0.074367,0.005535,-0.001808,0.005975,-0.248056,0.016749,-0.469125,0.113714,-0.017663,-0.072050,-0.027580,0.030526,0.000274,-0.118643,0.023386,-0.591660,0.057860,0.024082,-0.901243,0.229156,-0.062703,-0.860422,0.290628,-0.031649,-0.822617,0.053046,0.041564,-0.858470,0.170446,0.131057,-0.794442,0.140697,0.030410,-0.816621
-0.163750,0.014000,-0.569900,-0.227176,0.007401,-0.465476,0.149150,0.076405,-0.068017,0.008575,-0.009181,0.009752,-0.234006,0.007423,-0.470116,0.107688,-0.025421,-0.067801,-0.024911,0.022826,0.001804,-0.116950,0.016514,-0.592571,0.035196,0.020672,-0.878465,0.190818,-0.073004,-0.842281,0.236409,-0.039700,-0.813731,0.033876,0.035117,-0.848442,0.092840,0.011103,-0.816514,0.106826,-0.060469,-0.813888
-0.157850,0.008575,-0.570550,-0.214111,-0.000123,-0.470994,0.142416,0.066255,-0.066000,0.005800,-0.015592,0.011712,-0.219229,-0.000343,-0.470960,0.102894,-0.032681,-0.063719,-0.021087,0.016041,0.003038,-0.115455,0.011635,-0.592273,0.011491,0.019184,-0.847850,0.151632,-0.085278,-0.818380,0.173493,-0.043923,-0.804405,0.012657,0.029685,-0.835738,-0.002047,-0.129051,-0.844730,0.069519,-0.181801,-0.810658
-0.144800,0.009300,-0.572225,-0.196460,-0.001168,-0.476341,0.140359,0.066286,-0.064119,0.004027,-0.016897,0.015999,-0.199107,-0.001558,-0.472287,0.107327,-0.030202,-0.057200,-0.013199,0.019656,0.009286,-0.105765,0.012865,-0.593222,0.003489,0.022701,-0.827119,0.129404,-0.094904,-0.804876,0.123516,-0.042069,-0.808087,0.005074,0.029583,-0.832078,-0.084108,-0.248195,-0.875059,0.037698,-0.294597,-0.812448
-0.127675,0.010725,-0.573525,-0.173403,-0.001977,-0.483952,0.143017,0.067760,-0.066070,0.011523,-0.013323,0.013737,-0.172972,-0.002605,-0.474429,0.116928,-0.028044,-0.053166,0.001888,0.022688,0.011879,-0.092794,0.014972,-0.593115,-0.002204,0.026788,-0.795589,0.125665,-0.098306,-0.770803,0.106501,-0.027122,-0.780825,0.002634,0.031337,-0.819938,-0.124345,-0.307524,-0.868143,0.035534,-0.348661,-0.781637
-0.115000,0.012150,-0.573800,-0.156594,-0.002218,-0.488588,0.141484,0.069384,-0.063665,0.017559,-0.008497,0.014125,-0.154028,-0.003020,-0.474975,0.119638,-0.027745,-0.047194,0.009714,0.023259,0.016533,-0.083190,0.016934,-0.592380,-0.005691,0.029511,-0.770422,0.129902,-0.101199,-0.739101,0.104868,-0.014158,-0.750695,0.002892,0.033624,-0.807622,-0.118414,-0.300296,-0.837795,0.052038,-0.335922,-0.741363
-0.103925,0.009075,-0.571450,-0.138963,-0.005585,-0.492259,0.137349,0.064322,-0.067904,0.014286,-0.004881,0.010414,-0.136056,-0.006542,-0.475881,0.119443,-0.033033,-0.045046,0.011677,0.018759,0.018953,-0.076023,0.013773,-0.588313,-0.011819,0.027307,-0.737153,0.135258,-0.100550,-0.694125,0.114070,0.000513,-0.700194,0.004391,0.032341,-0.787297,-0.068029,-0.239001,-0.787566,0.097033,-0.261681,-0.689950
-0.088475,0.002875,-0.565350,-0.117556,-0.011152,-0.491637,0.135531,0.055933,-0.072607,0.011492,-0.005880,0.007209,-0.114348,-0.012111,-0.474749,0.120583,-0.041103,-0.046341,0.012935,0.010350,0.018978,-0.064305,0.007187,-0.580437,-0.011861,0.021464,-0.702237,0.143241,-0.096053,-0.646892,0.132634,0.010309,-0.643345,0.012313,0.028035,-0.761499,0.005536,-0.154325,-0.735012,0.157669,-0.161012,-0.641108
-0.062600,-0.005075,-0.554500,-0.089382,-0.018002,-0.483563,0.141131,0.047872,-0.071799,0.019170,-0.014668,0.008772,-0.084053,-0.018666,-0.469397,0.128037,-0.048884,-0.051187,0.019364,-0.000401,0.015914,-0.040967,-0.001109,-0.568374,0.003457,0.013259,-0.672013,0.158983,-0.088226,-0.607121,0.164341,0.010121,-0.591948,0.032234,0.021335,-0.732356,0.081244,-0.075018,-0.689700,0.218796,-0.065992,-0.600746
-0.040950,-0.008050,-0.535500,-0.063744,-0.019549,-0.470251,0.139833,0.042569,-0.078531,0.021042,-0.018141,0.001804,-0.057244,-0.020023,-0.458025,0.130306,-0.052191,-0.057446,0.022002,-0.004662,0.010703,-0.022568,-0.004528,-0.547573,0.013299,0.010009,-0.631728,0.165743,-0.069534,-0.558404,0.195994,0.010506,-0.527684,0.043971,0.019018,-0.687043,0.134638,-0.008779,-0.634325,0.266912,0.017406,-0.544288
-0.034325,-0.004550,-0.517825,-0.053833,-0.014983,-0.457683,0.125927,0.042846,-0.085564,0.010361,-0.015487,-0.005565,-0.047692,-0.015449,-0.445727,0.119736,-0.049101,-0.058258,0.013368,0.000266,0.010184,-0.018359,-0.001351,-0.528532,0.011434,0.013432,-0.602079,0.149548,-0.040809,-0.527471,0.202176,0.014695,-0.484299,0.042133,0.022714,-0.648235,0.153871,0.040835,-0.591674,0.283533,0.083430,-0.498767
-0.019925,-0.012575,-0.486075,-0.039143,-0.021828,-0.429897,0.114938,0.034311,-0.086421,0.005956,-0.025921,-0.008333,-0.031338,-0.022076,-0.420121,0.114450,-0.051737,-0.057276,0.008505,-0.006010,0.012150,-0.005572,-0.009565,-0.495875,0.019396,0.006545,-0.565674,0.136700,-0.022528,-0.495322,0.209947,0.004539,-0.441867,0.049010,0.015540,-0.596706,0.167002,0.057480,-0.539237,0.293208,0.109679,-0.444203
-0.002250,-0.021625,-0.452900,-0.021687,-0.029654,-0.399920,0.108932,0.025195,-0.085623,0.005290,-0.037139,-0.008871,-0.013035,-0.029707,-0.392609,0.112518,-0.053820,-0.056991,0.006827,-0.012731,0.013409,0.010986,-0.018828,-0.462092,0.032831,-0.001437,-0.533718,0.127004,-0.003894,-0.470290,0.221159,-0.005634,-0.406135,0.060198,0.006924,-0.547609,0.173228,0.059683,-0.492691,0.288227,0.113333,-0.401978
0.014275,-0.021300,-0.430975,-0.003434,-0.028092,-0.380850,0.110442,0.023680,-0.087996,0.006237,-0.036777,-0.009806,0.002419,-0.028201,-0.374703,0.112298,-0.049060,-0.060126,0.008017,-0.009093,0.010524,0.026606,-0.018914,-0.439678,0.047283,-0.001368,-0.517410,0.117193,0.026909,-0.461730,0.233269,-0.002484,-0.384635,0.071859,0.006260,-0.515986,0.175423,0.069801,-0.466256,0.269138,0.119694,-0.388710
0.033150,-0.020700,-0.398500,0.016298,-0.025882,-0.350625,0.112216,0.023499,-0.086035,0.010564,-0.031595,-0.009118,0.018867,-0.026025,-0.346558,0.112658,-0.042405,-0.059941,0.011698,-0.004991,0.009444,0.045047,-0.018795,-0.407037,0.065430,0.000884,-0.498943,0.109969,0.057526,-0.452975,0.248167,-0.005766,-0.361605,0.088007,0.008188,-0.472245,0.189369,0.088788,-0.424416,0.255336,0.127170,-0.366330
0.044925,-0.020075,-0.371750,0.027443,-0.024104,-0.324142,0.110113,0.024660,-0.079370,0.013288,-0.024982,-0.005262,0.027818,-0.024236,-0.322055,0.109792,-0.037257,-0.055165,0.012717,-0.002209,0.012511,0.057041,-0.018476,-0.380580,0.076589,0.004501,-0.488374,0.093765,0.092445,-0.452723,0.250702,-0.003204,-0.345700,0.101270,0.012253,-0.437998,0.215841,0.136137,-0.385747,0.248418,0.165755,-0.352287
0.054225,-0.020000,-0.325775,0.039610,-0.021683,-0.281868,0.106149,0.023434,-0.071325,0.016968,-0.019131,-0.002600,0.036070,-0.021809,-0.283117,0.103657,-0.030342,-0.051035,0.011738,-0.002156,0.013623,0.065195,-0.019222,-0.333894,0.082908,0.004406,-0.448107,0.081419,0.119222,-0.417101,0.259303,-0.008029,-0.288098,0.108569,0.013544,-0.371658,0.259282,0.209601,-0.300681,0.258100,0.231710,-0.292178
0.062625,-0.020000,-0.276325,0.051145,-0.019278,-0.236664,0.102308,0.019936,-0.064072,0.020270,-0.014828,-0.000787,0.043434,-0.019406,-0.241242,0.096666,-0.025448,-0.048189,0.011087,-0.004021,0.012378,0.072399,-0.020100,-0.283676,0.088375,0.003786,-0.402703,0.073523,0.139367,-0.373125,0.266389,-0.011681,-0.221473,0.116079,0.015157,-0.301443,0.309399,0.307576,-0.201154,0.267482,0.328299,-0.223073
0.071700,-0.019475,-0.239200,0.060450,-0.017413,-0.201406,0.100758,0.014367,-0.059899,0.021988,-0.012746,0.000421,0.049739,-0.017556,-0.207935,0.091380,-0.026237,-0.047396,0.013158,-0.006803,0.008251,0.081534,-0.020059,-0.246697,0.096531,0.005938,-0.377018,0.067770,0.155328,-0.350444,0.261258,-0.005511,-0.183359,0.129087,0.019981,-0.256405,0.346719,0.410386,-0.125193,0.255380,0.438799,-0.183873
0.080450,-0.016125,-0.184175,0.069609,-0.012745,-0.150676,0.096209,0.011873,-0.051804,0.025072,-0.011238,0.003033,0.058302,-0.012763,-0.159554,0.087366,-0.020569,-0.042036,0.018831,-0.006709,0.006799,0.089592,-0.017075,-0.191233,0.102012,0.010526,-0.323756,0.067141,0.162390,-0.297496,0.254944,0.002996,-0.119061,0.136492,0.026718,-0.186848,0.352719,0.477899,-0.026790,0.222119,0.515500,-0.112484
0.084450,-0.011625,-0.138725,0.073979,-0.007624,-0.109735,0.090144,0.013515,-0.043505,0.027435,-0.011545,0.006337,0.064717,-0.007440,-0.120190,0.085572,-0.011499,-0.034385,0.024422,-0.004055,0.009354,0.092482,-0.012642,-0.144996,0.101118,0.015244,-0.270157,0.063613,0.163380,-0.243784,0.238157,0.017779,-0.061870,0.134550,0.032281,-0.127889,0.319279,0.484405,0.043386,0.168587,0.529102,-0.052891
0.080400,-0.004875,-0.085125,0.071962,-0.000223,-0.061689,0.077763,0.010977,-0.034837,0.024007,-0.004689,0.007025,0.058513,-0.000296,-0.070630,0.068743,-0.007408,-0.024464,0.020438,-0.004044,0.009826,0.087956,-0.006206,-0.091093,0.097096,0.018657,-0.218946,0.052675,0.154218,-0.199158,0.203098,0.024645,-0.028275,0.123986,0.035433,-0.074336,0.254834,0.422853,0.078133,0.101315,0.462876,-0.015923
0.074125,0.001725,-0.033850,0.067565,0.006735,-0.015521,0.064456,0.006629,-0.025318,0.020207,0.001519,0.007705,0.048672,0.006279,-0.021664,0.049082,-0.004609,-0.012646,0.015902,-0.003194,0.010482,0.081622,0.000112,-0.039836,0.092493,0.020747,-0.171645,0.042696,0.142282,-0.158503,0.168317,0.030698,-0.003945,0.111719,0.036678,-0.029810,0.192124,0.324321,0.086180,0.055471,0.354941,0.007212
0.071425,0.005775,0.004675,0.064778,0.010533,0.019848,0.055696,0.002809,-0.014456,0.021496,-0.000589,0.010963,0.044121,0.009901,0.015934,0.038834,0.000549,0.000619,0.019832,0.001988,0.013535,0.079070,0.004188,-0.001484,0.090029,0.021622,-0.129676,0.041872,0.134202,-0.116753,0.150319,0.043535,0.025830,0.104359,0.036584,0.002516,0.153402,0.228011,0.083929,0.049159,0.254505,0.028957
0.062250,0.006950,0.049925,0.054517,0.010780,0.061440,0.038097,-0.003690,-0.000246,0.019353,-0.003815,0.013077,0.032570,0.009923,0.060999,0.020123,0.003098,0.015098,0.018542,0.002758,0.015279,0.070331,0.005706,0.043367,0.082026,0.020795,-0.085465,0.037717,0.126098,-0.070935,0.133358,0.054031,0.061393,0.093658,0.035366,0.038390,0.124439,0.153206,0.092236,0.053361,0.179485,0.059659
0.051150,0.004700,0.079300,0.041927,0.007400,0.088510,0.020350,-0.009633,0.010339,0.014818,-0.006572,0.013160,0.019778,0.006396,0.091087,0.002133,0.001750,0.023697,0.012578,-0.001217,0.015023,0.059722,0.003933,0.072293,0.071960,0.018279,-0.061540,0.030717,0.116049,-0.046446,0.114818,0.059093,0.074708,0.083276,0.033158,0.058037,0.100681,0.104251,0.090516,0.055671,0.131753,0.074170
0.049725,0.007450,0.116650,0.042555,0.009865,0.120781,0.014001,-0.017896,0.015842,0.018240,-0.009865,0.010204,0.014837,0.008459,0.127725,-0.010931,0.006038,0.029033,0.014912,-0.000304,0.008862,0.058245,0.006562,0.109611,0.071868,0.015899,-0.019753,0.035531,0.106796,-0.002864,0.109212,0.062192,0.106673,0.078772,0.030343,0.091738,0.085443,0.076346,0.108874,0.060025,0.105745,0.103965
0.048600,0.013475,0.151350,0.044036,0.015802,0.150421,0.008696,-0.022730,0.020787,0.022290,-0.010100,0.007168,0.010313,0.014022,0.161587,-0.023549,0.012821,0.034353,0.017785,0.003232,0.002720,0.056921,0.012349,0.144395,0.071864,0.015830,0.021373,0.037000,0.098578,0.036751,0.096974,0.063542,0.128957,0.073534,0.029442,0.124343,0.066096,0.062037,0.125348,0.048969,0.090444,0.124252
0.038325,0.021050,0.172825,0.033990,0.022874,0.169693,-0.005802,-0.018429,0.029812,0.019802,-0.003611,0.007078,-0.001326,0.021014,0.183376,-0.040255,0.018897,0.042910,0.013401,0.007072,0.002548,0.046691,0.020036,0.165766,0.062149,0.019996,0.043522,0.022878,0.092289,0.051935,0.064697,0.064204,0.119650,0.061122,0.032965,0.141020,0.034674,0.056791,0.122411,0.013014,0.079960,0.116657
0.028950,0.027525,0.197200,0.024743,0.028688,0.191552,-0.020419,-0.016397,0.039234,0.017090,0.001066,0.007319,-0.012828,0.026723,0.208319,-0.057578,0.028640,0.050478,0.009142,0.012400,0.000722,0.037501,0.026675,0.189918,0.054582,0.021302,0.067474,0.009997,0.081558,0.067234,0.032989,0.057546,0.108429,0.049174,0.033444,0.159640,0.004103,0.049913,0.122392,-0.029152,0.065193,0.107469
0.025175,0.029700,0.212225,0.020882,0.030371,0.205027,-0.028671,-0.017684,0.044544,0.014721,0.001469,0.008054,-0.018456,0.028395,0.224013,-0.067721,0.037186,0.053431,0.006349,0.017056,-0.001466,0.033941,0.028967,0.204687,0.052473,0.018836,0.080917,0.003554,0.065722,0.071794,0.009378,0.043878,0.088046,0.043227,0.030509,0.170025,-0.017202,0.040029,0.117742,-0.064237,0.045969,0.092448
0.014550,0.038975,0.226700,0.012444,0.039191,0.215999,-0.040398,-0.014607,0.049373,0.014400,0.007812,0.004624,-0.029722,0.037156,0.238315,-0.084340,0.044014,0.058853,0.004018,0.022036,-0.005367,0.022742,0.038193,0.219581,0.042477,0.022013,0.106880,-0.004060,0.059193,0.095014,-0.009448,0.041290,0.094167,0.027595,0.032158,0.185962,-0.039373,0.039072,0.128190,-0.094134,0.040259,0.097023
0.001525,0.048375,0.236725,0.001885,0.048147,0.222592,-0.053313,-0.010204,0.053407,0.011325,0.013810,0.002012,-0.042630,0.046114,0.247922,-0.102025,0.049259,0.063317,-0.000506,0.025437,-0.009063,0.008943,0.047519,0.230209,0.029985,0.025393,0.130742,-0.011497,0.054046,0.118315,-0.024901,0.040201,0.104719,0.009501,0.033752,0.197906,-0.059409,0.039622,0.139395,-0.118540,0.038131,0.104835
-0.009500,0.050925,0.238300,-0.008369,0.050247,0.222835,-0.065166,-0.007517,0.056175,0.000518,0.013259,0.005034,-0.053265,0.048377,0.249462,-0.115594,0.053001,0.063238,-0.010204,0.025633,-0.010788,-0.002464,0.050106,0.232065,0.020188,0.023433,0.137716,-0.018014,0.042272,0.122709,-0.039296,0.030731,0.096707,-0.003984,0.030555,0.196146,-0.075182,0.034245,0.136335,-0.139326,0.029369,0.098028
-0.015625,0.047750,0.239650,-0.013339,0.046004,0.221378,-0.071555,-0.009385,0.058419,-0.001884,0.007737,0.005766,-0.057597,0.044244,0.250715,-0.122467,0.048363,0.065150,-0.011767,0.017479,-0.011151,-0.009367,0.047238,0.234069,0.013839,0.017330,0.151894,-0.016406,0.027940,0.137995,-0.040278,0.018960,0.106901,-0.013770,0.023070,0.200611,-0.081826,0.025809,0.144403,-0.144191,0.019690,0.106718
-0.013775,0.040475,0.240075,-0.010632,0.037535,0.218956,-0.070351,-0.015063,0.059451,0.004472,-0.000258,0.004507,-0.053514,0.035893,0.251137,-0.120496,0.037501,0.068416,-0.005409,0.005422,-0.009088,-0.008311,0.040370,0.235181,0.014022,0.009996,0.166170,-0.006305,0.012045,0.154320,-0.029174,0.004548,0.123127,-0.015075,0.015030,0.208869,-0.077141,0.015950,0.158228,-0.133327,0.008296,0.123752
-0.023025,0.042375,0.230550,-0.018478,0.038131,0.207289,-0.075599,-0.011753,0.059474,0.001416,0.001559,0.004162,-0.060503,0.036631,0.242109,-0.127052,0.039784,0.066598,-0.009121,0.003746,-0.011186,-0.018352,0.042689,0.226356,0.004137,0.011015,0.166165,-0.007776,0.004724,0.155414,-0.029461,-0.002974,0.124529,-0.026844,0.015385,0.203303,-0.083818,0.013566,0.156982,-0.134059,0.004407,0.125478
-0.033975,0.045450,0.216900,-0.027896,0.040120,0.192058,-0.081059,-0.007180,0.057993,-0.004048,0.005545,0.003649,-0.068963,0.038798,0.228810,-0.133620,0.043455,0.063594,-0.014892,0.004358,-0.013074,-0.030113,0.046093,0.213431,-0.007613,0.013786,0.159794,-0.012430,0.000058,0.149744,-0.032398,-0.008439,0.120047,-0.039543,0.017609,0.191945,-0.091795,0.012957,0.149423,-0.135986,0.002691,0.120942
-0.037150,0.041625,0.204800,-0.029838,0.035758,0.178814,-0.080460,-0.009165,0.054414,-0.004882,0.004031,0.001803,-0.069226,0.034653,0.216237,-0.131542,0.036663,0.063136,-0.014555,-0.001144,-0.010590,-0.034137,0.042404,0.202094,-0.012866,0.011696,0.154850,-0.011668,-0.008038,0.145567,-0.029081,-0.016893,0.118303,-0.043519,0.015128,0.182682,-0.090890,0.008467,0.144108,-0.128847,-0.002256,0.118792
-0.040850,0.037425,0.188575,-0.031830,0.030861,0.161115,-0.077995,-0.009871,0.050370,-0.004001,0.002626,-0.000255,-0.068775,0.029974,0.198742,-0.127519,0.032033,0.058599,-0.015469,-0.004648,-0.010437,-0.039016,0.038485,0.186947,-0.019542,0.009773,0.152577,-0.009294,-0.015970,0.146032,-0.020807,-0.026288,0.125664,-0.049987,0.013099,0.178295,-0.088363,0.003934,0.146546,-0.116441,-0.008415,0.126388
-0.043225,0.034975,0.176400,-0.032945,0.027833,0.147897,-0.075452,-0.009175,0.048258,-0.002223,0.001858,-0.000900,-0.067906,0.027169,0.185202,-0.124621,0.031634,0.052534,-0.018003,-0.003971,-0.011807,-0.042314,0.036313,0.175622,-0.024295,0.008926,0.154251,-0.005388,-0.023914,0.149739,-0.010760,-0.038006,0.136768,-0.055734,0.012604,0.181105,-0.084298,-0.000644,0.156213,-0.102965,-0.017255,0.140825
-0.043325,0.033500,0.157225,-0.031554,0.025475,0.128151,-0.066174,-0.007633,0.047105,0.005601,0.003385,-0.000162,-0.063919,0.024992,0.165480,-0.115273,0.028178,0.048480,-0.013809,-0.006272,-0.011436,-0.043402,0.035178,0.157361,-0.027803,0.010797,0.147310,-0.005465,-0.024393,0.143999,-0.007565,-0.039521,0.134859,-0.057317,0.013834,0.169649,-0.079479,0.000735,0.149862,-0.093286,-0.016708,0.137002
-0.043600,0.031250,0.136425,-0.030840,0.022274,0.106829,-0.057957,-0.006343,0.043237,0.009427,0.003971,-0.000253,-0.059432,0.021926,0.144073,-0.104207,0.023563,0.044718,-0.009414,-0.009783,-0.010150,-0.044685,0.033349,0.137495,-0.032175,0.012990,0.137969,-0.009421,-0.022180,0.135170,-0.009345,-0.038165,0.128718,-0.058394,0.015170,0.154926,-0.075653,0.003445,0.139309,-0.086322,-0.014035,0.128221
-0.046400,0.026425,0.119375,-0.033878,0.016659,0.088887,-0.058464,-0.006440,0.033070,-0.000640,0.000420,-0.003396,-0.056931,0.016385,0.125453,-0.096005,0.019689,0.039517,-0.011241,-0.012548,-0.008883,-0.048474,0.029050,0.121360,-0.039431,0.013163,0.132518,-0.016678,-0.021893,0.130003,-0.013294,-0.040979,0.128054,-0.062486,0.015079,0.148003,-0.074265,0.002939,0.136488,-0.080277,-0.016129,0.128078
-0.048350,0.019050,0.097625,-0.035950,0.008671,0.066936,-0.055579,-0.008302,0.023413,-0.004768,-0.004989,-0.007597,-0.052726,0.008434,0.101792,-0.084432,0.010947,0.033156,-0.011852,-0.018152,-0.007685,-0.051528,0.022185,0.100620,-0.046098,0.010978,0.121009,-0.025339,-0.021396,0.118721,-0.018499,-0.044044,0.121820,-0.065477,0.012546,0.134858,-0.073190,0.000220,0.126403,-0.074417,-0.018996,0.120980
-0.048500,0.012825,0.082075,-0.036032,0.002250,0.051998,-0.050830,-0.011185,0.019207,-0.000867,-0.009687,-0.010478,-0.048990,0.002075,0.084977,-0.075674,0.001471,0.028957,-0.011169,-0.023807,-0.006717,-0.052349,0.016202,0.085666,-0.049114,0.007582,0.109150,-0.033538,-0.020929,0.105536,-0.024629,-0.049004,0.112325,-0.065973,0.008855,0.122080,-0.072946,-0.005012,0.113853,-0.071346,-0.024048,0.110484
-0.045800,0.013300,0.062825,-0.034547,0.003342,0.035151,-0.045918,-0.004554,0.011055,-0.007099,-0.007630,-0.011039,-0.042187,0.003175,0.064124,-0.062153,-0.002091,0.024390,-0.009178,-0.021300,-0.004478,-0.050042,0.016749,0.066747,-0.049726,0.012038,0.092376,-0.039297,-0.012238,0.087560,-0.026869,-0.046588,0.100229,-0.063125,0.013694,0.108099,-0.069361,-0.003393,0.099720,-0.062968,-0.022694,0.099555
-0.042950,0.014200,0.046775,-0.033265,0.005110,0.022086,-0.041338,0.002133,0.006092,-0.011786,-0.004063,-0.009902,-0.035561,0.004927,0.046332,-0.049096,-0.002788,0.021168,-0.006307,-0.015981,-0.001798,-0.047443,0.017653,0.050894,-0.050513,0.017759,0.077588,-0.045697,-0.001625,0.071510,-0.029446,-0.041916,0.090659,-0.059601,0.020054,0.097493,-0.065960,-0.001340,0.088102,-0.053868,-0.020662,0.091685
-0.042600,0.009300,0.040800,-0.033884,0.000757,0.018448,-0.037458,-0.000541,0.011430,-0.003023,-0.004248,-0.007667,-0.032289,0.000557,0.038693,-0.041608,-0.003672,0.021051,-0.002776,-0.013238,0.000495,-0.047345,0.012791,0.045114,-0.054031,0.018221,0.071673,-0.055942,0.004512,0.063935,-0.036902,-0.040262,0.088268,-0.058042,0.020984,0.094854,-0.066212,-0.005547,0.083063,-0.048427,-0.024110,0.090405
-0.039700,0.006950,0.034850,-0.031573,-0.000236,0.015282,-0.033508,0.000790,0.012206,-0.001256,0.002473,-0.006534,-0.028146,-0.000423,0.031295,-0.033774,-0.005398,0.021605,-0.000706,-0.010463,0.004295,-0.044454,0.010038,0.039132,-0.053170,0.018257,0.062689,-0.063376,0.009404,0.051880,-0.044305,-0.039599,0.077762,-0.054032,0.021096,0.087467,-0.066508,-0.013034,0.070984,-0.044457,-0.031348,0.081194
-0.035700,0.008275,0.031925,-0.027479,0.002545,0.014216,-0.031460,0.005347,0.008086,-0.007384,0.012668,-0.007003,-0.025193,0.002414,0.027877,-0.029529,-0.007199,0.022612,-0.001123,-0.009167,0.007815,-0.040220,0.010728,0.035956,-0.048740,0.017934,0.055012,-0.068054,0.012484,0.039967,-0.051925,-0.040848,0.063382,-0.049796,0.020274,0.078914,-0.068223,-0.024074,0.056139,-0.043511,-0.043147,0.068197
-0.031300,0.007700,0.035825,-0.022412,0.002572,0.018527,-0.025018,0.005016,0.014788,-0.000330,0.015140,-0.001203,-0.019511,0.002456,0.029638,-0.023759,-0.001866,0.022573,0.005515,-0.000497,0.007595,-0.036266,0.009914,0.040213,-0.046133,0.017635,0.065499,-0.070740,0.017483,0.049608,-0.055971,-0.036149,0.072125,-0.047061,0.018473,0.083456,-0.067378,-0.033775,0.058078,-0.036669,-0.051386,0.073904
-0.025450,0.005800,0.043550,-0.015850,0.000750,0.025578,-0.017798,0.002135,0.022632,0.010544,0.013082,0.004376,-0.012059,0.000634,0.035177,-0.017471,0.003742,0.022938,0.015205,0.006822,0.006424,-0.031008,0.007974,0.048422,-0.042723,0.016770,0.082689,-0.071462,0.021466,0.066558,-0.058661,-0.030912,0.087130,-0.043254,0.015880,0.093523,-0.064244,-0.042661,0.066964,-0.029536,-0.059424,0.085442
-0.017050,0.003100,0.052075,-0.007250,-0.002075,0.032706,-0.013405,-0.001020,0.021921,0.015852,0.009644,0.003197,-0.003744,-0.002179,0.043055,-0.011621,0.002756,0.025114,0.023985,0.004002,0.007029,-0.022805,0.005239,0.057081,-0.035790,0.014696,0.095136,-0.069965,0.021839,0.076891,-0.061493,-0.030148,0.092493,-0.035695,0.012646,0.101549,-0.058988,-0.051003,0.072978,-0.026768,-0.069853,0.090398
-0.011700,-0.002325,0.066150,-0.002423,-0.007471,0.045578,-0.014432,-0.007785,0.023587,0.018877,0.003466,0.002481,0.001533,-0.007576,0.055632,-0.011472,0.000501,0.026148,0.027382,0.001137,0.006326,-0.017594,-0.000205,0.071237,-0.031851,0.009962,0.113775,-0.069587,0.019092,0.094466,-0.064732,-0.032335,0.106206,-0.031293,0.007050,0.116867,-0.055392,-0.057721,0.088212,-0.028514,-0.079322,0.103009
-0.012050,-0.007750,0.078775,-0.003740,-0.012736,0.057822,-0.020349,-0.014781,0.026879,0.018170,-0.002372,0.002721,0.001171,-0.012850,0.066682,-0.017129,-0.001916,0.025595,0.023667,-0.000330,0.004799,-0.017962,-0.005623,0.083838,-0.033131,0.005019,0.129199,-0.072812,0.015314,0.109508,-0.070627,-0.036231,0.118965,-0.032410,0.001888,0.131734,-0.056357,-0.060761,0.104235,-0.036741,-0.085608,0.115360
-0.011675,-0.010025,0.096150,-0.005210,-0.014869,0.074902,-0.028336,-0.017806,0.032045,0.013373,-0.006789,0.006611,0.001698,-0.015016,0.082217,-0.023186,-0.000505,0.026996,0.020727,-0.000144,0.004749,-0.017511,-0.007797,0.101113,-0.033005,0.003630,0.141501,-0.076387,0.014662,0.120222,-0.077888,-0.037398,0.126264,-0.030720,0.000990,0.146375,-0.057112,-0.057088,0.118548,-0.048287,-0.084571,0.123977
-0.009825,-0.010425,0.112350,-0.005038,-0.015016,0.090702,-0.035708,-0.018822,0.034344,0.007777,-0.008745,0.008308,0.003209,-0.015185,0.096853,-0.028350,0.000743,0.028451,0.018409,-0.001374,0.004892,-0.015527,-0.008175,0.117163,-0.031146,0.004279,0.150493,-0.077308,0.016348,0.128374,-0.081347,-0.035980,0.132555,-0.026931,0.002557,0.159368,-0.055668,-0.049186,0.131458,-0.056631,-0.077481,0.131785
-0.005775,-0.010250,0.121550,-0.001456,-0.014331,0.099236,-0.039867,-0.019764,0.029206,0.004616,-0.007133,0.002147,0.005760,-0.014474,0.105276,-0.031397,-0.002147,0.028097,0.016447,-0.006990,0.004006,-0.011319,-0.008235,0.126194,-0.027311,0.005413,0.156034,-0.072987,0.019269,0.135415,-0.076691,-0.032498,0.141379,-0.021808,0.004738,0.169308,-0.050180,-0.039550,0.143260,-0.056369,-0.066355,0.141120
-0.004675,-0.009050,0.132950,-0.000519,-0.012451,0.110098,-0.046309,-0.021078,0.026879,0.001127,-0.005376,-0.002262,0.004927,-0.012553,0.115588,-0.039007,-0.002581,0.027286,0.011696,-0.008721,0.001864,-0.010059,-0.007349,0.137426,-0.025653,0.006483,0.162294,-0.070514,0.021606,0.143110,-0.073601,-0.029874,0.151079,-0.019850,0.007083,0.181030,-0.047930,-0.030559,0.156539,-0.057803,-0.055329,0.152707
-0.007050,-0.007400,0.140850,-0.002668,-0.010305,0.117881,-0.051979,-0.022186,0.028624,-0.001090,-0.004470,-0.002490,0.001133,-0.010369,0.122682,-0.047665,-0.000421,0.026585,0.006272,-0.005735,-0.000187,-0.012358,-0.005934,0.145231,-0.026984,0.006978,0.166111,-0.070676,0.023938,0.148807,-0.072924,-0.026555,0.158724,-0.021916,0.008544,0.188747,-0.049139,-0.022124,0.166128,-0.061040,-0.043702,0.161434
-0.010150,-0.007525,0.149175,-0.005576,-0.009647,0.126155,-0.059412,-0.023795,0.029862,-0.005811,-0.004203,-0.002711,-0.002618,-0.009697,0.129778,-0.054610,-0.000690,0.029697,0.004043,-0.006038,0.001001,-0.015533,-0.006392,0.153585,-0.029862,0.006107,0.174515,-0.071401,0.026341,0.160295,-0.071747,-0.021238,0.173009,-0.025229,0.008128,0.198393,-0.049560,-0.013764,0.179145,-0.061065,-0.030582,0.174873
-0.011150,-0.008250,0.156550,-0.006196,-0.009605,0.133416,-0.063992,-0.025625,0.031462,-0.008057,-0.004285,-0.002287,-0.003806,-0.009648,0.135788,-0.058165,-0.001034,0.033284,0.005079,-0.006963,0.002807,-0.016729,-0.007438,0.161087,-0.031094,0.004794,0.184310,-0.070040,0.028361,0.173420,-0.068006,-0.015559,0.189217,-0.026902,0.007064,0.208363,-0.046768,-0.005001,0.193557,-0.056934,-0.017398,0.190131
-0.007175,-0.008400,0.161600,-0.001449,-0.009320,0.138153,-0.061095,-0.027439,0.034244,-0.002856,-0.004573,-0.000578,0.000127,-0.009348,0.139646,-0.056721,0.000886,0.034018,0.009343,-0.005823,0.002644,-0.013035,-0.007783,0.166331,-0.027451,0.004024,0.192234,-0.063961,0.029631,0.183946,-0.059743,-0.011066,0.202452,-0.023990,0.006642,0.217014,-0.038583,0.004488,0.207093,-0.048011,-0.005635,0.204057
-0.006375,-0.009200,0.168300,0.000155,-0.009479,0.144097,-0.063714,-0.029222,0.034758,0.000523,-0.005395,-0.002886,0.001389,-0.009503,0.144147,-0.059541,0.001587,0.033047,0.010187,-0.005490,0.000351,-0.012729,-0.008831,0.173390,-0.026609,0.001375,0.202047,-0.061776,0.028389,0.195436,-0.056671,-0.009423,0.214762,-0.024754,0.003958,0.225961,-0.034599,0.012111,0.220577,-0.045424,0.002551,0.216619
-0.009200,-0.010250,0.173300,-0.002256,-0.009991,0.148339,-0.071119,-0.030069,0.033081,-0.000112,-0.006330,-0.007516,-0.000724,-0.010026,0.147084,-0.065746,0.000736,0.031173,0.006741,-0.006080,-0.002437,-0.016025,-0.010065,0.178723,-0.029119,-0.001861,0.208796,-0.065194,0.025706,0.202217,-0.061297,-0.009622,0.219359,-0.028802,0.000398,0.230784,-0.035796,0.017805,0.228543,-0.050892,0.006787,0.221953
-0.006225,-0.010825,0.177775,0.001848,-0.010289,0.151219,-0.071168,-0.030911,0.031664,0.000456,-0.008046,-0.008510,0.004355,-0.010345,0.149210,-0.062488,0.001824,0.032091,0.004850,-0.005153,0.001240,-0.013947,-0.010722,0.183855,-0.028499,-0.003056,0.227381,-0.061079,0.025874,0.223604,-0.055245,-0.005694,0.242379,-0.030336,-0.001780,0.244934,-0.029669,0.023744,0.248909,-0.043775,0.011058,0.242680
-0.001050,-0.011850,0.181300,0.008131,-0.011112,0.153254,-0.068813,-0.031339,0.030317,0.000714,-0.008794,-0.008167,0.011441,-0.011186,0.150635,-0.057606,0.001374,0.032124,0.003876,-0.007038,0.004281,-0.009614,-0.011816,0.187980,-0.026077,-0.004194,0.244588,-0.056808,0.025253,0.242308,-0.050445,-0.003086,0.260692,-0.029623,-0.004081,0.257452,-0.023517,0.024729,0.265557,-0.037780,0.008309,0.259019
0.002650,-0.014225,0.183500,0.012180,-0.013158,0.155022,-0.069151,-0.030845,0.028983,-0.000949,-0.006591,-0.008615,0.015266,-0.013226,0.151494,-0.059119,-0.003939,0.027729,0.003041,-0.015933,-0.000191,-0.006225,-0.014341,0.190350,-0.023155,-0.007263,0.247337,-0.059679,0.020258,0.241279,-0.058679,-0.007063,0.251468,-0.026873,-0.007995,0.257508,-0.024151,0.016394,0.262828,-0.046482,-0.008044,0.251504
0.003700,-0.016050,0.186800,0.014311,-0.014545,0.157310,-0.071708,-0.030747,0.027640,-0.004243,-0.004302,-0.009483,0.017128,-0.014607,0.152691,-0.062284,-0.005684,0.023668,-0.001572,-0.019728,-0.003360,-0.005829,-0.016368,0.194073,-0.023867,-0.009714,0.255342,-0.065442,0.015839,0.245939,-0.069510,-0.010618,0.248261,-0.028449,-0.011663,0.261764,-0.028789,0.003086,0.263694,-0.058675,-0.032467,0.248072
0.001625,-0.016400,0.189525,0.013470,-0.014566,0.159050,-0.075901,-0.031004,0.027393,-0.008168,-0.003107,-0.009650,0.016148,-0.014623,0.153712,-0.066060,-0.002915,0.022388,-0.008156,-0.016415,-0.003099,-0.008590,-0.016868,0.197232,-0.028348,-0.010210,0.264353,-0.075337,0.012401,0.251025,-0.085040,-0.013835,0.244814,-0.034018,-0.013352,0.267757,-0.037673,-0.013890,0.265245,-0.077161,-0.066868,0.244612
0.003300,-0.015750,0.192675,0.016326,-0.014042,0.160846,-0.076036,-0.028820,0.028459,-0.005619,0.002118,-0.009810,0.019375,-0.014104,0.155843,-0.064136,-0.000483,0.024899,-0.002126,-0.015980,-0.002088,-0.007641,-0.016182,0.200826,-0.029938,-0.009243,0.276838,-0.082543,0.010095,0.259405,-0.098508,-0.016020,0.243866,-0.037151,-0.013836,0.276750,-0.044481,-0.035184,0.268780,-0.096700,-0.112911,0.242210
0.006100,-0.015125,0.196200,0.020318,-0.013633,0.162998,-0.074967,-0.027257,0.029943,-0.001385,0.005633,-0.009566,0.023468,-0.013695,0.158606,-0.061798,0.000898,0.027697,0.005563,-0.017086,-0.001262,-0.005515,-0.015494,0.204741,-0.030375,-0.008475,0.288654,-0.090821,0.006455,0.265591,-0.115375,-0.020418,0.237931,-0.039695,-0.014659,0.285501,-0.055354,-0.066408,0.267949,-0.124743,-0.175313,0.234462
0.007500,-0.015475,0.200125,0.022961,-0.013905,0.165921,-0.075588,-0.029171,0.031075,-0.000361,0.001911,-0.008401,0.025183,-0.013948,0.161592,-0.064363,0.000719,0.027367,0.003860,-0.018115,-0.001508,-0.004645,-0.015918,0.208931,-0.031246,-0.009477,0.295742,-0.103251,-0.000674,0.264587,-0.139844,-0.029883,0.220888,-0.043513,-0.017340,0.290704,-0.078123,-0.115297,0.255522,-0.165679,-0.254895,0.216342
0.012175,-0.014175,0.204375,0.028806,-0.012359,0.169500,-0.072752,-0.030023,0.033141,0.003455,-0.001479,-0.005895,0.030158,-0.012383,0.164856,-0.063384,0.002209,0.027998,0.006980,-0.016050,-0.001257,-0.000466,-0.014732,0.213408,-0.028367,-0.009043,0.300663,-0.113156,-0.007281,0.260804,-0.162906,-0.039813,0.200561,-0.044879,-0.018835,0.294476,-0.111922,-0.182580,0.233526,-0.207043,-0.339711,0.195196
0.017775,-0.011900,0.206800,0.034919,-0.009790,0.172049,-0.068650,-0.029342,0.035751,0.007511,-0.002822,-0.002426,0.035919,-0.009806,0.166884,-0.060005,0.004660,0.029888,0.012801,-0.011878,0.000168,0.004887,-0.012552,0.215871,-0.023881,-0.007314,0.300775,-0.120989,-0.012436,0.253033,-0.182801,-0.048560,0.178708,-0.045407,-0.019246,0.293911,-0.160707,-0.265789,0.201980,-0.242925,-0.416397,0.173446
0.015925,-0.012375,0.209325,0.033888,-0.010668,0.172940,-0.073876,-0.032471,0.034065,0.002577,-0.007206,-0.003549,0.035889,-0.010698,0.168203,-0.064490,0.006432,0.027736,0.009554,-0.010689,-0.001997,0.002227,-0.012827,0.218816,-0.028612,-0.007423,0.308968,-0.130037,-0.016043,0.259088,-0.196025,-0.053728,0.181114,-0.056380,-0.022088,0.298701,-0.227075,-0.353458,0.182243,-0.267610,-0.469675,0.173613
0.012575,-0.012725,0.213375,0.031186,-0.011694,0.174802,-0.082573,-0.035623,0.031466,-0.005077,-0.010025,-0.006100,0.034635,-0.011746,0.170907,-0.072015,0.008196,0.024815,0.002222,-0.009840,-0.004549,-0.002040,-0.012872,0.223339,-0.035159,-0.007009,0.321547,-0.133134,-0.016223,0.274486,-0.194857,-0.054261,0.203376,-0.068762,-0.024045,0.307210,-0.292893,-0.421332,0.181413,-0.275557,-0.486642,0.196518
0.013650,-0.010100,0.220300,0.032238,-0.009587,0.180196,-0.088974,-0.034951,0.031343,-0.009248,-0.006572,-0.006907,0.036702,-0.009655,0.176999,-0.077822,0.010651,0.024354,-0.004339,-0.006748,-0.004311,-0.001531,-0.010032,0.230471,-0.036315,-0.003659,0.334720,-0.125567,-0.011745,0.293275,-0.176715,-0.049970,0.236166,-0.073079,-0.021757,0.317519,-0.332351,-0.443106,0.202042,-0.264037,-0.458222,0.236371
0.020325,-0.007750,0.226450,0.038603,-0.008294,0.184481,-0.088670,-0.035830,0.031962,-0.004321,-0.004245,-0.007901,0.045565,-0.008398,0.182466,-0.076158,0.013390,0.024378,-0.001089,-0.004722,-0.004460,0.004413,-0.007215,0.236922,-0.031922,-0.000723,0.348451,-0.108732,-0.005853,0.314621,-0.145785,-0.043641,0.274654,-0.068122,-0.018682,0.327643,-0.324086,-0.407067,0.239796,-0.229715,-0.385179,0.282648
0.029275,-0.006900,0.228775,0.047145,-0.008507,0.185745,-0.082661,-0.037943,0.033959,0.006559,-0.004544,-0.007326,0.056840,-0.008647,0.184827,-0.068722,0.014948,0.025859,0.009606,-0.004779,-0.003709,0.012784,-0.005886,0.239426,-0.024563,0.000247,0.355828,-0.090550,-0.002904,0.328062,-0.116211,-0.041182,0.301271,-0.055946,-0.016087,0.332554,-0.264089,-0.319999,0.278514,-0.175880,-0.281828,0.316056
0.030750,-0.003475,0.232100,0.050332,-0.005353,0.187482,-0.084613,-0.035019,0.034142,0.005035,0.003094,-0.007087,0.059704,-0.005480,0.186919,-0.073300,0.017326,0.023670,0.004550,-0.004344,-0.005286,0.013276,-0.002487,0.243157,-0.026320,0.001572,0.373106,-0.081025,0.002970,0.352443,-0.097695,-0.033626,0.334650,-0.051006,-0.013686,0.340743,-0.171804,-0.196261,0.317928,-0.107011,-0.155482,0.342284
0.032775,-0.001900,0.234900,0.054801,-0.003800,0.188496,-0.085987,-0.033023,0.033221,0.001945,0.008721,-0.006984,0.063426,-0.003907,0.187978,-0.077277,0.016982,0.020769,-0.001657,-0.005480,-0.006935,0.014067,-0.001046,0.246486,-0.028370,0.000350,0.391817,-0.072996,0.005124,0.376993,-0.084112,-0.030388,0.364060,-0.045981,-0.013753,0.349911,-0.065209,-0.068126,0.351632,-0.026351,-0.033375,0.361776
0.043350,-0.006650,0.235600,0.067162,-0.008879,0.187545,-0.078217,-0.038053,0.031854,0.008207,0.002103,-0.006844,0.077302,-0.008998,0.187224,-0.067938,0.010215,0.020080,0.005698,-0.010596,-0.006416,0.023302,-0.005645,0.247730,-0.021846,-0.006340,0.403466,-0.058050,-0.002740,0.391509,-0.066510,-0.040440,0.381106,-0.033794,-0.018540,0.357907,0.034089,0.031526,0.378532,0.054723,0.056848,0.378780
0.049950,-0.005950,0.237325,0.075759,-0.008474,0.187678,-0.074058,-0.035717,0.032296,0.011095,0.003818,-0.005154,0.087669,-0.008607,0.187622,-0.059945,0.011116,0.022567,0.013375,-0.007855,-0.003275,0.028461,-0.004833,0.250009,-0.020261,-0.007507,0.417558,-0.048615,-0.004003,0.408649,-0.055590,-0.042497,0.399330,-0.028826,-0.019360,0.365246,0.091974,0.093381,0.399703,0.107514,0.115198,0.396748
0.049275,-0.000150,0.239200,0.076356,-0.002797,0.189128,-0.076644,-0.027402,0.035575,0.008211,0.012508,-0.001125,0.089385,-0.002932,0.189335,-0.058433,0.019056,0.028347,0.016461,0.001226,0.002516,0.026904,0.000976,0.252062,-0.025350,-0.002666,0.426632,-0.050023,-0.000578,0.418536,-0.059373,-0.039791,0.406155,-0.032619,-0.015257,0.368052,0.095657,0.102277,0.408332,0.115582,0.123001,0.407477
0.051175,0.002550,0.241775,0.081051,0.000006,0.190288,-0.076902,-0.023770,0.036623,0.011821,0.018043,-0.000943,0.094912,-0.000120,0.189964,-0.058264,0.021295,0.028235,0.016124,0.003237,0.003063,0.027146,0.003603,0.255197,-0.030850,-0.001481,0.443313,-0.050129,-0.000839,0.436591,-0.061672,-0.039731,0.421407,-0.041142,-0.016169,0.376312,0.063845,0.056581,0.415492,0.100082,0.078126,0.423620
0.053550,0.004050,0.243400,0.086073,0.001639,0.190484,-0.078376,-0.023083,0.035141,0.011592,0.019987,-0.002245,0.100830,0.001524,0.189621,-0.059176,0.021478,0.026021,0.013893,0.003074,0.001735,0.027850,0.005014,0.257333,-0.036626,-0.001353,0.458755,-0.052665,-0.002182,0.452591,-0.068137,-0.039622,0.432615,-0.050434,-0.018600,0.382550,0.017639,-0.011187,0.414962,0.071418,0.011883,0.433218
0.054300,0.006325,0.242325,0.087605,0.003847,0.188908,-0.084743,-0.023621,0.030703,-0.003002,0.017792,-0.002908,0.103721,0.003739,0.188327,-0.060814,0.023286,0.025286,0.011389,0.005699,0.001704,0.027689,0.007260,0.256291,-0.042400,0.000416,0.463966,-0.060252,-0.001586,0.456665,-0.082061,-0.036461,0.429119,-0.056059,-0.018754,0.379527,-0.019039,-0.061411,0.404595,0.042315,-0.038474,0.428013
0.057800,0.004375,0.243175,0.092567,0.001844,0.189150,-0.085936,-0.027709,0.030095,-0.004525,0.013441,-0.002687,0.110314,0.001752,0.188304,-0.060338,0.021911,0.024356,0.010251,0.004174,0.001687,0.029918,0.005310,0.257316,-0.047034,-0.002102,0.473910,-0.063846,-0.004411,0.466895,-0.087975,-0.036090,0.436580,-0.058704,-0.022148,0.382560,-0.027634,-0.080049,0.407494,0.034713,-0.061416,0.432934
0.062275,-0.000800,0.245600,0.098626,-0.003340,0.191660,-0.082352,-0.033643,0.035392,0.006936,0.008332,0.000561,0.117419,-0.003403,0.190254,-0.059184,0.017707,0.025777,0.009909,-0.001404,0.003964,0.033297,0.000145,0.259778,-0.050149,-0.007852,0.482804,-0.064934,-0.011218,0.476059,-0.088763,-0.040889,0.446620,-0.058802,-0.027434,0.388808,-0.015984,-0.075498,0.418751,0.042737,-0.065071,0.443926
0.066075,-0.000525,0.246625,0.103460,-0.002610,0.192629,-0.088393,-0.034458,0.032472,0.001803,0.009779,-0.002067,0.122933,-0.002644,0.190544,-0.062556,0.017334,0.023711,0.004084,-0.001552,0.002985,0.036086,0.000243,0.260749,-0.052272,-0.009055,0.485988,-0.066610,-0.012889,0.479216,-0.089786,-0.040863,0.451283,-0.058248,-0.027855,0.390881,-0.004736,-0.064661,0.425132,0.053223,-0.055973,0.451230
0.069900,0.001325,0.246925,0.107737,-0.000164,0.193230,-0.096561,-0.034227,0.028350,-0.006752,0.011350,-0.005349,0.128101,-0.000164,0.190304,-0.066543,0.018607,0.021316,-0.001061,-0.000191,0.001282,0.039075,0.001861,0.260879,-0.054847,-0.007988,0.487911,-0.069452,-0.010607,0.481643,-0.090667,-0.035560,0.456245,-0.058429,-0.026410,0.391547,-0.007858,-0.070830,0.426273,0.061978,-0.045316,0.459656
0.074325,0.001025,0.247300,0.112072,-0.000029,0.194753,-0.099227,-0.036970,0.029986,-0.005385,0.006644,-0.004007,0.134051,0.000015,0.190811,-0.067314,0.019423,0.021957,0.000632,-0.001012,0.001603,0.042916,0.001391,0.260937,-0.059641,-0.006997,0.493050,-0.073480,-0.005592,0.488946,-0.089543,-0.024750,0.468589,-0.059989,-0.025722,0.393969,-0.027760,-0.099479,0.425012,0.067552,-0.033970,0.473249
0.079225,0.000825,0.247425,0.117756,0.000550,0.196233,-0.100312,-0.039654,0.032026,-0.001594,0.005209,-0.002689,0.139557,0.000637,0.191189,-0.067616,0.020598,0.023476,0.002603,0.001041,0.002849,0.047277,0.000896,0.260710,-0.060691,-0.007851,0.492748,-0.073317,-0.004021,0.490207,-0.083734,-0.020709,0.476499,-0.062604,-0.026590,0.395173,-0.062801,-0.143981,0.418381,0.057617,-0.029664,0.482844
0.082200,0.000800,0.247275,0.122136,0.001261,0.197629,-0.100547,-0.041345,0.035970,0.001662,0.006495,0.000914,0.142078,0.001383,0.192057,-0.068505,0.021187,0.027678,0.002672,0.003935,0.007144,0.049924,0.000576,0.260106,-0.059430,-0.010370,0.486068,-0.070615,-0.004730,0.484872,-0.074859,-0.021787,0.479275,-0.066130,-0.028693,0.393158,-0.103375,-0.184724,0.406667,0.030424,-0.028078,0.483312
0.085875,0.002200,0.244425,0.125707,0.003483,0.196376,-0.107921,-0.040748,0.033480,-0.009605,0.005786,0.000521,0.144834,0.003635,0.190090,-0.072238,0.022979,0.026947,0.000465,0.003443,0.006410,0.053499,0.001664,0.256711,-0.057775,-0.009112,0.475386,-0.067623,-0.000068,0.476242,-0.064142,-0.016377,0.479941,-0.066095,-0.026722,0.388107,-0.131611,-0.201409,0.394269,0.003803,-0.018730,0.478533
0.089625,0.005125,0.241950,0.128824,0.007279,0.195659,-0.116741,-0.039063,0.031324,-0.018537,0.005828,-0.000636,0.147782,0.007467,0.188369,-0.076694,0.026206,0.026058,-0.001023,0.002965,0.005170,0.057196,0.004287,0.253677,-0.056383,-0.005846,0.465627,-0.065450,0.007159,0.468619,-0.055053,-0.007940,0.480403,-0.064898,-0.022383,0.384715,-0.143607,-0.195651,0.387805,-0.013395,-0.007302,0.476712
0.092900,0.009775,0.243050,0.131968,0.012826,0.198792,-0.121084,-0.037345,0.036311,-0.007870,0.009251,0.000991,0.150965,0.013057,0.190109,-0.079629,0.031228,0.029894,0.001318,0.005942,0.008084,0.060276,0.008673,0.254274,-0.055750,-0.002282,0.461966,-0.063561,0.014471,0.467174,-0.047684,0.000253,0.485445,-0.065685,-0.017570,0.387487,-0.143516,-0.176551,0.391352,-0.019805,0.002062,0.483625
0.096700,0.013975,0.242725,0.136377,0.018129,0.200325,-0.126601,-0.036479,0.038612,0.000443,0.011479,0.000575,0.153700,0.018388,0.190065,-0.087515,0.034528,0.029527,-0.001662,0.006095,0.006981,0.063781,0.012500,0.253475,-0.053796,0.000059,0.456345,-0.061118,0.019674,0.463116,-0.041722,0.005872,0.485771,-0.065967,-0.013867,0.388871,-0.136606,-0.154132,0.394497,-0.020067,0.007648,0.488251
0.099125,0.015600,0.241125,0.139901,0.020539,0.200297,-0.132236,-0.037179,0.040507,0.000729,0.010256,0.002287,0.154735,0.020809,0.189105,-0.097873,0.034258,0.028379,-0.009921,0.002535,0.005922,0.065875,0.013807,0.251405,-0.053407,-0.000279,0.450260,-0.061049,0.023463,0.458952,-0.038860,0.012211,0.484320,-0.066495,-0.013187,0.386825,-0.128703,-0.133439,0.393274,-0.019107,0.013637,0.487361
0.106125,0.017675,0.237900,0.146513,0.023552,0.199203,-0.135208,-0.037280,0.041697,0.006799,0.008359,0.002756,0.161850,0.023872,0.186549,-0.096852,0.041702,0.028488,-0.003792,0.010228,0.005430,0.072635,0.015586,0.247675,-0.048054,0.001105,0.441083,-0.056794,0.028088,0.451044,-0.032364,0.020115,0.478187,-0.060901,-0.010864,0.381845,-0.116441,-0.114328,0.388261,-0.013258,0.021305,0.482111
0.113700,0.018775,0.233325,0.153581,0.025282,0.196569,-0.137947,-0.037987,0.041809,0.012789,0.006629,0.002421,0.169456,0.025647,0.183115,-0.094075,0.047225,0.028821,0.005496,0.016388,0.004920,0.080042,0.016486,0.242572,-0.041885,0.001287,0.431027,-0.051063,0.030829,0.442190,-0.024326,0.026699,0.470960,-0.054764,-0.009903,0.374952,-0.105314,-0.099949,0.380874,-0.006977,0.027795,0.475281
0.117875,0.017475,0.227600,0.158497,0.023870,0.191925,-0.143044,-0.040248,0.040620,0.012599,0.006367,0.001893,0.171889,0.024214,0.179430,-0.099491,0.041423,0.028483,0.006228,0.008261,0.004026,0.084113,0.015160,0.236302,-0.038980,-0.002661,0.422149,-0.046674,0.029143,0.435046,-0.017143,0.029130,0.465920,-0.053581,-0.013301,0.366983,-0.099988,-0.092434,0.372355,-0.004293,0.030176,0.468963
0.116125,0.018100,0.217575,0.157650,0.023667,0.182647,-0.150102,-0.041832,0.036846,0.006529,0.004503,-0.000186,0.168005,0.023955,0.172356,-0.108988,0.038587,0.025949,0.000227,0.005077,0.001607,0.082438,0.015974,0.225695,-0.041738,-0.003471,0.408008,-0.048880,0.030119,0.422125,-0.017021,0.035074,0.454299,-0.056372,-0.013654,0.353072,-0.100311,-0.083713,0.357365,-0.007304,0.036122,0.456205
0.109350,0.020350,0.208325,0.151528,0.024799,0.174311,-0.157130,-0.042162,0.036529,-0.003667,0.001011,0.002167,0.159883,0.025037,0.166383,-0.119082,0.039970,0.026165,-0.010655,0.007802,0.002909,0.075808,0.018519,0.215857,-0.050374,-0.000907,0.394496,-0.057813,0.034515,0.409595,-0.023470,0.045560,0.442906,-0.062352,-0.010734,0.339028,-0.104254,-0.072595,0.342091,-0.013874,0.046680,0.443447
0.115300,0.021800,0.192225,0.158515,0.025270,0.159327,-0.149088,-0.040691,0.030341,-0.003170,-0.000131,-0.000665,0.163686,0.025431,0.153460,-0.118081,0.040256,0.019035,-0.008378,0.009056,-0.003536,0.082025,0.020268,0.199161,-0.044021,-0.002654,0.374913,-0.049781,0.033330,0.391042,-0.013164,0.047505,0.426468,-0.058177,-0.012084,0.318622,-0.098747,-0.068322,0.320881,-0.009658,0.048644,0.425668
0.123700,0.021800,0.174425,0.167867,0.024429,0.142953,-0.135908,-0.039118,0.023607,0.001298,-0.000676,-0.004037,0.169788,0.024511,0.138808,-0.112903,0.039012,0.010982,-0.003154,0.007878,-0.010609,0.090847,0.020544,0.180752,-0.034665,-0.006445,0.353781,-0.038543,0.029935,0.370935,0.000674,0.046047,0.409456,-0.051813,-0.015467,0.296567,-0.091115,-0.067200,0.298273,-0.002649,0.047243,0.407130
0.124225,0.019750,0.160175,0.168815,0.021692,0.130516,-0.127469,-0.039103,0.021524,0.003061,-0.002366,-0.003433,0.168492,0.021715,0.127682,-0.110441,0.035867,0.008263,-0.005155,0.003614,-0.011449,0.091985,0.018712,0.165888,-0.034243,-0.010009,0.335721,-0.037866,0.027662,0.353826,0.004789,0.046380,0.396343,-0.051233,-0.018651,0.277756,-0.088806,-0.065640,0.278916,-0.000975,0.047742,0.392221
0.124200,0.018375,0.142425,0.169741,0.019609,0.114480,-0.116913,-0.037444,0.015930,0.000433,-0.002990,-0.005452,0.166805,0.019560,0.113196,-0.103202,0.032984,0.003796,-0.004143,0.000051,-0.013834,0.092583,0.017566,0.147551,-0.034188,-0.012558,0.313758,-0.037990,0.026460,0.332716,0.008740,0.046382,0.380761,-0.051513,-0.020766,0.256183,-0.087257,-0.063873,0.257071,0.000554,0.047919,0.375502
0.123700,0.018325,0.130000,0.170278,0.019170,0.103680,-0.110606,-0.034936,0.013565,-0.006300,-0.002117,-0.004620,0.165686,0.019074,0.103343,-0.095783,0.031828,0.003142,-0.001547,-0.001249,-0.012851,0.092361,0.017650,0.134618,-0.035978,-0.012865,0.297562,-0.040419,0.028151,0.317594,0.011454,0.048641,0.373015,-0.053047,-0.020633,0.241283,-0.086199,-0.060017,0.242205,0.002363,0.050327,0.366860
0.121525,0.019875,0.115375,0.167964,0.020059,0.090883,-0.100128,-0.030486,0.010535,-0.006417,-0.000644,-0.005114,0.162891,0.019938,0.091676,-0.085736,0.033334,0.001257,-0.001715,0.001848,-0.012394,0.090964,0.019516,0.119445,-0.037077,-0.011361,0.277127,-0.042729,0.030407,0.297397,0.013708,0.048196,0.361043,-0.056832,-0.018544,0.225283,-0.088795,-0.056448,0.226460,0.000658,0.049882,0.356979
0.118525,0.019975,0.102275,0.164176,0.019630,0.079795,-0.089327,-0.027266,0.008967,-0.003667,0.000183,-0.004739,0.159193,0.019503,0.081335,-0.076102,0.033486,0.000164,-0.004305,0.004324,-0.011012,0.088946,0.019903,0.105802,-0.039208,-0.010320,0.257950,-0.046985,0.032306,0.278238,0.013863,0.046450,0.350680,-0.061633,-0.016935,0.211812,-0.092812,-0.053966,0.213264,-0.002600,0.047991,0.349641
0.115600,0.015575,0.094400,0.160314,0.015243,0.074095,-0.082086,-0.028318,0.010909,-0.001882,-0.000767,-0.001465,0.155421,0.015123,0.075408,-0.069844,0.028352,0.001687,-0.008972,0.001223,-0.007445,0.086916,0.015558,0.097438,-0.044018,-0.012007,0.245416,-0.055151,0.032673,0.265982,0.010327,0.044540,0.347434,-0.066150,-0.018233,0.204463,-0.096000,-0.053611,0.206091,-0.005531,0.045814,0.348534
0.118450,0.010500,0.086100,0.162067,0.009877,0.067551,-0.069875,-0.030526,0.011268,0.005503,-0.002660,0.000040,0.157265,0.009759,0.069155,-0.059572,0.023040,0.001830,-0.006496,-0.002750,-0.005846,0.090678,0.010638,0.088681,-0.046519,-0.013804,0.235540,-0.059502,0.032590,0.256759,0.011202,0.041831,0.348789,-0.068398,-0.019723,0.199900,-0.095421,-0.054289,0.202649,-0.003954,0.042668,0.352533
0.125650,0.007275,0.081525,0.168607,0.006184,0.064098,-0.059298,-0.032709,0.012671,0.014267,-0.004017,0.002091,0.163824,0.006062,0.066309,-0.051003,0.020285,0.002987,0.001373,-0.005165,-0.004376,0.098330,0.007602,0.083720,-0.047066,-0.014737,0.231925,-0.062246,0.034189,0.254194,0.012916,0.041835,0.356003,-0.068107,-0.020540,0.198939,-0.092658,-0.053849,0.202446,-0.001086,0.042098,0.359650
0.115275,0.003100,0.075100,0.155015,0.002068,0.059653,-0.065912,-0.035795,0.013342,0.008958,-0.005975,0.002994,0.151687,0.001978,0.061462,-0.056527,0.017314,0.003155,-0.001075,-0.007263,-0.004466,0.089369,0.003454,0.076874,-0.068276,-0.016194,0.229132,-0.084152,0.034007,0.252292,-0.004333,0.039803,0.365182,-0.088280,-0.021950,0.198958,-0.109137,-0.055685,0.204420,-0.017374,0.039398,0.369873
0.103825,0.001075,0.068375,0.139204,0.000127,0.054977,-0.074371,-0.036676,0.013560,0.002357,-0.005561,0.003401,0.137182,0.000067,0.056355,-0.064479,0.016296,0.002818,-0.004866,-0.007011,-0.005210,0.079864,0.001427,0.069741,-0.092255,-0.015755,0.227500,-0.109140,0.035209,0.251200,-0.025407,0.039624,0.374720,-0.110445,-0.021580,0.198787,-0.128148,-0.056668,0.206370,-0.037299,0.038508,0.379594
0.107850,0.004225,0.062825,0.139124,0.002862,0.050737,-0.069310,-0.032329,0.013465,0.007243,0.000178,0.003798,0.136681,0.002791,0.052659,-0.063162,0.019316,0.002465,-0.000995,-0.002474,-0.005702,0.085940,0.004693,0.063850,-0.101156,-0.011065,0.227146,-0.121048,0.040965,0.250927,-0.035045,0.045122,0.383158,-0.116150,-0.017122,0.197099,-0.132881,-0.053599,0.205916,-0.045200,0.043300,0.385265
0.111000,0.001350,0.056725,0.136630,-0.000956,0.045550,-0.063626,-0.033318,0.012694,0.013028,0.000724,0.003500,0.134665,-0.001030,0.048821,-0.063837,0.017085,0.001646,0.002222,-0.002362,-0.006848,0.091660,0.002115,0.057452,-0.119319,-0.011624,0.231996,-0.136668,0.039928,0.256798,-0.045512,0.043428,0.403671,-0.130610,-0.017942,0.200567,-0.141284,-0.057557,0.213525,-0.054194,0.040956,0.403792
0.111675,-0.006100,0.053175,0.132960,-0.009406,0.042453,-0.060429,-0.039144,0.013473,0.016554,-0.004140,0.004734,0.132102,-0.009472,0.047181,-0.066603,0.010713,0.002573,0.002747,-0.006445,-0.006131,0.094135,-0.005007,0.053689,-0.139855,-0.017193,0.237272,-0.155049,0.031925,0.261762,-0.060519,0.033371,0.422398,-0.148490,-0.023722,0.204900,-0.155489,-0.068202,0.221836,-0.070379,0.030349,0.420964
0.114950,-0.010325,0.046125,0.136086,-0.015363,0.034618,-0.052099,-0.040879,0.009040,0.016560,-0.004714,0.001662,0.133101,-0.015491,0.042397,-0.067340,0.006970,0.000040,0.003198,-0.006607,-0.008625,0.098023,-0.008733,0.046491,-0.157125,-0.017431,0.234264,-0.173171,0.027596,0.256369,-0.077677,0.027787,0.427893,-0.160457,-0.024198,0.202193,-0.166749,-0.073954,0.222156,-0.086655,0.024420,0.425838
0.119000,-0.013350,0.038450,0.142574,-0.019878,0.026044,-0.041943,-0.040962,0.003487,0.013444,-0.004339,-0.002123,0.136633,-0.020071,0.036534,-0.066631,0.004321,-0.003686,0.000329,-0.005342,-0.011726,0.101689,-0.011365,0.038690,-0.169689,-0.015803,0.225247,-0.189703,0.023511,0.242853,-0.096051,0.023118,0.420669,-0.166633,-0.022771,0.194449,-0.175979,-0.077336,0.215776,-0.103505,0.019663,0.418290
0.122000,-0.017175,0.033100,0.148942,-0.023987,0.020760,-0.033309,-0.041992,0.000833,0.007521,-0.006677,-0.003076,0.141690,-0.024187,0.031742,-0.065036,0.001124,-0.006240,-0.009110,-0.005399,-0.012756,0.103500,-0.015181,0.033202,-0.176276,-0.015757,0.212418,-0.203699,0.016416,0.223425,-0.115119,0.016101,0.401456,-0.167230,-0.022831,0.183613,-0.184083,-0.080925,0.203964,-0.121569,0.012835,0.398594
0.125725,-0.019400,0.026050,0.155272,-0.026180,0.014177,-0.023735,-0.040542,-0.003108,-0.001806,-0.007329,-0.005022,0.148276,-0.026362,0.025102,-0.056931,0.000410,-0.009853,-0.016732,-0.001885,-0.014465,0.106156,-0.017519,0.025988,-0.180855,-0.012743,0.196062,-0.215342,0.011358,0.199951,-0.131546,0.013553,0.377102,-0.163839,-0.019879,0.170527,-0.186502,-0.079420,0.189709,-0.133618,0.010762,0.374797
0.128325,-0.018925,0.020775,0.158446,-0.025379,0.009825,-0.018074,-0.037350,-0.005048,-0.009912,-0.005974,-0.005555,0.153075,-0.025522,0.020180,-0.046654,0.002500,-0.011201,-0.019008,0.003483,-0.014385,0.108341,-0.017222,0.020531,-0.183254,-0.008654,0.180836,-0.222633,0.007224,0.178190,-0.143269,0.012798,0.354352,-0.160154,-0.015703,0.158312,-0.186856,-0.074434,0.176002,-0.141852,0.010669,0.351946
0.126825,-0.019400,0.015650,0.155599,-0.025576,0.005757,-0.010931,-0.033656,-0.006312,-0.017315,-0.005011,-0.005386,0.154558,-0.025650,0.015569,-0.032499,0.001469,-0.011458,-0.016476,0.003197,-0.013245,0.106987,-0.017834,0.015229,-0.188050,-0.005519,0.165338,-0.229549,0.002103,0.157016,-0.153397,0.012012,0.334079,-0.159852,-0.012343,0.146836,-0.187314,-0.068708,0.163600,-0.147978,0.010637,0.332766
0.124100,-0.019750,0.010800,0.150780,-0.025642,0.001987,-0.002943,-0.030011,-0.007387,-0.021619,-0.004251,-0.005244,0.154386,-0.025642,0.011252,-0.018928,-0.000382,-0.011605,-0.013084,0.000870,-0.012130,0.104748,-0.018311,0.010215,-0.192839,-0.003090,0.150384,-0.233301,-0.002635,0.138044,-0.159118,0.012288,0.318719,-0.160722,-0.009573,0.135807,-0.185391,-0.061881,0.152161,-0.149430,0.011640,0.318501
0.123000,-0.018875,0.006275,0.148008,-0.024427,-0.001543,0.005244,-0.026908,-0.008804,-0.020407,-0.003478,-0.005923,0.154233,-0.024376,0.007148,-0.010340,-0.000700,-0.012644,-0.012678,0.000122,-0.012171,0.104247,-0.017582,0.005546,-0.195269,-0.001102,0.136747,-0.231220,-0.005841,0.122672,-0.158002,0.014415,0.309970,-0.160550,-0.007149,0.124944,-0.178812,-0.053659,0.141335,-0.144116,0.014356,0.309667
0.119900,-0.017075,0.000900,0.142942,-0.021817,-0.005538,0.017500,-0.020896,-0.010689,-0.018969,-0.000822,-0.006665,0.152850,-0.021693,0.001801,0.003718,0.000198,-0.014592,-0.008723,0.001480,-0.012945,0.101924,-0.016102,0.000050,-0.195941,0.001966,0.120708,-0.227685,-0.006111,0.105940,-0.155732,0.020391,0.299444,-0.157417,-0.003606,0.111840,-0.168258,-0.043131,0.127903,-0.134918,0.020733,0.299361
0.116325,-0.015225,-0.002650,0.138114,-0.019103,-0.007802,0.027647,-0.015159,-0.011328,-0.018099,0.002139,-0.006258,0.150875,-0.018913,-0.001843,0.015980,0.001672,-0.015409,-0.003492,0.003924,-0.012968,0.098920,-0.014592,-0.003616,-0.195627,0.003910,0.106926,-0.221279,-0.005438,0.093263,-0.150926,0.026950,0.293626,-0.153868,-0.001134,0.100030,-0.155489,-0.032649,0.115809,-0.122981,0.027469,0.292784
0.111975,-0.017800,-0.003600,0.132281,-0.021699,-0.008328,0.038591,-0.014532,-0.010533,-0.012978,0.000517,-0.004708,0.147898,-0.021440,-0.002178,0.026335,-0.002680,-0.013383,-0.001917,0.000244,-0.009913,0.095261,-0.017110,-0.004656,-0.190077,-0.000076,0.095301,-0.206297,-0.010861,0.083539,-0.139330,0.022027,0.290063,-0.152752,-0.004467,0.091137,-0.146738,-0.029786,0.106851,-0.113336,0.022423,0.289553
0.107775,-0.018650,-0.003475,0.127471,-0.022816,-0.008089,0.047731,-0.013457,-0.009332,-0.007458,-0.000319,-0.002949,0.143950,-0.022520,-0.001267,0.033438,-0.004888,-0.010611,-0.001018,-0.000689,-0.006429,0.091695,-0.017791,-0.004612,-0.182260,-0.002642,0.084990,-0.187541,-0.014127,0.075955,-0.125111,0.017134,0.287671,-0.151783,-0.006391,0.083605,-0.138547,-0.026116,0.099364,-0.104182,0.017220,0.287679
0.104475,-0.011500,-0.003900,0.125523,-0.015548,-0.008176,0.052272,-0.006222,-0.008923,-0.005554,0.005185,-0.002062,0.138881,-0.015291,-0.001290,0.035764,0.003155,-0.009423,0.001951,0.010166,-0.005408,0.088799,-0.010641,-0.005122,-0.175279,0.003580,0.075190,-0.170057,-0.007098,0.069674,-0.112326,0.023864,0.285612,-0.148811,0.000360,0.076017,-0.127500,-0.013245,0.091883,-0.093520,0.023600,0.285563
0.098275,-0.009075,-0.003425,0.121099,-0.013024,-0.007395,0.053275,-0.003693,-0.007754,-0.005302,0.006921,-0.000606,0.128612,-0.012872,-0.000445,0.032054,0.005637,-0.007486,0.000582,0.014768,-0.003839,0.083362,-0.008156,-0.004691,-0.165744,0.004906,0.065625,-0.151877,-0.005086,0.063034,-0.100379,0.023431,0.279091,-0.146076,0.002171,0.068898,-0.120753,-0.006755,0.084002,-0.087995,0.022766,0.279227
0.092325,-0.012600,-0.002250,0.116467,-0.016502,-0.005964,0.050258,-0.007248,-0.006043,-0.006837,0.003817,0.001160,0.118304,-0.016463,0.001043,0.024085,0.001186,-0.005178,-0.004586,0.010603,-0.001872,0.078159,-0.011604,-0.003548,-0.158642,0.000237,0.058598,-0.135985,-0.008395,0.059434,-0.090556,0.018011,0.275843,-0.145121,-0.002097,0.063480,-0.115339,-0.006662,0.078213,-0.084489,0.017004,0.275263
0.087000,-0.013375,-0.004350,0.113042,-0.017737,-0.008259,0.050208,-0.008091,-0.008064,-0.005482,0.003801,-0.000795,0.107320,-0.017852,-0.000379,0.018582,0.000385,-0.005801,-0.004696,0.011566,-0.003258,0.073842,-0.012083,-0.005637,-0.147828,-0.001013,0.048205,-0.118211,-0.009128,0.051479,-0.079413,0.013406,0.265850,-0.142870,-0.002994,0.055375,-0.111777,-0.005134,0.069482,-0.083100,0.012094,0.265403
0.081075,-0.012625,-0.006825,0.108620,-0.017473,-0.010955,0.049901,-0.007712,-0.010531,-0.003933,0.004558,-0.003268,0.096058,-0.017718,-0.002233,0.013723,0.000516,-0.006853,-0.004268,0.012711,-0.005025,0.068972,-0.011025,-0.008081,-0.137219,-0.000127,0.037768,-0.102795,-0.008052,0.042721,-0.070636,0.010539,0.253750,-0.140589,-0.001805,0.047420,-0.109758,-0.002613,0.060855,-0.083874,0.009034,0.253767
0.073375,-0.011500,-0.006775,0.101053,-0.016373,-0.010726,0.046185,-0.007523,-0.010165,-0.004803,0.003854,-0.003084,0.084987,-0.016662,-0.002056,0.007789,-0.001040,-0.005858,-0.007712,0.009189,-0.004228,0.062159,-0.009793,-0.007999,-0.130607,0.001694,0.030837,-0.093540,-0.005798,0.037024,-0.067327,0.010360,0.244488,-0.139446,0.000271,0.042645,-0.108774,0.000590,0.055543,-0.086407,0.008836,0.244788
0.064850,-0.010075,-0.007225,0.092642,-0.014745,-0.010825,0.043691,-0.006833,-0.010184,-0.002997,0.003580,-0.003513,0.072949,-0.015067,-0.002632,0.003540,-0.001326,-0.005674,-0.009981,0.008140,-0.004246,0.054656,-0.008315,-0.008390,-0.120146,0.003966,0.022923,-0.083677,-0.003936,0.028870,-0.063637,0.008354,0.229515,-0.135739,0.002796,0.037210,-0.109029,0.002794,0.048698,-0.089949,0.006904,0.230706
0.059775,-0.009100,-0.007925,0.087595,-0.013439,-0.011073,0.043643,-0.005903,-0.010355,0.000545,0.004087,-0.004029,0.065944,-0.013753,-0.003592,0.003040,-0.000079,-0.006135,-0.010032,0.010335,-0.004797,0.050235,-0.007367,-0.009061,-0.111032,0.005577,0.016522,-0.074486,-0.002455,0.022610,-0.059848,0.006611,0.218635,-0.131329,0.004636,0.032386,-0.106633,0.004368,0.043251,-0.090598,0.005357,0.220132
0.049675,-0.008850,-0.007725,0.076250,-0.012886,-0.010490,0.037356,-0.005730,-0.009737,-0.005076,0.002854,-0.003413,0.055016,-0.013156,-0.003654,0.001719,-0.001404,-0.005612,-0.010682,0.008124,-0.004285,0.040893,-0.007188,-0.008808,-0.104194,0.006697,0.010995,-0.071707,-0.001250,0.016033,-0.061920,0.005791,0.203875,-0.125953,0.005952,0.028037,-0.105710,0.005632,0.037036,-0.093063,0.004813,0.205588
0.040350,-0.008675,-0.007175,0.065256,-0.012369,-0.009555,0.031043,-0.005531,-0.008788,-0.010568,0.001737,-0.002503,0.045296,-0.012585,-0.003416,0.001747,-0.002905,-0.004864,-0.010531,0.005587,-0.003472,0.032318,-0.007125,-0.008199,-0.097407,0.007437,0.006642,-0.069651,-0.000388,0.010408,-0.064262,0.004782,0.189474,-0.119055,0.006858,0.024240,-0.103441,0.006552,0.031228,-0.093833,0.004081,0.191178
0.037650,-0.008050,-0.006750,0.061307,-0.011284,-0.008663,0.030950,-0.004607,-0.007897,-0.006597,0.002551,-0.002099,0.041977,-0.011461,-0.003422,0.005391,-0.002228,-0.004609,-0.008053,0.006826,-0.003084,0.030248,-0.006649,-0.007721,-0.088366,0.007829,0.003934,-0.062712,0.000016,0.007147,-0.061227,0.002530,0.179720,-0.110003,0.007393,0.021217,-0.096951,0.007026,0.027118,-0.089321,0.002055,0.180975
0.030600,-0.008075,-0.005975,0.051662,-0.010754,-0.007413,0.026529,-0.004302,-0.006693,-0.006226,0.002242,-0.001551,0.035059,-0.010882,-0.003161,0.006135,-0.002033,-0.004131,-0.008258,0.007449,-0.002489,0.023999,-0.006885,-0.006863,-0.081453,0.007366,0.001646,-0.060356,-0.000463,0.003471,-0.062286,-0.000170,0.166262,-0.101464,0.007031,0.018289,-0.092855,0.006784,0.022141,-0.087020,-0.000480,0.167064
0.022700,-0.008700,-0.005250,0.041113,-0.011015,-0.006400,0.019946,-0.004679,-0.005715,-0.009718,0.001114,-0.001013,0.027959,-0.011097,-0.002755,0.003557,-0.002296,-0.003613,-0.011093,0.007345,-0.001926,0.016675,-0.007673,-0.006078,-0.080030,0.006425,0.000286,-0.061466,-0.001720,0.001169,-0.066321,-0.003421,0.155956,-0.097691,0.006161,0.016260,-0.091275,0.005919,0.019125,-0.086797,-0.003629,0.156803
0.018375,-0.007700,-0.004425,0.034520,-0.009503,-0.005176,0.015866,-0.004495,-0.004575,-0.008913,0.000343,-0.000617,0.023219,-0.009563,-0.002425,0.004440,-0.002137,-0.003097,-0.010541,0.006667,-0.001322,0.013096,-0.006861,-0.005164,-0.072394,0.006524,-0.000753,-0.057391,-0.002293,-0.001392,-0.064746,-0.006825,0.142766,-0.088973,0.006327,0.014244,-0.086663,0.005787,0.015413,-0.082699,-0.006992,0.143624
0.014650,-0.006600,-0.003375,0.028687,-0.007814,-0.003671,0.011896,-0.004286,-0.003155,-0.007324,-0.000172,-0.000057,0.018895,-0.007860,-0.001942,0.004755,-0.002107,-0.002437,-0.010168,0.005404,-0.000613,0.010088,-0.005970,-0.004024,-0.065278,0.006503,-0.001098,-0.053427,-0.003148,-0.003235,-0.062823,-0.010346,0.130063,-0.081023,0.006360,0.012760,-0.082470,0.005495,0.012405,-0.078680,-0.010508,0.131162
0.008525,-0.007000,-0.001925,0.020399,-0.007608,-0.001767,0.005583,-0.004679,-0.001297,-0.008591,-0.000654,0.001017,0.013010,-0.007641,-0.001032,0.000423,-0.002834,-0.001442,-0.013606,0.003458,0.000315,0.004451,-0.006599,-0.002512,-0.065458,0.005082,-0.000280,-0.054887,-0.005359,-0.003278,-0.065801,-0.014156,0.121397,-0.079597,0.004963,0.012425,-0.082223,0.004038,0.011569,-0.078687,-0.014337,0.123227
0.003875,-0.004600,-0.000975,0.013961,-0.004512,-0.000281,0.000448,-0.002270,0.000152,-0.009833,0.001636,0.001846,0.007989,-0.004539,-0.000726,-0.003042,-0.001084,-0.001028,-0.014548,0.003489,0.000450,0.000326,-0.004447,-0.001492,-0.061994,0.004951,0.000732,-0.054291,-0.005461,-0.003162,-0.066156,-0.015657,0.110557,-0.074974,0.004815,0.010704,-0.080434,0.004797,0.008070,-0.076887,-0.015873,0.111472
0.003000,-0.000600,-0.001050,0.012562,-0.000076,0.000011,-0.000978,0.001753,0.000443,-0.010446,0.005595,0.002006,0.006319,-0.000104,-0.001221,-0.003912,0.002296,-0.001442,-0.012501,0.005539,-0.000316,-0.000249,-0.000587,-0.001527,-0.056547,0.006224,0.001177,-0.050680,-0.004138,-0.003263,-0.063238,-0.015825,0.100557,-0.069447,0.006072,0.008187,-0.077158,0.007123,0.003956,-0.073330,-0.016078,0.100591
-0.002975,-0.000300,-0.001200,0.005602,0.000548,0.000094,-0.005601,0.000752,0.000403,-0.011181,0.003220,0.001339,0.000675,0.000524,-0.001660,-0.006370,0.002120,-0.001799,-0.013038,0.004377,-0.000906,-0.005963,-0.000395,-0.001643,-0.055710,0.003587,0.001706,-0.052583,-0.006465,-0.003435,-0.065335,-0.019226,0.089870,-0.068640,0.003402,0.005518,-0.079437,0.006017,-0.000943,-0.075190,-0.019506,0.088813
-0.008900,-0.000400,-0.001500,-0.001121,0.000637,-0.000090,-0.009703,-0.000752,0.000085,-0.011185,0.000400,0.000364,-0.005160,0.000617,-0.002140,-0.009187,0.001384,-0.002203,-0.013563,0.002671,-0.001600,-0.011615,-0.000558,-0.001905,-0.055536,0.000806,0.002109,-0.055407,-0.008909,-0.003805,-0.068002,-0.022162,0.079495,-0.068418,0.000580,0.002949,-0.082392,0.005114,-0.005961,-0.077717,-0.022456,0.077542
-0.009700,0.002250,-0.002125,-0.001883,0.003309,-0.000703,-0.009686,0.001598,-0.000560,-0.009734,0.002849,-0.000501,-0.007478,0.003287,-0.002858,-0.011216,0.002954,-0.002852,-0.011548,0.002987,-0.002779,-0.012076,0.002088,-0.002482,-0.052136,0.001498,0.002094,-0.054600,-0.008124,-0.004608,-0.066795,-0.021103,0.070249,-0.064713,0.001233,0.000663,-0.081145,0.007913,-0.010468,-0.076118,-0.021395,0.068023
-0.008200,0.003325,-0.002600,-0.000544,0.004298,-0.001280,-0.005899,0.002836,-0.001188,-0.004571,0.004206,-0.001338,-0.006612,0.004279,-0.003302,-0.008267,0.003995,-0.003288,-0.005441,0.004153,-0.003681,-0.010309,0.003184,-0.002920,-0.045620,0.000777,0.002057,-0.052168,-0.008701,-0.005899,-0.063482,-0.020493,0.059869,-0.057374,0.000455,-0.001496,-0.077225,0.009988,-0.015624,-0.071763,-0.020768,0.057068
-0.005150,0.002300,-0.002700,0.002236,0.003121,-0.001538,-0.000210,0.002355,-0.001490,0.001763,0.003803,-0.001737,-0.002989,0.003108,-0.003259,-0.001788,0.003984,-0.003301,0.001754,0.005572,-0.003865,-0.007200,0.002193,-0.003013,-0.039287,-0.000950,0.001920,-0.049646,-0.011031,-0.007634,-0.059907,-0.020757,0.050475,-0.050106,-0.001311,-0.002539,-0.072694,0.011176,-0.019370,-0.066751,-0.020996,0.048106
-0.008475,0.001675,-0.000925,-0.001401,0.002387,0.000112,-0.001904,0.000871,0.000072,0.002837,0.001771,-0.000622,-0.006679,0.002377,-0.001415,-0.004811,0.002400,-0.001400,-0.000331,0.003045,-0.002069,-0.010324,0.001608,-0.001209,-0.039380,-0.002066,0.003597,-0.053256,-0.013411,-0.007829,-0.062410,-0.020960,0.043459,-0.050353,-0.002434,-0.001413,-0.075688,0.013341,-0.021070,-0.068820,-0.021139,0.041420
-0.013225,0.001675,0.000250,-0.006820,0.002262,0.001136,-0.006282,0.000211,0.001046,0.000374,0.000746,0.000048,-0.011728,0.002256,-0.000151,-0.010316,0.001630,-0.000097,-0.004697,0.001238,-0.000889,-0.014853,0.001653,-0.000002,-0.041478,-0.002094,0.004485,-0.058752,-0.015513,-0.009226,-0.066676,-0.020136,0.036162,-0.052794,-0.002453,-0.000542,-0.080593,0.017025,-0.023061,-0.072561,-0.020229,0.034615
-0.014475,0.002450,-0.001600,-0.009413,0.002847,-0.000947,-0.008651,0.002177,-0.000965,-0.003921,0.003366,-0.001630,-0.012205,0.002845,-0.001800,-0.011314,0.004026,-0.001862,-0.004419,0.004822,-0.002873,-0.015985,0.002479,-0.001835,-0.041148,-0.000657,0.002045,-0.061787,-0.017108,-0.014459,-0.068285,-0.017479,0.026058,-0.052110,-0.001012,-0.002297,-0.081863,0.022597,-0.027607,-0.072626,-0.017470,0.025458
-0.013700,0.001275,-0.002400,-0.009817,0.001486,-0.001978,-0.008318,0.001682,-0.001967,-0.004112,0.003261,-0.002524,-0.011090,0.001486,-0.002422,-0.010979,0.003299,-0.002531,-0.003588,0.004339,-0.003605,-0.015031,0.001371,-0.002608,-0.037685,-0.001179,0.000586,-0.061396,-0.021775,-0.019206,-0.066456,-0.017891,0.016740,-0.049451,-0.001494,-0.002965,-0.081818,0.026400,-0.031335,-0.070808,-0.017760,0.016901
-0.011325,-0.001250,-0.001775,-0.007861,-0.001130,-0.001464,-0.005482,-0.001018,-0.001483,-0.000108,0.000481,-0.002213,-0.008969,-0.001129,-0.001731,-0.009474,-0.000175,-0.001794,-0.002561,0.000040,-0.002750,-0.012506,-0.001104,-0.001961,-0.032935,-0.003357,0.000775,-0.058558,-0.028963,-0.022358,-0.062305,-0.020746,0.010102,-0.046248,-0.003610,-0.002275,-0.080998,0.028787,-0.033613,-0.067919,-0.020493,0.010542
-0.013675,0.003600,-0.002450,-0.011568,0.003835,-0.002110,-0.009846,0.004965,-0.002061,-0.004928,0.007278,-0.002686,-0.011068,0.003836,-0.002497,-0.012143,0.004284,-0.002535,-0.007710,0.004043,-0.003097,-0.014649,0.003658,-0.002603,-0.033754,0.002469,-0.000665,-0.062894,-0.028334,-0.027640,-0.064581,-0.012558,0.000854,-0.044029,0.002154,-0.002741,-0.080648,0.039776,-0.037082,-0.066314,-0.012239,0.002117
-0.015775,0.008025,-0.003450,-0.015189,0.008458,-0.003016,-0.014295,0.010348,-0.002909,-0.010718,0.012981,-0.003314,-0.012776,0.008457,-0.003654,-0.014141,0.008676,-0.003683,-0.012513,0.008251,-0.003817,-0.016536,0.007947,-0.003569,-0.034543,0.007743,-0.002338,-0.067063,-0.028300,-0.033006,-0.066531,-0.004168,-0.008561,-0.040360,0.007319,-0.003639,-0.078443,0.050161,-0.040685,-0.063134,-0.003834,-0.006583
-0.012700,0.004125,-0.003750,-0.013039,0.004754,-0.003201,-0.011802,0.005891,-0.003145,-0.009698,0.007085,-0.003374,-0.009527,0.004754,-0.004124,-0.010678,0.005053,-0.004156,-0.010499,0.004727,-0.004077,-0.013292,0.003938,-0.003842,-0.029756,0.003745,-0.002761,-0.063910,-0.037227,-0.036259,-0.061572,-0.006417,-0.015600,-0.032832,0.003249,-0.004231,-0.072037,0.050574,-0.043335,-0.055557,-0.006100,-0.013794
-0.010725,0.003550,-0.003950,-0.012243,0.004383,-0.003297,-0.010965,0.006035,-0.003215,-0.010907,0.007109,-0.003151,-0.007629,0.004383,-0.004515,-0.008584,0.004772,-0.004553,-0.010903,0.004759,-0.004112,-0.011045,0.003272,-0.003999,-0.024420,0.002527,-0.002865,-0.059427,-0.042643,-0.038429,-0.055540,-0.007043,-0.022370,-0.026154,0.002005,-0.004961,-0.066595,0.052466,-0.045389,-0.048915,-0.006773,-0.021004
-0.010850,0.006625,-0.003950,-0.013206,0.007555,-0.003263,-0.012208,0.010722,-0.003094,-0.013749,0.013043,-0.002762,-0.008047,0.007558,-0.004623,-0.008924,0.007968,-0.004665,-0.013544,0.008297,-0.003891,-0.010932,0.006324,-0.003961,-0.021126,0.004751,-0.002602,-0.054957,-0.043658,-0.039012,-0.050127,-0.005935,-0.027118,-0.023634,0.004275,-0.005451,-0.064262,0.055747,-0.045698,-0.045590,-0.005718,-0.025984
-0.007300,0.004925,-0.004250,-0.009917,0.005939,-0.003519,-0.007917,0.008810,-0.003398,-0.009553,0.010550,-0.003058,-0.004977,0.005943,-0.005033,-0.004810,0.006367,-0.005065,-0.010619,0.006910,-0.004127,-0.007183,0.004553,-0.004229,-0.017423,0.001667,-0.002033,-0.049918,-0.047152,-0.037678,-0.044101,-0.006495,-0.029452,-0.016730,0.001100,-0.006601,-0.054655,0.052928,-0.045269,-0.036645,-0.006355,-0.029439
-0.005200,0.001925,-0.004400,-0.007723,0.002953,-0.003661,-0.005078,0.004858,-0.003614,-0.006586,0.005486,-0.003315,-0.003348,0.002958,-0.005229,-0.001858,0.003427,-0.005250,-0.007631,0.004099,-0.004333,-0.004963,0.001517,-0.004360,-0.016092,-0.002902,-0.001114,-0.045824,-0.050290,-0.034642,-0.039557,-0.008902,-0.029307,-0.012881,-0.003533,-0.007609,-0.046475,0.046526,-0.043191,-0.029786,-0.008806,-0.030477
-0.009775,0.001050,-0.003925,-0.012058,0.001992,-0.003237,-0.010802,0.003465,-0.003175,-0.013253,0.003827,-0.002749,-0.008209,0.001996,-0.004696,-0.005844,0.002622,-0.004718,-0.010293,0.003430,-0.004019,-0.009539,0.000717,-0.003886,-0.019954,-0.005251,0.000262,-0.044247,-0.050565,-0.030164,-0.038615,-0.013531,-0.026534,-0.019643,-0.005757,-0.007684,-0.048663,0.039259,-0.038736,-0.032898,-0.013415,-0.028250
-0.008750,0.000825,-0.002775,-0.010586,0.001713,-0.002104,-0.010104,0.002567,-0.002057,-0.011943,0.002699,-0.001747,-0.007544,0.001716,-0.003517,-0.004681,0.001943,-0.003510,-0.007882,0.002400,-0.002995,-0.008538,0.000549,-0.002740,-0.018312,-0.006718,0.002166,-0.037357,-0.048515,-0.024586,-0.032567,-0.016894,-0.022154,-0.020274,-0.007112,-0.006987,-0.044102,0.031424,-0.032833,-0.029840,-0.016738,-0.024252
-0.002575,0.001425,-0.001525,-0.003969,0.002314,-0.000831,-0.003233,0.002671,-0.000820,-0.003204,0.002722,-0.000815,-0.001622,0.002316,-0.002278,0.001124,0.001779,-0.002226,-0.001515,0.001570,-0.001769,-0.002402,0.001160,-0.001496,-0.011777,-0.006512,0.003657,-0.026491,-0.043995,-0.019394,-0.022556,-0.017623,-0.017558,-0.014202,-0.006835,-0.005810,-0.032599,0.024212,-0.026111,-0.020430,-0.017426,-0.019195
-0.004450,0.002900,-0.001975,-0.005516,0.003882,-0.001173,-0.004989,0.004989,-0.001123,-0.006756,0.005385,-0.000842,-0.003028,0.003885,-0.002781,-0.000173,0.003790,-0.002756,-0.003037,0.004093,-0.002291,-0.004449,0.002614,-0.001973,-0.013546,-0.005244,0.003305,-0.023819,-0.038085,-0.015966,-0.021037,-0.017597,-0.013377,-0.016568,-0.005490,-0.006227,-0.029644,0.017601,-0.020982,-0.019707,-0.017367,-0.014516
-0.005250,0.004050,-0.002825,-0.005997,0.005135,-0.001898,-0.006370,0.006682,-0.001803,-0.010629,0.007062,-0.001147,-0.003010,0.005139,-0.003671,-0.000264,0.005362,-0.003665,-0.003865,0.005981,-0.003111,-0.005513,0.003732,-0.002865,-0.015338,-0.004104,0.002502,-0.020984,-0.032289,-0.013037,-0.019593,-0.017445,-0.007973,-0.018492,-0.004290,-0.006939,-0.026210,0.011078,-0.016366,-0.018701,-0.017201,-0.008672
0.004175,0.003725,-0.002725,0.003877,0.004884,-0.001680,0.001752,0.005103,-0.001603,-0.002689,0.004413,-0.000958,0.007223,0.004890,-0.003581,0.009256,0.004099,-0.003517,0.004771,0.003589,-0.002793,0.003590,0.003369,-0.002816,-0.008873,-0.004320,0.002731,-0.009624,-0.027982,-0.009153,-0.009790,-0.017762,0.000300,-0.011103,-0.004489,-0.006645,-0.013167,0.004024,-0.011097,-0.008371,-0.017515,-0.000186
0.010450,0.002850,-0.002225,0.010532,0.004165,-0.000998,0.006927,0.003961,-0.000900,0.001697,0.002904,-0.000144,0.014466,0.004173,-0.003157,0.016524,0.002693,-0.003051,0.010848,0.001572,-0.002132,0.009546,0.002408,-0.002366,-0.005292,-0.004981,0.003233,-0.002641,-0.024394,-0.005586,-0.004098,-0.017298,0.008110,-0.005214,-0.005186,-0.006002,-0.002960,-0.002317,-0.006504,-0.000860,-0.017051,0.007665
0.010500,0.001925,-0.001575,0.010718,0.003388,-0.000199,0.006670,0.003848,-0.000055,0.000474,0.003284,0.000873,0.015157,0.003399,-0.002601,0.017970,0.001870,-0.002487,0.011394,0.000932,-0.001446,0.009435,0.001395,-0.001742,-0.006214,-0.005693,0.003758,-0.001918,-0.021332,-0.002731,-0.004332,-0.016443,0.014143,-0.003607,-0.005949,-0.005304,0.000845,-0.007544,-0.003108,0.000625,-0.016180,0.013511
0.010275,0.001325,-0.000950,0.011422,0.002638,0.000344,0.009447,0.003559,0.000460,0.002450,0.002821,0.001516,0.016152,0.002654,-0.001764,0.018974,0.002598,-0.001744,0.012203,0.003242,-0.000748,0.008796,0.000805,-0.001184,-0.008803,-0.005421,0.003972,-0.002779,-0.018164,-0.000617,-0.006147,-0.014549,0.020127,-0.003705,-0.005727,-0.004316,0.002719,-0.010984,0.000158,0.000287,-0.014253,0.019926
0.011600,0.001100,-0.001125,0.013568,0.002145,-0.000021,0.013653,0.003690,0.000076,0.005900,0.002922,0.001261,0.018787,0.002167,-0.001614,0.020916,0.003550,-0.001692,0.013840,0.005599,-0.000720,0.009697,0.000627,-0.001428,-0.010155,-0.004694,0.003370,-0.002917,-0.015017,0.000299,-0.007065,-0.011799,0.024617,-0.002554,-0.005057,-0.004110,0.005211,-0.012872,0.001956,0.000789,-0.011461,0.024748
0.016400,0.001350,-0.002875,0.018223,0.002223,-0.001913,0.017892,0.004966,-0.001742,0.009405,0.005173,-0.000399,0.024491,0.002255,-0.003148,0.025292,0.003554,-0.003233,0.017021,0.005340,-0.002081,0.014298,0.000891,-0.003212,-0.007276,-0.004054,0.001478,0.000196,-0.011987,-0.000361,-0.004424,-0.008462,0.026404,0.002813,-0.004483,-0.005780,0.010967,-0.013526,0.000980,0.004876,-0.008087,0.025996
0.014775,-0.000825,-0.003625,0.016802,-0.000228,-0.002883,0.016451,0.004138,-0.002627,0.009280,0.006284,-0.001409,0.023471,-0.000190,-0.003606,0.023521,0.001048,-0.003696,0.015009,0.002707,-0.002509,0.012484,-0.001235,-0.003995,-0.011281,-0.005227,0.000272,-0.003850,-0.011410,-0.000724,-0.008760,-0.006745,0.028150,0.001424,-0.005718,-0.006111,0.009941,-0.015560,0.001151,0.002323,-0.006356,0.027928
0.007525,-0.004325,-0.003025,0.009983,-0.003976,-0.002477,0.009973,0.001632,-0.002164,0.005461,0.005715,-0.001284,0.016219,-0.003937,-0.002775,0.016459,-0.002727,-0.002863,0.008774,-0.001015,-0.001804,0.005155,-0.004674,-0.003411,-0.020138,-0.007623,0.000313,-0.012775,-0.012538,-0.000083,-0.017908,-0.006986,0.030289,-0.006009,-0.008134,-0.004976,0.002490,-0.018589,0.002580,-0.006248,-0.006614,0.030453
0.005425,-0.003000,-0.001050,0.007738,-0.002623,-0.000476,0.007049,0.002605,-0.000163,0.003044,0.006505,0.000641,0.014143,-0.002579,-0.000809,0.013494,-0.000498,-0.000957,0.004855,0.002007,0.000233,0.003047,-0.003370,-0.001440,-0.023007,-0.005541,0.001828,-0.015853,-0.009271,0.001951,-0.021117,-0.003118,0.033109,-0.008256,-0.006048,-0.002585,-0.000022,-0.016815,0.005047,-0.009543,-0.002796,0.033344
0.005675,0.000225,0.000375,0.007410,0.000785,0.001096,0.005026,0.005082,0.001408,0.000428,0.008093,0.002281,0.014476,0.000838,0.000472,0.012430,0.003800,0.000261,0.002228,0.007061,0.001676,0.003335,-0.000219,-0.000011,-0.023042,-0.001663,0.002795,-0.016314,-0.004239,0.003362,-0.021587,0.002521,0.034720,-0.007717,-0.002163,-0.000772,0.000306,-0.013041,0.006869,-0.009811,0.002767,0.034980
0.005525,0.002350,-0.000825,0.006376,0.003120,0.000060,0.001239,0.007042,0.000429,-0.004050,0.009910,0.001408,0.014487,0.003185,-0.000894,0.011110,0.006139,-0.001118,-0.000093,0.009338,0.000449,0.003248,0.001812,-0.001203,-0.023323,0.001246,0.001044,-0.017359,-0.000200,0.001951,-0.022477,0.007516,0.032991,-0.006753,0.000741,-0.001526,0.001311,-0.010061,0.006130,-0.009341,0.007671,0.033493
0.006050,0.000475,-0.000950,0.006301,0.001422,0.000073,-0.001153,0.004507,0.000468,-0.006428,0.007024,0.001424,0.014390,0.001492,-0.001202,0.009427,0.004265,-0.001429,-0.002275,0.007296,0.000236,0.003948,-0.000119,-0.001301,-0.021215,0.000029,0.000374,-0.015921,-0.000562,0.001514,-0.020887,0.006990,0.031484,-0.004932,-0.000437,-0.001248,0.002606,-0.011292,0.006276,-0.008026,0.007046,0.032220
0.006900,-0.004425,0.000100,0.007122,-0.003420,0.001171,-0.001054,-0.001224,0.001546,-0.005615,0.000896,0.002363,0.014156,-0.003354,-0.000260,0.008155,-0.000848,-0.000476,-0.003294,0.001983,0.001187,0.004998,-0.005011,-0.000219,-0.017863,-0.004687,0.001148,-0.012773,-0.004432,0.002642,-0.017664,0.001939,0.031227,-0.003224,-0.005087,-0.000050,0.003605,-0.015778,0.007176,-0.006583,0.001890,0.031654
0.008125,-0.005050,-0.001100,0.007821,-0.004088,-0.000116,0.001477,-0.001175,0.000245,-0.001690,0.001486,0.000843,0.015345,-0.004012,-0.001426,0.008856,-0.001210,-0.001664,-0.003218,0.001915,0.000088,0.006372,-0.005627,-0.001396,-0.015589,-0.004917,-0.000351,-0.010583,-0.003728,0.001572,-0.015303,0.002553,0.029135,-0.000934,-0.005290,-0.001020,0.006174,-0.015317,0.006036,-0.003888,0.002405,0.029524
0.009450,-0.006050,-0.002275,0.008602,-0.005223,-0.001469,0.005212,-0.001265,-0.001140,0.003760,0.002033,-0.000807,0.016869,-0.005132,-0.002476,0.010091,-0.001696,-0.002753,-0.001505,0.001854,-0.001094,0.007828,-0.006595,-0.002550,-0.013887,-0.005523,-0.001764,-0.008569,-0.003392,0.000699,-0.013150,0.003136,0.027639,0.001110,-0.005875,-0.001971,0.008997,-0.014905,0.004943,-0.001068,0.002893,0.028036
0.010475,-0.012000,-0.001225,0.009500,-0.011386,-0.000644,0.008713,-0.007368,-0.000389,0.008924,-0.004208,-0.000328,0.017520,-0.011290,-0.001262,0.010267,-0.007111,-0.001582,0.002176,-0.003388,-0.000466,0.009007,-0.012467,-0.001475,-0.012353,-0.011299,-0.000797,-0.006109,-0.008269,0.002356,-0.010714,-0.001884,0.029140,0.002025,-0.011613,-0.000797,0.010697,-0.019476,0.005897,0.000685,-0.002225,0.029312
0.009850,-0.012400,-0.000900,0.009028,-0.012015,-0.000543,0.010718,-0.007603,-0.000342,0.012582,-0.004128,-0.000538,0.016325,-0.011921,-0.000772,0.009205,-0.007481,-0.001101,0.005148,-0.003999,-0.000608,0.008528,-0.012787,-0.001126,-0.012610,-0.011517,-0.000550,-0.005628,-0.007491,0.003290,-0.010236,-0.000600,0.030263,0.001633,-0.011804,-0.000368,0.011101,-0.018154,0.005952,0.000898,-0.001033,0.030199
0.007925,-0.007050,-0.001450,0.007462,-0.006808,-0.001216,0.010301,-0.001906,-0.001023,0.013023,0.002142,-0.001341,0.013936,-0.006721,-0.001223,0.007521,-0.002669,-0.001519,0.006041,0.000239,-0.001418,0.006666,-0.007392,-0.001666,-0.014492,-0.006042,-0.001164,-0.007058,-0.000865,0.003359,-0.011685,0.007331,0.031101,0.000195,-0.006315,-0.000860,0.010543,-0.010715,0.004917,-0.000184,0.006820,0.030680
0.004425,-0.010625,-0.001400,0.005133,-0.010451,-0.001180,0.009289,-0.005682,-0.001031,0.012853,-0.001494,-0.001472,0.009380,-0.010390,-0.001161,0.002872,-0.005909,-0.001473,0.007678,-0.003197,-0.002353,0.003171,-0.010917,-0.001616,-0.016696,-0.009395,-0.001318,-0.008998,-0.003402,0.003675,-0.013774,0.005744,0.032476,-0.003025,-0.009626,-0.000689,0.007463,-0.012130,0.004295,-0.003638,0.005157,0.031835
0.000575,-0.014875,-0.000875,0.002607,-0.014715,-0.000617,0.008554,-0.010426,-0.000543,0.013083,-0.006494,-0.001143,0.004514,-0.014683,-0.000668,-0.001755,-0.009629,-0.001002,0.009403,-0.006972,-0.002863,-0.000698,-0.015122,-0.001096,-0.018950,-0.013094,-0.001214,-0.010992,-0.006725,0.004038,-0.016086,0.003460,0.034544,-0.007210,-0.013268,0.000170,0.003297,-0.013886,0.004319,-0.008197,0.002808,0.034104
-0.002300,-0.011550,-0.000050,0.000523,-0.011365,0.000247,0.009017,-0.007606,0.000225,0.014753,-0.004271,-0.000600,0.001291,-0.011348,0.000116,-0.003331,-0.006236,-0.000205,0.010540,-0.003721,-0.002452,-0.003574,-0.011766,-0.000272,-0.020838,-0.008649,-0.001113,-0.012453,-0.002491,0.004159,-0.018013,0.009195,0.037047,-0.011359,-0.008760,0.001697,-0.000426,-0.007563,0.005193,-0.012429,0.008494,0.037586
-0.007600,-0.009350,0.001000,-0.003964,-0.009129,0.001346,0.006952,-0.005544,0.001242,0.013635,-0.002588,0.000223,-0.004669,-0.009131,0.001093,-0.007594,-0.004248,0.000800,0.006255,-0.001679,-0.001408,-0.008819,-0.009509,0.000787,-0.022193,-0.005707,-0.000695,-0.014585,-0.000125,0.004083,-0.020290,0.012094,0.037250,-0.016849,-0.005736,0.003201,-0.007385,-0.002771,0.005361,-0.019035,0.011348,0.038313
-0.012675,-0.009375,0.001750,-0.008606,-0.009132,0.002127,0.003420,-0.005322,0.001994,0.010352,-0.002386,0.000906,-0.010370,-0.009149,0.001782,-0.012371,-0.004685,0.001521,-0.001238,-0.001920,-0.000245,-0.013812,-0.009478,0.001551,-0.022390,-0.005715,-0.000189,-0.016611,-0.000619,0.003841,-0.021988,0.011833,0.035036,-0.020943,-0.005681,0.003947,-0.013832,-0.000779,0.004365,-0.024560,0.011070,0.035757
-0.014150,-0.007875,0.000975,-0.008440,-0.007601,0.001474,0.003610,-0.003952,0.001304,0.005985,-0.002252,0.000887,-0.013225,-0.007657,0.000912,-0.014833,-0.003227,0.000663,-0.006019,0.000238,-0.000738,-0.015341,-0.007929,0.000766,-0.020924,-0.003101,-0.001776,-0.016483,0.000380,0.001096,-0.021328,0.012762,0.029265,-0.022281,-0.003011,0.003779,-0.016789,0.002283,0.003425,-0.026272,0.012040,0.031589
-0.014000,-0.007825,-0.000075,-0.007147,-0.007455,0.000586,0.003831,-0.004592,0.000373,0.001908,-0.004553,0.000574,-0.014470,-0.007542,-0.000298,-0.016306,-0.003222,-0.000531,-0.010102,0.000671,-0.001521,-0.015173,-0.007851,-0.000282,-0.018274,-0.001998,-0.003567,-0.014255,-0.000929,-0.001977,-0.018426,0.009052,0.021327,-0.022802,-0.001843,0.003353,-0.018919,0.001953,0.003083,-0.026214,0.008430,0.025866
-0.014200,-0.012250,-0.000075,-0.008363,-0.011654,0.000742,0.000486,-0.010459,0.000482,-0.000382,-0.011725,0.000454,-0.015346,-0.011732,-0.000559,-0.018098,-0.008064,-0.000751,-0.015454,-0.004773,-0.001168,-0.015081,-0.012282,-0.000231,-0.014924,-0.006586,-0.003598,-0.010062,-0.008289,-0.003096,-0.013530,-0.004646,0.013208,-0.024489,-0.006345,0.003405,-0.022847,-0.005909,0.003822,-0.026572,-0.005108,0.019111
-0.014350,-0.015200,-0.000050,-0.009178,-0.014454,0.000869,-0.001736,-0.014378,0.000574,-0.001890,-0.016515,0.000393,-0.015951,-0.014529,-0.000707,-0.019312,-0.011304,-0.000870,-0.019039,-0.008422,-0.000906,-0.015039,-0.015235,-0.000172,-0.012682,-0.009648,-0.003588,-0.007056,-0.013073,-0.003694,-0.010183,-0.013802,0.008539,-0.025641,-0.009348,0.003465,-0.025479,-0.011336,0.004427,-0.026969,-0.014171,0.015311
