body_0_x,body_0_y,body_0_z,body_1_x,body_1_y,body_1_z,body_2_x,body_2_y,body_2_z,body_3_x,body_3_y,body_3_z,body_4_x,body_4_y,body_4_z,body_5_x,body_5_y,body_5_z,body_6_x,body_6_y,body_6_z,body_7_x,body_7_y,body_7_z,body_8_x,body_8_y,body_8_z,body_9_x,body_9_y,body_9_z,body_10_x,body_10_y,body_10_z,body_11_x,body_11_y,body_11_z,body_12_x,body_12_y,body_12_z,body_13_x,body_13_y,body_13_z
0.046256,-0.010303,0.783686,0.047009,0.106974,0.651317,0.031932,0.126267,0.346063,-0.027007,0.139423,0.034523,0.047844,-0.125925,0.649833,0.041350,-0.142344,0.344181,-0.011877,-0.153788,0.031639,0.041307,-0.010417,0.827586,0.066246,0.129638,1.071639,0.085852,0.208475,0.906264,0.224095,0.172247,0.795180,0.056323,-0.151239,1.072163,0.086048,-0.227510,0.907178,0.220574,-0.181149,0.795207
0.046022,-0.010011,0.783659,0.046817,0.107267,0.651291,0.031749,0.126563,0.346037,-0.027101,0.139744,0.034483,0.047609,-0.125633,0.649806,0.040967,-0.142065,0.344158,-0.012399,-0.153497,0.031638,0.041061,-0.010126,0.827558,0.065698,0.129914,1.071650,0.085325,0.208952,0.906373,0.223790,0.172622,0.795623,0.055837,-0.150966,1.072137,0.085590,-0.227385,0.907226,0.220326,-0.180782,0.795632
0.045821,-0.009838,0.783626,0.046634,0.107442,0.651260,0.031597,0.126732,0.346005,-0.027196,0.139911,0.034442,0.047422,-0.125458,0.649772,0.040631,-0.141905,0.344127,-0.012883,-0.153335,0.031631,0.040850,-0.009955,0.827523,0.065191,0.130069,1.071652,0.084691,0.209488,0.906543,0.223461,0.172931,0.796299,0.055413,-0.150815,1.072100,0.085036,-0.227537,0.907306,0.220059,-0.180486,0.796295
0.045688,-0.009906,0.783581,0.046474,0.107382,0.651221,0.031515,0.126644,0.345961,-0.027285,0.139765,0.034397,0.047336,-0.125518,0.649721,0.040393,-0.141986,0.344080,-0.013282,-0.153432,0.031614,0.040711,-0.010028,0.827478,0.064780,0.129981,1.071641,0.084001,0.209950,0.906764,0.223147,0.173070,0.797176,0.055130,-0.150910,1.072046,0.084480,-0.228064,0.907405,0.219839,-0.180367,0.797152
0.045609,-0.009936,0.783523,0.046384,0.107360,0.651171,0.031512,0.126609,0.345905,-0.027356,0.139676,0.034354,0.047302,-0.125539,0.649657,0.040242,-0.142007,0.344018,-0.013551,-0.153450,0.031572,0.040625,-0.010062,0.827419,0.064429,0.129951,1.071602,0.083300,0.210602,0.907018,0.222893,0.173277,0.798252,0.054888,-0.150945,1.071990,0.083878,-0.228660,0.907548,0.219634,-0.180181,0.798227
0.045557,-0.009947,0.783459,0.046328,0.107358,0.651114,0.031549,0.126599,0.345845,-0.027417,0.139614,0.034311,0.047293,-0.125540,0.649586,0.040135,-0.141998,0.343948,-0.013754,-0.153428,0.031519,0.040564,-0.010078,0.827354,0.064106,0.129952,1.071551,0.082579,0.211400,0.907314,0.222674,0.173545,0.799513,0.054667,-0.150951,1.071934,0.083244,-0.229312,0.907727,0.219438,-0.179934,0.799487
0.045391,-0.009835,0.783410,0.046121,0.107474,0.651068,0.031446,0.126724,0.345794,-0.027506,0.139713,0.034257,0.047195,-0.125424,0.649535,0.039968,-0.141888,0.343899,-0.014000,-0.153339,0.031486,0.040393,-0.009969,0.827304,0.063708,0.130095,1.071500,0.081717,0.212430,0.907654,0.222331,0.174002,0.800902,0.054396,-0.150814,1.071900,0.082514,-0.229876,0.907950,0.219138,-0.179497,0.800881
0.045345,-0.009737,0.783371,0.046036,0.107575,0.651031,0.031460,0.126836,0.345755,-0.027478,0.139803,0.034215,0.047216,-0.125322,0.649493,0.039918,-0.141801,0.343860,-0.014110,-0.153288,0.031459,0.040342,-0.009875,0.827265,0.063427,0.130233,1.071455,0.080955,0.213523,0.908040,0.222101,0.174509,0.802409,0.054254,-0.150683,1.071880,0.081918,-0.230465,0.908202,0.218966,-0.179009,0.802391
0.045536,-0.009665,0.783353,0.046190,0.107653,0.651017,0.031703,0.126926,0.345738,-0.027221,0.139880,0.034195,0.047471,-0.125244,0.649472,0.040097,-0.141758,0.343842,-0.013954,-0.153308,0.031449,0.040527,-0.009807,0.827246,0.063378,0.130359,1.071422,0.080414,0.214644,0.908466,0.222089,0.175062,0.803994,0.054368,-0.150565,1.071889,0.081601,-0.231058,0.908488,0.219047,-0.178472,0.803985
0.045652,-0.009626,0.783339,0.046287,0.107697,0.651008,0.031892,0.126972,0.345725,-0.026975,0.139917,0.034172,0.047621,-0.125199,0.649453,0.040192,-0.141749,0.343826,-0.013822,-0.153360,0.031430,0.040641,-0.009771,0.827232,0.063346,0.130445,1.071390,0.079901,0.215746,0.908913,0.222062,0.175585,0.805586,0.054397,-0.150483,1.071901,0.081176,-0.231661,0.908763,0.218996,-0.177963,0.805580
0.045730,-0.009604,0.783327,0.046355,0.107726,0.651001,0.032053,0.126993,0.345714,-0.026734,0.139934,0.034145,0.047719,-0.125170,0.649436,0.040244,-0.141759,0.343812,-0.013702,-0.153429,0.031407,0.040718,-0.009752,0.827220,0.063320,0.130511,1.071359,0.079411,0.216833,0.909376,0.222021,0.176128,0.807158,0.054383,-0.150419,1.071914,0.080721,-0.232233,0.909022,0.218883,-0.177433,0.807151
0.045835,-0.009411,0.783329,0.046416,0.107924,0.651006,0.032291,0.127182,0.345711,-0.026370,0.140093,0.034117,0.047864,-0.124971,0.649434,0.040292,-0.141600,0.343815,-0.013659,-0.153346,0.031413,0.040825,-0.009562,0.827222,0.063335,0.130757,1.071335,0.078931,0.218096,0.909848,0.221960,0.176955,0.808670,0.054474,-0.150177,1.071943,0.080406,-0.232558,0.909273,0.218839,-0.176621,0.808668
0.045887,-0.009291,0.783325,0.046429,0.108050,0.651006,0.032449,0.127293,0.345704,-0.026114,0.140167,0.034090,0.047951,-0.124845,0.649425,0.040295,-0.141516,0.343810,-0.013653,-0.153338,0.031412,0.040880,-0.009445,0.827218,0.063311,0.130929,1.071305,0.078432,0.219269,0.910317,0.221849,0.177779,0.810102,0.054519,-0.150008,1.071966,0.080087,-0.232886,0.909490,0.218743,-0.175810,0.810104
0.045835,-0.009318,0.783307,0.046344,0.108029,0.650993,0.032453,0.127244,0.345685,-0.026067,0.140074,0.034062,0.047924,-0.124865,0.649402,0.040209,-0.141584,0.343791,-0.013713,-0.153482,0.031391,0.040830,-0.009475,0.827200,0.063210,0.130952,1.071260,0.077876,0.220269,0.910770,0.221648,0.178525,0.811421,0.054469,-0.149989,1.071973,0.079716,-0.233293,0.909667,0.218542,-0.175078,0.811431
0.045903,-0.009287,0.783284,0.046397,0.108066,0.650974,0.032564,0.127238,0.345662,-0.025923,0.140021,0.034031,0.048004,-0.124828,0.649374,0.040239,-0.141595,0.343767,-0.013702,-0.153551,0.031372,0.040899,-0.009446,0.827178,0.063261,0.131023,1.071213,0.077492,0.221299,0.911220,0.221584,0.179404,0.812624,0.054553,-0.149919,1.071971,0.079529,-0.233577,0.909804,0.218462,-0.174212,0.812637
0.046031,-0.009225,0.783256,0.046518,0.108133,0.650951,0.032729,0.127257,0.345634,-0.025730,0.139991,0.033996,0.048137,-0.124761,0.649341,0.040327,-0.141574,0.343738,-0.013658,-0.153579,0.031353,0.041028,-0.009386,0.827150,0.063389,0.131121,1.071162,0.077214,0.222334,0.911665,0.221596,0.180402,0.813706,0.054708,-0.149823,1.071960,0.079477,-0.233762,0.909909,0.218457,-0.173227,0.813728
0.045950,-0.009020,0.783215,0.046410,0.108341,0.650912,0.032632,0.127417,0.345591,-0.025821,0.140097,0.033951,0.048077,-0.124553,0.649298,0.040287,-0.141398,0.343696,-0.013685,-0.153441,0.031309,0.040949,-0.009182,0.827109,0.063325,0.131339,1.071110,0.076760,0.223488,0.912117,0.221407,0.181653,0.814670,0.054686,-0.149607,1.071923,0.079315,-0.233734,0.909949,0.218275,-0.171987,0.814677
0.045910,-0.008858,0.783190,0.046348,0.108504,0.650888,0.032557,0.127535,0.345565,-0.025881,0.140173,0.033920,0.048047,-0.124389,0.649272,0.040279,-0.141264,0.343671,-0.013667,-0.153340,0.031281,0.040911,-0.009021,0.827084,0.063319,0.131516,1.071073,0.076403,0.224584,0.912586,0.221292,0.182956,0.815538,0.054705,-0.149431,1.071903,0.079256,-0.233665,0.909974,0.218151,-0.170694,0.815539
0.045951,-0.008784,0.783201,0.046379,0.108576,0.650897,0.032527,0.127564,0.345575,-0.025878,0.140185,0.033923,0.048076,-0.124318,0.649284,0.040333,-0.141219,0.343684,-0.013562,-0.153323,0.031286,0.040956,-0.008945,0.827096,0.063427,0.131609,1.071067,0.076201,0.225582,0.913088,0.221307,0.184259,0.816327,0.054797,-0.149338,1.071923,0.079315,-0.233589,0.910000,0.218111,-0.169400,0.816338
0.045935,-0.008829,0.783200,0.046350,0.108532,0.650897,0.032443,0.127469,0.345574,-0.025965,0.140049,0.033921,0.048047,-0.124361,0.649282,0.040349,-0.141294,0.343682,-0.013524,-0.153429,0.031281,0.040946,-0.008990,0.827095,0.063495,0.131571,1.071055,0.075982,0.226449,0.913594,0.221284,0.185555,0.817005,0.054849,-0.149375,1.071924,0.079371,-0.233529,0.909953,0.218037,-0.168111,0.817013
0.045890,-0.008933,0.783194,0.046291,0.108431,0.650894,0.032331,0.127309,0.345569,-0.026098,0.139838,0.033917,0.047989,-0.124463,0.649273,0.040345,-0.141430,0.343674,-0.013520,-0.153598,0.031272,0.040907,-0.009094,0.827090,0.063543,0.131468,1.071040,0.075764,0.227250,0.914105,0.221243,0.186905,0.817585,0.054880,-0.149478,1.071917,0.079439,-0.233417,0.909842,0.217952,-0.166768,0.817586
0.045788,-0.009013,0.783175,0.046190,0.108351,0.650875,0.032176,0.127192,0.345551,-0.026162,0.139722,0.033881,0.047836,-0.124542,0.649252,0.040262,-0.141533,0.343654,-0.013575,-0.153718,0.031246,0.040816,-0.009173,0.827072,0.063529,0.131393,1.071012,0.075530,0.228071,0.914608,0.221175,0.188368,0.818081,0.054818,-0.149550,1.071903,0.079445,-0.233168,0.909674,0.217809,-0.165311,0.818084
0.045675,-0.009026,0.783177,0.046084,0.108339,0.650878,0.032032,0.127141,0.345552,-0.026243,0.139661,0.033869,0.047668,-0.124555,0.649253,0.040172,-0.141571,0.343654,-0.013639,-0.153773,0.031242,0.040714,-0.009184,0.827075,0.063531,0.131382,1.071005,0.075316,0.228951,0.915138,0.221101,0.189985,0.818507,0.054754,-0.149559,1.071907,0.079446,-0.232746,0.909468,0.217646,-0.163697,0.818509
0.045541,-0.008904,0.783219,0.045968,0.108462,0.650920,0.031910,0.127222,0.345591,-0.026358,0.139715,0.033906,0.047471,-0.124433,0.649293,0.040063,-0.141480,0.343694,-0.013725,-0.153692,0.031278,0.040591,-0.009060,0.827119,0.063565,0.131498,1.071037,0.075125,0.229954,0.915711,0.221012,0.191803,0.818876,0.054686,-0.149440,1.071946,0.079412,-0.232095,0.909243,0.217431,-0.161881,0.818871
0.045340,-0.008869,0.783229,0.045778,0.108501,0.650934,0.031729,0.127232,0.345603,-0.026463,0.139721,0.033902,0.047210,-0.124394,0.649298,0.039887,-0.141480,0.343699,-0.013844,-0.153722,0.031274,0.040403,-0.009025,0.827130,0.063527,0.131533,1.071034,0.074849,0.230867,0.916248,0.220815,0.193617,0.819139,0.054562,-0.149402,1.071957,0.079318,-0.231439,0.908948,0.217138,-0.160068,0.819133
0.045107,-0.008876,0.783225,0.045552,0.108501,0.650935,0.031520,0.127210,0.345602,-0.026563,0.139706,0.033880,0.046920,-0.124394,0.649287,0.039677,-0.141523,0.343689,-0.013977,-0.153805,0.031252,0.040183,-0.009032,0.827128,0.063455,0.131529,1.071015,0.074520,0.231732,0.916770,0.220542,0.195457,0.819324,0.054410,-0.149403,1.071955,0.079183,-0.230746,0.908603,0.216786,-0.158230,0.819317
0.045133,-0.008844,0.783257,0.045608,0.108536,0.650969,0.031619,0.127208,0.345631,-0.026382,0.139693,0.033893,0.046878,-0.124360,0.649316,0.039695,-0.141526,0.343719,-0.013951,-0.153832,0.031282,0.040219,-0.008998,0.827161,0.063662,0.131564,1.071031,0.074479,0.232626,0.917328,0.220525,0.197352,0.819494,0.054482,-0.149364,1.071991,0.079238,-0.229951,0.908263,0.216623,-0.156334,0.819481
0.045103,-0.008824,0.783290,0.045615,0.108556,0.651002,0.031659,0.127200,0.345661,-0.026277,0.139680,0.033910,0.046782,-0.124340,0.649347,0.039677,-0.141527,0.343750,-0.013927,-0.153841,0.031306,0.040198,-0.008976,0.827195,0.063807,0.131592,1.071045,0.074367,0.233506,0.917885,0.220413,0.199269,0.819620,0.054484,-0.149331,1.072030,0.079203,-0.229111,0.907904,0.216358,-0.154416,0.819602
0.044961,-0.008827,0.783327,0.045525,0.108550,0.651036,0.031581,0.127180,0.345693,-0.026327,0.139670,0.033938,0.046577,-0.124348,0.649386,0.039590,-0.141523,0.343787,-0.013909,-0.153812,0.031322,0.040061,-0.008974,0.827232,0.063830,0.131612,1.071056,0.074135,0.234363,0.918438,0.220157,0.201183,0.819714,0.054348,-0.149306,1.072082,0.079012,-0.228245,0.907542,0.215932,-0.152502,0.819699
0.044848,-0.008847,0.783332,0.045477,0.108523,0.651036,0.031525,0.127140,0.345692,-0.026313,0.139654,0.033924,0.046387,-0.124375,0.649396,0.039508,-0.141555,0.343794,-0.013885,-0.153830,0.031311,0.039953,-0.008989,0.827238,0.063889,0.131622,1.071031,0.073944,0.235202,0.918955,0.219914,0.203079,0.819743,0.054224,-0.149290,1.072106,0.078808,-0.227363,0.907144,0.215489,-0.150607,0.819737
0.044751,-0.008874,0.783319,0.045450,0.108488,0.651016,0.031482,0.127091,0.345671,-0.026263,0.139634,0.033887,0.046207,-0.124410,0.649389,0.039431,-0.141605,0.343786,-0.013856,-0.153873,0.031283,0.039861,-0.009009,0.827225,0.063969,0.131630,1.070984,0.073776,0.236031,0.919453,0.219669,0.204960,0.819731,0.054107,-0.149275,1.072116,0.078594,-0.226466,0.906726,0.215032,-0.148727,0.819740
0.044695,-0.008864,0.783355,0.045432,0.108491,0.651046,0.031425,0.127091,0.345702,-0.026285,0.139661,0.033912,0.046074,-0.124408,0.649430,0.039381,-0.141588,0.343825,-0.013844,-0.153824,0.031310,0.039814,-0.008994,0.827262,0.064100,0.131656,1.070997,0.073645,0.236883,0.920020,0.219433,0.206875,0.819760,0.054062,-0.149242,1.072163,0.078437,-0.225526,0.906337,0.214620,-0.146815,0.819757
0.044603,-0.008827,0.783369,0.045378,0.108522,0.651054,0.031334,0.127119,0.345711,-0.026330,0.139718,0.033914,0.045904,-0.124378,0.649449,0.039291,-0.141539,0.343841,-0.013856,-0.153743,0.031311,0.039732,-0.008951,0.827278,0.064200,0.131712,1.070986,0.073484,0.237753,0.920561,0.219147,0.208786,0.819758,0.053989,-0.149180,1.072189,0.078245,-0.224557,0.905933,0.214173,-0.144908,0.819746
0.044437,-0.008734,0.783341,0.045248,0.108610,0.651022,0.031170,0.127207,0.345680,-0.026425,0.139844,0.033871,0.045653,-0.124290,0.649424,0.039116,-0.141424,0.343814,-0.013922,-0.153591,0.031262,0.039577,-0.008854,0.827251,0.064236,0.131829,1.070928,0.073258,0.238664,0.921049,0.218779,0.210706,0.819704,0.053863,-0.149057,1.072175,0.077988,-0.223542,0.905500,0.213661,-0.142994,0.819687
0.044161,-0.008829,0.783327,0.044989,0.108511,0.651004,0.030892,0.127118,0.345663,-0.026552,0.139813,0.033828,0.045311,-0.124389,0.649413,0.038828,-0.141494,0.343800,-0.014105,-0.153632,0.031229,0.039312,-0.008945,0.827238,0.064170,0.131771,1.070876,0.072932,0.239370,0.921528,0.218300,0.212375,0.819655,0.053645,-0.149109,1.072181,0.077634,-0.222734,0.905107,0.213056,-0.141335,0.819645
0.043829,-0.009018,0.783318,0.044665,0.108318,0.650992,0.030556,0.126939,0.345651,-0.026695,0.139701,0.033783,0.044921,-0.124582,0.649406,0.038483,-0.141658,0.343791,-0.014347,-0.153771,0.031201,0.038992,-0.009130,0.827230,0.064052,0.131626,1.070824,0.072565,0.239955,0.921989,0.217774,0.213863,0.819613,0.053382,-0.149248,1.072197,0.077234,-0.222055,0.904745,0.212415,-0.139856,0.819617
0.044224,-0.009231,0.783351,0.045072,0.108102,0.651021,0.030924,0.126742,0.345684,-0.026210,0.139571,0.033796,0.045248,-0.124799,0.649441,0.038887,-0.141820,0.343821,-0.013812,-0.153870,0.031206,0.039400,-0.009339,0.827265,0.064720,0.131442,1.070817,0.072977,0.240473,0.922479,0.218008,0.215210,0.819605,0.053887,-0.149426,1.072243,0.077568,-0.221457,0.904433,0.212514,-0.138519,0.819603
0.044443,-0.009416,0.783381,0.045286,0.107912,0.651047,0.031100,0.126560,0.345711,-0.025890,0.139445,0.033798,0.045400,-0.124988,0.649474,0.039106,-0.141966,0.343851,-0.013473,-0.153969,0.031212,0.039635,-0.009520,0.827297,0.065222,0.131290,1.070804,0.073220,0.240979,0.922938,0.218070,0.216480,0.819592,0.054253,-0.149573,1.072287,0.077757,-0.220888,0.904147,0.212472,-0.137259,0.819589
0.044309,-0.009546,0.783403,0.045117,0.107776,0.651063,0.030893,0.126409,0.345728,-0.025903,0.139332,0.033779,0.045204,-0.125125,0.649501,0.038955,-0.142080,0.343875,-0.013523,-0.154070,0.031218,0.039521,-0.009646,0.827321,0.065390,0.131196,1.070780,0.073100,0.241500,0.923355,0.217764,0.217704,0.819557,0.054338,-0.149663,1.072320,0.077651,-0.220329,0.903881,0.212124,-0.136046,0.819554
0.044116,-0.009541,0.783441,0.044880,0.107777,0.651097,0.030651,0.126419,0.345762,-0.025949,0.139400,0.033779,0.044949,-0.125123,0.649541,0.038749,-0.142059,0.343913,-0.013580,-0.154046,0.031229,0.039352,-0.009639,0.827361,0.065520,0.131235,1.070770,0.072936,0.242106,0.923755,0.217412,0.218933,0.819535,0.054404,-0.149621,1.072366,0.077508,-0.219713,0.903659,0.211742,-0.134827,0.819531
0.043894,-0.009468,0.783487,0.044608,0.107848,0.651140,0.030391,0.126509,0.345806,-0.026011,0.139558,0.033787,0.044664,-0.125052,0.649587,0.038515,-0.141972,0.343958,-0.013642,-0.153959,0.031244,0.039156,-0.009564,0.827410,0.065634,0.131341,1.070767,0.072760,0.242728,0.924128,0.217055,0.220089,0.819528,0.054462,-0.149512,1.072418,0.077346,-0.219113,0.903479,0.211352,-0.133681,0.819523
0.043702,-0.009561,0.783546,0.044353,0.107756,0.651197,0.030157,0.126431,0.345864,-0.026099,0.139530,0.033819,0.044391,-0.125145,0.649645,0.038332,-0.142045,0.344012,-0.013621,-0.154025,0.031262,0.038997,-0.009657,0.827473,0.065832,0.131288,1.070768,0.072635,0.243138,0.924466,0.216741,0.220955,0.819502,0.054639,-0.149565,1.072483,0.077270,-0.218760,0.903344,0.211034,-0.132826,0.819509
0.043508,-0.009612,0.783613,0.044085,0.107708,0.651265,0.029936,0.126392,0.345930,-0.026175,0.139528,0.033858,0.044116,-0.125193,0.649708,0.038152,-0.142082,0.344073,-0.013603,-0.154064,0.031288,0.038839,-0.009709,0.827544,0.066061,0.131268,1.070777,0.072529,0.243536,0.924780,0.216447,0.221732,0.819484,0.054867,-0.149585,1.072547,0.077230,-0.218452,0.903239,0.210753,-0.132060,0.819497
0.043309,-0.009577,0.783694,0.043789,0.107750,0.651350,0.029738,0.126434,0.346010,-0.026227,0.139580,0.033909,0.043836,-0.125151,0.649781,0.037978,-0.142047,0.344145,-0.013595,-0.154052,0.031329,0.038683,-0.009676,0.827629,0.066351,0.131319,1.070801,0.072441,0.243967,0.925081,0.216160,0.222481,0.819460,0.055197,-0.149535,1.072610,0.077258,-0.218143,0.903158,0.210527,-0.131321,0.819469
0.043117,-0.009527,0.783758,0.043492,0.107810,0.651420,0.029555,0.126488,0.346075,-0.026230,0.139641,0.033939,0.043554,-0.125091,0.649835,0.037821,-0.141999,0.344197,-0.013499,-0.154039,0.031338,0.038538,-0.009630,0.827698,0.066722,0.131372,1.070807,0.072430,0.244361,0.925335,0.215949,0.223101,0.819415,0.055583,-0.149482,1.072647,0.077316,-0.217902,0.903077,0.210345,-0.130709,0.819415
0.042928,-0.009470,0.783814,0.043195,0.107878,0.651484,0.029380,0.126548,0.346133,-0.026209,0.139707,0.033959,0.043269,-0.125022,0.649879,0.037670,-0.141944,0.344240,-0.013362,-0.154024,0.031332,0.038398,-0.009577,0.827759,0.067134,0.131425,1.070804,0.072472,0.244719,0.925554,0.215804,0.223603,0.819377,0.055998,-0.149429,1.072670,0.077400,-0.217729,0.903009,0.210211,-0.130215,0.819366
0.042694,-0.009385,0.783938,0.042835,0.107976,0.651616,0.029195,0.126603,0.346255,-0.026173,0.139729,0.034037,0.042928,-0.124924,0.649991,0.037501,-0.141877,0.344350,-0.013319,-0.153998,0.031406,0.038221,-0.009496,0.827889,0.067607,0.131520,1.070847,0.072523,0.245080,0.925790,0.215650,0.224049,0.819349,0.056505,-0.149334,1.072758,0.077526,-0.217581,0.903029,0.210102,-0.129780,0.819349
0.042390,-0.009337,0.784063,0.042388,0.108038,0.651751,0.028919,0.126613,0.346379,-0.026193,0.139702,0.034111,0.042513,-0.124862,0.650102,0.037262,-0.141847,0.344460,-0.013307,-0.154017,0.031474,0.037979,-0.009453,0.828020,0.068065,0.131571,1.070888,0.072558,0.245376,0.926009,0.215488,0.224372,0.819330,0.056998,-0.149284,1.072839,0.077635,-0.217524,0.903060,0.209987,-0.129467,0.819334
0.041946,-0.009362,0.784191,0.041764,0.108030,0.651891,0.028463,0.126530,0.346507,-0.026323,0.139572,0.034176,0.041950,-0.124870,0.650214,0.036882,-0.141889,0.344571,-0.013357,-0.154126,0.031531,0.037606,-0.009484,0.828155,0.068490,0.131537,1.070925,0.072540,0.245575,0.926216,0.215258,0.224551,0.819292,0.057461,-0.149319,1.072907,0.077685,-0.217590,0.903090,0.209806,-0.129298,0.819291
0.041558,-0.009266,0.784309,0.041193,0.108141,0.652020,0.028097,0.126546,0.346621,-0.026312,0.139522,0.034218,0.041414,-0.124758,0.650317,0.036539,-0.141815,0.344673,-0.013386,-0.154112,0.031581,0.037298,-0.009394,0.828281,0.069085,0.131621,1.070938,0.072683,0.245883,0.926393,0.215174,0.224788,0.819216,0.058085,-0.149235,1.072953,0.077870,-0.217575,0.903113,0.209756,-0.129070,0.819212
0.041198,-0.009110,0.784423,0.040647,0.108312,0.652144,0.027776,0.126611,0.346729,-0.026231,0.139513,0.034250,0.040890,-0.124587,0.650417,0.036213,-0.141682,0.344772,-0.013406,-0.154036,0.031630,0.037022,-0.009243,0.828403,0.069768,0.131765,1.070936,0.072940,0.246245,0.926555,0.215210,0.225038,0.819144,0.058792,-0.149092,1.072988,0.078158,-0.217537,0.903142,0.209814,-0.128829,0.819140
0.040768,-0.008945,0.784584,0.039982,0.108498,0.652321,0.027374,0.126691,0.346889,-0.026195,0.139518,0.034327,0.040263,-0.124401,0.650559,0.035839,-0.141556,0.344914,-0.013418,-0.153991,0.031714,0.036695,-0.009086,0.828574,0.070572,0.131916,1.070955,0.073247,0.246621,0.926743,0.215244,0.225290,0.819032,0.059661,-0.148943,1.073048,0.078550,-0.217518,0.903201,0.209918,-0.128587,0.819030
0.040233,-0.008778,0.784749,0.039195,0.108688,0.652504,0.026861,0.126776,0.347055,-0.026256,0.139528,0.034408,0.039518,-0.124211,0.650704,0.035350,-0.141424,0.345058,-0.013546,-0.153937,0.031800,0.036271,-0.008928,0.828749,0.071358,0.132064,1.070964,0.073545,0.247006,0.926931,0.215260,0.225529,0.818917,0.060522,-0.148796,1.073097,0.078948,-0.217526,0.903262,0.210008,-0.128358,0.818909
0.039487,-0.008606,0.784927,0.038160,0.108887,0.652705,0.026128,0.126869,0.347237,-0.026507,0.139544,0.034501,0.038533,-0.124012,0.650859,0.034632,-0.141281,0.345213,-0.013902,-0.153870,0.031897,0.035649,-0.008766,0.828938,0.072105,0.132210,1.070960,0.073761,0.247408,0.927125,0.215147,0.225772,0.818753,0.061359,-0.148652,1.073131,0.079285,-0.217555,0.903313,0.209982,-0.128127,0.818725
0.038836,-0.008457,0.785087,0.037183,0.109064,0.652890,0.025487,0.126950,0.347404,-0.026557,0.139576,0.034561,0.037614,-0.123833,0.650995,0.034032,-0.141174,0.345349,-0.014005,-0.153870,0.031956,0.035140,-0.008628,0.829110,0.073101,0.132354,1.070897,0.074190,0.247814,0.927267,0.215208,0.226002,0.818497,0.062465,-0.148510,1.073136,0.079866,-0.217619,0.903347,0.210145,-0.127913,0.818466
0.038234,-0.008318,0.785240,0.036237,0.109233,0.653071,0.024893,0.127027,0.347565,-0.026504,0.139618,0.034609,0.036730,-0.123664,0.651125,0.033493,-0.141086,0.345479,-0.013980,-0.153903,0.031999,0.034687,-0.008500,0.829275,0.074224,0.132500,1.070799,0.074759,0.248237,0.927389,0.215401,0.226233,0.818223,0.063708,-0.148366,1.073122,0.080613,-0.217706,0.903377,0.210439,-0.127702,0.818182
0.037422,-0.008203,0.785498,0.035005,0.109377,0.653358,0.024098,0.127058,0.347831,-0.026649,0.139567,0.034759,0.035640,-0.123520,0.651361,0.032845,-0.140999,0.345714,-0.014089,-0.153914,0.032150,0.034043,-0.008397,0.829546,0.075337,0.132659,1.070743,0.075229,0.248676,0.927558,0.215428,0.226489,0.817919,0.065012,-0.148211,1.073192,0.081369,-0.217816,0.903502,0.210637,-0.127474,0.817888
0.036653,-0.008112,0.785754,0.033790,0.109497,0.653646,0.023338,0.127064,0.348097,-0.026690,0.139496,0.034900,0.034587,-0.123398,0.651595,0.032239,-0.140945,0.345949,-0.014126,-0.153975,0.032299,0.033450,-0.008319,0.829815,0.076568,0.132808,1.070652,0.075834,0.249111,0.927702,0.215583,0.226742,0.817591,0.066464,-0.148067,1.073239,0.082314,-0.217961,0.903621,0.210977,-0.127254,0.817563
0.035972,-0.008068,0.786006,0.032609,0.109572,0.653934,0.022652,0.127016,0.348363,-0.026516,0.139383,0.035020,0.033613,-0.123322,0.651827,0.031722,-0.140960,0.346182,-0.014017,-0.154140,0.032439,0.032960,-0.008289,0.830081,0.078033,0.132936,1.070503,0.076647,0.249520,0.927786,0.215911,0.226981,0.817166,0.068207,-0.147944,1.073255,0.083555,-0.218158,0.903723,0.211533,-0.127054,0.817150
0.035133,-0.008021,0.786276,0.031223,0.109652,0.654247,0.021830,0.126979,0.348652,-0.026425,0.139275,0.035158,0.032505,-0.123241,0.652074,0.031151,-0.140971,0.346432,-0.013975,-0.154299,0.032599,0.032319,-0.008258,0.830364,0.079466,0.133093,1.070314,0.077364,0.249949,0.927829,0.216105,0.227307,0.816645,0.070069,-0.147796,1.073242,0.084934,-0.218345,0.903807,0.212111,-0.126773,0.816638
0.034215,-0.007972,0.786555,0.029735,0.109735,0.654574,0.020940,0.126951,0.348956,-0.026375,0.139175,0.035309,0.031329,-0.123155,0.652330,0.030553,-0.140976,0.346692,-0.013966,-0.154450,0.032771,0.031604,-0.008227,0.830655,0.080886,0.133268,1.070092,0.078109,0.250377,0.927827,0.216329,0.227667,0.816081,0.071993,-0.147631,1.073200,0.086459,-0.218532,0.903879,0.212782,-0.126460,0.816084
0.033309,-0.007915,0.786817,0.028276,0.109832,0.654892,0.020239,0.126967,0.349250,-0.026217,0.139091,0.035465,0.030214,-0.123054,0.652564,0.030206,-0.140952,0.346929,-0.013903,-0.154506,0.032948,0.030894,-0.008192,0.830928,0.082528,0.133467,1.069774,0.078999,0.250804,0.927715,0.216624,0.228104,0.815304,0.074281,-0.147446,1.073059,0.088332,-0.218697,0.903850,0.213669,-0.126076,0.815307
0.032296,-0.007845,0.787055,0.026716,0.109947,0.655194,0.019500,0.127017,0.349529,-0.026086,0.139038,0.035606,0.029042,-0.122934,0.652770,0.029891,-0.140939,0.347141,-0.013931,-0.154581,0.033120,0.030069,-0.008146,0.831176,0.084115,0.133688,1.069386,0.079944,0.251215,0.927502,0.216991,0.228551,0.814445,0.076551,-0.147236,1.072846,0.090309,-0.218837,0.903762,0.214650,-0.125682,0.814456
0.031065,-0.007748,0.787244,0.024948,0.110100,0.655459,0.018678,0.127134,0.349773,-0.026011,0.139047,0.035711,0.027754,-0.122775,0.652914,0.029639,-0.140948,0.347300,-0.014143,-0.154699,0.033276,0.029008,-0.008078,0.831373,0.085583,0.133949,1.068884,0.080838,0.251619,0.927137,0.217297,0.229043,0.813410,0.078774,-0.146985,1.072517,0.092335,-0.218919,0.903559,0.215646,-0.125246,0.813443
0.029758,-0.007710,0.787346,0.023158,0.110222,0.655664,0.018023,0.127267,0.349959,-0.025949,0.139035,0.035786,0.026497,-0.122644,0.652945,0.029859,-0.141000,0.347354,-0.014261,-0.154763,0.033379,0.027849,-0.008079,0.831481,0.087117,0.134137,1.068226,0.081837,0.251915,0.926589,0.217668,0.229510,0.812127,0.081164,-0.146804,1.071997,0.094605,-0.219020,0.903151,0.216837,-0.124835,0.812161
0.028412,-0.007702,0.787404,0.021356,0.110327,0.655838,0.017452,0.127410,0.350119,-0.025895,0.139018,0.035850,0.025254,-0.122528,0.652920,0.030312,-0.141067,0.347363,-0.014332,-0.154792,0.033463,0.026642,-0.008116,0.831545,0.088687,0.134299,1.067465,0.083011,0.252134,0.925892,0.218218,0.229951,0.810688,0.083641,-0.146648,1.071358,0.097116,-0.219094,0.902614,0.218293,-0.124448,0.810740
0.027088,-0.007701,0.787380,0.019630,0.110476,0.655976,0.017387,0.127662,0.350249,-0.025554,0.139021,0.035914,0.024207,-0.122363,0.652768,0.031760,-0.141231,0.347282,-0.014274,-0.154854,0.033590,0.025433,-0.008176,0.831525,0.090591,0.134416,1.066507,0.084533,0.252275,0.924970,0.218997,0.230376,0.808871,0.086498,-0.146532,1.070475,0.100004,-0.219126,0.901797,0.220070,-0.124076,0.808918
0.025628,-0.007768,0.787309,0.017772,0.110577,0.656090,0.017463,0.127925,0.350367,-0.025271,0.138979,0.035992,0.023102,-0.122242,0.652551,0.033499,-0.141462,0.347169,-0.014234,-0.154930,0.033740,0.024084,-0.008312,0.831457,0.092515,0.134464,1.065409,0.086221,0.252293,0.923860,0.219907,0.230719,0.806814,0.089409,-0.146480,1.069430,0.103082,-0.219149,0.900799,0.222074,-0.123780,0.806879
0.023899,-0.007970,0.787148,0.015652,0.110586,0.656158,0.017820,0.128208,0.350461,-0.025105,0.138840,0.036099,0.021885,-0.122204,0.652208,0.035822,-0.141834,0.346993,-0.014230,-0.155044,0.033935,0.022457,-0.008599,0.831298,0.094474,0.134358,1.064080,0.087997,0.252111,0.922478,0.220788,0.230923,0.804337,0.092425,-0.146576,1.068110,0.106297,-0.219223,0.899486,0.224193,-0.123616,0.804416
0.021998,-0.008211,0.786865,0.013390,0.110577,0.656130,0.018736,0.128633,0.350500,-0.024950,0.138702,0.036231,0.020587,-0.122178,0.651730,0.038583,-0.142253,0.346754,-0.014058,-0.155130,0.034133,0.020658,-0.008931,0.831017,0.096571,0.134192,1.062480,0.089988,0.251822,0.920783,0.221764,0.231085,0.801397,0.095647,-0.146725,1.066455,0.109762,-0.219232,0.897790,0.226558,-0.123484,0.801471
0.020011,-0.008471,0.786521,0.011058,0.110560,0.656058,0.019931,0.129148,0.350546,-0.024800,0.138602,0.036412,0.019249,-0.122153,0.651187,0.041561,-0.142671,0.346525,-0.013798,-0.155148,0.034385,0.018773,-0.009287,0.830674,0.098736,0.134015,1.060692,0.092263,0.251445,0.918827,0.222995,0.231191,0.798155,0.098964,-0.146875,1.064581,0.113485,-0.219141,0.895846,0.229285,-0.123393,0.798255
0.017669,-0.008773,0.785970,0.008343,0.110482,0.655779,0.021548,0.129739,0.350469,-0.024828,0.138378,0.036561,0.017568,-0.122182,0.650461,0.044468,-0.143096,0.346195,-0.013749,-0.155065,0.034586,0.016559,-0.009677,0.830125,0.101214,0.133766,1.058412,0.094794,0.250929,0.916328,0.224201,0.231210,0.794059,0.102612,-0.147089,1.062123,0.117342,-0.218968,0.893240,0.232064,-0.123371,0.794130
0.015218,-0.009099,0.785330,0.005495,0.110368,0.655414,0.023187,0.130365,0.350382,-0.024878,0.138215,0.036720,0.015745,-0.122243,0.649667,0.047328,-0.143509,0.345874,-0.013656,-0.154912,0.034804,0.014254,-0.010087,0.829487,0.103765,0.133521,1.055864,0.097627,0.250293,0.913449,0.225679,0.231150,0.789557,0.106352,-0.147287,1.059371,0.121446,-0.218666,0.890307,0.235200,-0.123404,0.789631
0.012545,-0.009471,0.784513,0.002376,0.110183,0.654869,0.024865,0.131023,0.350213,-0.024978,0.138101,0.036822,0.013637,-0.122371,0.648731,0.050093,-0.143936,0.345503,-0.013492,-0.154721,0.034962,0.011762,-0.010533,0.828671,0.106465,0.133255,1.052880,0.100702,0.249498,0.910022,0.227277,0.231012,0.784386,0.110286,-0.147492,1.056127,0.125774,-0.218240,0.886831,0.238564,-0.123486,0.784440
0.009752,-0.009814,0.783510,-0.000917,0.110013,0.654148,0.026508,0.131702,0.349959,-0.025056,0.138008,0.036843,0.011238,-0.122486,0.647640,0.052722,-0.144368,0.345081,-0.013333,-0.154509,0.035063,0.009205,-0.010942,0.827670,0.109564,0.132988,1.049400,0.104334,0.248530,0.905959,0.229287,0.230690,0.778463,0.114438,-0.147689,1.052353,0.130290,-0.217697,0.882782,0.242153,-0.123725,0.778484
0.006900,-0.010142,0.782414,-0.004296,0.109850,0.653347,0.028131,0.132409,0.349718,-0.025125,0.137964,0.036883,0.008693,-0.122594,0.646478,0.055275,-0.144784,0.344682,-0.013179,-0.154238,0.035194,0.006616,-0.011331,0.826575,0.112833,0.132736,1.045576,0.108360,0.247379,0.901393,0.231674,0.230241,0.772050,0.118667,-0.147856,1.048217,0.135053,-0.217010,0.878343,0.246046,-0.124056,0.772024
0.003769,-0.010575,0.781094,-0.008023,0.109576,0.652350,0.029568,0.133050,0.349388,-0.025388,0.137862,0.036848,0.005630,-0.122819,0.645129,0.057637,-0.145408,0.344250,-0.012976,-0.154291,0.035260,0.003827,-0.011819,0.825255,0.116196,0.132431,1.041169,0.112576,0.245942,0.896073,0.234167,0.229581,0.764834,0.122931,-0.148063,1.043529,0.139944,-0.216262,0.873329,0.250010,-0.124559,0.764774
0.000589,-0.010924,0.779678,-0.011811,0.109396,0.651291,0.030922,0.133777,0.349085,-0.025760,0.137850,0.036856,0.002390,-0.122954,0.643699,0.059914,-0.145944,0.343858,-0.012781,-0.154242,0.035362,0.001021,-0.012224,0.823835,0.119651,0.132215,1.036397,0.117103,0.244376,0.890236,0.236997,0.228874,0.757160,0.127159,-0.148169,1.038504,0.145038,-0.215277,0.867957,0.254202,-0.125073,0.757045
-0.002691,-0.011108,0.778068,-0.015724,0.109404,0.650089,0.032120,0.134630,0.348720,-0.026336,0.137930,0.036824,-0.001206,-0.122914,0.642096,0.062035,-0.146356,0.343445,-0.012593,-0.154095,0.035422,-0.001821,-0.012467,0.822217,0.123341,0.132126,1.031071,0.122018,0.242724,0.883710,0.240146,0.228124,0.748775,0.131369,-0.148139,1.032983,0.150215,-0.214009,0.862055,0.258439,-0.125606,0.748581
-0.005928,-0.011276,0.776271,-0.019639,0.109447,0.648757,0.033392,0.135529,0.348330,-0.026735,0.138082,0.036760,-0.004961,-0.122846,0.640334,0.064211,-0.146742,0.343038,-0.012288,-0.153968,0.035486,-0.004558,-0.012695,0.820405,0.127291,0.132036,1.025211,0.127410,0.240841,0.876517,0.243747,0.227152,0.739746,0.135533,-0.148102,1.027078,0.155505,-0.212599,0.855753,0.262786,-0.126353,0.739530
-0.009145,-0.011436,0.774381,-0.023555,0.109507,0.647374,0.034693,0.136438,0.347989,-0.027053,0.138252,0.036747,-0.008800,-0.122765,0.638507,0.066389,-0.147130,0.342718,-0.011950,-0.153882,0.035642,-0.007245,-0.012916,0.818493,0.131301,0.131937,1.018975,0.133015,0.238787,0.868881,0.247536,0.226139,0.730283,0.139617,-0.148065,1.020875,0.160907,-0.210964,0.849114,0.267163,-0.127133,0.729983
-0.012217,-0.011415,0.772200,-0.027322,0.109814,0.645804,0.036387,0.137540,0.347606,-0.027140,0.138551,0.036736,-0.012626,-0.122440,0.636381,0.068790,-0.147331,0.342293,-0.011326,-0.153741,0.035690,-0.009748,-0.012973,0.816282,0.135290,0.131990,1.012299,0.139034,0.236645,0.860705,0.251872,0.225005,0.720425,0.143339,-0.147869,1.014497,0.166320,-0.209059,0.842335,0.271669,-0.128046,0.720231
-0.015331,-0.011433,0.769823,-0.031146,0.110084,0.644084,0.038270,0.138652,0.347242,-0.027238,0.138819,0.036801,-0.016532,-0.122154,0.634102,0.071287,-0.147646,0.341917,-0.010674,-0.153775,0.035820,-0.012272,-0.013070,0.813865,0.139048,0.131976,1.005308,0.145002,0.234317,0.852213,0.256150,0.223873,0.710251,0.146802,-0.147726,1.007842,0.171753,-0.206951,0.835267,0.276099,-0.128944,0.710104
-0.018531,-0.011529,0.767052,-0.035090,0.110279,0.642039,0.040534,0.139806,0.346812,-0.027358,0.139044,0.036908,-0.020594,-0.121941,0.631486,0.074015,-0.148160,0.341497,-0.009921,-0.154108,0.035959,-0.014838,-0.013244,0.811042,0.142469,0.131847,0.997890,0.150905,0.231726,0.843294,0.260386,0.222599,0.699677,0.149850,-0.147685,1.000836,0.177107,-0.204744,0.827880,0.280431,-0.129964,0.699626
-0.021728,-0.011547,0.763786,-0.039068,0.110534,0.639551,0.043154,0.141045,0.346192,-0.027540,0.139199,0.036949,-0.024722,-0.121670,0.628448,0.076857,-0.148703,0.340906,-0.009353,-0.154443,0.036032,-0.017364,-0.013334,0.807712,0.145681,0.131705,0.989979,0.156778,0.229034,0.833933,0.264526,0.221410,0.688619,0.152680,-0.147642,0.993264,0.182498,-0.202276,0.819948,0.284724,-0.130871,0.688587
-0.024923,-0.011527,0.760271,-0.043062,0.110816,0.636861,0.045926,0.142302,0.345587,-0.027773,0.139293,0.037086,-0.028884,-0.121373,0.625222,0.079708,-0.149287,0.340343,-0.008931,-0.154813,0.036200,-0.019871,-0.013384,0.804120,0.148731,0.131549,0.981748,0.162607,0.226195,0.824283,0.268481,0.220194,0.677195,0.155354,-0.147600,0.985344,0.187894,-0.199609,0.811710,0.288907,-0.131772,0.677197
-0.028306,-0.011373,0.755982,-0.047409,0.111185,0.633487,0.049062,0.143824,0.344732,-0.027961,0.139549,0.037097,-0.033391,-0.120990,0.621370,0.082801,-0.149729,0.339592,-0.008617,-0.154928,0.036310,-0.022465,-0.013282,0.799731,0.151177,0.131452,0.973044,0.168239,0.223325,0.814258,0.272376,0.219094,0.665541,0.157457,-0.147485,0.976832,0.193197,-0.196627,0.802992,0.293146,-0.132526,0.665526
-0.031676,-0.011224,0.751368,-0.051764,0.111543,0.629863,0.052361,0.145330,0.343911,-0.028132,0.139722,0.037228,-0.037935,-0.120618,0.617269,0.085935,-0.150217,0.338873,-0.008349,-0.155081,0.036511,-0.025023,-0.013186,0.794998,0.153410,0.131331,0.964046,0.173838,0.220294,0.804008,0.276178,0.217911,0.653691,0.159412,-0.147377,0.967977,0.198590,-0.193463,0.794042,0.297442,-0.133329,0.653681
-0.035020,-0.011086,0.746105,-0.056142,0.111883,0.625694,0.056029,0.146842,0.342943,-0.028227,0.139775,0.037351,-0.042545,-0.120266,0.612622,0.089240,-0.150750,0.337984,-0.008076,-0.155237,0.036629,-0.027508,-0.013101,0.789593,0.155333,0.131176,0.954605,0.179416,0.217150,0.793449,0.280055,0.216716,0.641683,0.161169,-0.147286,0.958564,0.204201,-0.190059,0.784693,0.302047,-0.134103,0.641623
-0.038351,-0.010866,0.740121,-0.060538,0.112284,0.620894,0.060050,0.148559,0.341796,-0.028238,0.140002,0.037441,-0.047132,-0.119849,0.607360,0.092873,-0.151222,0.336924,-0.007804,-0.155243,0.036730,-0.029959,-0.012928,0.783446,0.157138,0.131104,0.944414,0.185000,0.213987,0.782255,0.283915,0.215505,0.629119,0.162869,-0.147095,0.948364,0.210028,-0.186319,0.774728,0.306860,-0.134852,0.629050
-0.041675,-0.010605,0.733778,-0.064940,0.112712,0.615815,0.064184,0.150340,0.340744,-0.028257,0.140270,0.037736,-0.051711,-0.119405,0.601830,0.096577,-0.151704,0.335958,-0.007621,-0.155218,0.037029,-0.032394,-0.012711,0.776919,0.158841,0.131074,0.933803,0.190563,0.210796,0.770774,0.287770,0.214222,0.616370,0.164512,-0.146843,0.937735,0.216125,-0.182237,0.764543,0.311985,-0.135620,0.616397
-0.045018,-0.010062,0.726310,-0.069398,0.113360,0.609682,0.068545,0.152464,0.339135,-0.028303,0.140899,0.037640,-0.056391,-0.118749,0.595357,0.100530,-0.151924,0.334598,-0.007234,-0.154790,0.037006,-0.034806,-0.012192,0.769239,0.160519,0.131363,0.921893,0.196121,0.207893,0.758143,0.291691,0.213121,0.602593,0.166150,-0.146252,0.925870,0.222505,-0.177518,0.753363,0.317421,-0.136186,0.602881
-0.048421,-0.009533,0.718418,-0.073933,0.113978,0.603209,0.072810,0.154545,0.337551,-0.028445,0.141433,0.037659,-0.061164,-0.118126,0.588566,0.104324,-0.152212,0.333279,-0.007098,-0.154407,0.037113,-0.037265,-0.011683,0.761110,0.162124,0.131647,0.909367,0.201689,0.205087,0.745117,0.295904,0.212018,0.588653,0.167703,-0.145647,0.913459,0.228951,-0.172476,0.741874,0.322882,-0.136874,0.589169
-0.051941,-0.009033,0.709678,-0.078621,0.114540,0.595990,0.077006,0.156612,0.335676,-0.028677,0.141861,0.037493,-0.066114,-0.117560,0.581063,0.107984,-0.152558,0.331696,-0.007280,-0.154016,0.037089,-0.039815,-0.011194,0.752104,0.163672,0.131918,0.895701,0.207347,0.202494,0.731242,0.300711,0.211019,0.574207,0.169140,-0.145039,0.900030,0.235161,-0.167217,0.729552,0.327915,-0.137715,0.574697
-0.055560,-0.008411,0.700165,-0.083451,0.115204,0.588115,0.081086,0.158825,0.333599,-0.029002,0.142348,0.037215,-0.071256,-0.116896,0.572933,0.111464,-0.152844,0.329951,-0.007583,-0.153561,0.036946,-0.042430,-0.010578,0.742291,0.165199,0.132353,0.880892,0.213124,0.200317,0.716522,0.306246,0.210281,0.559296,0.170475,-0.144254,0.885660,0.240985,-0.161760,0.716435,0.332375,-0.138440,0.559589
-0.059229,-0.007729,0.690265,-0.088349,0.115914,0.579955,0.084998,0.161059,0.331627,-0.029459,0.142765,0.037128,-0.076497,-0.116189,0.564538,0.114711,-0.153154,0.328333,-0.008078,-0.153137,0.036978,-0.045083,-0.009898,0.732061,0.166637,0.132865,0.865454,0.218903,0.198528,0.701476,0.312394,0.209811,0.544435,0.171691,-0.143381,0.870768,0.246481,-0.156266,0.702963,0.336540,-0.138662,0.544477
-0.062910,-0.007136,0.679581,-0.093378,0.116483,0.571127,0.088646,0.163142,0.329373,-0.029746,0.142977,0.036677,-0.081879,-0.115627,0.555540,0.117588,-0.153478,0.326410,-0.008742,-0.152515,0.036677,-0.047698,-0.009290,0.721001,0.168217,0.133356,0.848643,0.224618,0.196930,0.685218,0.318806,0.209317,0.528560,0.173027,-0.142516,0.854709,0.251730,-0.150983,0.688408,0.340423,-0.138314,0.528561
-0.066629,-0.006540,0.668712,-0.098457,0.117039,0.562210,0.092038,0.165148,0.327365,-0.030146,0.143088,0.036490,-0.087321,-0.115079,0.546470,0.120152,-0.153856,0.324721,-0.009515,-0.151948,0.036573,-0.050350,-0.008674,0.709726,0.169645,0.133870,0.831411,0.230123,0.195617,0.668749,0.325453,0.208968,0.512757,0.174242,-0.141621,0.838294,0.256720,-0.145837,0.673656,0.344211,-0.137107,0.512772
-0.070426,-0.005937,0.657471,-0.103649,0.117579,0.553029,0.095126,0.167098,0.325450,-0.030609,0.143185,0.036354,-0.092882,-0.114547,0.537158,0.122351,-0.154238,0.323100,-0.010262,-0.151373,0.036402,-0.053069,-0.008046,0.698042,0.170918,0.134432,0.813454,0.235255,0.194484,0.651643,0.331927,0.208612,0.496456,0.175332,-0.140671,0.821262,0.261238,-0.141094,0.658317,0.347579,-0.135440,0.496576
-0.073895,-0.005474,0.646126,-0.108505,0.117956,0.543793,0.098290,0.168912,0.323805,-0.030560,0.143195,0.036343,-0.097963,-0.114172,0.527775,0.124669,-0.154587,0.321560,-0.010798,-0.150760,0.036303,-0.055509,-0.007546,0.686243,0.172144,0.134927,0.795465,0.240144,0.193336,0.634556,0.338243,0.208146,0.480246,0.176463,-0.139806,0.804155,0.265295,-0.137437,0.642787,0.350807,-0.134073,0.480455
-0.077201,-0.005081,0.634730,-0.113191,0.118246,0.534571,0.101347,0.170632,0.322476,-0.030388,0.143113,0.036593,-0.102805,-0.113878,0.518393,0.126900,-0.154945,0.320218,-0.011365,-0.150152,0.036413,-0.057815,-0.007110,0.674376,0.173233,0.135395,0.777404,0.244421,0.191976,0.617226,0.343552,0.207346,0.463551,0.177454,-0.139009,0.786923,0.268056,-0.135852,0.626539,0.353206,-0.134223,0.463911
-0.080445,-0.004914,0.623330,-0.117592,0.118252,0.525174,0.104256,0.171968,0.321084,-0.030217,0.142828,0.036734,-0.107323,-0.113875,0.508970,0.128976,-0.155604,0.318848,-0.011794,-0.149847,0.036376,-0.060187,-0.006886,0.662540,0.173552,0.135753,0.760326,0.247777,0.190416,0.600865,0.347699,0.206558,0.447697,0.177818,-0.138401,0.770218,0.269009,-0.136993,0.610126,0.355080,-0.136492,0.447899
-0.083515,-0.004738,0.611908,-0.121756,0.118241,0.515731,0.107044,0.173282,0.319836,-0.030156,0.142489,0.037062,-0.111574,-0.113891,0.499555,0.131016,-0.156252,0.317669,-0.012209,-0.149511,0.036535,-0.062433,-0.006645,0.650685,0.173692,0.136163,0.743490,0.250486,0.188565,0.584491,0.350492,0.205589,0.431375,0.177960,-0.137821,0.753493,0.267974,-0.141014,0.592750,0.355987,-0.141495,0.431485
-0.086237,-0.004542,0.600441,-0.125450,0.118205,0.506120,0.109871,0.174620,0.318519,-0.030055,0.142152,0.037374,-0.115288,-0.113937,0.490079,0.133269,-0.156812,0.316560,-0.012322,-0.149060,0.036747,-0.064418,-0.006371,0.638811,0.173691,0.136661,0.727241,0.252953,0.186620,0.568670,0.352640,0.204876,0.415373,0.178021,-0.137218,0.736935,0.265644,-0.146920,0.575124,0.356588,-0.148276,0.415402
-0.088622,-0.004309,0.588967,-0.128692,0.118161,0.496373,0.112765,0.175993,0.317193,-0.029695,0.141956,0.037611,-0.118493,-0.113995,0.480578,0.135693,-0.157374,0.315542,-0.012133,-0.148603,0.037010,-0.066145,-0.006046,0.626960,0.173604,0.137234,0.711667,0.255513,0.184633,0.553659,0.354752,0.204504,0.400142,0.178065,-0.136568,0.720696,0.263000,-0.153315,0.558024,0.357409,-0.155442,0.400219
-0.090837,-0.004056,0.577489,-0.131714,0.118116,0.486577,0.115530,0.177395,0.315973,-0.029353,0.141812,0.037938,-0.121449,-0.114058,0.471080,0.138055,-0.157922,0.314672,-0.011934,-0.148130,0.037408,-0.067745,-0.005694,0.615116,0.173464,0.137842,0.696424,0.258149,0.182572,0.539106,0.356834,0.204309,0.385345,0.178137,-0.135873,0.704630,0.260908,-0.158932,0.541612,0.358669,-0.161713,0.385747
-0.092779,-0.003946,0.566109,-0.134250,0.117938,0.476683,0.118259,0.178566,0.314477,-0.029123,0.141761,0.038028,-0.123935,-0.114257,0.461542,0.140470,-0.158695,0.313741,-0.011666,-0.147853,0.037768,-0.069186,-0.005495,0.603428,0.173131,0.138327,0.682181,0.260923,0.180611,0.525894,0.359315,0.204524,0.372134,0.178241,-0.135274,0.689204,0.260279,-0.162875,0.526521,0.361290,-0.165909,0.372621
-0.094376,-0.003941,0.554875,-0.136416,0.117670,0.466911,0.120951,0.179632,0.313069,-0.028893,0.141577,0.038227,-0.126023,-0.114542,0.452090,0.142878,-0.159566,0.312818,-0.011416,-0.147716,0.038167,-0.070317,-0.005406,0.591899,0.172989,0.138700,0.668335,0.263878,0.178730,0.513231,0.362140,0.204722,0.359611,0.178629,-0.134751,0.674170,0.261129,-0.165105,0.512212,0.364976,-0.168153,0.360103
-0.095283,-0.004149,0.543929,-0.137825,0.117218,0.457340,0.123904,0.180480,0.311605,-0.028357,0.141174,0.038379,-0.127297,-0.115004,0.442767,0.145592,-0.160651,0.311693,-0.010892,-0.147869,0.038404,-0.070825,-0.005539,0.580693,0.173270,0.138857,0.655300,0.267282,0.177082,0.501609,0.365888,0.204929,0.348456,0.179530,-0.134421,0.659910,0.263529,-0.165875,0.498933,0.370042,-0.168549,0.348591
-0.096014,-0.004263,0.533455,-0.138966,0.116888,0.448101,0.126545,0.181335,0.309927,-0.028052,0.140851,0.038299,-0.128312,-0.115343,0.433769,0.148090,-0.161654,0.310521,-0.010536,-0.147902,0.038595,-0.071220,-0.005587,0.569996,0.173521,0.139101,0.643066,0.270508,0.175949,0.490894,0.369979,0.205142,0.338504,0.180388,-0.133991,0.646688,0.266515,-0.165456,0.486839,0.375653,-0.167457,0.338331
-0.096656,-0.004331,0.523216,-0.139979,0.116619,0.439033,0.128941,0.182194,0.308182,-0.027942,0.140555,0.038156,-0.129205,-0.115622,0.424937,0.150381,-0.162615,0.309363,-0.010357,-0.147858,0.038812,-0.071559,-0.005593,0.559551,0.173727,0.139394,0.631217,0.273264,0.175449,0.480510,0.373975,0.205517,0.329084,0.181216,-0.133512,0.633980,0.269684,-0.164242,0.475266,0.381383,-0.165211,0.328641
-0.096811,-0.004766,0.514012,-0.140532,0.116015,0.430905,0.131142,0.182708,0.306470,-0.027813,0.139814,0.037966,-0.129566,-0.116226,0.416964,0.152668,-0.163723,0.308230,-0.010196,-0.148143,0.039081,-0.071443,-0.005970,0.550161,0.174297,0.139363,0.620439,0.275976,0.175048,0.471082,0.378377,0.205324,0.320829,0.182349,-0.133369,0.622820,0.273195,-0.163157,0.465269,0.387381,-0.163070,0.320563
-0.096746,-0.005196,0.505100,-0.140846,0.115433,0.423036,0.133298,0.183202,0.304757,-0.027731,0.139069,0.037801,-0.129726,-0.116810,0.409233,0.154882,-0.164767,0.307083,-0.010084,-0.148367,0.039348,-0.071120,-0.006346,0.541068,0.175040,0.139337,0.609868,0.278344,0.175294,0.461699,0.382822,0.205292,0.312839,0.183624,-0.133235,0.612076,0.276613,-0.161855,0.455559,0.392912,-0.160678,0.312562
-0.096240,-0.005618,0.496773,-0.140669,0.114891,0.415671,0.135560,0.183655,0.302951,-0.027564,0.138343,0.037573,-0.129469,-0.117354,0.401976,0.157160,-0.165686,0.305825,-0.009875,-0.148507,0.039502,-0.070379,-0.006726,0.532574,0.176188,0.139308,0.599742,0.280664,0.176124,0.452612,0.387708,0.205224,0.305444,0.185223,-0.133119,0.602180,0.280212,-0.160365,0.446619,0.398147,-0.158282,0.305015
-0.095420,-0.006024,0.489160,-0.140194,0.114397,0.409011,0.137787,0.184142,0.301316,-0.027308,0.137806,0.037436,-0.128972,-0.117851,0.395371,0.159388,-0.166464,0.304685,-0.009616,-0.148567,0.039726,-0.069318,-0.007098,0.524786,0.177657,0.139372,0.589911,0.282743,0.177595,0.443580,0.392748,0.205061,0.298375,0.187144,-0.132908,0.593186,0.284188,-0.158303,0.438582,0.403126,-0.155591,0.297908
-0.094443,-0.006421,0.481903,-0.139572,0.113927,0.402706,0.139964,0.184641,0.299776,-0.027032,0.137344,0.037363,-0.128356,-0.118324,0.389094,0.161552,-0.167176,0.303618,-0.009367,-0.148595,0.040003,-0.068097,-0.007465,0.517350,0.179252,0.139488,0.580207,0.284414,0.179822,0.434503,0.397736,0.205096,0.291616,0.189274,-0.132628,0.584660,0.288845,-0.154920,0.431189,0.408083,-0.151652,0.290923
-0.093251,-0.006824,0.476129,-0.138610,0.113530,0.397736,0.142033,0.185079,0.298463,-0.026629,0.137040,0.037332,-0.127529,-0.118723,0.384046,0.163535,-0.167677,0.302644,-0.009147,-0.148653,0.040271,-0.066710,-0.007867,0.511431,0.180974,0.139548,0.571986,0.286000,0.182363,0.426896,0.403121,0.204740,0.286851,0.191487,-0.132366,0.578320,0.294559,-0.149919,0.426555,0.413450,-0.146323,0.286221
-0.091938,-0.007221,0.470850,-0.137526,0.113156,0.393239,0.144057,0.185439,0.297213,-0.026222,0.136751,0.037332,-0.126619,-0.119100,0.379444,0.165419,-0.168194,0.301690,-0.008923,-0.148756,0.040498,-0.065201,-0.008269,0.506003,0.182787,0.139639,0.564099,0.287355,0.185396,0.419578,0.408392,0.204629,0.282757,0.193917,-0.132022,0.572603,0.301221,-0.142617,0.423143,0.418783,-0.138520,0.282000
-0.090383,-0.007603,0.466561,-0.136192,0.112833,0.389680,0.146063,0.185654,0.296067,-0.025750,0.136531,0.037349,-0.125539,-0.119426,0.375729,0.167190,-0.168727,0.300748,-0.008620,-0.148925,0.040601,-0.063449,-0.008670,0.501563,0.184835,0.139786,0.556906,0.288711,0.188577,0.412878,0.413571,0.204519,0.279516,0.196650,-0.131567,0.568064,0.308428,-0.133504,0.421547,0.423665,-0.128771,0.278866
-0.088720,-0.007866,0.463483,-0.134741,0.112646,0.387212,0.147905,0.185914,0.295141,-0.025219,0.136301,0.037453,-0.124287,-0.119610,0.373062,0.168913,-0.169017,0.300009,-0.008170,-0.149024,0.040770,-0.061618,-0.008952,0.498354,0.186867,0.140060,0.551149,0.290041,0.191892,0.407679,0.418589,0.204749,0.277995,0.199377,-0.130953,0.565129,0.315330,-0.123501,0.422072,0.427667,-0.117900,0.277501
-0.087005,-0.008068,0.461012,-0.133233,0.112528,0.385291,0.149669,0.186195,0.294327,-0.024652,0.136069,0.037603,-0.122950,-0.119723,0.370921,0.170613,-0.169187,0.299373,-0.007643,-0.149088,0.040975,-0.059749,-0.009175,0.495763,0.188880,0.140396,0.546099,0.291255,0.195112,0.403127,0.423097,0.205231,0.277041,0.202032,-0.130276,0.562948,0.321199,-0.114127,0.423283,0.430408,-0.107607,0.276751
-0.085504,-0.008061,0.460078,-0.131863,0.112637,0.384744,0.151016,0.186353,0.293747,-0.024259,0.136114,0.037734,-0.121946,-0.119622,0.370237,0.171663,-0.169313,0.299030,-0.007352,-0.149186,0.041163,-0.058099,-0.009201,0.494710,0.190751,0.140807,0.542391,0.292148,0.198061,0.399712,0.426713,0.205734,0.276864,0.204336,-0.129536,0.562155,0.325523,-0.106587,0.425197,0.431720,-0.099385,0.276864
-0.084040,-0.007999,0.459658,-0.130530,0.112798,0.384670,0.152247,0.186460,0.293314,-0.023844,0.136130,0.037911,-0.121004,-0.119472,0.370054,0.172576,-0.169371,0.298867,-0.007007,-0.149215,0.041394,-0.056485,-0.009171,0.494169,0.192579,0.141226,0.539234,0.292963,0.200803,0.396787,0.429830,0.206459,0.276884,0.206501,-0.128809,0.561756,0.328884,-0.101154,0.426730,0.432627,-0.093409,0.277039
-0.082647,-0.007830,0.460265,-0.129272,0.113059,0.385538,0.153243,0.186465,0.293169,-0.023399,0.136090,0.038172,-0.120182,-0.119226,0.370874,0.173216,-0.169291,0.299055,-0.006559,-0.149106,0.041704,-0.054937,-0.009033,0.494651,0.194352,0.141672,0.537204,0.293823,0.203429,0.395042,0.432726,0.207476,0.277897,0.208510,-0.128073,0.562256,0.331659,-0.097466,0.428554,0.433686,-0.089205,0.278022
-0.081550,-0.007721,0.461655,-0.128349,0.113229,0.387128,0.153771,0.186312,0.293304,-0.023070,0.135977,0.038434,-0.119701,-0.119075,0.372494,0.173381,-0.169247,0.299471,-0.006266,-0.149105,0.042006,-0.053671,-0.008942,0.495904,0.195860,0.142057,0.535815,0.294472,0.205847,0.393949,0.435164,0.208620,0.279339,0.210247,-0.127394,0.563291,0.333861,-0.095026,0.430419,0.434762,-0.086230,0.279426
-0.080601,-0.007642,0.463437,-0.127595,0.113355,0.389079,0.154057,0.186080,0.293583,-0.022806,0.135827,0.038699,-0.119391,-0.118970,0.374517,0.173302,-0.169221,0.300003,-0.006056,-0.149155,0.042305,-0.052548,-0.008876,0.497543,0.197231,0.142403,0.534743,0.295052,0.208071,0.393184,0.437319,0.209840,0.280885,0.211841,-0.126746,0.564577,0.335687,-0.093296,0.432175,0.435913,-0.083935,0.280989
-0.079561,-0.007423,0.466321,-0.126647,0.113624,0.391959,0.154331,0.185596,0.293938,-0.022340,0.135582,0.038842,-0.119107,-0.118737,0.377603,0.172944,-0.169006,0.300632,-0.005669,-0.149117,0.042360,-0.051341,-0.008680,0.500288,0.198735,0.142693,0.535025,0.295893,0.210119,0.393835,0.439533,0.211108,0.283606,0.213398,-0.126180,0.566961,0.337279,-0.091972,0.434774,0.437163,-0.082000,0.283584
-0.078657,-0.007103,0.469491,-0.125833,0.113987,0.395096,0.154405,0.185171,0.294414,-0.021914,0.135423,0.038985,-0.118978,-0.118409,0.380981,0.172360,-0.168708,0.301377,-0.005344,-0.149026,0.042414,-0.050271,-0.008382,0.503318,0.200105,0.143036,0.535597,0.296532,0.212014,0.394654,0.441198,0.212381,0.286043,0.214783,-0.125569,0.569551,0.338331,-0.090815,0.437189,0.437872,-0.080317,0.285959
-0.078028,-0.006581,0.473234,-0.125288,0.114539,0.398747,0.154099,0.184859,0.295130,-0.021548,0.135438,0.039125,-0.119160,-0.117896,0.384938,0.171333,-0.168250,0.302349,-0.005133,-0.148834,0.042462,-0.049474,-0.007879,0.506919,0.201221,0.143493,0.536766,0.296808,0.213810,0.395912,0.442121,0.213676,0.288392,0.215843,-0.124862,0.572602,0.338666,-0.089701,0.439671,0.437683,-0.078802,0.288250
-0.077499,-0.006002,0.477379,-0.124844,0.115134,0.402758,0.153589,0.184515,0.295983,-0.021231,0.135466,0.039278,-0.119491,-0.117341,0.389314,0.170056,-0.167563,0.303396,-0.004979,-0.148530,0.042443,-0.048771,-0.007315,0.510915,0.202288,0.143888,0.538296,0.296932,0.215276,0.397344,0.442517,0.214683,0.290381,0.216750,-0.124231,0.575937,0.338495,-0.088818,0.442084,0.436706,-0.077709,0.290258
-0.077021,-0.005393,0.481723,-0.124452,0.115753,0.406948,0.152952,0.184152,0.296912,-0.020959,0.135497,0.039447,-0.119899,-0.116760,0.393899,0.168625,-0.166762,0.304486,-0.004879,-0.148152,0.042403,-0.048116,-0.006720,0.515107,0.203320,0.144247,0.540002,0.296950,0.216439,0.398784,0.442496,0.215431,0.291914,0.217572,-0.123641,0.579403,0.337978,-0.088100,0.444380,0.435114,-0.076963,0.291948
-0.076917,-0.004443,0.486447,-0.124346,0.116702,0.411398,0.151973,0.183930,0.297958,-0.020655,0.135778,0.039463,-0.120680,-0.115854,0.398846,0.166683,-0.165802,0.305750,-0.004818,-0.147648,0.042228,-0.047861,-0.005787,0.519698,0.203988,0.144769,0.542572,0.296769,0.217644,0.401144,0.442139,0.216335,0.294147,0.217854,-0.122945,0.583375,0.336920,-0.087255,0.447212,0.432940,-0.076099,0.294139
-0.076960,-0.003458,0.491192,-0.124377,0.117679,0.415851,0.150819,0.183744,0.299048,-0.020506,0.136049,0.039528,-0.121604,-0.114916,0.403816,0.164544,-0.164792,0.307019,-0.004899,-0.147135,0.042041,-0.047758,-0.004819,0.524315,0.204519,0.145262,0.545232,0.296490,0.218601,0.403516,0.441500,0.217039,0.296103,0.217952,-0.122291,0.587319,0.335602,-0.086515,0.449956,0.430372,-0.075438,0.296142
-0.077297,-0.002406,0.495979,-0.124680,0.118712,0.420311,0.149366,0.183630,0.300205,-0.020634,0.136309,0.039665,-0.122811,-0.113919,0.408825,0.162059,-0.163682,0.308280,-0.005226,-0.146623,0.041797,-0.047960,-0.003783,0.528981,0.204795,0.145706,0.548080,0.296049,0.219335,0.406053,0.440568,0.217564,0.298016,0.217694,-0.121722,0.591221,0.333912,-0.085885,0.452665,0.427367,-0.074924,0.298060
-0.077585,-0.001548,0.500778,-0.124911,0.119519,0.424706,0.147957,0.183368,0.301385,-0.020582,0.136359,0.039758,-0.123908,-0.113146,0.413844,0.159645,-0.162858,0.309625,-0.005370,-0.146436,0.041595,-0.048133,-0.002930,0.533678,0.205073,0.145956,0.551308,0.295834,0.219719,0.409036,0.439888,0.217797,0.300379,0.217401,-0.121368,0.595343,0.332329,-0.085482,0.455732,0.424604,-0.074650,0.300411
-0.077848,-0.000787,0.505582,-0.125106,0.120213,0.429069,0.146552,0.183027,0.302583,-0.020455,0.136298,0.039845,-0.124951,-0.112484,0.418870,0.157239,-0.162182,0.311016,-0.005443,-0.146406,0.041433,-0.048292,-0.002168,0.538388,0.205356,0.146106,0.554727,0.295796,0.219817,0.412225,0.439401,0.217746,0.302941,0.217091,-0.121121,0.599576,0.330827,-0.085247,0.458994,0.422034,-0.074592,0.303010
-0.078506,0.000147,0.510000,-0.125650,0.121045,0.432998,0.144933,0.182898,0.303764,-0.020525,0.136421,0.039925,-0.126328,-0.111681,0.423529,0.154563,-0.161266,0.312288,-0.005735,-0.146286,0.041147,-0.048867,-0.001222,0.542732,0.205238,0.146396,0.557955,0.295523,0.219908,0.415253,0.438710,0.217678,0.305360,0.216327,-0.120753,0.603475,0.328976,-0.084940,0.462012,0.419242,-0.074474,0.305430
-0.079207,0.001031,0.514258,-0.126222,0.121818,0.436752,0.143310,0.182740,0.304903,-0.020617,0.136520,0.039991,-0.127710,-0.110932,0.428023,0.151894,-0.160444,0.313560,-0.006038,-0.146232,0.040910,-0.049497,-0.000324,0.546926,0.205051,0.146657,0.561119,0.295299,0.219819,0.418215,0.438105,0.217408,0.307743,0.215509,-0.120417,0.607254,0.327155,-0.084729,0.464971,0.416595,-0.074485,0.307848
-0.079992,0.001812,0.518192,-0.126843,0.122475,0.440151,0.141715,0.182532,0.305941,-0.020721,0.136582,0.039997,-0.129097,-0.110295,0.432178,0.149301,-0.159800,0.314814,-0.006317,-0.146331,0.040724,-0.050233,0.000474,0.550816,0.204724,0.146864,0.564149,0.295056,0.219586,0.421075,0.437547,0.217003,0.310092,0.214587,-0.120148,0.610783,0.325340,-0.084601,0.467776,0.414088,-0.074564,0.310181
-0.080841,0.002528,0.521801,-0.127495,0.123052,0.443196,0.140190,0.182345,0.306918,-0.020777,0.136625,0.039981,-0.130461,-0.109733,0.435972,0.146794,-0.159162,0.315904,-0.006657,-0.146418,0.040493,-0.051057,0.001215,0.554403,0.204270,0.147048,0.567222,0.294927,0.219180,0.424057,0.437272,0.216357,0.312769,0.213510,-0.119893,0.614385,0.323620,-0.084572,0.470833,0.411937,-0.074821,0.312903
-0.081721,0.003211,0.525248,-0.128161,0.123588,0.446066,0.138697,0.182165,0.307871,-0.020809,0.136657,0.039961,-0.131813,-0.109208,0.439586,0.144316,-0.158534,0.316915,-0.007037,-0.146490,0.040251,-0.051925,0.001927,0.557841,0.203752,0.147221,0.570319,0.294841,0.218630,0.427065,0.437116,0.215482,0.315563,0.212357,-0.119644,0.618027,0.321968,-0.084627,0.474024,0.409970,-0.075254,0.315814
-0.082574,0.003868,0.528090,-0.128757,0.124072,0.448322,0.137543,0.182040,0.308802,-0.020553,0.136761,0.039974,-0.133017,-0.108733,0.442592,0.142183,-0.158035,0.317843,-0.007209,-0.146669,0.040035,-0.052793,0.002622,0.560698,0.203158,0.147480,0.573114,0.294709,0.218204,0.429816,0.436970,0.214776,0.318163,0.211217,-0.119339,0.621171,0.320441,-0.084542,0.476828,0.408206,-0.075490,0.318383
-0.083465,0.004461,0.530705,-0.129395,0.124479,0.450340,0.136379,0.181911,0.309600,-0.020432,0.136815,0.039951,-0.134190,-0.108331,0.445349,0.140148,-0.157592,0.318704,-0.007414,-0.146882,0.039845,-0.053713,0.003261,0.563340,0.202465,0.147741,0.575837,0.294464,0.217742,0.432472,0.436743,0.213956,0.320712,0.210022,-0.119037,0.624224,0.318942,-0.084489,0.479597,0.406517,-0.075816,0.320943
-0.084430,0.004925,0.532865,-0.130112,0.124738,0.451878,0.135204,0.181782,0.310125,-0.020579,0.136777,0.039838,-0.135295,-0.108078,0.447610,0.138343,-0.157248,0.319424,-0.007659,-0.147170,0.039680,-0.054732,0.003784,0.565552,0.201580,0.148007,0.578415,0.294042,0.217329,0.435017,0.436438,0.213137,0.323286,0.208718,-0.118736,0.627092,0.317471,-0.084425,0.482287,0.404995,-0.076135,0.323506
-0.085399,0.005223,0.534610,-0.130833,0.124826,0.453017,0.134155,0.181579,0.310537,-0.020623,0.136616,0.039647,-0.136299,-0.107993,0.449421,0.136771,-0.157154,0.320030,-0.007888,-0.147608,0.039538,-0.055774,0.004148,0.567365,0.200621,0.148180,0.580678,0.293451,0.216887,0.437221,0.436003,0.212194,0.325584,0.207403,-0.118535,0.629618,0.316015,-0.084480,0.484653,0.403540,-0.076575,0.325782
-0.086370,0.005438,0.536148,-0.131553,0.124828,0.453958,0.133171,0.181335,0.310893,-0.020613,0.136390,0.039419,-0.137254,-0.107995,0.451009,0.135316,-0.157189,0.320582,-0.008106,-0.148123,0.039411,-0.056826,0.004432,0.568979,0.199616,0.148310,0.582781,0.292700,0.216492,0.439238,0.435453,0.211177,0.327779,0.206079,-0.118382,0.631975,0.314553,-0.084625,0.486841,0.402141,-0.077097,0.327926
-0.087231,0.005755,0.537123,-0.132214,0.124960,0.454423,0.132319,0.181397,0.310979,-0.020907,0.136311,0.039206,-0.137987,-0.107866,0.451986,0.134285,-0.157238,0.321006,-0.008255,-0.148460,0.039359,-0.057775,0.004818,0.570035,0.198632,0.148661,0.584373,0.291879,0.216397,0.440723,0.434928,0.210330,0.329594,0.204878,-0.117987,0.633942,0.313240,-0.084616,0.488642,0.401021,-0.077483,0.329764
-0.088088,0.006006,0.538019,-0.132884,0.125032,0.454841,0.131518,0.181420,0.311137,-0.021085,0.136227,0.039023,-0.138677,-0.107797,0.452862,0.133352,-0.157300,0.321429,-0.008358,-0.148762,0.039339,-0.058724,0.005138,0.571015,0.197595,0.149020,0.585885,0.290872,0.216427,0.442098,0.434275,0.209500,0.331405,0.203695,-0.117580,0.635874,0.311914,-0.084679,0.490365,0.399986,-0.077923,0.331593
-0.088935,0.006127,0.538755,-0.133570,0.124990,0.455161,0.130820,0.181375,0.311436,-0.021028,0.136141,0.038899,-0.139278,-0.107844,0.453534,0.132620,-0.157384,0.321848,-0.008366,-0.148989,0.039379,-0.059669,0.005330,0.571840,0.196471,0.149390,0.587240,0.289641,0.216577,0.443280,0.433452,0.208720,0.333124,0.202556,-0.117148,0.637736,0.310592,-0.084838,0.491964,0.399084,-0.078448,0.333381
-0.089676,0.006284,0.539413,-0.134147,0.125023,0.455452,0.130177,0.181452,0.311625,-0.021135,0.136326,0.038762,-0.139803,-0.107814,0.454114,0.132001,-0.157516,0.322293,-0.008386,-0.149181,0.039511,-0.060502,0.005540,0.572580,0.195469,0.149750,0.588392,0.288337,0.216803,0.444174,0.432503,0.207916,0.334515,0.201534,-0.116736,0.639373,0.309254,-0.085200,0.493205,0.398208,-0.079177,0.334841
-0.090363,0.006458,0.540032,-0.134669,0.125092,0.455730,0.129562,0.181589,0.311760,-0.021323,0.136647,0.038619,-0.140286,-0.107748,0.454649,0.131439,-0.157672,0.322752,-0.008411,-0.149356,0.039691,-0.061278,0.005759,0.573278,0.194521,0.150107,0.589440,0.286919,0.217077,0.444879,0.431375,0.207086,0.335660,0.200564,-0.116337,0.640893,0.307863,-0.085801,0.494210,0.397344,-0.080174,0.336109
-0.090928,0.006592,0.540846,-0.135043,0.125126,0.456193,0.129177,0.181652,0.312217,-0.021148,0.136932,0.038714,-0.140583,-0.107716,0.455299,0.131050,-0.157591,0.323196,-0.008166,-0.149200,0.039815,-0.061953,0.005936,0.574188,0.193623,0.150456,0.591012,0.285508,0.217502,0.446158,0.430264,0.206470,0.337400,0.199651,-0.115997,0.642711,0.306559,-0.086551,0.495528,0.396741,-0.081232,0.337797
-0.091381,0.006690,0.541774,-0.135303,0.125122,0.456753,0.128850,0.181674,0.312665,-0.020902,0.137171,0.038794,-0.140769,-0.107722,0.456056,0.130740,-0.157523,0.323670,-0.007803,-0.149083,0.039948,-0.062518,0.006078,0.575215,0.192812,0.150778,0.592748,0.284060,0.217935,0.447541,0.429028,0.205850,0.339145,0.198834,-0.115702,0.644634,0.305293,-0.087507,0.496888,0.396162,-0.082551,0.339526
-0.091610,0.006716,0.542929,-0.135333,0.125043,0.457502,0.128640,0.181612,0.313094,-0.020514,0.137318,0.038842,-0.140733,-0.107803,0.457022,0.130586,-0.157481,0.324201,-0.007206,-0.149040,0.040096,-0.062865,0.006146,0.576472,0.192192,0.151044,0.594818,0.282709,0.218376,0.449234,0.427804,0.205264,0.341100,0.198223,-0.115491,0.646773,0.304200,-0.088591,0.498447,0.395670,-0.084027,0.341413
-0.091849,0.006597,0.544420,-0.135400,0.124823,0.458576,0.128273,0.181363,0.313608,-0.020146,0.137309,0.038893,-0.140707,-0.108025,0.458281,0.130281,-0.157503,0.324716,-0.006707,-0.149038,0.040201,-0.063222,0.006069,0.578064,0.191538,0.151177,0.597299,0.281277,0.218699,0.451320,0.426439,0.204556,0.343393,0.197582,-0.115420,0.649309,0.303077,-0.089816,0.500417,0.395022,-0.085723,0.343647
-0.092092,0.006406,0.546080,-0.135483,0.124533,0.459815,0.127826,0.181020,0.314169,-0.019787,0.137223,0.038950,-0.140686,-0.108317,0.459689,0.129900,-0.157557,0.325225,-0.006260,-0.149053,0.040288,-0.063584,0.005921,0.579825,0.190866,0.151244,0.599985,0.279797,0.218988,0.453614,0.424979,0.203815,0.345859,0.196927,-0.115416,0.652043,0.301945,-0.091022,0.502616,0.394201,-0.087451,0.346027
-0.092316,0.006196,0.548266,-0.135608,0.124228,0.461572,0.127139,0.180651,0.314890,-0.019612,0.137038,0.039157,-0.140639,-0.108626,0.461570,0.129354,-0.157523,0.325796,-0.005878,-0.149043,0.040391,-0.063923,0.005758,0.582109,0.190218,0.151322,0.602959,0.278221,0.219286,0.456129,0.423324,0.203060,0.348444,0.196353,-0.115380,0.655164,0.300793,-0.092100,0.505159,0.393090,-0.089106,0.348606
-0.092485,0.005989,0.550574,-0.135685,0.123933,0.463443,0.126398,0.180267,0.315542,-0.019476,0.136873,0.039283,-0.140558,-0.108925,0.463563,0.128766,-0.157528,0.326363,-0.005523,-0.149108,0.040484,-0.064205,0.005594,0.584512,0.189621,0.151416,0.606005,0.276704,0.219642,0.458749,0.421725,0.202376,0.351161,0.195850,-0.115314,0.658417,0.299719,-0.092989,0.507875,0.391936,-0.090550,0.351299
-0.092547,0.005786,0.553128,-0.135667,0.123655,0.465541,0.125545,0.179860,0.316058,-0.019427,0.136752,0.039243,-0.140409,-0.109205,0.465781,0.128098,-0.157609,0.326920,-0.005220,-0.149323,0.040551,-0.064375,0.005428,0.587156,0.189126,0.151538,0.609200,0.275302,0.220056,0.461546,0.420256,0.201760,0.354099,0.195481,-0.115191,0.661936,0.298786,-0.093682,0.510889,0.390835,-0.091760,0.354250
-0.092672,0.005627,0.555892,-0.135705,0.123435,0.467847,0.124546,0.179424,0.316618,-0.019431,0.136658,0.039192,-0.140360,-0.109427,0.468187,0.127206,-0.157631,0.327454,-0.005055,-0.149457,0.040558,-0.064607,0.005300,0.590009,0.188594,0.151675,0.612497,0.273884,0.220506,0.464473,0.418781,0.201181,0.357204,0.195056,-0.115030,0.665659,0.297801,-0.094212,0.514136,0.389623,-0.092763,0.357407
-0.092829,0.005490,0.558762,-0.135773,0.123243,0.470257,0.123465,0.178973,0.317203,-0.019471,0.136574,0.039144,-0.140364,-0.109620,0.470688,0.126192,-0.157626,0.327983,-0.004970,-0.149552,0.040544,-0.064870,0.005191,0.592966,0.188046,0.151818,0.615845,0.272475,0.221014,0.467498,0.417339,0.200698,0.360448,0.194604,-0.114849,0.669486,0.296820,-0.094567,0.517534,0.388394,-0.093509,0.360708
-0.093078,0.005326,0.561859,-0.135928,0.123049,0.472893,0.122169,0.178473,0.317812,-0.019664,0.136490,0.039084,-0.140465,-0.109815,0.473378,0.125022,-0.157659,0.328642,-0.004894,-0.149699,0.040598,-0.065228,0.005044,0.596152,0.187400,0.151919,0.619478,0.271028,0.221560,0.470885,0.415912,0.200331,0.364124,0.194047,-0.114705,0.673594,0.295819,-0.094762,0.521302,0.387181,-0.093987,0.364402
-0.093275,0.005160,0.565024,-0.136021,0.122859,0.475593,0.120906,0.177948,0.318462,-0.019793,0.136402,0.039052,-0.140516,-0.110006,0.476120,0.123865,-0.157667,0.329314,-0.004766,-0.149831,0.040656,-0.065539,0.004893,0.599409,0.186802,0.152009,0.623217,0.269673,0.222148,0.474435,0.414619,0.200076,0.368016,0.193528,-0.114566,0.677820,0.294949,-0.094767,0.525276,0.386117,-0.094204,0.368313
-0.093365,0.004990,0.568323,-0.135986,0.122676,0.478419,0.119725,0.177375,0.319182,-0.019778,0.136307,0.039061,-0.140460,-0.110189,0.478963,0.122753,-0.157623,0.330003,-0.004520,-0.149932,0.040704,-0.065750,0.004733,0.602805,0.186302,0.152080,0.627167,0.268469,0.222745,0.478243,0.413522,0.199889,0.372223,0.193087,-0.114439,0.682275,0.294276,-0.094583,0.529586,0.385260,-0.094212,0.372564
-0.093530,0.004792,0.571756,-0.136015,0.122479,0.481357,0.118357,0.176779,0.319852,-0.019772,0.136186,0.038937,-0.140460,-0.110386,0.481886,0.121483,-0.157604,0.330636,-0.004359,-0.150050,0.040670,-0.066048,0.004540,0.606345,0.185738,0.152064,0.631299,0.267202,0.223284,0.482252,0.412352,0.199699,0.376607,0.192538,-0.114408,0.686859,0.293565,-0.094282,0.534100,0.384300,-0.094102,0.376978
-0.093733,0.004580,0.575255,-0.136077,0.122276,0.484352,0.116881,0.176172,0.320505,-0.019782,0.136054,0.038760,-0.140489,-0.110590,0.484847,0.120123,-0.157594,0.331250,-0.004250,-0.150175,0.040607,-0.066391,0.004330,0.609954,0.185137,0.152006,0.635519,0.265861,0.223773,0.486332,0.411070,0.199504,0.380997,0.191935,-0.114424,0.691506,0.292844,-0.093871,0.538727,0.383225,-0.093941,0.381442
-0.093779,0.004359,0.578867,-0.135941,0.122068,0.487406,0.115510,0.175542,0.321119,-0.019754,0.135865,0.038596,-0.140286,-0.110800,0.487854,0.118984,-0.157531,0.331920,-0.004165,-0.150257,0.040720,-0.066606,0.004111,0.613699,0.184598,0.151942,0.640394,0.264759,0.224319,0.491196,0.410142,0.199471,0.386302,0.191325,-0.114479,0.696656,0.292379,-0.093332,0.544056,0.382549,-0.093660,0.386685
-0.093775,0.004106,0.582507,-0.135751,0.121832,0.490483,0.114128,0.174919,0.321718,-0.019754,0.135702,0.038433,-0.140031,-0.111037,0.490872,0.117819,-0.157539,0.332534,-0.004095,-0.150456,0.040778,-0.066775,0.003858,0.617474,0.184094,0.151838,0.645302,0.263589,0.224784,0.496024,0.409052,0.199380,0.391425,0.190750,-0.114587,0.701804,0.291903,-0.092881,0.549350,0.381714,-0.093608,0.391803
-0.093673,0.003790,0.586207,-0.135454,0.121542,0.493607,0.112744,0.174308,0.322278,-0.019792,0.135601,0.038252,-0.139675,-0.111329,0.493914,0.116619,-0.157688,0.333029,-0.004043,-0.150894,0.040712,-0.066855,0.003538,0.621313,0.183672,0.151652,0.650288,0.262372,0.225129,0.500847,0.407795,0.199189,0.396361,0.190250,-0.114799,0.706956,0.291412,-0.092677,0.554569,0.380689,-0.093982,0.396745
-0.093627,0.003464,0.589979,-0.135179,0.121250,0.496775,0.111260,0.173689,0.322823,-0.019924,0.135530,0.038054,-0.139346,-0.111621,0.496980,0.115327,-0.157766,0.333481,-0.004158,-0.151246,0.040644,-0.067008,0.003203,0.625236,0.183139,0.151449,0.655516,0.260971,0.225417,0.505861,0.406272,0.198956,0.401355,0.189612,-0.115053,0.712275,0.290752,-0.092758,0.559897,0.379367,-0.094907,0.401726
-0.093608,0.003134,0.593788,-0.134915,0.120959,0.499969,0.109708,0.173068,0.323374,-0.020118,0.135477,0.037866,-0.139029,-0.111914,0.500062,0.113977,-0.157805,0.333924,-0.004370,-0.151550,0.040588,-0.067198,0.002863,0.629202,0.182538,0.151243,0.660862,0.259358,0.225625,0.510888,0.404393,0.198635,0.406153,0.188889,-0.115333,0.717667,0.289906,-0.093232,0.565179,0.377603,-0.096657,0.406530
-0.093495,0.002834,0.597686,-0.134526,0.120688,0.503209,0.108218,0.172536,0.323962,-0.020148,0.135615,0.037662,-0.138571,-0.112186,0.503214,0.112762,-0.157785,0.334477,-0.004243,-0.151885,0.040560,-0.067314,0.002556,0.633270,0.181942,0.151080,0.666590,0.257670,0.225821,0.516238,0.402331,0.198315,0.411110,0.188126,-0.115607,0.723345,0.288972,-0.094165,0.570649,0.375499,-0.099423,0.411415
-0.093364,0.002529,0.601636,-0.134102,0.120414,0.506489,0.106710,0.171978,0.324571,-0.020174,0.135702,0.037483,-0.138091,-0.112461,0.506406,0.111505,-0.157769,0.335032,-0.004147,-0.152234,0.040538,-0.067419,0.002243,0.637392,0.181323,0.150904,0.672408,0.255726,0.225883,0.521512,0.399778,0.197818,0.415671,0.187301,-0.115920,0.729087,0.287691,-0.095888,0.575897,0.372613,-0.103669,0.415908
-0.093195,0.002215,0.605691,-0.133607,0.120132,0.509846,0.105195,0.171369,0.325205,-0.020163,0.135691,0.037326,-0.137564,-0.112743,0.509677,0.110187,-0.157757,0.335572,-0.004089,-0.152609,0.040500,-0.067500,0.001919,0.641627,0.180692,0.150701,0.678419,0.253540,0.225794,0.526821,0.396738,0.197119,0.419945,0.186386,-0.116300,0.734973,0.285847,-0.098777,0.580870,0.368871,-0.109619,0.420068
-0.092877,0.001962,0.609811,-0.132950,0.119919,0.513269,0.103800,0.170777,0.325897,-0.020035,0.135643,0.037247,-0.136884,-0.112957,0.513001,0.108969,-0.157680,0.336152,-0.003868,-0.152876,0.040487,-0.067438,0.001654,0.645928,0.180188,0.150542,0.684434,0.251199,0.225592,0.531944,0.393262,0.196226,0.423693,0.185506,-0.116673,0.740866,0.283215,-0.103192,0.585238,0.364331,-0.117258,0.423716
-0.092484,0.001739,0.613963,-0.132211,0.119741,0.516728,0.102449,0.170196,0.326635,-0.019862,0.135578,0.037229,-0.136127,-0.113136,0.516353,0.107787,-0.157570,0.336767,-0.003577,-0.153085,0.040506,-0.067304,0.001417,0.650262,0.179737,0.150408,0.690450,0.248700,0.225297,0.536943,0.389426,0.195177,0.427094,0.184569,-0.117070,0.746729,0.279419,-0.109409,0.588949,0.359154,-0.126275,0.427006
-0.092240,0.001467,0.618184,-0.131595,0.119493,0.520186,0.100845,0.169478,0.327260,-0.019932,0.135355,0.037105,-0.135449,-0.113385,0.519729,0.106390,-0.157423,0.337262,-0.003486,-0.153303,0.040408,-0.067349,0.001141,0.654681,0.179044,0.150246,0.696793,0.245998,0.224950,0.542308,0.385421,0.194077,0.430938,0.183251,-0.117556,0.752814,0.274132,-0.117330,0.592527,0.353627,-0.136045,0.430661
-0.091981,0.001230,0.622498,-0.130963,0.119273,0.523720,0.099146,0.168771,0.327893,-0.020065,0.135177,0.036985,-0.134742,-0.113606,0.523189,0.104907,-0.157242,0.337760,-0.003488,-0.153478,0.040325,-0.067386,0.000902,0.659195,0.178330,0.150128,0.703312,0.243375,0.224648,0.547922,0.381631,0.193007,0.435229,0.181819,-0.118032,0.759018,0.267703,-0.126262,0.596205,0.348132,-0.145741,0.434867
-0.091694,0.001063,0.626996,-0.130305,0.119109,0.527394,0.097286,0.168080,0.328513,-0.020302,0.135092,0.036829,-0.133981,-0.113771,0.526809,0.103277,-0.156997,0.338236,-0.003659,-0.153573,0.040235,-0.067410,0.000739,0.663900,0.177591,0.150099,0.710182,0.240975,0.224481,0.554039,0.378352,0.192078,0.440384,0.180328,-0.118427,0.765515,0.260837,-0.135054,0.600609,0.343066,-0.154373,0.440115
-0.091168,0.000920,0.631556,-0.129419,0.118941,0.531099,0.095599,0.167337,0.329172,-0.020238,0.135007,0.036669,-0.132919,-0.113941,0.530488,0.101860,-0.156707,0.338735,-0.003532,-0.153667,0.040146,-0.067209,0.000614,0.668672,0.177054,0.150099,0.717250,0.239026,0.224413,0.560507,0.375800,0.191261,0.446215,0.179094,-0.118779,0.772124,0.254740,-0.142545,0.605797,0.338944,-0.161148,0.446173
-0.090523,0.000787,0.636147,-0.128419,0.118769,0.534824,0.093979,0.166562,0.329872,-0.020040,0.134910,0.036536,-0.131707,-0.114117,0.534202,0.100528,-0.156399,0.339270,-0.003275,-0.153764,0.040087,-0.066898,0.000504,0.673477,0.176609,0.150109,0.724415,0.237353,0.224364,0.567161,0.373704,0.190431,0.452435,0.178090,-0.119070,0.778817,0.250274,-0.147854,0.611750,0.336030,-0.165647,0.452758
-0.089938,0.000781,0.640840,-0.127406,0.118727,0.538598,0.092215,0.165937,0.330537,-0.020037,0.135131,0.036385,-0.130531,-0.114161,0.537964,0.098928,-0.156014,0.339682,-0.003350,-0.153841,0.039935,-0.066678,0.000514,0.678398,0.176001,0.150162,0.732174,0.235785,0.224532,0.574605,0.371892,0.189916,0.459601,0.177054,-0.119327,0.785753,0.247868,-0.150395,0.618514,0.334663,-0.167367,0.459864
-0.089212,0.000711,0.645543,-0.126227,0.118617,0.542364,0.090540,0.165242,0.331201,-0.019962,0.135259,0.036257,-0.129170,-0.114273,0.541721,0.097437,-0.155720,0.340101,-0.003341,-0.153984,0.039809,-0.066336,0.000462,0.683336,0.175474,0.150123,0.740088,0.234433,0.224569,0.582241,0.370340,0.189215,0.466997,0.176251,-0.119620,0.792813,0.247666,-0.150579,0.625815,0.334976,-0.166982,0.467229
-0.088204,0.000515,0.650264,-0.124719,0.118372,0.546100,0.089086,0.164414,0.331812,-0.019709,0.135215,0.036111,-0.127439,-0.114521,0.545453,0.096211,-0.155605,0.340485,-0.003122,-0.154265,0.039678,-0.065746,0.000288,0.688308,0.175127,0.149908,0.748313,0.233463,0.224423,0.590265,0.369232,0.188298,0.474845,0.175702,-0.120068,0.800070,0.249231,-0.149134,0.633656,0.336852,-0.165093,0.475015
-0.087214,0.000473,0.655036,-0.123197,0.118278,0.549871,0.087577,0.163813,0.332492,-0.019518,0.135411,0.036051,-0.125663,-0.114617,0.549226,0.095039,-0.155275,0.341004,-0.002806,-0.154298,0.039678,-0.065197,0.000269,0.693337,0.174663,0.149823,0.756790,0.232489,0.224409,0.598587,0.368116,0.187515,0.482971,0.175098,-0.120395,0.807423,0.251345,-0.146844,0.641803,0.339277,-0.162374,0.483099
-0.086233,0.000509,0.659832,-0.121665,0.118260,0.553665,0.086020,0.163318,0.333235,-0.019380,0.135716,0.036066,-0.123864,-0.114638,0.553027,0.093874,-0.154843,0.341619,-0.002463,-0.154216,0.039779,-0.064670,0.000327,0.698390,0.174113,0.149801,0.765378,0.231462,0.224400,0.607006,0.366857,0.186707,0.491091,0.174397,-0.120679,0.814792,0.253058,-0.145043,0.649989,0.341475,-0.160173,0.491314
-0.085167,0.000575,0.664707,-0.119955,0.118278,0.557482,0.084501,0.162862,0.333957,-0.019046,0.136133,0.036013,-0.121867,-0.114622,0.556824,0.092709,-0.154424,0.342133,-0.002161,-0.154168,0.039801,-0.064111,0.000413,0.703544,0.173429,0.149764,0.774523,0.230483,0.224376,0.616051,0.365649,0.185926,0.499827,0.173452,-0.121042,0.822476,0.253898,-0.144581,0.658423,0.343280,-0.159249,0.500043
-0.084091,0.000671,0.669568,-0.118222,0.118325,0.561285,0.082885,0.162395,0.334640,-0.018916,0.136515,0.035976,-0.119830,-0.114577,0.560612,0.091507,-0.153984,0.342660,-0.001907,-0.154093,0.039848,-0.063556,0.000528,0.708683,0.172648,0.149747,0.783729,0.229355,0.224312,0.625110,0.364131,0.185122,0.508396,0.172380,-0.121423,0.830094,0.253763,-0.145491,0.666587,0.344332,-0.159698,0.508643
-0.082995,0.000828,0.674400,-0.116451,0.118432,0.565039,0.081112,0.161917,0.335185,-0.019166,0.136845,0.035897,-0.117718,-0.114473,0.564357,0.090276,-0.153492,0.343144,-0.001706,-0.153940,0.039869,-0.063004,0.000703,0.713796,0.171733,0.149780,0.793081,0.228073,0.224312,0.634317,0.362367,0.184468,0.516992,0.171210,-0.121792,0.837657,0.253137,-0.147037,0.674607,0.344973,-0.160788,0.517164
-0.081779,0.000846,0.679295,-0.114520,0.118399,0.568851,0.079448,0.161287,0.335844,-0.019097,0.137053,0.035869,-0.115418,-0.114507,0.568144,0.089093,-0.153107,0.343634,-0.001497,-0.153926,0.039916,-0.062359,0.000740,0.718976,0.170767,0.149663,0.802685,0.226801,0.224136,0.643786,0.360612,0.183678,0.525859,0.170032,-0.122308,0.845396,0.252658,-0.148692,0.682887,0.345720,-0.162154,0.525960
-0.080504,0.000796,0.684224,-0.112506,0.118298,0.572705,0.077817,0.160571,0.336601,-0.018888,0.137178,0.035919,-0.113021,-0.114609,0.571968,0.087909,-0.152784,0.344176,-0.001309,-0.153997,0.040028,-0.061672,0.000709,0.724187,0.169727,0.149466,0.812393,0.225476,0.223864,0.653360,0.358816,0.182832,0.534856,0.168858,-0.122889,0.853209,0.252497,-0.150057,0.691357,0.346682,-0.163390,0.534921
-0.079136,0.000825,0.689160,-0.110381,0.118295,0.576556,0.075912,0.159908,0.337143,-0.019025,0.137444,0.035786,-0.110501,-0.114613,0.575766,0.086591,-0.152414,0.344582,-0.001334,-0.153988,0.040035,-0.060916,0.000750,0.729406,0.168676,0.149301,0.822124,0.224137,0.223620,0.662954,0.357021,0.182044,0.543910,0.167702,-0.123423,0.861031,0.252468,-0.151279,0.699892,0.347849,-0.164393,0.544010
-0.077708,0.000849,0.694101,-0.108196,0.118292,0.580434,0.073955,0.159202,0.337735,-0.019158,0.137632,0.035705,-0.107897,-0.114615,0.579580,0.085247,-0.152040,0.345028,-0.001352,-0.154004,0.040079,-0.060109,0.000784,0.734622,0.167534,0.149147,0.831910,0.222698,0.223439,0.672625,0.355189,0.181410,0.553106,0.166520,-0.123945,0.868871,0.252183,-0.152890,0.708408,0.349161,-0.165203,0.553307
-0.076163,0.000866,0.699052,-0.105898,0.118294,0.584346,0.071943,0.158430,0.338342,-0.019241,0.137710,0.035626,-0.105139,-0.114612,0.583398,0.083898,-0.151637,0.345461,-0.001309,-0.154028,0.040099,-0.059199,0.000806,0.739843,0.166290,0.149021,0.841846,0.221198,0.223397,0.682512,0.353439,0.181054,0.562654,0.165302,-0.124452,0.876790,0.251358,-0.155258,0.716893,0.350551,-0.165752,0.562940
-0.074539,0.000882,0.703998,-0.103486,0.118314,0.588284,0.069943,0.157616,0.339016,-0.019222,0.137841,0.035597,-0.102315,-0.114590,0.587227,0.082542,-0.151216,0.345967,-0.001248,-0.153963,0.040193,-0.058218,0.000819,0.745051,0.165106,0.148832,0.851620,0.219765,0.223278,0.692234,0.351840,0.180581,0.572166,0.164016,-0.125009,0.884678,0.249671,-0.158650,0.725143,0.351466,-0.166390,0.572621
-0.072875,0.000898,0.708943,-0.101013,0.118344,0.592251,0.067921,0.156776,0.339781,-0.019174,0.137970,0.035663,-0.099455,-0.114557,0.591080,0.081158,-0.150790,0.346568,-0.001202,-0.153871,0.040385,-0.057202,0.000829,0.750248,0.163913,0.148606,0.861289,0.218373,0.223207,0.701907,0.350445,0.180182,0.581825,0.162657,-0.125599,0.892516,0.247223,-0.162647,0.733159,0.351768,-0.166875,0.582272
-0.071104,0.000970,0.713775,-0.098458,0.118453,0.596139,0.065626,0.155986,0.340355,-0.019606,0.138072,0.035618,-0.096522,-0.114444,0.594831,0.079653,-0.150296,0.347045,-0.001229,-0.153825,0.040449,-0.056078,0.000886,0.755319,0.162795,0.148468,0.870635,0.217060,0.223276,0.711283,0.349274,0.179926,0.591364,0.161373,-0.126078,0.900202,0.244407,-0.166706,0.740914,0.351618,-0.167139,0.591762
-0.069290,0.001103,0.718621,-0.095860,0.118635,0.600077,0.063251,0.155213,0.341034,-0.019916,0.138203,0.035637,-0.093544,-0.114258,0.598615,0.078090,-0.149741,0.347610,-0.001243,-0.153752,0.040592,-0.054915,0.001000,0.760395,0.161657,0.148373,0.879914,0.215755,0.223494,0.720652,0.348243,0.179865,0.601041,0.160061,-0.126495,0.907905,0.241479,-0.170473,0.748672,0.351233,-0.167167,0.601341
-0.067388,0.001361,0.723497,-0.093179,0.118966,0.604090,0.060782,0.154493,0.341808,-0.019921,0.138442,0.035658,-0.090483,-0.113922,0.602435,0.076468,-0.149047,0.348241,-0.001176,-0.153587,0.040773,-0.053667,0.001233,0.765490,0.160565,0.148377,0.889114,0.214518,0.223855,0.729970,0.347367,0.179936,0.610782,0.158745,-0.126781,0.915701,0.238666,-0.173768,0.756568,0.350826,-0.167056,0.611107
-0.065422,0.001662,0.728330,-0.090405,0.119360,0.608090,0.058187,0.153754,0.342579,-0.019898,0.138662,0.035660,-0.087396,-0.113523,0.606218,0.074590,-0.148360,0.348791,-0.001309,-0.153508,0.040871,-0.052363,0.001500,0.770534,0.159506,0.148375,0.898168,0.213310,0.224281,0.739177,0.346574,0.180099,0.620472,0.157422,-0.127049,0.923460,0.236014,-0.176638,0.764452,0.350430,-0.166861,0.620871
-0.063423,0.001985,0.733142,-0.087583,0.119788,0.612102,0.055493,0.153005,0.343428,-0.019892,0.138852,0.035749,-0.084294,-0.113090,0.610000,0.072553,-0.147677,0.349376,-0.001573,-0.153486,0.041010,-0.051032,0.001785,0.775546,0.158429,0.148366,0.907124,0.212076,0.224793,0.748328,0.345813,0.180425,0.630154,0.156085,-0.127308,0.931174,0.233518,-0.179106,0.772299,0.350062,-0.166511,0.630602
-0.061177,0.002369,0.737846,-0.084544,0.120303,0.616058,0.052779,0.152263,0.344247,-0.019626,0.138996,0.035770,-0.080922,-0.112568,0.613680,0.070716,-0.146692,0.349931,-0.001461,-0.153099,0.041088,-0.049458,0.002124,0.780441,0.157583,0.148419,0.915811,0.211038,0.225404,0.757218,0.345279,0.180904,0.639599,0.154986,-0.127484,0.938734,0.231357,-0.181212,0.779982,0.349900,-0.166009,0.640155
-0.058875,0.002736,0.742475,-0.081440,0.120799,0.619965,0.049975,0.151486,0.345101,-0.019380,0.139117,0.035846,-0.077515,-0.112064,0.617324,0.068790,-0.145788,0.350529,-0.001353,-0.152830,0.041206,-0.047830,0.002445,0.785249,0.156753,0.148417,0.924365,0.210033,0.226026,0.766016,0.344840,0.181493,0.648993,0.153895,-0.127704,0.946173,0.229305,-0.183104,0.787534,0.349782,-0.165399,0.649613
-0.056462,0.003068,0.746950,-0.078204,0.121257,0.623735,0.047057,0.150653,0.345871,-0.019122,0.139251,0.035846,-0.074047,-0.111599,0.620857,0.066736,-0.145035,0.351070,-0.001212,-0.152769,0.041249,-0.046093,0.002730,0.789893,0.156024,0.148313,0.932697,0.209172,0.226570,0.774620,0.344594,0.182069,0.658236,0.152843,-0.128016,0.953413,0.227357,-0.184909,0.794876,0.349728,-0.164802,0.658914
-0.054230,0.003460,0.751178,-0.075134,0.121746,0.627271,0.043971,0.149813,0.346574,-0.019119,0.139298,0.035839,-0.070795,-0.111106,0.624218,0.064430,-0.144244,0.351567,-0.001344,-0.152627,0.041271,-0.044533,0.003084,0.794277,0.155084,0.148278,0.940686,0.208078,0.227231,0.782901,0.344159,0.182896,0.667165,0.151640,-0.128250,0.960295,0.225293,-0.186452,0.801828,0.349490,-0.163954,0.667861
-0.052088,0.003882,0.755283,-0.072143,0.122249,0.630708,0.040772,0.148966,0.347332,-0.019269,0.139291,0.035933,-0.067651,-0.110598,0.627512,0.061973,-0.143436,0.352117,-0.001638,-0.152457,0.041365,-0.043061,0.003471,0.798527,0.154009,0.148276,0.948477,0.206859,0.227951,0.791004,0.343655,0.183892,0.675952,0.150349,-0.128445,0.966974,0.223187,-0.187813,0.808560,0.349173,-0.162935,0.676651
-0.049618,0.004332,0.758867,-0.068793,0.122757,0.633644,0.038007,0.148185,0.347788,-0.019246,0.139292,0.035812,-0.064248,-0.110088,0.630357,0.059707,-0.142634,0.352328,-0.001679,-0.152265,0.041129,-0.041252,0.003894,0.802244,0.153323,0.148172,0.955682,0.206087,0.228564,0.798543,0.343632,0.184796,0.684224,0.149313,-0.128734,0.973040,0.221343,-0.189185,0.814663,0.349104,-0.162008,0.684888
-0.047140,0.004754,0.762260,-0.065429,0.123226,0.636426,0.035336,0.147402,0.348277,-0.019217,0.139264,0.035771,-0.060860,-0.109617,0.633064,0.057457,-0.141876,0.352556,-0.001764,-0.152142,0.040941,-0.039427,0.004293,0.805757,0.152623,0.148019,0.962628,0.205317,0.229148,0.805841,0.343682,0.185734,0.692331,0.148276,-0.129064,0.978837,0.219543,-0.190501,0.820491,0.349067,-0.161045,0.692937
-0.044649,0.005122,0.765274,-0.062040,0.123624,0.638865,0.032909,0.146621,0.348649,-0.019124,0.139198,0.035675,-0.057508,-0.109220,0.635464,0.055289,-0.141200,0.352659,-0.001886,-0.152120,0.040671,-0.037572,0.004643,0.808879,0.151953,0.147772,0.969111,0.204572,0.229671,0.812696,0.343824,0.186651,0.700077,0.147263,-0.129480,0.984151,0.217791,-0.191810,0.825820,0.349065,-0.160099,0.700577
-0.042172,0.005489,0.767957,-0.058639,0.124011,0.641005,0.030659,0.145904,0.348914,-0.019200,0.139145,0.035553,-0.054188,-0.108835,0.637592,0.053328,-0.140557,0.352708,-0.001930,-0.152140,0.040388,-0.035724,0.004995,0.811659,0.151255,0.147516,0.975179,0.203798,0.230206,0.819150,0.344031,0.187589,0.707561,0.146216,-0.129895,0.989084,0.216052,-0.193056,0.830774,0.349089,-0.159128,0.707957
-0.039701,0.005855,0.770474,-0.055229,0.124391,0.643012,0.028484,0.145223,0.349192,-0.019376,0.139113,0.035490,-0.050881,-0.108457,0.639598,0.051458,-0.139926,0.352784,-0.001948,-0.152170,0.040157,-0.033878,0.005349,0.814264,0.150514,0.147257,0.981013,0.202956,0.230797,0.825399,0.344282,0.188597,0.714998,0.145142,-0.130305,0.993802,0.214343,-0.194211,0.835508,0.349160,-0.158086,0.715251
-0.037311,0.006284,0.772572,-0.051920,0.124813,0.644641,0.026654,0.144685,0.349335,-0.019456,0.139119,0.035349,-0.047672,-0.108037,0.641259,0.049899,-0.139223,0.352758,-0.001999,-0.152066,0.039892,-0.032085,0.005776,0.816437,0.149772,0.147062,0.986264,0.202089,0.231423,0.831046,0.344580,0.189517,0.722003,0.143943,-0.130636,0.998095,0.212500,-0.195314,0.839832,0.349115,-0.157133,0.722236
-0.034960,0.006654,0.774565,-0.048662,0.125176,0.646204,0.024911,0.144133,0.349550,-0.019522,0.139120,0.035301,-0.044513,-0.107677,0.642851,0.048414,-0.138587,0.352791,-0.002120,-0.151997,0.039717,-0.030320,0.006145,0.818496,0.148946,0.146844,0.991331,0.201076,0.232089,0.836529,0.344836,0.190455,0.729025,0.142676,-0.130983,1.002274,0.210630,-0.196370,0.844039,0.349056,-0.156166,0.729237
-0.032687,0.006907,0.776348,-0.045508,0.125423,0.647604,0.023371,0.143552,0.349772,-0.019532,0.139088,0.035290,-0.041455,-0.107432,0.644276,0.047105,-0.138089,0.352826,-0.002357,-0.152017,0.039594,-0.028609,0.006398,0.820335,0.148011,0.146581,0.996080,0.199882,0.232730,0.841685,0.344993,0.191298,0.735900,0.141297,-0.131366,1.006274,0.208660,-0.197458,0.848076,0.348894,-0.155301,0.736177
-0.030222,0.007074,0.778009,-0.042180,0.125571,0.648906,0.022116,0.142912,0.350001,-0.019302,0.139014,0.035302,-0.038222,-0.107286,0.645617,0.046031,-0.137665,0.352864,-0.002380,-0.152107,0.039483,-0.026693,0.006570,0.822043,0.147085,0.146292,1.000753,0.198696,0.233393,0.846799,0.345284,0.192128,0.742977,0.139940,-0.131771,1.010270,0.206813,-0.198541,0.852145,0.348897,-0.154459,0.743338
-0.027661,0.007198,0.779609,-0.038764,0.125670,0.650168,0.020999,0.142243,0.350278,-0.018961,0.138928,0.035374,-0.034902,-0.107190,0.646928,0.045065,-0.137278,0.352945,-0.002303,-0.152223,0.039419,-0.024675,0.006702,0.823683,0.146129,0.145992,1.005357,0.197393,0.234097,0.851853,0.345509,0.192972,0.750140,0.138572,-0.132187,1.014232,0.204954,-0.199612,0.856173,0.348851,-0.153617,0.750563
-0.025611,0.007198,0.781013,-0.035979,0.125654,0.651292,0.019480,0.141480,0.350535,-0.018944,0.138775,0.035422,-0.032155,-0.107207,0.648076,0.043770,-0.136973,0.352990,-0.002423,-0.152398,0.039304,-0.023118,0.006709,0.825118,0.144354,0.145644,1.009918,0.195330,0.234753,0.856891,0.345111,0.193720,0.757584,0.136409,-0.132649,1.018229,0.202448,-0.200769,0.860322,0.348202,-0.152883,0.758133
-0.023508,0.007241,0.782344,-0.033195,0.125675,0.652367,0.018024,0.140776,0.350821,-0.018867,0.138705,0.035510,-0.029415,-0.107187,0.649182,0.042486,-0.136626,0.353058,-0.002497,-0.152504,0.039211,-0.021481,0.006759,0.826473,0.142439,0.145362,1.014457,0.193027,0.235505,0.861901,0.344493,0.194557,0.765129,0.134154,-0.133050,1.022183,0.199828,-0.201879,0.864428,0.347359,-0.152076,0.765747
-0.021297,0.007367,0.783526,-0.030414,0.125769,0.653321,0.016708,0.140187,0.351073,-0.018654,0.138782,0.035574,-0.026688,-0.107096,0.650182,0.041243,-0.136200,0.353089,-0.002462,-0.152497,0.039076,-0.019681,0.006896,0.827672,0.140308,0.145202,1.019004,0.190488,0.236391,0.866928,0.343709,0.195525,0.772910,0.131763,-0.133334,1.026113,0.197133,-0.202913,0.868558,0.346394,-0.151151,0.773544
-0.019068,0.007295,0.784613,-0.027730,0.125637,0.654189,0.015479,0.139444,0.351329,-0.018345,0.138734,0.035650,-0.024028,-0.107228,0.651135,0.039932,-0.135942,0.353124,-0.002408,-0.152598,0.038937,-0.017814,0.006844,0.828771,0.137666,0.144897,1.023737,0.187560,0.237103,0.872173,0.342673,0.196294,0.781276,0.128930,-0.133768,1.030206,0.194177,-0.204181,0.872969,0.345191,-0.150438,0.781899
-0.016830,0.007123,0.785653,-0.025096,0.125392,0.655019,0.014290,0.138621,0.351612,-0.017992,0.138616,0.035763,-0.021404,-0.107474,0.652069,0.038579,-0.135772,0.353192,-0.002353,-0.152755,0.038831,-0.015915,0.006696,0.829820,0.134714,0.144514,1.028495,0.184286,0.237668,0.877398,0.341289,0.196860,0.789806,0.125824,-0.134283,1.034309,0.190913,-0.205641,0.877432,0.343579,-0.149937,0.790382
-0.014470,0.006882,0.786458,-0.022287,0.125023,0.655574,0.013395,0.137809,0.351690,-0.017683,0.138546,0.035716,-0.018704,-0.107848,0.652831,0.037239,-0.135664,0.353125,-0.002280,-0.152863,0.038592,-0.013893,0.006495,0.830631,0.131381,0.144200,1.033108,0.180634,0.238206,0.882428,0.339566,0.197405,0.798392,0.122512,-0.134736,1.038293,0.187507,-0.207139,0.881856,0.341725,-0.149461,0.798932
-0.012070,0.006589,0.787191,-0.019393,0.124597,0.656061,0.012613,0.136983,0.351752,-0.017454,0.138443,0.035678,-0.015938,-0.108277,0.653531,0.035914,-0.135599,0.353044,-0.002339,-0.152968,0.038362,-0.011848,0.006241,0.831367,0.127926,0.143882,1.037505,0.176698,0.238609,0.887113,0.337446,0.197785,0.806633,0.119158,-0.135194,1.042087,0.183874,-0.208734,0.886063,0.339439,-0.149151,0.807114
-0.009590,0.006195,0.787782,-0.016329,0.124063,0.656404,0.012063,0.136129,0.351724,-0.017382,0.138278,0.035593,-0.013037,-0.108815,0.654101,0.034637,-0.135619,0.352876,-0.002645,-0.153079,0.038082,-0.009753,0.005887,0.831959,0.124330,0.143569,1.041605,0.172486,0.238863,0.891365,0.334961,0.198049,0.814450,0.115823,-0.135649,1.045638,0.180144,-0.210376,0.890014,0.336862,-0.148948,0.814876
-0.007041,0.005813,0.788233,-0.013182,0.123550,0.656628,0.011663,0.135361,0.351627,-0.017526,0.138150,0.035477,-0.010007,-0.109332,0.654535,0.033637,-0.135582,0.352650,-0.003009,-0.153044,0.037783,-0.007601,0.005541,0.832407,0.120692,0.143372,1.045347,0.168084,0.239063,0.895111,0.332185,0.198327,0.821717,0.112605,-0.135989,1.048908,0.176414,-0.211911,0.893651,0.334094,-0.148720,0.822106
-0.004457,0.005438,0.788613,-0.009991,0.123048,0.656797,0.011340,0.134635,0.351522,-0.017779,0.138040,0.035371,-0.006914,-0.109836,0.654908,0.032771,-0.135519,0.352428,-0.003405,-0.152939,0.037506,-0.005420,0.005198,0.832780,0.117000,0.143223,1.048838,0.163580,0.239152,0.898492,0.329230,0.198561,0.828624,0.109416,-0.136277,1.051970,0.172669,-0.213353,0.897054,0.331188,-0.148521,0.828954
-0.001968,0.005037,0.788859,-0.006958,0.122527,0.656858,0.011226,0.134015,0.351375,-0.018219,0.137949,0.035262,-0.003825,-0.110358,0.655158,0.032337,-0.135524,0.352192,-0.003668,-0.152916,0.037253,-0.003322,0.004827,0.833016,0.113170,0.143152,1.051961,0.158902,0.239147,0.901391,0.326049,0.198807,0.835080,0.106211,-0.136483,1.054781,0.168921,-0.214659,0.900195,0.328175,-0.148295,0.835416
0.000507,0.004648,0.789045,-0.003960,0.122022,0.656877,0.011222,0.133434,0.351226,-0.018643,0.137869,0.035161,-0.000738,-0.110862,0.655358,0.032014,-0.135534,0.351963,-0.003928,-0.152904,0.037021,-0.001230,0.004466,0.833189,0.109286,0.143100,1.054853,0.154248,0.239047,0.904014,0.322865,0.199053,0.841373,0.102988,-0.136660,1.057403,0.165254,-0.215829,0.903141,0.325211,-0.148056,0.841694
0.002952,0.004282,0.789110,-0.001037,0.121550,0.656797,0.011436,0.132938,0.351023,-0.019035,0.137810,0.035025,0.002345,-0.111333,0.655444,0.031923,-0.135552,0.351686,-0.004175,-0.152911,0.036767,0.000848,0.004124,0.833238,0.105359,0.143107,1.057431,0.149654,0.238914,0.906298,0.319729,0.199384,0.847479,0.099789,-0.136769,1.059779,0.161769,-0.216806,0.905848,0.322411,-0.147721,0.847803
0.005303,0.003965,0.789081,0.001758,0.121150,0.656655,0.011922,0.132599,0.350799,-0.019402,0.137837,0.034895,0.005376,-0.111730,0.655430,0.032163,-0.135526,0.351380,-0.004277,-0.152845,0.036503,0.002847,0.003822,0.833191,0.101448,0.143178,1.059682,0.145141,0.238802,0.908252,0.316636,0.199868,0.853350,0.096691,-0.136805,1.061876,0.158523,-0.217554,0.908257,0.319814,-0.147226,0.853668
0.007605,0.003673,0.789004,0.004487,0.120786,0.656485,0.012542,0.132332,0.350570,-0.019759,0.137896,0.034775,0.008380,-0.112089,0.655370,0.032563,-0.135485,0.351070,-0.004314,-0.152754,0.036248,0.004805,0.003540,0.833093,0.097534,0.143264,1.061708,0.140803,0.238696,0.910029,0.313692,0.200462,0.859224,0.093634,-0.136814,1.063780,0.155549,-0.218112,0.910481,0.317491,-0.146622,0.859514
0.009782,0.003253,0.788937,0.007049,0.120282,0.656322,0.013465,0.132017,0.350377,-0.019921,0.137857,0.034706,0.011292,-0.112587,0.655343,0.033216,-0.135633,0.350844,-0.004354,-0.152835,0.036107,0.006657,0.003138,0.833004,0.093845,0.143175,1.063494,0.136889,0.238368,0.911593,0.311063,0.200749,0.864953,0.090581,-0.136983,1.065522,0.152654,-0.218745,0.912531,0.315281,-0.146329,0.865250
0.011916,0.002927,0.788865,0.009586,0.119873,0.656161,0.014451,0.131794,0.350196,-0.020058,0.137883,0.034657,0.014137,-0.112990,0.655319,0.033900,-0.135680,0.350645,-0.004355,-0.152782,0.035991,0.008473,0.002829,0.832909,0.090243,0.143158,1.065107,0.133301,0.238131,0.913067,0.308687,0.201147,0.870731,0.087563,-0.137070,1.067124,0.150007,-0.219156,0.914455,0.313324,-0.145933,0.871022
0.013961,0.002793,0.788781,0.012070,0.119660,0.655995,0.015556,0.131768,0.350020,-0.020144,0.138065,0.034624,0.016847,-0.113199,0.655291,0.034647,-0.135507,0.350467,-0.004276,-0.152429,0.035890,0.010209,0.002712,0.832800,0.086834,0.143318,1.066501,0.130087,0.238084,0.914380,0.306570,0.201704,0.876377,0.084628,-0.136969,1.068562,0.147554,-0.219275,0.916206,0.311540,-0.145385,0.876673
0.015847,0.002564,0.788728,0.014430,0.119352,0.655865,0.016582,0.131646,0.349886,-0.020270,0.138160,0.034633,0.019282,-0.113505,0.655301,0.035182,-0.135455,0.350346,-0.004332,-0.152191,0.035837,0.011807,0.002502,0.832721,0.083614,0.143354,1.067732,0.127226,0.237928,0.915588,0.304672,0.202084,0.881894,0.081720,-0.136983,1.069880,0.145177,-0.219427,0.917815,0.309804,-0.145022,0.882191
0.017654,0.002289,0.788691,0.016728,0.119000,0.655757,0.017567,0.131479,0.349779,-0.020417,0.138217,0.034670,0.021579,-0.113858,0.655333,0.035610,-0.135460,0.350260,-0.004459,-0.152005,0.035816,0.013336,0.002248,0.832658,0.080489,0.143328,1.068845,0.124647,0.237748,0.916758,0.302948,0.202424,0.887411,0.078824,-0.137053,1.071102,0.142940,-0.219542,0.919335,0.308160,-0.144705,0.887683
0.019327,0.002029,0.788554,0.018952,0.118643,0.655535,0.018590,0.131322,0.349564,-0.020489,0.138312,0.034601,0.023575,-0.114219,0.655286,0.035926,-0.135439,0.350114,-0.004520,-0.151728,0.035707,0.014761,0.002019,0.832496,0.077701,0.143314,1.069661,0.122497,0.237563,0.917647,0.301496,0.202621,0.892528,0.076005,-0.137103,1.072095,0.140706,-0.219632,0.920595,0.306480,-0.144539,0.892807
0.020897,0.001784,0.788418,0.021073,0.118301,0.655318,0.019563,0.131170,0.349357,-0.020574,0.138400,0.034539,0.025422,-0.114566,0.655244,0.036159,-0.135439,0.349986,-0.004630,-0.151496,0.035615,0.016095,0.001807,0.832334,0.075000,0.143323,1.070356,0.120535,0.237426,0.918466,0.300122,0.202846,0.897561,0.073200,-0.137125,1.072998,0.138550,-0.219646,0.921769,0.304805,-0.144344,0.897834
0.022262,0.001569,0.788283,0.022994,0.117988,0.655106,0.020438,0.131021,0.349157,-0.020681,0.138466,0.034477,0.026974,-0.114886,0.655204,0.036237,-0.135481,0.349880,-0.004828,-0.151361,0.035538,0.017247,0.001627,0.832176,0.072476,0.143382,1.070894,0.118756,0.237331,0.919128,0.298802,0.203035,0.902308,0.070427,-0.137092,1.073801,0.136355,-0.219608,0.922816,0.303024,-0.144185,0.902598
0.023491,0.001381,0.788129,0.024779,0.117711,0.654885,0.021310,0.130897,0.348950,-0.020694,0.138543,0.034399,0.028340,-0.115169,0.655138,0.036301,-0.135492,0.349759,-0.005029,-0.151171,0.035445,0.018281,0.001474,0.831999,0.070194,0.143481,1.071273,0.117188,0.237268,0.919621,0.297577,0.203180,0.906742,0.067770,-0.137013,1.074487,0.134189,-0.219534,0.923717,0.301207,-0.144068,0.907062
0.024653,0.001205,0.787966,0.026497,0.117450,0.654663,0.022183,0.130785,0.348743,-0.020659,0.138630,0.034316,0.029612,-0.115436,0.655060,0.036359,-0.135484,0.349634,-0.005230,-0.150947,0.035346,0.019257,0.001333,0.831813,0.068035,0.143605,1.071555,0.115776,0.237232,0.920033,0.296409,0.203299,0.911053,0.065174,-0.136906,1.075096,0.132090,-0.219434,0.924546,0.299400,-0.143971,0.911404
0.025478,0.001027,0.787820,0.027829,0.117195,0.654466,0.022805,0.130668,0.348561,-0.020897,0.138657,0.034262,0.030540,-0.115695,0.654992,0.036369,-0.135548,0.349535,-0.005457,-0.150846,0.035273,0.019917,0.001187,0.831646,0.066026,0.143749,1.071713,0.114320,0.237218,0.920262,0.295100,0.203412,0.914897,0.062732,-0.136775,1.075608,0.129960,-0.219309,0.925198,0.297485,-0.143875,0.915286
0.026267,0.000858,0.787679,0.029108,0.116955,0.654281,0.023425,0.130564,0.348391,-0.021082,0.138699,0.034216,0.031424,-0.115939,0.654924,0.036429,-0.135601,0.349440,-0.005651,-0.150724,0.035207,0.020549,0.001048,0.831485,0.064139,0.143902,1.071821,0.112990,0.237217,0.920449,0.293838,0.203491,0.918632,0.060412,-0.136632,1.076066,0.127952,-0.219171,0.925796,0.295647,-0.143808,0.919051
0.026984,0.000705,0.787550,0.030281,0.116744,0.654119,0.024043,0.130483,0.348245,-0.021161,0.138759,0.034178,0.032219,-0.116154,0.654855,0.036585,-0.135637,0.349350,-0.005779,-0.150573,0.035150,0.021127,0.000921,0.831338,0.062492,0.144062,1.071870,0.111812,0.237219,0.920548,0.292651,0.203513,0.922086,0.058332,-0.136479,1.076457,0.126082,-0.219028,0.926283,0.293912,-0.143793,0.922525
0.027491,0.000535,0.787440,0.031174,0.116525,0.653984,0.024486,0.130392,0.348124,-0.021331,0.138789,0.034154,0.032826,-0.116374,0.654797,0.036674,-0.135682,0.349274,-0.005981,-0.150426,0.035107,0.021509,0.000772,0.831211,0.060881,0.144197,1.071887,0.110576,0.237198,0.920588,0.291347,0.203484,0.925283,0.056353,-0.136351,1.076798,0.124238,-0.218900,0.926681,0.292166,-0.143827,0.925733
0.027892,0.000357,0.787340,0.031926,0.116303,0.653863,0.024840,0.130296,0.348016,-0.021550,0.138804,0.034138,0.033338,-0.116598,0.654745,0.036727,-0.135729,0.349206,-0.006222,-0.150279,0.035073,0.021794,0.000614,0.831094,0.059290,0.144319,1.071882,0.109353,0.237150,0.920595,0.289998,0.203376,0.928324,0.054425,-0.136233,1.077107,0.122431,-0.218791,0.927048,0.290440,-0.143938,0.928797
0.028226,0.000227,0.787263,0.032555,0.116145,0.653777,0.025121,0.130212,0.347941,-0.021687,0.138802,0.034129,0.033755,-0.116757,0.654700,0.036852,-0.135767,0.349151,-0.006403,-0.150159,0.035054,0.022033,0.000498,0.831004,0.057985,0.144458,1.071856,0.108280,0.237107,0.920532,0.288757,0.203211,0.930993,0.052794,-0.136098,1.077367,0.120771,-0.218669,0.927298,0.288858,-0.144107,0.931478
0.028478,0.000093,0.787205,0.033073,0.115991,0.653716,0.025316,0.130125,0.347890,-0.021843,0.138797,0.034136,0.034093,-0.116912,0.654667,0.036918,-0.135813,0.349108,-0.006629,-0.150063,0.035048,0.022197,0.000375,0.830933,0.056679,0.144580,1.071838,0.107216,0.237024,0.920466,0.287485,0.202962,0.933526,0.051184,-0.135979,1.077618,0.119133,-0.218572,0.927544,0.287293,-0.144358,0.934044
0.028567,-0.000053,0.787186,0.033371,0.115841,0.653707,0.025344,0.130025,0.347889,-0.022031,0.138776,0.034170,0.034275,-0.117063,0.654659,0.036869,-0.135881,0.349093,-0.006947,-0.150021,0.035067,0.022211,0.000234,0.830904,0.055367,0.144661,1.071845,0.106085,0.236892,0.920401,0.286125,0.202645,0.935849,0.049610,-0.135899,1.077864,0.117483,-0.218507,0.927761,0.285711,-0.144680,0.936407
0.028633,-0.000091,0.787166,0.033632,0.115810,0.653705,0.025334,0.130034,0.347896,-0.022236,0.138862,0.034210,0.034413,-0.117093,0.654638,0.036796,-0.135857,0.349067,-0.007211,-0.149923,0.035066,0.022210,0.000197,0.830874,0.054199,0.144778,1.071867,0.105044,0.236806,0.920339,0.284839,0.202336,0.937949,0.048185,-0.135786,1.078046,0.115915,-0.218380,0.927867,0.284217,-0.144993,0.938502
0.028687,-0.000077,0.787144,0.033873,0.115838,0.653707,0.025305,0.130095,0.347906,-0.022449,0.139000,0.034250,0.034528,-0.117067,0.654610,0.036712,-0.135789,0.349035,-0.007447,-0.149799,0.035054,0.022201,0.000210,0.830843,0.053105,0.144910,1.071892,0.104058,0.236727,0.920271,0.283595,0.202012,0.939872,0.046832,-0.135656,1.078192,0.114396,-0.218222,0.927919,0.282777,-0.145323,0.940431
0.028514,-0.000103,0.787118,0.033856,0.115832,0.653709,0.025110,0.130064,0.347912,-0.022683,0.138991,0.034263,0.034440,-0.117073,0.654572,0.036541,-0.135772,0.348995,-0.007733,-0.149748,0.035030,0.021972,0.000181,0.830808,0.051971,0.144921,1.071935,0.102941,0.236547,0.920202,0.282225,0.201567,0.941543,0.045439,-0.135650,1.078267,0.112738,-0.218139,0.927829,0.281210,-0.145774,0.942055
0.028331,-0.000093,0.787084,0.033829,0.115863,0.653703,0.024917,0.130065,0.347910,-0.022896,0.139016,0.034265,0.034322,-0.117042,0.654524,0.036345,-0.135733,0.348947,-0.007989,-0.149692,0.034990,0.021737,0.000188,0.830766,0.050883,0.144942,1.071977,0.101841,0.236370,0.920118,0.280875,0.201125,0.943051,0.044096,-0.135633,1.078310,0.111101,-0.218018,0.927680,0.279669,-0.146221,0.943533
0.028126,-0.000013,0.787033,0.033780,0.115965,0.653681,0.024723,0.130128,0.347890,-0.023073,0.139105,0.034243,0.034141,-0.116941,0.654458,0.036092,-0.135654,0.348881,-0.008195,-0.149629,0.034919,0.021489,0.000265,0.830709,0.049886,0.144981,1.072019,0.100757,0.236222,0.920018,0.279554,0.200723,0.944353,0.042851,-0.135601,1.078293,0.109492,-0.217822,0.927410,0.278165,-0.146629,0.944776
0.028003,0.000040,0.786980,0.033807,0.116035,0.653652,0.024681,0.130178,0.347862,-0.023079,0.139184,0.034211,0.034057,-0.116871,0.654392,0.036014,-0.135574,0.348816,-0.008207,-0.149526,0.034843,0.021324,0.000315,0.830650,0.049058,0.144973,1.072059,0.099755,0.236022,0.919882,0.278336,0.200306,0.945446,0.041801,-0.135615,1.078250,0.108012,-0.217618,0.927055,0.276798,-0.147052,0.945815
0.027920,0.000079,0.786925,0.033870,0.116090,0.653619,0.024714,0.130222,0.347830,-0.023002,0.139257,0.034174,0.034021,-0.116817,0.654327,0.036021,-0.135494,0.348749,-0.008124,-0.149406,0.034764,0.021201,0.000353,0.830588,0.048314,0.144943,1.072096,0.098771,0.235781,0.919712,0.277157,0.199893,0.946372,0.040846,-0.135653,1.078192,0.106584,-0.217375,0.926636,0.275495,-0.147469,0.946700
0.027664,0.000107,0.786943,0.033751,0.116131,0.653657,0.024605,0.130213,0.347865,-0.022966,0.139255,0.034186,0.033790,-0.116776,0.654336,0.035821,-0.135478,0.348760,-0.008220,-0.149404,0.034760,0.020911,0.000380,0.830601,0.047483,0.144891,1.072203,0.097624,0.235486,0.919569,0.275839,0.199467,0.947184,0.039786,-0.135712,1.078193,0.104984,-0.217085,0.926213,0.274045,-0.147898,0.947472
0.027391,0.000146,0.786935,0.033597,0.116180,0.653665,0.024463,0.130230,0.347872,-0.022987,0.139287,0.034175,0.033552,-0.116726,0.654321,0.035608,-0.135429,0.348745,-0.008312,-0.149356,0.034729,0.020606,0.000419,0.830588,0.046655,0.144859,1.072275,0.096421,0.235161,0.919343,0.274490,0.199087,0.947819,0.038735,-0.135751,1.078170,0.103360,-0.216694,0.925713,0.272593,-0.148278,0.948085
0.027085,0.000205,0.786879,0.033374,0.116244,0.653619,0.024259,0.130300,0.347827,-0.023123,0.139390,0.034121,0.033302,-0.116662,0.654264,0.035369,-0.135317,0.348685,-0.008397,-0.149212,0.034646,0.020272,0.000479,0.830528,0.045837,0.144865,1.072285,0.095153,0.234802,0.918991,0.273108,0.198768,0.948227,0.037702,-0.135753,1.078102,0.101709,-0.216181,0.925108,0.271140,-0.148596,0.948490
0.026843,0.000197,0.786839,0.033204,0.116239,0.653586,0.024130,0.130298,0.347793,-0.023152,0.139417,0.034075,0.033109,-0.116667,0.654224,0.035169,-0.135297,0.348644,-0.008456,-0.149183,0.034585,0.020005,0.000473,0.830484,0.045148,0.144812,1.072298,0.093965,0.234290,0.918575,0.271832,0.198372,0.948488,0.036756,-0.135811,1.078051,0.100088,-0.215638,0.924460,0.269760,-0.148989,0.948761
0.026632,0.000155,0.786808,0.033060,0.116199,0.653560,0.024039,0.130260,0.347767,-0.023127,0.139409,0.034033,0.032943,-0.116707,0.654195,0.034990,-0.135324,0.348613,-0.008500,-0.149210,0.034536,0.019772,0.000435,0.830449,0.044520,0.144730,1.072316,0.092811,0.233643,0.918097,0.270616,0.197938,0.948631,0.035852,-0.135897,1.078011,0.098470,-0.215029,0.923764,0.268424,-0.149416,0.948912
0.026296,0.000341,0.786741,0.032742,0.116393,0.653501,0.023736,0.130496,0.347711,-0.023349,0.139708,0.033967,0.032666,-0.116514,0.654124,0.034683,-0.135126,0.348543,-0.008764,-0.149021,0.034461,0.019419,0.000620,0.830380,0.043797,0.144911,1.072272,0.091449,0.233156,0.917469,0.269249,0.197869,0.948523,0.034995,-0.135725,1.077942,0.096862,-0.214047,0.922977,0.267108,-0.149478,0.948845
0.026001,0.000476,0.786670,0.032452,0.116538,0.653440,0.023468,0.130674,0.347651,-0.023556,0.139928,0.033900,0.032432,-0.116369,0.654048,0.034424,-0.134977,0.348466,-0.009000,-0.148880,0.034383,0.019110,0.000753,0.830307,0.043138,0.145040,1.072222,0.090128,0.232511,0.916776,0.267955,0.197771,0.948288,0.034238,-0.135605,1.077865,0.095332,-0.213023,0.922136,0.265898,-0.149569,0.948649
0.025788,0.000506,0.786591,0.032220,0.116583,0.653373,0.023264,0.130732,0.347585,-0.023737,0.139992,0.033832,0.032285,-0.116323,0.653959,0.034256,-0.134924,0.348376,-0.009184,-0.148832,0.034298,0.018888,0.000777,0.830226,0.042607,0.145061,1.072161,0.088893,0.231667,0.916019,0.266786,0.197613,0.947899,0.033682,-0.135595,1.077773,0.093980,-0.212024,0.921243,0.264886,-0.149722,0.948294
0.025572,0.000618,0.786512,0.031963,0.116713,0.653308,0.023029,0.130915,0.347522,-0.023992,0.140213,0.033774,0.032127,-0.116194,0.653868,0.034081,-0.134786,0.348284,-0.009436,-0.148690,0.034218,0.018668,0.000883,0.830147,0.042161,0.145141,1.072107,0.087751,0.230805,0.915239,0.265733,0.197490,0.947394,0.033192,-0.135524,1.077667,0.092668,-0.210924,0.920321,0.263942,-0.149840,0.947809
0.025354,0.000771,0.786433,0.031692,0.116885,0.653243,0.022776,0.131161,0.347461,-0.024287,0.140514,0.033722,0.031963,-0.116021,0.653775,0.033899,-0.134605,0.348190,-0.009726,-0.148500,0.034142,0.018450,0.001030,0.830068,0.041762,0.145251,1.072057,0.086695,0.229921,0.914458,0.264781,0.197375,0.946814,0.032737,-0.135424,1.077555,0.091410,-0.209795,0.919415,0.263062,-0.149951,0.947254
0.025280,0.000815,0.786342,0.031566,0.116950,0.653167,0.022712,0.131267,0.347386,-0.024374,0.140635,0.033652,0.031928,-0.115956,0.653666,0.033888,-0.134531,0.348081,-0.009861,-0.148413,0.034053,0.018381,0.001066,0.829977,0.041464,0.145208,1.072026,0.085754,0.228919,0.913732,0.263969,0.197230,0.946216,0.032522,-0.135480,1.077403,0.090482,-0.208807,0.918510,0.262476,-0.150095,0.946631
0.025146,0.000848,0.786257,0.031383,0.117003,0.653096,0.022573,0.131355,0.347317,-0.024550,0.140733,0.033589,0.031829,-0.115903,0.653565,0.033825,-0.134468,0.347980,-0.010031,-0.148336,0.033969,0.018252,0.001091,0.829893,0.041118,0.145135,1.072013,0.084862,0.227909,0.913073,0.263199,0.197019,0.945642,0.032221,-0.135565,1.077250,0.089551,-0.207934,0.917688,0.261871,-0.150303,0.946035
0.024889,0.000857,0.786185,0.031084,0.117030,0.653037,0.022280,0.131406,0.347259,-0.024904,0.140788,0.033542,0.031599,-0.115876,0.653479,0.033655,-0.134426,0.347893,-0.010273,-0.148276,0.033893,0.017999,0.001094,0.829822,0.040666,0.144998,1.072037,0.083984,0.226897,0.912525,0.262424,0.196689,0.945154,0.031737,-0.135711,1.077095,0.088535,-0.207237,0.916961,0.261160,-0.150631,0.945501
0.024796,0.000881,0.786146,0.030959,0.117072,0.653012,0.022169,0.131458,0.347234,-0.025028,0.140841,0.033519,0.031527,-0.115834,0.653425,0.033638,-0.134390,0.347839,-0.010346,-0.148240,0.033849,0.017910,0.001113,0.829784,0.040386,0.144866,1.072099,0.083367,0.225969,0.912089,0.261896,0.196343,0.944755,0.031410,-0.135850,1.076971,0.087787,-0.206677,0.916374,0.260677,-0.150973,0.945065
0.024786,0.000914,0.786124,0.030925,0.117123,0.653004,0.022151,0.131513,0.347227,-0.025032,0.140897,0.033509,0.031535,-0.115783,0.653387,0.033700,-0.134355,0.347804,-0.010333,-0.148213,0.033822,0.017903,0.001141,0.829762,0.040195,0.144737,1.072183,0.082925,0.225137,0.911750,0.261522,0.195984,0.944452,0.031169,-0.135984,1.076863,0.087231,-0.206268,0.915916,0.260343,-0.151328,0.944733
0.024618,0.000997,0.786067,0.030739,0.117227,0.652965,0.021969,0.131657,0.347190,-0.025298,0.141056,0.033485,0.031406,-0.115679,0.653313,0.033631,-0.134239,0.347729,-0.010468,-0.148076,0.033757,0.017732,0.001217,0.829705,0.039844,0.144656,1.072232,0.082415,0.224445,0.911451,0.261054,0.195639,0.944220,0.030748,-0.136069,1.076722,0.086601,-0.205973,0.915535,0.259889,-0.151668,0.944484
0.024576,0.001076,0.786011,0.030685,0.117328,0.652928,0.021896,0.131780,0.347154,-0.025457,0.141179,0.033463,0.031414,-0.115578,0.653241,0.033689,-0.134140,0.347657,-0.010488,-0.147974,0.033697,0.017683,0.001290,0.829648,0.039582,0.144573,1.072283,0.082085,0.223845,0.911228,0.260738,0.195286,0.944133,0.030429,-0.136156,1.076585,0.086183,-0.205825,0.915262,0.259595,-0.152016,0.944386
0.024785,0.001146,0.785958,0.030894,0.117422,0.652898,0.022039,0.131862,0.347125,-0.025406,0.141233,0.033447,0.031695,-0.115483,0.653170,0.034001,-0.134075,0.347588,-0.010277,-0.147933,0.033646,0.017876,0.001352,0.829592,0.039489,0.144483,1.072341,0.082030,0.223326,0.911085,0.260663,0.194929,0.944232,0.030304,-0.136249,1.076456,0.086074,-0.205812,0.915091,0.259554,-0.152368,0.944477
0.024994,0.001190,0.785922,0.031106,0.117495,0.652888,0.022173,0.131938,0.347118,-0.025390,0.141295,0.033458,0.031993,-0.115411,0.653114,0.034350,-0.134033,0.347535,-0.010054,-0.147911,0.033612,0.018065,0.001386,0.829553,0.039370,0.144374,1.072412,0.081980,0.222870,0.911005,0.260575,0.194594,0.944457,0.030220,-0.136363,1.076345,0.086065,-0.205918,0.915001,0.259560,-0.152698,0.944693
0.025205,0.001223,0.785895,0.031323,0.117558,0.652890,0.022306,0.132016,0.347123,-0.025387,0.141364,0.033482,0.032301,-0.115347,0.653066,0.034720,-0.134000,0.347489,-0.009821,-0.147895,0.033588,0.018253,0.001408,0.829522,0.039241,0.144256,1.072491,0.081953,0.222473,0.910975,0.260489,0.194271,0.944798,0.030159,-0.136487,1.076244,0.086108,-0.206113,0.914967,0.259579,-0.153015,0.945017
0.025405,0.001243,0.785884,0.031563,0.117600,0.652902,0.022551,0.132081,0.347137,-0.025292,0.141408,0.033518,0.032639,-0.115305,0.653044,0.035109,-0.133929,0.347465,-0.009566,-0.147781,0.033582,0.018417,0.001418,0.829506,0.039018,0.144157,1.072571,0.081869,0.222143,0.910980,0.260329,0.194012,0.945262,0.030072,-0.136592,1.076172,0.086173,-0.206357,0.915008,0.259572,-0.153268,0.945490
0.025669,0.001267,0.785850,0.031865,0.117644,0.652889,0.022852,0.132163,0.347126,-0.025151,0.141481,0.033533,0.033053,-0.115261,0.653002,0.035557,-0.133858,0.347421,-0.009268,-0.147671,0.033559,0.018641,0.001433,0.829465,0.038834,0.144068,1.072626,0.081836,0.221872,0.910987,0.260207,0.193799,0.945783,0.030057,-0.136689,1.076079,0.086317,-0.206628,0.915045,0.259610,-0.153474,0.946007
0.026061,0.001297,0.785769,0.032292,0.117689,0.652826,0.023267,0.132279,0.347067,-0.024915,0.141615,0.033502,0.033619,-0.115215,0.652918,0.036121,-0.133787,0.347336,-0.008885,-0.147568,0.033499,0.018988,0.001454,0.829377,0.038727,0.143995,1.072630,0.081877,0.221664,0.910966,0.260152,0.193674,0.946319,0.030185,-0.136771,1.075941,0.086612,-0.206898,0.915047,0.259767,-0.153592,0.946530
0.026260,0.001234,0.785705,0.032537,0.117635,0.652774,0.023510,0.132329,0.347021,-0.024779,0.141733,0.033476,0.033992,-0.115268,0.652857,0.036497,-0.133816,0.347273,-0.008667,-0.147563,0.033459,0.019141,0.001384,0.829305,0.038383,0.143859,1.072637,0.081682,0.221416,0.910958,0.259856,0.193530,0.946909,0.030114,-0.136918,1.075835,0.086714,-0.207251,0.915091,0.259703,-0.153728,0.947124
0.026362,0.001124,0.785648,0.032691,0.117530,0.652727,0.023666,0.132345,0.346981,-0.024697,0.141844,0.033451,0.034267,-0.115372,0.652807,0.036779,-0.133896,0.347221,-0.008534,-0.147608,0.033427,0.019195,0.001267,0.829241,0.037921,0.143690,1.072643,0.081366,0.221162,0.910962,0.259435,0.193394,0.947530,0.029944,-0.137097,1.075742,0.086712,-0.207642,0.915150,0.259517,-0.153856,0.947748
0.026477,0.001114,0.785663,0.032847,0.117530,0.652755,0.023792,0.132433,0.347015,-0.024658,0.141993,0.033502,0.034557,-0.115371,0.652825,0.037037,-0.133836,0.347235,-0.008473,-0.147483,0.033468,0.019262,0.001249,0.829248,0.037463,0.143637,1.072710,0.081048,0.221045,0.911036,0.259012,0.193405,0.948233,0.029784,-0.137160,1.075731,0.086713,-0.207923,0.915293,0.259322,-0.153840,0.948458
0.026589,0.001133,0.785663,0.032988,0.117561,0.652770,0.023867,0.132548,0.347037,-0.024680,0.142167,0.033542,0.034846,-0.115338,0.652826,0.037276,-0.133744,0.347232,-0.008445,-0.147326,0.033494,0.019328,0.001258,0.829240,0.037000,0.143623,1.072755,0.080713,0.220992,0.911097,0.258572,0.193495,0.948919,0.029636,-0.137183,1.075711,0.086724,-0.208163,0.915425,0.259124,-0.153746,0.949147
0.026698,0.001208,0.785630,0.033102,0.117655,0.652757,0.023842,0.132715,0.347032,-0.024820,0.142389,0.033558,0.035137,-0.115244,0.652789,0.037482,-0.133590,0.347190,-0.008477,-0.147109,0.033486,0.019392,0.001321,0.829200,0.036530,0.143687,1.072752,0.080354,0.221037,0.911114,0.258113,0.193705,0.949553,0.029514,-0.137130,1.075670,0.086766,-0.208326,0.915538,0.258948,-0.153533,0.949798
0.026831,0.001152,0.785625,0.033240,0.117618,0.652773,0.023821,0.132728,0.347056,-0.024937,0.142448,0.033599,0.035422,-0.115279,0.652778,0.037653,-0.133573,0.347175,-0.008536,-0.147034,0.033503,0.019486,0.001254,0.829188,0.036151,0.143625,1.072770,0.080076,0.220970,0.911157,0.257736,0.193775,0.950178,0.029438,-0.137201,1.075661,0.086828,-0.208615,0.915676,0.258803,-0.153464,0.950436
0.026974,0.001031,0.785634,0.033387,0.117518,0.652804,0.023800,0.132666,0.347094,-0.025044,0.142425,0.033653,0.035703,-0.115378,0.652779,0.037808,-0.133624,0.347171,-0.008609,-0.147030,0.033533,0.019592,0.001121,0.829191,0.035815,0.143500,1.072798,0.079843,0.220860,0.911220,0.257406,0.193783,0.950802,0.029385,-0.137333,1.075668,0.086910,-0.208957,0.915825,0.258685,-0.153457,0.951064
0.027156,0.000950,0.785581,0.033553,0.117455,0.652769,0.023880,0.132681,0.347065,-0.025004,0.142508,0.033633,0.036036,-0.115439,0.652721,0.038008,-0.133622,0.347108,-0.008665,-0.146957,0.033507,0.019741,0.001029,0.829132,0.035527,0.143428,1.072756,0.079653,0.220821,0.911220,0.257124,0.193877,0.951344,0.029401,-0.137412,1.075621,0.087075,-0.209228,0.915917,0.258648,-0.153368,0.951617
0.027352,0.000789,0.785543,0.033731,0.117309,0.652745,0.024008,0.132615,0.347048,-0.024894,0.142506,0.033620,0.036378,-0.115583,0.652680,0.038211,-0.133692,0.347061,-0.008669,-0.146956,0.033490,0.019905,0.000857,0.829089,0.035260,0.143279,1.072727,0.079500,0.220724,0.911248,0.256880,0.193908,0.951907,0.029429,-0.137568,1.075590,0.087270,-0.209553,0.916023,0.258642,-0.153342,0.952185
0.027575,0.000470,0.785532,0.033933,0.116999,0.652743,0.024228,0.132387,0.347050,-0.024648,0.142339,0.033620,0.036737,-0.115891,0.652670,0.038418,-0.133906,0.347045,-0.008578,-0.147093,0.033488,0.020101,0.000530,0.829073,0.035033,0.142976,1.072724,0.079408,0.220490,0.911314,0.256696,0.193801,0.952509,0.029482,-0.137877,1.075589,0.087503,-0.210007,0.916153,0.258675,-0.153457,0.952790
0.027746,0.000293,0.785507,0.034092,0.116828,0.652724,0.024437,0.132311,0.347034,-0.024391,0.142341,0.033599,0.037031,-0.116060,0.652649,0.038580,-0.133991,0.347017,-0.008463,-0.147116,0.033465,0.020247,0.000346,0.829044,0.034756,0.142818,1.072705,0.079275,0.220424,0.911380,0.256471,0.193884,0.953118,0.029495,-0.138041,1.075575,0.087714,-0.210279,0.916261,0.258678,-0.153383,0.953393
0.027892,0.000188,0.785474,0.034231,0.116727,0.652694,0.024640,0.132310,0.347009,-0.024127,0.142425,0.033566,0.037294,-0.116160,0.652621,0.038719,-0.134013,0.346984,-0.008336,-0.147083,0.033431,0.020368,0.000234,0.829007,0.034454,0.142734,1.072677,0.079126,0.220455,0.911449,0.256228,0.194095,0.953753,0.029490,-0.138130,1.075554,0.087925,-0.210435,0.916350,0.258668,-0.153184,0.954017
0.027923,-0.000132,0.785451,0.034297,0.116410,0.652676,0.024808,0.132084,0.346993,-0.023876,0.142281,0.033540,0.037406,-0.116476,0.652602,0.038694,-0.134228,0.346958,-0.008156,-0.147244,0.033371,0.020373,-0.000091,0.828979,0.034088,0.142442,1.072652,0.078915,0.220288,0.911527,0.255920,0.194114,0.954417,0.029374,-0.138426,1.075547,0.088012,-0.210764,0.916433,0.258532,-0.153177,0.954667
0.027915,-0.000407,0.785439,0.034335,0.116138,0.652670,0.024982,0.131893,0.346987,-0.023603,0.142165,0.033520,0.037475,-0.116747,0.652595,0.038649,-0.134398,0.346944,-0.007960,-0.147362,0.033317,0.020340,-0.000371,0.828963,0.033696,0.142210,1.072629,0.078687,0.220186,0.911610,0.255585,0.194233,0.955135,0.029201,-0.138660,1.075561,0.088057,-0.210991,0.916523,0.258340,-0.153072,0.955381
0.027831,-0.000594,0.785449,0.034318,0.115956,0.652686,0.025169,0.131779,0.347002,-0.023286,0.142111,0.033516,0.037458,-0.116930,0.652607,0.038561,-0.134477,0.346950,-0.007734,-0.147392,0.033273,0.020230,-0.000562,0.828968,0.033254,0.142096,1.072608,0.078417,0.220189,0.911693,0.255199,0.194482,0.955899,0.028919,-0.138776,1.075615,0.087995,-0.211067,0.916641,0.258035,-0.152837,0.956170
0.027611,-0.000781,0.785479,0.034177,0.115773,0.652723,0.025261,0.131672,0.347037,-0.023058,0.142062,0.033529,0.037288,-0.117112,0.652638,0.038345,-0.134568,0.346976,-0.007710,-0.147429,0.033261,0.019987,-0.000751,0.828994,0.032808,0.141982,1.072601,0.078103,0.220181,0.911774,0.254773,0.194717,0.956625,0.028527,-0.138890,1.075689,0.087761,-0.211102,0.916737,0.257579,-0.152618,0.956913
0.027324,-0.000969,0.785519,0.033974,0.115590,0.652771,0.025306,0.131566,0.347082,-0.022872,0.142015,0.033552,0.037043,-0.117296,0.652678,0.038066,-0.134664,0.347011,-0.007784,-0.147469,0.033263,0.019678,-0.000941,0.829030,0.032359,0.141868,1.072600,0.077753,0.220164,0.911847,0.254320,0.194955,0.957300,0.028082,-0.139003,1.075773,0.087442,-0.211098,0.916815,0.257053,-0.152394,0.957601
0.027045,-0.001096,0.785518,0.033839,0.115469,0.652782,0.025405,0.131514,0.347089,-0.022818,0.141972,0.033565,0.036759,-0.117419,0.652675,0.037752,-0.134697,0.347002,-0.007950,-0.147420,0.033231,0.019373,-0.001068,0.829025,0.031971,0.141858,1.072530,0.077444,0.220197,0.911817,0.253920,0.195227,0.957796,0.027636,-0.139010,1.075840,0.087090,-0.211010,0.916874,0.256528,-0.152136,0.958177
0.026764,-0.001282,0.785516,0.033688,0.115292,0.652795,0.025459,0.131383,0.347097,-0.022796,0.141833,0.033575,0.036464,-0.117597,0.652666,0.037414,-0.134793,0.346990,-0.008188,-0.147442,0.033202,0.019071,-0.001255,0.829019,0.031628,0.141788,1.072458,0.077182,0.220127,0.911768,0.253583,0.195317,0.958153,0.027169,-0.139077,1.075907,0.086685,-0.211020,0.916938,0.256004,-0.152057,0.958635
0.026477,-0.001586,0.785515,0.033505,0.115003,0.652812,0.025424,0.131095,0.347108,-0.022834,0.141503,0.033583,0.036145,-0.117888,0.652652,0.037028,-0.135019,0.346972,-0.008569,-0.147611,0.033184,0.018770,-0.001559,0.829016,0.031374,0.141595,1.072386,0.077041,0.219865,0.911694,0.253379,0.195041,0.958324,0.026657,-0.139264,1.075976,0.086176,-0.211247,0.917027,0.255465,-0.152340,0.958941
