body_0_angvel_x,body_0_angvel_y,body_0_angvel_z,body_1_angvel_x,body_1_angvel_y,body_1_angvel_z,body_2_angvel_x,body_2_angvel_y,body_2_angvel_z,body_3_angvel_x,body_3_angvel_y,body_3_angvel_z,body_4_angvel_x,body_4_angvel_y,body_4_angvel_z,body_5_angvel_x,body_5_angvel_y,body_5_angvel_z,body_6_angvel_x,body_6_angvel_y,body_6_angvel_z,body_7_angvel_x,body_7_angvel_y,body_7_angvel_z,body_8_angvel_x,body_8_angvel_y,body_8_angvel_z,body_9_angvel_x,body_9_angvel_y,body_9_angvel_z,body_10_angvel_x,body_10_angvel_y,body_10_angvel_z,body_11_angvel_x,body_11_angvel_y,body_11_angvel_z,body_12_angvel_x,body_12_angvel_y,body_12_angvel_z,body_13_angvel_x,body_13_angvel_y,body_13_angvel_z
0.000162,-0.013283,-0.005840,0.001856,-0.000886,-0.005556,0.003393,-0.011960,-0.000508,0.017992,-0.052332,-0.004077,-0.014099,0.024937,-0.007801,-0.007331,0.019450,-0.053263,0.023888,0.032741,-0.053600,0.004441,-0.053156,0.011206,0.058098,-0.017145,0.022638,-0.002409,-0.108379,-0.024024,-0.021207,-0.129513,-0.070332,-0.043486,-0.011069,-0.005943,0.038641,-0.114869,0.046640,0.059983,-0.157663,0.064519
0.000562,-0.012197,-0.001332,0.000070,-0.003172,-0.001336,0.001262,-0.009609,-0.000455,0.017634,-0.044365,-0.003650,-0.014319,0.025374,-0.003388,-0.007418,0.020413,-0.049353,0.021014,0.030250,-0.049532,0.004671,-0.050318,0.013179,0.084378,0.001930,0.029784,-0.004877,-0.132738,-0.039030,-0.034303,-0.166075,-0.105375,-0.065772,0.010501,-0.011696,0.054563,-0.141413,0.065953,0.087852,-0.203427,0.093963
0.001808,-0.009039,0.012243,-0.005289,-0.010156,0.011365,-0.005124,-0.002764,-0.000190,0.016612,-0.020639,-0.002256,-0.014959,0.026532,0.009895,-0.007643,0.023154,-0.037577,0.012440,0.022704,-0.037263,0.005380,-0.041954,0.019124,0.135590,0.039773,0.045141,-0.008135,-0.177341,-0.065693,-0.061238,-0.237772,-0.167290,-0.107368,0.052411,-0.019735,0.084207,-0.188882,0.105634,0.143860,-0.286122,0.155758
0.002879,-0.007861,0.019060,-0.008661,-0.015750,0.017592,-0.010063,0.007044,-0.004852,0.017893,-0.002845,-0.006493,-0.012686,0.024081,0.016883,-0.005761,0.021758,-0.027511,0.006297,0.011698,-0.026727,0.003574,-0.035952,0.021486,0.180298,0.068751,0.054799,-0.010549,-0.219821,-0.092391,-0.093174,-0.312927,-0.219858,-0.145018,0.083525,-0.028088,0.105923,-0.231522,0.139049,0.197764,-0.358067,0.214919
0.003218,-0.009200,0.015709,-0.008368,-0.017068,0.014231,-0.011095,0.015025,-0.012121,0.020813,0.000229,-0.014255,-0.008676,0.019308,0.014081,-0.002764,0.016944,-0.024200,0.005608,0.002705,-0.023210,0.000128,-0.035225,0.019118,0.217800,0.085630,0.057427,-0.010415,-0.259754,-0.118552,-0.129536,-0.390678,-0.264583,-0.176199,0.100481,-0.037592,0.120044,-0.269930,0.163490,0.250934,-0.421803,0.268061
0.002254,-0.007718,0.021153,-0.006472,-0.018816,0.020002,-0.007914,0.008045,-0.007733,0.019295,-0.003850,-0.009491,-0.006560,0.015485,0.019965,-0.002013,0.014624,-0.008801,0.002555,-0.002992,-0.007653,-0.002782,-0.029886,0.020382,0.248993,0.101020,0.061560,-0.005439,-0.284531,-0.134182,-0.167104,-0.456301,-0.295234,-0.197811,0.113978,-0.040077,0.129097,-0.292866,0.186103,0.304912,-0.468734,0.320672
0.001230,-0.005938,0.027397,-0.004735,-0.019740,0.026567,-0.004292,-0.001555,-0.001840,0.016604,-0.009348,-0.003083,-0.005934,0.013360,0.026439,-0.003032,0.012515,0.007822,-0.001463,-0.006595,0.009023,-0.005311,-0.024475,0.023408,0.273008,0.111690,0.065761,0.003525,-0.297675,-0.140150,-0.203123,-0.509598,-0.315638,-0.209866,0.120951,-0.037921,0.134073,-0.304887,0.204602,0.357078,-0.504595,0.367927
0.001542,-0.006285,0.026400,-0.004790,-0.018490,0.025531,-0.003888,-0.001331,-0.004505,0.016105,-0.010393,-0.005811,-0.006301,0.013685,0.025347,-0.005268,0.008239,0.014780,-0.004929,-0.009349,0.015873,-0.007453,-0.023361,0.026302,0.289842,0.114785,0.068595,0.015132,-0.304441,-0.138347,-0.233292,-0.551053,-0.328050,-0.212942,0.118702,-0.033630,0.136750,-0.311694,0.217640,0.403581,-0.533687,0.405204
0.001962,-0.004615,0.020410,-0.006248,-0.017575,0.019298,-0.004206,-0.004615,-0.012579,0.012532,-0.010819,-0.013561,-0.007243,0.012000,0.019133,-0.007663,0.000016,0.012599,-0.008820,-0.012140,0.013337,-0.008848,-0.018941,0.019064,0.300494,0.119098,0.060519,0.028186,-0.299321,-0.139784,-0.253036,-0.570482,-0.341445,-0.207756,0.116436,-0.037836,0.139188,-0.307835,0.216528,0.440510,-0.547381,0.420545
0.002204,-0.001839,0.012421,-0.008500,-0.017505,0.010975,-0.005198,-0.009828,-0.022060,0.007580,-0.010496,-0.022497,-0.008353,0.009122,0.010905,-0.009088,-0.008045,0.002383,-0.011239,-0.013627,0.002699,-0.008894,-0.013537,0.005338,0.306502,0.123056,0.045464,0.042220,-0.286997,-0.142369,-0.258867,-0.569735,-0.350769,-0.195228,0.112938,-0.047428,0.143152,-0.297624,0.206675,0.465557,-0.546641,0.417257
0.002096,0.000847,0.017029,-0.008475,-0.024523,0.015525,-0.005695,-0.015958,-0.015096,0.005687,-0.013006,-0.015212,-0.007183,0.012630,0.015715,-0.008661,-0.004166,0.012125,-0.008590,-0.010694,0.012534,-0.009521,-0.007680,0.006201,0.307019,0.126295,0.044596,0.054868,-0.269894,-0.126570,-0.252125,-0.550984,-0.334277,-0.179080,0.108200,-0.041654,0.146842,-0.283018,0.211174,0.475718,-0.531588,0.418243
0.001973,0.002677,0.022884,-0.007900,-0.028970,0.021417,-0.006252,-0.017876,-0.004940,0.005187,-0.015068,-0.005064,-0.005856,0.016010,0.021802,-0.007993,0.001421,0.024025,-0.004181,-0.006374,0.024569,-0.010050,-0.002774,0.010739,0.303846,0.127345,0.047068,0.067026,-0.250596,-0.104487,-0.233226,-0.518756,-0.303513,-0.160566,0.100693,-0.031597,0.150172,-0.266394,0.221321,0.472070,-0.504701,0.416486
0.002174,0.002692,0.018586,-0.008556,-0.021386,0.017057,-0.007454,-0.010722,-0.004957,0.004411,-0.013687,-0.005528,-0.006439,0.012595,0.017365,-0.008636,-0.001589,0.020308,-0.001199,-0.003889,0.020563,-0.009876,-0.000445,0.007986,0.298762,0.124637,0.041934,0.079898,-0.231433,-0.087938,-0.203370,-0.478388,-0.271098,-0.140860,0.088257,-0.028219,0.152874,-0.250215,0.228109,0.456803,-0.469881,0.405507
0.002203,0.001913,0.012084,-0.010337,-0.013673,0.010380,-0.009178,-0.005194,-0.008978,0.002538,-0.010922,-0.009750,-0.007443,0.009411,0.010693,-0.008747,-0.000111,0.011621,-0.000174,0.000488,0.011710,-0.008956,0.003174,0.004392,0.293092,0.122129,0.035720,0.094138,-0.209181,-0.071145,-0.164487,-0.429465,-0.232917,-0.120945,0.074419,-0.025046,0.154601,-0.231600,0.238929,0.432122,-0.426430,0.395155
0.002070,0.000832,0.006578,-0.012346,-0.009638,0.004668,-0.010568,-0.003984,-0.014970,0.000438,-0.008083,-0.015595,-0.008343,0.008151,0.005074,-0.008249,0.005159,0.002211,-0.001635,0.004655,0.002340,-0.007724,0.006374,0.001679,0.287630,0.118307,0.030209,0.109844,-0.186281,-0.052952,-0.118773,-0.376740,-0.189709,-0.101147,0.057775,-0.020421,0.155662,-0.213212,0.254657,0.400736,-0.379232,0.388180
0.001458,0.001277,0.007572,-0.010939,-0.005464,0.005945,-0.009651,-0.002226,-0.007100,0.000287,-0.005282,-0.007613,-0.007647,0.002573,0.006220,-0.006818,0.002258,0.000791,-0.003278,0.005424,0.000643,-0.004871,0.009329,0.001695,0.284674,0.113552,0.027292,0.128645,-0.163351,-0.031954,-0.066661,-0.322640,-0.141862,-0.078932,0.039732,-0.012742,0.159134,-0.195538,0.274438,0.367912,-0.330792,0.385023
0.000646,0.002473,0.008317,-0.008765,-0.000509,0.007096,-0.007631,-0.001473,0.000799,0.000831,-0.003855,0.000380,-0.006328,-0.002875,0.007234,-0.005469,-0.003472,0.001401,-0.005655,0.003774,0.000939,-0.002677,0.011631,0.000830,0.282513,0.107688,0.023417,0.148264,-0.141461,-0.011943,-0.012325,-0.269722,-0.094613,-0.054861,0.021752,-0.006023,0.164820,-0.179214,0.291093,0.335420,-0.283416,0.379488
-0.000181,0.003693,0.001961,-0.008498,0.005789,0.000917,-0.005731,-0.003467,-0.005082,0.000734,-0.005235,-0.005397,-0.005465,-0.003649,0.001116,-0.005298,-0.006602,-0.002170,-0.009396,0.000798,-0.002700,-0.003573,0.012872,-0.004703,0.278758,0.100741,0.014904,0.165964,-0.121195,0.003328,0.039808,-0.219805,-0.052715,-0.030057,0.005171,-0.004437,0.171895,-0.164718,0.297750,0.304227,-0.238848,0.365464
-0.000135,0.005308,-0.002283,-0.008016,0.009705,-0.003253,-0.005375,-0.002398,-0.004532,-0.000891,0.001016,-0.004402,-0.003645,-0.005979,-0.002893,-0.004414,-0.006172,0.001775,-0.012718,0.001646,0.001157,-0.003066,0.014919,-0.008689,0.277535,0.095177,0.008136,0.185680,-0.100444,0.020221,0.092233,-0.171732,-0.010440,0.000229,-0.007109,-0.002031,0.185320,-0.150186,0.299135,0.280862,-0.196117,0.348245
0.000762,0.006509,-0.002219,-0.007608,0.009305,-0.003261,-0.006801,0.001288,0.002235,-0.003255,0.011816,0.002923,-0.001768,-0.008674,-0.002711,-0.003255,-0.002384,0.011340,-0.013972,0.005871,0.010659,-0.001409,0.016773,-0.009059,0.278106,0.090543,0.005335,0.206439,-0.079998,0.040793,0.142763,-0.126893,0.033812,0.034847,-0.015768,0.003127,0.204024,-0.136363,0.297623,0.265617,-0.156594,0.330424
0.000675,0.009681,-0.008209,-0.004658,0.009988,-0.008883,-0.003226,-0.006491,0.003965,0.000088,0.007736,0.004934,0.001332,-0.011317,-0.008268,-0.001464,-0.002810,0.015602,-0.011906,0.008727,0.014718,-0.001484,0.014666,-0.011954,0.277178,0.083530,0.000506,0.224602,-0.063599,0.058622,0.186770,-0.089272,0.073192,0.069199,-0.024746,0.004840,0.223396,-0.126508,0.288689,0.255072,-0.123979,0.307284
0.000300,0.012554,-0.015154,-0.002069,0.009447,-0.015477,-0.000101,-0.013236,0.002271,0.003933,0.002039,0.003295,0.003124,-0.013662,-0.014925,-0.000370,-0.004490,0.013756,-0.009017,0.009053,0.012771,-0.001809,0.013666,-0.016357,0.275947,0.079640,-0.005238,0.240991,-0.046149,0.074217,0.224340,-0.053691,0.107811,0.102813,-0.029401,0.004106,0.243001,-0.115077,0.275382,0.249786,-0.093028,0.281391
0.000281,0.013013,-0.017953,-0.002817,0.005555,-0.018400,-0.002980,-0.006261,-0.001117,0.003012,0.008110,-0.000218,0.001003,-0.015234,-0.018054,-0.001355,-0.004191,0.004890,-0.007728,0.005913,0.004157,-0.000999,0.019015,-0.021181,0.275632,0.084381,-0.010729,0.256515,-0.022390,0.088166,0.256015,-0.014647,0.137910,0.135470,-0.024929,0.002015,0.262640,-0.096529,0.260484,0.250196,-0.058366,0.255012
0.001035,0.013766,-0.018442,-0.002719,0.001582,-0.019005,-0.003155,-0.007121,-0.004133,0.004504,0.007227,-0.003285,-0.000250,-0.015811,-0.018854,-0.002746,-0.006629,0.003510,-0.009598,0.000968,0.002929,-0.001148,0.022865,-0.023027,0.274094,0.089897,-0.012595,0.268901,-0.000247,0.103440,0.279660,0.020204,0.166202,0.164169,-0.019472,0.001971,0.279340,-0.078538,0.248315,0.253364,-0.027680,0.232165
0.002210,0.014411,-0.016277,-0.001788,-0.000472,-0.016890,-0.000507,-0.015348,-0.005176,0.007729,-0.000111,-0.004280,-0.000001,-0.015118,-0.016828,-0.003859,-0.010659,0.010432,-0.013702,-0.003382,0.009829,-0.002105,0.023267,-0.020957,0.271593,0.093802,-0.010039,0.278421,0.018057,0.120589,0.296293,0.048885,0.193084,0.188732,-0.015306,0.004955,0.292934,-0.063206,0.240117,0.258437,-0.002950,0.214132
0.001838,0.013318,-0.018585,-0.002931,-0.003190,-0.019308,-0.001907,-0.015544,-0.009329,0.002520,-0.004469,-0.008634,0.000646,-0.013258,-0.018960,-0.003283,-0.006514,0.010386,-0.014972,-0.003556,0.010031,-0.002569,0.023121,-0.025271,0.269687,0.098261,-0.013567,0.286725,0.035034,0.128899,0.308798,0.074130,0.207833,0.210372,-0.010015,0.000793,0.304634,-0.048058,0.225759,0.265318,0.018547,0.191091
0.000634,0.010981,-0.022656,-0.003747,-0.004350,-0.023321,-0.003739,-0.011573,-0.013503,-0.004182,-0.005805,-0.013063,0.002566,-0.013341,-0.022541,-0.001165,-0.003769,0.007620,-0.013116,-0.001862,0.007327,-0.003432,0.022137,-0.030916,0.267797,0.102110,-0.018394,0.293352,0.049918,0.132931,0.318103,0.095378,0.215172,0.228101,-0.004516,-0.005297,0.313471,-0.033938,0.210523,0.271473,0.036312,0.168742
-0.000481,0.008040,-0.025629,-0.001655,-0.001536,-0.025846,-0.002230,-0.007062,-0.014423,-0.005198,-0.003825,-0.014100,0.006732,-0.018330,-0.024722,0.002433,-0.011952,0.006526,-0.007769,-0.000610,0.005657,-0.005404,0.020125,-0.032761,0.265409,0.104301,-0.019628,0.297914,0.062070,0.137424,0.324932,0.112153,0.220178,0.241093,0.000205,-0.007974,0.318613,-0.021790,0.199759,0.274775,0.049802,0.152790
-0.001726,0.005855,-0.030550,0.001403,0.002431,-0.030178,0.000612,-0.007593,-0.011181,-0.003112,-0.005359,-0.010910,0.007745,-0.020943,-0.029297,0.003187,-0.017582,0.001271,-0.002839,-0.002397,0.000216,-0.007630,0.018472,-0.036155,0.263251,0.105721,-0.022767,0.301327,0.072775,0.136911,0.330731,0.125831,0.217861,0.250211,0.004735,-0.012358,0.320919,-0.011077,0.188053,0.275419,0.059918,0.138031
-0.002579,0.005471,-0.035011,0.003845,0.005493,-0.034198,0.003311,-0.013003,-0.005406,0.000987,-0.009780,-0.005102,0.005020,-0.019933,-0.034026,0.000635,-0.017861,-0.005535,-0.000816,-0.006279,-0.006292,-0.009053,0.017981,-0.039454,0.261935,0.106987,-0.026192,0.304371,0.082876,0.133257,0.336198,0.137238,0.210648,0.256660,0.009225,-0.016595,0.321518,-0.001759,0.176640,0.274545,0.067044,0.125765
-0.002660,0.007961,-0.032153,0.005699,0.008003,-0.031097,0.004683,-0.010502,0.000978,0.001458,-0.006172,0.001389,0.006653,-0.017699,-0.030901,0.002513,-0.014098,-0.002852,-0.000083,-0.003577,-0.003558,-0.007595,0.019527,-0.038686,0.262959,0.108949,-0.025920,0.308578,0.093018,0.130804,0.342414,0.146923,0.203506,0.262708,0.014322,-0.016640,0.322483,0.006856,0.168878,0.274554,0.072254,0.119292
-0.002353,0.010947,-0.027939,0.006451,0.009307,-0.026839,0.005201,-0.007068,0.003938,0.000863,-0.001600,0.004464,0.009512,-0.015624,-0.026294,0.005374,-0.011606,0.002001,0.000626,-0.000583,0.001232,-0.005893,0.021846,-0.036342,0.263166,0.110313,-0.024409,0.310626,0.101300,0.127448,0.345574,0.152957,0.195002,0.265779,0.018970,-0.015022,0.320932,0.014003,0.161841,0.272832,0.075277,0.115477
-0.002048,0.012098,-0.028382,0.005687,0.008781,-0.027430,0.005442,-0.009683,-0.000577,0.001910,-0.003201,0.000003,0.010493,-0.015006,-0.026629,0.005788,-0.015535,0.001770,0.002610,-0.003279,0.000948,-0.006662,0.023808,-0.034911,0.259404,0.110003,-0.024111,0.307194,0.106029,0.120989,0.342105,0.153833,0.183602,0.263048,0.022392,-0.014340,0.313847,0.019214,0.152961,0.266401,0.076203,0.111357
-0.001588,0.012884,-0.024374,0.005693,0.006940,-0.023497,0.007555,-0.018175,-0.001806,0.002228,-0.008790,-0.000960,0.011016,-0.012576,-0.022595,0.005981,-0.017616,0.004495,0.003807,-0.006169,0.003740,-0.008450,0.026513,-0.032860,0.252733,0.109315,-0.023395,0.299328,0.108355,0.113227,0.333060,0.151144,0.171609,0.255754,0.025820,-0.013097,0.302520,0.023807,0.144077,0.256517,0.076800,0.108187
-0.001305,0.012862,-0.017821,0.006341,0.004589,-0.016913,0.010355,-0.028405,0.000984,0.001519,-0.015644,0.002177,0.010676,-0.009602,-0.016113,0.005720,-0.016857,0.008858,0.003526,-0.007898,0.008261,-0.010453,0.028485,-0.031114,0.243626,0.107087,-0.023059,0.287691,0.107441,0.103504,0.319223,0.144613,0.158493,0.244535,0.027785,-0.012220,0.287856,0.026147,0.134678,0.244128,0.075588,0.104799
-0.001203,0.013911,-0.017817,0.006341,0.005985,-0.016920,0.010492,-0.025512,-0.001990,0.002282,-0.013406,-0.000863,0.010588,-0.011257,-0.016150,0.006940,-0.019415,0.000162,0.004743,-0.006580,-0.000678,-0.009803,0.034000,-0.031876,0.234807,0.107870,-0.025214,0.275258,0.108257,0.089886,0.303690,0.139661,0.141916,0.232258,0.032754,-0.013978,0.272980,0.030521,0.122822,0.232501,0.076610,0.098703
-0.001399,0.016463,-0.017960,0.005348,0.008062,-0.017166,0.009344,-0.021495,-0.003825,0.002159,-0.008329,-0.002646,0.010174,-0.012958,-0.016349,0.007550,-0.021258,-0.006391,0.005310,-0.004066,-0.007503,-0.008512,0.040909,-0.030818,0.224382,0.109731,-0.025450,0.260293,0.109057,0.077066,0.284855,0.134789,0.125676,0.217122,0.039095,-0.014145,0.256164,0.035291,0.112941,0.220017,0.077625,0.094025
-0.001953,0.020893,-0.011701,0.003065,0.007673,-0.011154,0.008328,-0.028385,0.002508,-0.001211,-0.006599,0.004396,0.008841,-0.010103,-0.010215,0.005433,-0.018341,0.004538,0.003183,-0.002204,0.003495,-0.008577,0.046989,-0.023487,0.210708,0.110611,-0.019295,0.241303,0.107772,0.069912,0.261452,0.127980,0.113536,0.197587,0.045077,-0.008393,0.235825,0.038848,0.109464,0.205066,0.076253,0.095190
-0.001746,0.025474,-0.006233,0.001653,0.004310,-0.005938,0.008188,-0.032995,0.000805,-0.001665,-0.004471,0.003207,0.007103,-0.008415,-0.005063,0.003064,-0.020580,0.010668,0.001572,-0.000917,0.009419,-0.008282,0.053812,-0.016809,0.195966,0.112189,-0.013647,0.220640,0.106095,0.062027,0.236116,0.120916,0.098221,0.175996,0.052358,-0.003599,0.214188,0.043018,0.105561,0.189732,0.073689,0.095510
-0.000960,0.027967,-0.004268,0.001766,-0.000320,-0.004099,0.008949,-0.033035,-0.008033,0.000978,-0.003036,-0.005570,0.005727,-0.008663,-0.003447,0.001539,-0.026748,0.008902,0.001183,-0.000790,0.007281,-0.007850,0.058044,-0.014063,0.180423,0.111087,-0.011823,0.198797,0.100768,0.050578,0.209540,0.110365,0.076637,0.152848,0.057193,-0.002859,0.191624,0.044217,0.098121,0.174216,0.066160,0.091972
-0.000249,0.033416,-0.004394,0.000858,-0.002713,-0.004475,0.007451,-0.028953,-0.013310,0.000193,0.006475,-0.010459,0.004524,-0.011881,-0.003920,0.000923,-0.031615,0.003675,0.000743,-0.001932,0.001828,-0.008172,0.065941,-0.009974,0.163625,0.113429,-0.008620,0.175527,0.098087,0.041112,0.181488,0.102735,0.054839,0.127973,0.065110,-0.000634,0.167856,0.048078,0.092590,0.158145,0.059685,0.089935
0.000657,0.039712,-0.003665,-0.000233,-0.005758,-0.004053,0.005055,-0.025129,-0.013453,-0.001181,0.018114,-0.010043,0.003389,-0.015450,-0.003567,0.000407,-0.033868,0.001225,0.000288,-0.002129,-0.000746,-0.007690,0.076381,-0.004956,0.147503,0.118049,-0.004469,0.152869,0.097011,0.033351,0.153856,0.097130,0.033674,0.103639,0.074308,0.002932,0.145074,0.052812,0.088651,0.143654,0.053315,0.088878
0.001880,0.044846,0.000762,-0.000692,-0.012192,0.000092,0.003099,-0.025839,-0.006980,-0.000324,0.026060,-0.003002,0.001969,-0.016604,0.000409,-0.001040,-0.031895,0.007610,-0.000373,0.001077,0.005577,-0.005028,0.088446,0.000521,0.133850,0.124089,0.000117,0.132633,0.096655,0.026813,0.128312,0.092751,0.014002,0.081972,0.083628,0.007486,0.125332,0.057283,0.085719,0.132634,0.046937,0.088063
0.003271,0.050784,0.003442,-0.001278,-0.017669,0.002450,0.001692,-0.029106,-0.002079,0.001127,0.029317,0.002300,0.000464,-0.018926,0.002582,-0.003063,-0.036485,0.011279,-0.000171,0.001461,0.008975,-0.002296,0.102188,0.002065,0.121133,0.131576,0.000720,0.113228,0.096916,0.017076,0.103293,0.089462,-0.007444,0.061637,0.093381,0.008624,0.107117,0.061920,0.079214,0.123186,0.041888,0.082952
0.004181,0.054584,0.003061,-0.001675,-0.019489,0.001863,0.001568,-0.033373,-0.001171,0.002443,0.026201,0.003241,-0.000274,-0.021194,0.001899,-0.004556,-0.045332,0.010445,0.000917,-0.001173,0.007798,-0.000748,0.110757,-0.001091,0.108741,0.133536,-0.003526,0.094083,0.090892,0.003270,0.078486,0.080284,-0.030825,0.042087,0.097160,0.005494,0.089708,0.060508,0.068247,0.114016,0.032531,0.072864
0.004638,0.060481,0.003684,-0.004799,-0.024501,0.001954,-0.001783,-0.036709,-0.001813,0.003156,0.025980,0.002696,-0.002268,-0.025061,0.002066,-0.005361,-0.042024,0.008573,-0.002372,0.001670,0.005917,-0.001412,0.125059,0.000432,0.096158,0.140630,-0.003376,0.074896,0.089811,-0.005394,0.054031,0.076457,-0.046721,0.022738,0.105947,0.007469,0.072454,0.064175,0.062392,0.103927,0.030168,0.067576
0.005087,0.067772,0.005961,-0.008797,-0.028815,0.003578,-0.005354,-0.041500,-0.002388,0.002119,0.024996,0.002307,-0.004020,-0.028435,0.003915,-0.006099,-0.039164,0.008763,-0.006668,0.006314,0.005941,-0.001919,0.141426,0.003208,0.086037,0.148822,-0.002377,0.058674,0.090592,-0.012555,0.033400,0.075085,-0.059001,0.006016,0.115627,0.011260,0.057785,0.068934,0.058844,0.095006,0.030641,0.064315
0.005877,0.075805,0.010443,-0.011860,-0.028593,0.007497,-0.006172,-0.050261,-0.001370,-0.001883,0.019533,0.003632,-0.004083,-0.029024,0.008189,-0.007418,-0.049081,0.013965,-0.008655,0.009361,0.010331,-0.000047,0.156345,0.003627,0.080749,0.154057,-0.004351,0.048104,0.090070,-0.022135,0.019542,0.073304,-0.072092,-0.006160,0.122016,0.013422,0.047603,0.070884,0.054818,0.089102,0.029692,0.060058
0.006143,0.085753,0.010979,-0.014172,-0.031136,0.007594,-0.007616,-0.060270,0.003017,-0.006803,0.011638,0.008247,-0.004824,-0.030347,0.008470,-0.008480,-0.054538,0.013258,-0.012486,0.011271,0.009126,0.001313,0.176310,0.002974,0.077500,0.162295,-0.008181,0.040524,0.094631,-0.033105,0.009754,0.077765,-0.085584,-0.017181,0.131112,0.015353,0.038372,0.076433,0.052387,0.082917,0.033315,0.056509
0.005818,0.092716,0.007302,-0.014482,-0.035126,0.003816,-0.008881,-0.066486,0.008598,-0.010120,0.005268,0.013845,-0.005769,-0.031708,0.004615,-0.008654,-0.052756,0.007039,-0.016117,0.011123,0.002974,0.001562,0.191387,0.001566,0.075689,0.163512,-0.013595,0.035292,0.094200,-0.045241,0.003050,0.078416,-0.099850,-0.028101,0.132807,0.017390,0.028901,0.075826,0.052344,0.075776,0.031319,0.054224
0.006837,0.106263,0.007654,-0.015254,-0.039724,0.003774,-0.009552,-0.071717,0.008770,-0.007294,0.005842,0.014294,-0.008090,-0.036573,0.004276,-0.010580,-0.056607,0.005083,-0.018528,0.007458,0.000997,0.001952,0.215703,0.004610,0.076428,0.172399,-0.015259,0.033374,0.103114,-0.053192,-0.000118,0.089207,-0.110143,-0.037922,0.141391,0.024678,0.020110,0.083539,0.059943,0.069267,0.037638,0.058669
0.008405,0.121553,0.009813,-0.015748,-0.044054,0.005484,-0.009650,-0.076126,0.008027,-0.002426,0.009651,0.013948,-0.009984,-0.041321,0.005701,-0.012276,-0.061164,0.005484,-0.018012,0.005841,0.001247,0.002748,0.243275,0.008776,0.079786,0.183908,-0.016213,0.034662,0.115794,-0.059940,-0.000306,0.103779,-0.120170,-0.046456,0.151372,0.033721,0.012025,0.094229,0.071536,0.063996,0.046228,0.066974
0.009620,0.133795,0.011510,-0.015304,-0.047287,0.006910,-0.009288,-0.079999,0.010886,0.000309,0.012830,0.017186,-0.009730,-0.042378,0.007096,-0.011845,-0.061518,0.006344,-0.012996,0.011824,0.001778,0.004024,0.268124,0.010556,0.085629,0.192865,-0.019776,0.038829,0.126448,-0.068626,0.001848,0.115452,-0.133851,-0.053579,0.157452,0.040825,0.004491,0.102863,0.083042,0.060133,0.051321,0.076014
0.010744,0.151087,0.013426,-0.015527,-0.052495,0.008412,-0.007549,-0.091636,0.008158,0.005103,0.014003,0.015214,-0.010293,-0.047433,0.008511,-0.013575,-0.072810,0.010312,-0.008199,0.012662,0.005083,0.002762,0.299432,0.013173,0.090598,0.208720,-0.022612,0.042443,0.144082,-0.075706,0.002850,0.132688,-0.148268,-0.062338,0.169355,0.049037,-0.005903,0.119444,0.097077,0.054330,0.062394,0.089071
0.011263,0.164782,0.014578,-0.016181,-0.057050,0.009189,-0.005160,-0.105173,0.001163,0.009682,0.012634,0.008939,-0.011317,-0.053935,0.009184,-0.016526,-0.089357,0.015350,-0.005929,0.007931,0.009454,-0.000371,0.321592,0.015366,0.094685,0.215508,-0.026029,0.045605,0.152733,-0.082259,0.002849,0.139630,-0.164571,-0.072252,0.171542,0.057063,-0.018865,0.128490,0.111882,0.046821,0.063961,0.104291
0.011507,0.180247,0.023740,-0.020334,-0.066408,0.017460,-0.008284,-0.110219,-0.002626,0.009536,0.018984,0.005761,-0.009509,-0.063483,0.018313,-0.014311,-0.092815,0.026261,0.003155,0.011055,0.020050,-0.004417,0.350877,0.021988,0.097799,0.228560,-0.025349,0.048542,0.168277,-0.083390,0.002052,0.152786,-0.177049,-0.082725,0.179830,0.069905,-0.033727,0.145603,0.132052,0.038243,0.072343,0.125460
0.011788,0.195301,0.035052,-0.025007,-0.076006,0.027774,-0.011727,-0.116433,-0.004267,0.006479,0.022916,0.004712,-0.008586,-0.071088,0.029441,-0.012351,-0.093118,0.036331,0.010373,0.016835,0.029807,-0.008302,0.380845,0.030244,0.099788,0.240041,-0.023567,0.051609,0.183853,-0.081961,0.000632,0.166081,-0.186779,-0.093197,0.187028,0.084934,-0.049788,0.163234,0.154670,0.029308,0.081451,0.148595
0.012251,0.207672,0.042652,-0.027232,-0.081405,0.034696,-0.010321,-0.133652,-0.004714,0.002289,0.014166,0.004897,-0.012430,-0.071947,0.036074,-0.016178,-0.100367,0.038756,0.006895,0.019933,0.031586,-0.011133,0.404981,0.037433,0.100396,0.241907,-0.023683,0.055082,0.192539,-0.080825,-0.001636,0.173042,-0.193911,-0.103050,0.185797,0.099730,-0.066341,0.173817,0.176971,0.020735,0.085770,0.170052
0.013323,0.220471,0.055549,-0.029940,-0.091438,0.046673,-0.009838,-0.149612,-0.004635,0.002162,0.008446,0.005554,-0.016317,-0.078489,0.047794,-0.018397,-0.104162,0.043028,0.004559,0.024959,0.035298,-0.013472,0.440499,0.055232,0.098227,0.250076,-0.014208,0.058088,0.211297,-0.068418,-0.006145,0.190559,-0.183840,-0.112737,0.192620,0.126156,-0.084088,0.193820,0.210257,0.011702,0.103982,0.200891
0.014565,0.227325,0.067317,-0.031492,-0.101056,0.057666,-0.010187,-0.156300,-0.004106,0.006481,0.008602,0.006255,-0.018047,-0.087442,0.058708,-0.017646,-0.102640,0.046968,0.004711,0.029350,0.039037,-0.014120,0.469640,0.074716,0.093977,0.245948,-0.004148,0.061716,0.222294,-0.053668,-0.012159,0.200255,-0.162843,-0.120450,0.189247,0.155441,-0.101802,0.205154,0.244782,0.003064,0.119804,0.231786
0.016366,0.225852,0.074138,-0.029530,-0.117512,0.064079,-0.011964,-0.151690,-0.000202,0.011833,0.009063,0.009522,-0.018981,-0.105783,0.064634,-0.012690,-0.085820,0.042550,0.006252,0.031357,0.035491,-0.013468,0.508544,0.093579,0.087168,0.245363,0.004147,0.065732,0.241765,-0.038831,-0.019864,0.217608,-0.131697,-0.125389,0.191576,0.185378,-0.119470,0.223940,0.276976,-0.005786,0.150267,0.259994
0.018908,0.217028,0.081705,-0.026349,-0.136200,0.071314,-0.013523,-0.145931,0.006469,0.016734,0.008287,0.015431,-0.022353,-0.128125,0.070719,-0.008586,-0.058948,0.038105,0.003034,0.031972,0.032585,-0.012599,0.545332,0.109032,0.076933,0.236414,0.008022,0.069461,0.258013,-0.026513,-0.029209,0.230370,-0.093279,-0.127521,0.187754,0.213106,-0.137935,0.238389,0.302497,-0.016538,0.183233,0.282233
0.022609,0.201824,0.095816,-0.023920,-0.152587,0.084828,-0.012822,-0.149226,0.015488,0.020049,0.004551,0.024209,-0.031243,-0.149206,0.082118,-0.010198,-0.027486,0.041877,-0.010918,0.032023,0.038169,-0.012592,0.568006,0.118385,0.062711,0.207329,0.004793,0.072436,0.259499,-0.019488,-0.039455,0.226919,-0.052119,-0.126691,0.165725,0.235969,-0.157562,0.236228,0.317419,-0.030473,0.205055,0.295221
0.030756,0.179693,0.108190,-0.020337,-0.179434,0.095964,-0.015942,-0.135914,0.019110,0.025811,0.000562,0.026350,-0.040199,-0.199092,0.090473,-0.004891,0.024877,0.034629,-0.024909,0.032337,0.033960,-0.009495,0.604776,0.133441,0.049224,0.186520,0.006281,0.079364,0.274920,-0.006382,-0.044174,0.236587,0.000289,-0.118355,0.153548,0.265721,-0.174041,0.245091,0.332751,-0.044278,0.241352,0.310136
0.039151,0.161715,0.112602,-0.017152,-0.203287,0.098902,-0.020960,-0.112661,0.015200,0.031481,-0.001637,0.020441,-0.044340,-0.252865,0.091299,0.005089,0.071944,0.019658,-0.031525,0.032696,0.021745,-0.005482,0.637237,0.146622,0.035213,0.155607,0.004827,0.088701,0.286031,0.004293,-0.042924,0.242466,0.052248,-0.104698,0.132653,0.294794,-0.189505,0.245990,0.340772,-0.061254,0.271077,0.318690
0.051965,0.142529,0.123144,-0.013464,-0.247372,0.106793,-0.029808,-0.086080,0.014104,0.035893,-0.006157,0.016983,-0.058593,-0.335811,0.094435,0.012939,0.160305,0.006027,-0.049915,0.031519,0.013475,-0.000425,0.685004,0.154897,0.021492,0.133963,-0.002859,0.100782,0.312169,0.008116,-0.033217,0.265770,0.096542,-0.086006,0.122600,0.320113,-0.203984,0.258064,0.338688,-0.082815,0.311703,0.316837
0.066464,0.126735,0.139626,-0.007835,-0.306463,0.120068,-0.041366,-0.050701,0.017669,0.040640,-0.007952,0.017798,-0.075276,-0.429027,0.101641,0.021163,0.259134,-0.005877,-0.067137,0.030484,0.007617,0.004836,0.740140,0.161800,0.007499,0.113085,-0.013357,0.114656,0.344779,0.007528,-0.014086,0.300083,0.133405,-0.063959,0.115679,0.345087,-0.218751,0.273032,0.329897,-0.111612,0.353861,0.306551
0.079776,0.118902,0.161782,0.001175,-0.375245,0.138851,-0.054393,-0.000953,0.027449,0.047442,-0.001850,0.024428,-0.086760,-0.513584,0.114343,0.032630,0.337531,-0.016017,-0.069917,0.031164,0.002284,0.009402,0.794678,0.170886,-0.008226,0.084314,-0.023291,0.128782,0.375219,0.005331,0.014350,0.338624,0.164630,-0.039665,0.104445,0.373048,-0.234408,0.282590,0.317359,-0.149253,0.388858,0.289223
0.093165,0.113066,0.185474,0.017064,-0.479327,0.158976,-0.074154,0.079892,0.039452,0.056557,0.006389,0.031446,-0.101032,-0.611999,0.126202,0.044488,0.412444,-0.033374,-0.067539,0.030897,-0.010374,0.017385,0.867759,0.183123,-0.022563,0.066254,-0.031631,0.146549,0.421893,0.002841,0.055555,0.400898,0.191439,-0.009023,0.108989,0.404592,-0.246438,0.305979,0.300605,-0.191264,0.436142,0.263289
0.099878,0.112097,0.198884,0.033027,-0.566756,0.169565,-0.089215,0.151326,0.046633,0.065020,0.012586,0.034373,-0.109580,-0.675277,0.129604,0.052888,0.446136,-0.050794,-0.059091,0.029497,-0.025549,0.023426,0.922653,0.192509,-0.042337,0.022321,-0.044057,0.161669,0.447399,-0.004441,0.101727,0.449331,0.210145,0.022832,0.093658,0.433349,-0.259920,0.307333,0.272500,-0.241369,0.460417,0.221095
0.098902,0.126277,0.213959,0.045838,-0.663270,0.181417,-0.108941,0.224945,0.053049,0.058521,0.028462,0.037371,-0.112332,-0.718372,0.136848,0.064536,0.468815,-0.063119,-0.036736,0.035897,-0.036787,0.031367,1.011892,0.197339,-0.065754,0.006297,-0.061675,0.176718,0.503839,-0.015665,0.152603,0.534287,0.222891,0.059872,0.111516,0.457224,-0.271678,0.340912,0.231974,-0.293597,0.516521,0.162022
0.093109,0.150501,0.224920,0.056593,-0.743905,0.189403,-0.122827,0.278508,0.054977,0.049604,0.045236,0.037367,-0.109692,-0.748687,0.142025,0.076470,0.473392,-0.067699,-0.010550,0.041270,-0.041410,0.038066,1.103747,0.201577,-0.097464,-0.011323,-0.079538,0.187837,0.559281,-0.022719,0.199959,0.620736,0.239064,0.097849,0.130317,0.480398,-0.287040,0.377317,0.185589,-0.349285,0.575405,0.094157
0.085355,0.179852,0.225673,0.066201,-0.783538,0.188203,-0.120255,0.289807,0.048599,0.050892,0.054140,0.031110,-0.101648,-0.773533,0.138684,0.085748,0.452874,-0.062395,0.009500,0.036851,-0.037228,0.040884,1.166461,0.209197,-0.141875,-0.059257,-0.092640,0.191428,0.582160,-0.017652,0.236528,0.673103,0.268131,0.133451,0.116477,0.506997,-0.311545,0.387040,0.142744,-0.410115,0.607875,0.029482
0.076127,0.230825,0.214228,0.075243,-0.820630,0.174371,-0.119470,0.292641,0.043678,0.042453,0.059439,0.026787,-0.095240,-0.804760,0.121980,0.091456,0.428530,-0.063457,0.026264,0.031475,-0.039639,0.043783,1.253295,0.198458,-0.195476,-0.080866,-0.121787,0.191483,0.626063,-0.018347,0.263106,0.741142,0.294197,0.169256,0.121048,0.515932,-0.344038,0.425308,0.087294,-0.471801,0.669907,-0.045449
0.069971,0.277807,0.196332,0.081397,-0.836781,0.153460,-0.117959,0.285566,0.041040,0.031473,0.058528,0.025010,-0.091007,-0.827151,0.097499,0.094592,0.412077,-0.072483,0.035104,0.027389,-0.049700,0.042959,1.320621,0.175334,-0.260170,-0.116428,-0.160547,0.185375,0.648150,-0.016891,0.275697,0.779234,0.327759,0.202080,0.099084,0.513344,-0.388944,0.449973,0.029789,-0.537496,0.720753,-0.117970
0.064592,0.337839,0.171364,0.095176,-0.854076,0.126911,-0.114797,0.284044,0.045336,0.020749,0.056790,0.029894,-0.082333,-0.865683,0.065559,0.091351,0.387325,-0.057917,0.039778,0.019979,-0.036432,0.036472,1.379626,0.162730,-0.334853,-0.151461,-0.185560,0.173084,0.661185,0.009388,0.274753,0.799106,0.393894,0.231720,0.062254,0.521924,-0.446988,0.473826,-0.004621,-0.608051,0.774977,-0.162235
0.061962,0.400943,0.139149,0.110400,-0.863367,0.093075,-0.112981,0.287273,0.049569,0.014766,0.054759,0.034291,-0.068853,-0.907531,0.026440,0.087155,0.361687,-0.038718,0.043994,0.017298,-0.018867,0.026171,1.429247,0.146436,-0.412177,-0.184282,-0.211526,0.159865,0.667056,0.043931,0.266687,0.803563,0.477272,0.263221,0.012114,0.526794,-0.512574,0.497568,-0.031835,-0.678832,0.834446,-0.195432
0.064536,0.457049,0.099262,0.120298,-0.855672,0.049705,-0.115969,0.294142,0.046241,0.017687,0.052841,0.030538,-0.051077,-0.939977,-0.019981,0.086908,0.342417,-0.034185,0.051300,0.027304,-0.016275,0.014117,1.468459,0.111963,-0.485081,-0.214417,-0.252934,0.151198,0.668336,0.068039,0.259687,0.798145,0.558000,0.302382,-0.047880,0.512361,-0.579776,0.522719,-0.069630,-0.745954,0.900572,-0.238145
0.067938,0.529664,0.055370,0.135780,-0.855491,0.002637,-0.116667,0.290482,0.045521,0.026646,0.046883,0.029579,-0.025022,-0.984227,-0.069212,0.085748,0.324440,-0.013487,0.057861,0.041626,0.002337,-0.008029,1.505970,0.060829,-0.557750,-0.233408,-0.308968,0.141473,0.677062,0.078091,0.251654,0.799918,0.629292,0.342372,-0.103860,0.479369,-0.653960,0.560790,-0.120560,-0.818358,0.983575,-0.297028
0.070584,0.582422,0.029379,0.149846,-0.862905,-0.025928,-0.113693,0.278279,0.045952,0.038222,0.040060,0.030164,-0.002392,-1.018078,-0.099613,0.084635,0.316864,0.009990,0.060727,0.053238,0.024504,-0.030330,1.522964,0.019433,-0.618693,-0.261914,-0.353731,0.141367,0.676910,0.094732,0.259136,0.799278,0.707660,0.391993,-0.170648,0.453344,-0.724084,0.594088,-0.159365,-0.891478,1.064195,-0.350664
0.083177,0.622660,0.007523,0.155940,-0.885148,-0.057493,-0.121518,0.288184,0.029416,0.047695,0.041506,0.012892,0.017933,-1.052614,-0.130581,0.076909,0.309425,0.034158,0.063242,0.060172,0.047669,-0.059747,1.495372,-0.026061,-0.677205,-0.326284,-0.400913,0.141295,0.645422,0.099522,0.279370,0.781350,0.771127,0.438112,-0.270897,0.421703,-0.797815,0.596405,-0.198125,-0.981082,1.115375,-0.414017
0.095102,0.657821,-0.006356,0.163791,-0.927010,-0.081679,-0.133580,0.319226,0.013174,0.055287,0.050110,-0.004752,0.030698,-1.095256,-0.157277,0.065726,0.310449,0.050675,0.057891,0.061719,0.063965,-0.084814,1.447632,-0.061519,-0.725094,-0.404404,-0.436845,0.149001,0.607971,0.102140,0.326993,0.776881,0.826963,0.486980,-0.380919,0.398105,-0.863875,0.585635,-0.220334,-1.084233,1.155020,-0.470130
0.096127,0.695373,-0.007868,0.182185,-0.993378,-0.087106,-0.144013,0.370631,0.014959,0.060339,0.064866,-0.004768,0.030115,-1.153306,-0.175184,0.053261,0.328422,0.051212,0.036529,0.057360,0.065584,-0.092005,1.404226,-0.074104,-0.754707,-0.473398,-0.448385,0.172608,0.588114,0.113689,0.412220,0.810538,0.884589,0.544940,-0.477574,0.397096,-0.909792,0.579720,-0.214259,-1.191097,1.200958,-0.504439
0.093649,0.741823,-0.007961,0.198989,-1.073362,-0.091661,-0.163345,0.440244,0.018533,0.051943,0.085640,-0.003244,0.026315,-1.213252,-0.193279,0.044758,0.366586,0.039027,0.023499,0.050720,0.055702,-0.088973,1.355994,-0.084147,-0.776826,-0.544705,-0.456854,0.201928,0.573532,0.112864,0.520847,0.863832,0.920343,0.602738,-0.570249,0.396899,-0.944009,0.565002,-0.205645,-1.305611,1.237427,-0.536334
0.088992,0.773980,-0.006551,0.205196,-1.126861,-0.095457,-0.182814,0.493340,0.018727,0.033437,0.102136,-0.004161,0.021554,-1.244628,-0.206854,0.041229,0.406617,0.014387,0.022281,0.045886,0.033410,-0.077035,1.327289,-0.086414,-0.794882,-0.596404,-0.457416,0.235139,0.584116,0.106731,0.639146,0.944336,0.937418,0.658823,-0.635119,0.403115,-0.970467,0.565491,-0.196533,-1.417697,1.282876,-0.560813
0.078856,0.842524,0.000351,0.221921,-1.211527,-0.090568,-0.196576,0.539493,0.026127,0.029045,0.107349,0.001772,0.029875,-1.313259,-0.210716,0.049381,0.451212,0.007211,0.020995,0.052879,0.028234,-0.060231,1.262288,-0.083608,-0.812192,-0.686424,-0.454932,0.270293,0.559808,0.095579,0.747955,0.975682,0.931730,0.711253,-0.731156,0.413441,-0.997215,0.526868,-0.195744,-1.515546,1.274653,-0.580134
0.070039,0.914484,0.006630,0.239584,-1.298751,-0.086179,-0.209415,0.581434,0.033230,0.030611,0.105333,0.007264,0.042782,-1.387474,-0.213694,0.059017,0.490198,0.004935,0.018914,0.061966,0.027630,-0.041738,1.188998,-0.074792,-0.830012,-0.788069,-0.447994,0.307732,0.525014,0.083285,0.832819,0.968086,0.902956,0.760920,-0.836527,0.430070,-1.032453,0.478327,-0.202361,-1.589148,1.233586,-0.588892
0.069072,0.957017,0.005697,0.249449,-1.359721,-0.091965,-0.226467,0.621800,0.032133,0.029904,0.100123,0.004613,0.052890,-1.435170,-0.225474,0.060183,0.513741,-0.005377,0.015687,0.063759,0.018464,-0.024196,1.135680,-0.058676,-0.846121,-0.872684,-0.437165,0.347326,0.504128,0.072892,0.884305,0.938689,0.855301,0.809580,-0.931108,0.456785,-1.081776,0.447397,-0.215542,-1.633946,1.183731,-0.586445
0.066581,0.999130,0.012377,0.266410,-1.443239,-0.086482,-0.239677,0.674278,0.035553,0.035849,0.084089,0.005834,0.062732,-1.506023,-0.230993,0.068244,0.559447,-0.015884,0.007320,0.059994,0.010653,-0.008088,1.093137,-0.043918,-0.856518,-0.946676,-0.428902,0.388989,0.484165,0.054796,0.906561,0.878299,0.784657,0.863387,-1.031859,0.486862,-1.144322,0.421374,-0.243113,-1.652971,1.116785,-0.584310
0.064027,1.019790,0.023336,0.280100,-1.507609,-0.073888,-0.244413,0.712625,0.038463,0.043495,0.065201,0.007468,0.067793,-1.564118,-0.232378,0.075099,0.605273,-0.029191,-0.005951,0.053411,0.000257,-0.002194,1.082792,-0.036865,-0.864629,-0.983852,-0.428598,0.421631,0.483000,0.020652,0.901247,0.817459,0.694180,0.920065,-1.122413,0.516331,-1.220519,0.416188,-0.297394,-1.661320,1.060499,-0.602663
0.051309,1.054046,0.024491,0.292493,-1.568427,-0.063847,-0.247104,0.751024,0.036357,0.050700,0.031412,0.003975,0.077889,-1.631168,-0.233092,0.085997,0.627375,-0.042101,-0.013009,0.033427,-0.010424,-0.005083,1.084977,-0.034730,-0.862089,-1.004260,-0.431286,0.444737,0.470170,-0.028221,0.884333,0.741220,0.597143,0.985076,-1.216105,0.548337,-1.295213,0.413959,-0.386324,-1.663603,1.012025,-0.658433
0.037488,1.090963,0.022340,0.302621,-1.620067,-0.054934,-0.251128,0.779867,0.037448,0.053472,-0.009288,0.004196,0.088660,-1.690751,-0.233349,0.095897,0.643666,-0.053509,-0.017541,0.016053,-0.020054,-0.015162,1.098638,-0.037344,-0.834042,-1.023970,-0.436843,0.461568,0.416766,-0.089320,0.869724,0.631315,0.504860,1.056394,-1.286037,0.579159,-1.348445,0.432461,-0.524703,-1.657230,1.002216,-0.774488
0.031915,1.119500,0.022744,0.310007,-1.656892,-0.046099,-0.260399,0.789349,0.049627,0.047273,-0.049178,0.016455,0.096969,-1.726445,-0.234309,0.099837,0.671972,-0.062720,-0.023055,0.017249,-0.028044,-0.030997,1.122653,-0.044465,-0.769039,-1.062308,-0.443423,0.474870,0.295642,-0.154837,0.862956,0.464106,0.427900,1.121405,-1.297903,0.602252,-1.350196,0.487051,-0.719951,-1.620344,1.052558,-0.962640
0.025274,1.162351,0.020436,0.322767,-1.702412,-0.034406,-0.270478,0.797428,0.067773,0.041250,-0.086639,0.035038,0.107396,-1.774414,-0.235829,0.102904,0.687767,-0.069924,-0.027233,0.005712,-0.034043,-0.059433,1.157584,-0.055442,-0.684286,-1.111074,-0.445911,0.471045,0.123676,-0.214458,0.848312,0.255699,0.374363,1.153691,-1.245927,0.613459,-1.265639,0.554062,-0.958880,-1.512483,1.135529,-1.208574
0.020895,1.198129,0.016526,0.330533,-1.734252,-0.025203,-0.281604,0.799475,0.080655,0.033408,-0.103471,0.049336,0.114090,-1.810303,-0.240584,0.098544,0.683914,-0.079654,-0.033189,-0.012030,-0.043309,-0.086984,1.186053,-0.063471,-0.592272,-1.157576,-0.434094,0.452533,-0.065452,-0.255056,0.822986,0.036702,0.351799,1.154944,-1.179021,0.618629,-1.053542,0.565202,-1.199148,-1.277681,1.171473,-1.464325
0.011083,1.244829,0.018906,0.328111,-1.755949,-0.011031,-0.289971,0.765061,0.092149,0.020133,-0.127953,0.063480,0.118505,-1.822627,-0.231285,0.110191,0.667032,-0.092729,-0.028419,-0.023579,-0.057058,-0.115376,1.236960,-0.068825,-0.513042,-1.157473,-0.407867,0.413302,-0.210615,-0.274367,0.772376,-0.136914,0.354680,1.128018,-1.099541,0.619612,-0.743086,0.533434,-1.396233,-0.932627,1.161051,-1.679564
0.001483,1.286103,0.023586,0.319086,-1.771142,0.002261,-0.295097,0.719189,0.096125,0.008864,-0.135002,0.070790,0.120210,-1.824467,-0.218262,0.122766,0.634716,-0.104320,-0.023970,-0.033321,-0.070103,-0.139962,1.287930,-0.070523,-0.446964,-1.138380,-0.371040,0.361766,-0.329782,-0.271144,0.695328,-0.287797,0.378142,1.084682,-1.034372,0.617738,-0.404972,0.472122,-1.519527,-0.543452,1.109098,-1.820745
-0.002290,1.305508,0.026230,0.307531,-1.783392,0.009223,-0.297074,0.686688,0.086861,0.006848,-0.099569,0.065147,0.119874,-1.828868,-0.212210,0.120254,0.584698,-0.110296,-0.031856,-0.045626,-0.078555,-0.155681,1.316474,-0.067631,-0.398878,-1.119481,-0.325693,0.305676,-0.430145,-0.246910,0.598096,-0.421252,0.418537,1.008307,-0.976939,0.599389,-0.108749,0.397640,-1.564142,-0.182693,1.027832,-1.884024
-0.003337,1.295248,0.044662,0.292955,-1.796191,0.027857,-0.289728,0.627204,0.084887,0.013981,-0.064954,0.066939,0.121688,-1.818426,-0.185332,0.126100,0.542854,-0.099149,-0.033406,-0.035845,-0.070510,-0.163760,1.317586,-0.055644,-0.387110,-1.081624,-0.274683,0.244967,-0.475668,-0.203678,0.487372,-0.492383,0.478234,0.827435,-0.866349,0.529913,0.117239,0.306918,-1.546647,0.113481,0.915820,-1.889935
-0.000558,1.260494,0.069430,0.277881,-1.803658,0.049944,-0.283247,0.569602,0.089008,0.020663,-0.049124,0.074154,0.123341,-1.798303,-0.152817,0.134391,0.530364,-0.081787,-0.031288,-0.008506,-0.055688,-0.161194,1.290823,-0.039189,-0.423637,-1.000970,-0.230095,0.184608,-0.429045,-0.153685,0.382258,-0.451133,0.552553,0.461136,-0.624718,0.355503,0.279002,0.160460,-1.493660,0.339180,0.742010,-1.870649
-0.012741,1.175350,0.077391,0.248086,-1.792569,0.062211,-0.274209,0.535368,0.073606,0.016462,-0.026095,0.061554,0.107066,-1.764620,-0.133566,0.133860,0.499450,-0.082317,-0.045636,0.014249,-0.059236,-0.125796,1.192964,-0.005767,-0.482371,-0.925387,-0.188729,0.154935,-0.336402,-0.089270,0.325545,-0.333138,0.657365,-0.090461,-0.269156,0.076843,0.397538,-0.128258,-1.386722,0.503017,0.435241,-1.811660
-0.030938,1.076848,0.078815,0.215607,-1.773047,0.074181,-0.268085,0.521442,0.059532,0.005600,-0.010247,0.049931,0.085513,-1.732938,-0.118127,0.132858,0.469015,-0.086852,-0.058995,0.030693,-0.066377,-0.074396,1.079729,0.031105,-0.559814,-0.843545,-0.163075,0.147870,-0.199924,-0.020794,0.319672,-0.134508,0.786539,-0.750969,0.177514,-0.254921,0.422871,-0.504992,-1.195253,0.544121,0.067656,-1.685092
-0.045851,1.002059,0.083309,0.193112,-1.755004,0.096696,-0.269989,0.524939,0.067515,-0.007732,-0.015873,0.059799,0.071786,-1.718919,-0.095681,0.139798,0.457922,-0.080685,-0.053999,0.039031,-0.061629,-0.025447,1.006956,0.059541,-0.642597,-0.759883,-0.161252,0.152333,-0.045980,0.046748,0.354641,0.117552,0.934998,-1.351530,0.606756,-0.534590,0.323039,-0.844829,-0.886152,0.426379,-0.220625,-1.456692
-0.066743,0.904621,0.088605,0.163615,-1.735918,0.122530,-0.260581,0.511879,0.073350,-0.012591,-0.035007,0.067602,0.048738,-1.699590,-0.073555,0.145031,0.439425,-0.076350,-0.057785,0.041343,-0.058668,0.038401,0.905787,0.090759,-0.690492,-0.775657,-0.161318,0.183129,0.002088,0.130027,0.441398,0.293757,1.112993,-1.688716,0.788334,-0.652943,0.158085,-1.120720,-0.468636,0.213263,-0.400472,-1.132378
-0.083199,0.833190,0.091984,0.138300,-1.725724,0.141335,-0.248627,0.488304,0.075946,-0.010209,-0.058400,0.072045,0.028166,-1.684712,-0.062495,0.145567,0.422771,-0.077182,-0.069056,0.036559,-0.060477,0.084892,0.826935,0.108854,-0.723002,-0.823754,-0.171782,0.198598,-0.005749,0.209085,0.524324,0.429573,1.287704,-1.706189,0.707818,-0.611023,-0.008768,-1.231662,-0.066810,-0.018711,-0.387910,-0.827355
-0.091228,0.737685,0.084279,0.113580,-1.688551,0.140832,-0.226645,0.486376,0.059744,0.002801,-0.063994,0.057388,0.013380,-1.660254,-0.063474,0.144242,0.417515,-0.085076,-0.073868,0.031944,-0.068989,0.136583,0.733847,0.128358,-0.708107,-0.898990,-0.173593,0.211379,-0.079033,0.285621,0.590643,0.489069,1.441717,-1.423239,0.392213,-0.453859,-0.070709,-1.241204,0.205173,-0.140316,-0.281392,-0.639820
-0.089715,0.644796,0.076724,0.095952,-1.635395,0.134240,-0.208290,0.490830,0.045439,0.012082,-0.057673,0.044584,0.006300,-1.619277,-0.069164,0.138874,0.419708,-0.092685,-0.077086,0.033168,-0.077185,0.176330,0.643576,0.141417,-0.652098,-0.956191,-0.164694,0.202301,-0.185030,0.336975,0.593203,0.470095,1.528531,-0.983515,0.002663,-0.262471,-0.014197,-1.192179,0.287164,-0.112954,-0.166917,-0.610580
-0.077387,0.581181,0.080507,0.091327,-1.577360,0.135920,-0.206797,0.486370,0.054056,0.003109,-0.045635,0.054319,0.008884,-1.554951,-0.071629,0.128116,0.425313,-0.092425,-0.082800,0.045882,-0.077714,0.186214,0.572872,0.141536,-0.564834,-0.969357,-0.146600,0.162269,-0.300446,0.342528,0.498446,0.361186,1.510868,-0.536795,-0.313981,-0.097707,0.123786,-1.113793,0.213311,0.049544,-0.108224,-0.687908
-0.065283,0.497056,0.077371,0.083696,-1.476288,0.130161,-0.199693,0.477247,0.055795,-0.007990,-0.045040,0.057237,0.010535,-1.467886,-0.078599,0.120917,0.425970,-0.098642,-0.088457,0.057674,-0.084738,0.173928,0.483147,0.134645,-0.448319,-0.966616,-0.110146,0.114238,-0.439177,0.298772,0.326247,0.131711,1.380991,-0.169514,-0.545512,0.025631,0.296596,-1.070306,0.078736,0.310395,-0.186859,-0.772084
-0.059460,0.434465,0.068881,0.074406,-1.382879,0.122056,-0.192900,0.467977,0.053590,-0.017745,-0.056164,0.056186,0.010902,-1.401707,-0.085359,0.122408,0.421201,-0.107319,-0.089996,0.062705,-0.094015,0.145947,0.419683,0.123256,-0.315720,-0.896021,-0.059170,0.079908,-0.525447,0.204971,0.111523,-0.138937,1.150429,0.081419,-0.659553,0.105082,0.442765,-1.017318,-0.042054,0.602423,-0.352301,-0.797452
-0.046952,0.392497,0.071002,0.073190,-1.259729,0.125974,-0.191447,0.448012,0.069066,-0.021890,-0.062621,0.072493,0.019378,-1.299624,-0.073018,0.117115,0.421572,-0.093317,-0.090694,0.059632,-0.080255,0.095719,0.370308,0.109963,-0.188946,-0.786347,0.004788,0.059738,-0.570659,0.073470,-0.125049,-0.443590,0.849638,0.209663,-0.692863,0.149666,0.498848,-0.935660,-0.111254,0.845756,-0.564879,-0.744958
-0.034490,0.363768,0.071060,0.074119,-1.138407,0.130597,-0.190572,0.432174,0.084248,-0.025714,-0.058490,0.088337,0.029220,-1.192076,-0.055415,0.111571,0.422019,-0.073864,-0.091430,0.059293,-0.061135,0.037172,0.338337,0.094825,-0.057584,-0.662527,0.079725,0.060749,-0.598980,-0.078037,-0.359135,-0.787794,0.511790,0.263052,-0.664617,0.171962,0.457470,-0.783610,-0.129510,1.014354,-0.758724,-0.631867
-0.028660,0.340936,0.056675,0.072360,-1.050381,0.124034,-0.185250,0.435459,0.081711,-0.033989,-0.037753,0.086497,0.034409,-1.109422,-0.046660,0.112390,0.417569,-0.065535,-0.092518,0.072601,-0.053473,-0.015193,0.327273,0.077755,0.093979,-0.531246,0.166205,0.076139,-0.628169,-0.228344,-0.585384,-1.170579,0.167254,0.311557,-0.611187,0.193854,0.353206,-0.550040,-0.114383,1.127820,-0.904164,-0.486090
-0.019222,0.331076,0.040837,0.074065,-0.939399,0.118257,-0.165975,0.426245,0.080098,-0.024770,-0.014752,0.085130,0.042320,-1.005437,-0.034417,0.110803,0.404565,-0.052474,-0.088226,0.090725,-0.041454,-0.102822,0.327594,0.059937,0.222040,-0.391026,0.261482,0.038288,-0.667421,-0.359064,-0.856397,-1.577242,-0.155797,0.381157,-0.601107,0.243113,0.192794,-0.265540,-0.093601,1.176015,-1.009059,-0.342837
-0.010958,0.339156,0.031355,0.077025,-0.860996,0.116667,-0.144588,0.408950,0.081098,-0.004497,-0.000959,0.086137,0.049397,-0.932117,-0.024713,0.108464,0.389466,-0.041994,-0.079984,0.104623,-0.031944,-0.181864,0.339402,0.050568,0.360656,-0.236529,0.366393,-0.027154,-0.710914,-0.447634,-1.125201,-1.964693,-0.419235,0.578889,-0.681873,0.358464,0.073347,0.053615,-0.086193,1.233535,-1.052466,-0.231676
0.004818,0.308936,0.011313,0.082948,-0.732415,0.107339,-0.119003,0.378657,0.078075,0.004883,0.013380,0.082767,0.060041,-0.809155,-0.010255,0.093737,0.368780,-0.024499,-0.065715,0.109225,-0.015553,-0.264786,0.310642,0.031292,0.480204,-0.134147,0.452178,-0.134429,-0.810839,-0.501972,-1.381883,-2.339484,-0.609160,0.920387,-0.908500,0.546558,0.019276,0.357061,-0.122305,1.299511,-1.036704,-0.195111
0.020399,0.277029,-0.010057,0.087186,-0.592677,0.091512,-0.094488,0.348810,0.068779,0.013018,0.026807,0.073034,0.068501,-0.672984,-0.002224,0.075209,0.342996,-0.013370,-0.052866,0.119123,-0.005804,-0.340816,0.280251,0.014461,0.570996,-0.062714,0.518105,-0.258972,-0.919992,-0.508604,-1.584374,-2.618158,-0.696829,1.370057,-1.188136,0.816893,0.043923,0.680877,-0.170807,1.371369,-0.886305,-0.214904
0.028272,0.280165,-0.023490,0.085408,-0.480657,0.069657,-0.076156,0.333005,0.051197,0.029836,0.038060,0.054975,0.069703,-0.559824,-0.012408,0.061553,0.312866,-0.021865,-0.048515,0.149085,-0.015826,-0.398855,0.287686,0.011683,0.625932,0.016464,0.567475,-0.368752,-0.975129,-0.460903,-1.699989,-2.725633,-0.673721,1.801040,-1.380269,1.137340,0.120846,1.032246,-0.180059,1.423317,-0.585753,-0.236155
0.039276,0.261486,-0.028793,0.084028,-0.328719,0.054556,-0.065084,0.301115,0.043670,0.034978,0.044716,0.046845,0.072007,-0.411942,-0.011015,0.042690,0.273434,-0.017571,-0.039636,0.153436,-0.012967,-0.449065,0.263771,0.010172,0.627879,0.049786,0.583865,-0.455280,-1.013294,-0.386988,-1.733996,-2.715468,-0.584627,2.029064,-1.449967,1.400506,0.185541,1.281825,-0.146542,1.407785,-0.287339,-0.243945
0.048042,0.230297,-0.023407,0.082936,-0.212966,0.053617,-0.067920,0.268862,0.049967,0.024864,0.043278,0.052644,0.073689,-0.303387,0.000968,0.027569,0.244270,-0.003445,-0.031177,0.129910,0.000543,-0.466201,0.221343,0.011780,0.608722,0.066483,0.572753,-0.484268,-1.004802,-0.301162,-1.673415,-2.590259,-0.464001,1.972190,-1.340935,1.507981,0.239318,1.378692,-0.112855,1.347470,-0.081387,-0.262383
0.041474,0.217894,-0.043590,0.066993,-0.077677,0.026331,-0.046601,0.227245,0.026271,0.033201,0.047140,0.028261,0.060045,-0.166008,-0.010782,0.005073,0.192200,-0.012476,-0.031839,0.131359,-0.010092,-0.482352,0.220301,0.000762,0.553361,0.124333,0.528824,-0.488701,-0.904918,-0.232972,-1.570413,-2.337167,-0.359431,1.629466,-1.047694,1.403657,0.275978,1.353119,-0.165561,1.253156,0.028521,-0.364108
0.028491,0.217626,-0.068150,0.046189,0.046528,-0.006119,-0.024975,0.181546,-0.003641,0.043892,0.052199,-0.002391,0.041307,-0.036627,-0.026628,-0.012427,0.130666,-0.025828,-0.029807,0.133050,-0.025282,-0.485215,0.232964,-0.012042,0.494983,0.175187,0.476592,-0.463236,-0.783997,-0.178635,-1.432088,-2.049228,-0.276031,1.157890,-0.713301,1.150486,0.344733,1.199918,-0.315027,1.184883,0.020575,-0.553525
0.018387,0.222900,-0.076173,0.030874,0.129155,-0.022973,-0.026295,0.137101,-0.016361,0.041336,0.054299,-0.015907,0.027883,0.048051,-0.027205,-0.012219,0.073252,-0.025037,-0.012866,0.110393,-0.025762,-0.462227,0.231906,-0.015439,0.462726,0.172226,0.438406,-0.404065,-0.709445,-0.128075,-1.262362,-1.805716,-0.204213,0.729957,-0.463695,0.865298,0.457378,0.949230,-0.488743,1.160763,-0.079506,-0.757533
0.000827,0.236619,-0.081303,0.008448,0.220310,-0.036361,-0.018995,0.070124,-0.026062,0.037008,0.057060,-0.026622,0.006829,0.155326,-0.024774,-0.016574,0.002609,-0.020757,-0.003162,0.077903,-0.022801,-0.442365,0.246931,-0.015968,0.434351,0.149394,0.411990,-0.345033,-0.657905,-0.087527,-1.098649,-1.589724,-0.147983,0.409961,-0.294035,0.629216,0.541595,0.696212,-0.593024,1.115672,-0.178497,-0.883386
-0.015318,0.251863,-0.081067,-0.009834,0.274298,-0.039755,-0.006780,0.013969,-0.027945,0.033026,0.058961,-0.029260,-0.011329,0.231488,-0.020733,-0.023319,-0.046042,-0.015474,-0.005586,0.051724,-0.018176,-0.435324,0.271917,-0.012521,0.397900,0.128130,0.395097,-0.296949,-0.605984,-0.056229,-0.954164,-1.382276,-0.104366,0.198690,-0.172306,0.474036,0.540482,0.488224,-0.561300,0.999993,-0.236298,-0.864855
-0.036932,0.252387,-0.105560,-0.035462,0.363279,-0.067374,-0.003256,-0.032998,-0.052448,0.020965,0.067497,-0.054516,-0.034845,0.342324,-0.017428,-0.033468,-0.109405,-0.010607,0.004382,0.035319,-0.015131,-0.410922,0.269030,-0.024071,0.377892,0.101419,0.361880,-0.229249,-0.553220,-0.053411,-0.799878,-1.187605,-0.091408,0.090547,-0.083805,0.366849,0.468642,0.321588,-0.419311,0.833336,-0.267388,-0.727750
-0.057372,0.248763,-0.132252,-0.059154,0.445936,-0.095288,-0.001305,-0.077782,-0.076995,0.010877,0.071834,-0.079788,-0.056122,0.443872,-0.016528,-0.044996,-0.172924,-0.008432,0.018178,0.021779,-0.015108,-0.383827,0.259546,-0.039433,0.355920,0.104237,0.318763,-0.157504,-0.460874,-0.065726,-0.651720,-0.971530,-0.095132,0.031540,0.020405,0.292672,0.335018,0.230445,-0.216572,0.625521,-0.245771,-0.521713
-0.069368,0.251499,-0.139150,-0.071136,0.480854,-0.100065,0.006413,-0.127636,-0.079379,0.013153,0.060859,-0.082902,-0.067665,0.492188,-0.020133,-0.055900,-0.222042,-0.011480,0.027173,0.004110,-0.019745,-0.368329,0.264850,-0.047961,0.316963,0.149464,0.276287,-0.099797,-0.318111,-0.078575,-0.527335,-0.724799,-0.101302,-0.015917,0.156533,0.243448,0.169410,0.227854,-0.011150,0.403144,-0.159473,-0.305983
-0.084981,0.258521,-0.148392,-0.086620,0.523165,-0.107452,0.014390,-0.178274,-0.084365,0.011196,0.062557,-0.088854,-0.081070,0.555379,-0.007716,-0.064716,-0.276117,0.001015,0.046173,0.000840,-0.009633,-0.352937,0.273876,-0.064076,0.273745,0.208125,0.222443,-0.048947,-0.160248,-0.101012,-0.417701,-0.480540,-0.118219,-0.048749,0.292388,0.195939,0.021511,0.278560,0.138783,0.210752,-0.038599,-0.140298
-0.096429,0.266403,-0.155360,-0.097422,0.551878,-0.113912,0.018647,-0.204215,-0.089091,0.006102,0.076226,-0.094387,-0.088181,0.602102,0.014241,-0.065813,-0.307877,0.021957,0.066921,0.013863,0.009258,-0.345172,0.283005,-0.078923,0.219542,0.261036,0.169012,-0.015912,-0.012074,-0.120112,-0.331331,-0.258127,-0.132638,-0.077575,0.404828,0.155265,-0.098129,0.349227,0.231197,0.053643,0.091318,-0.028709
-0.111431,0.251167,-0.168598,-0.112436,0.572753,-0.128855,0.023225,-0.251857,-0.102149,0.004233,0.053821,-0.108092,-0.100289,0.636917,0.008566,-0.077390,-0.363867,0.015637,0.073156,0.008066,0.000865,-0.308719,0.260506,-0.096285,0.190735,0.268249,0.114407,0.033716,0.083014,-0.137534,-0.231533,-0.094972,-0.146597,-0.069195,0.453588,0.115463,-0.154020,0.383968,0.273068,-0.036943,0.181131,0.033847
-0.124856,0.229824,-0.179989,-0.125020,0.581646,-0.139958,0.023880,-0.291927,-0.111374,-0.001216,0.032680,-0.117905,-0.110878,0.658947,-0.001635,-0.091548,-0.414168,0.004886,0.076138,-0.000090,-0.011819,-0.264328,0.234550,-0.112973,0.166953,0.256169,0.062643,0.078557,0.148817,-0.150067,-0.138037,0.036636,-0.157357,-0.047948,0.469346,0.077573,-0.176538,0.398522,0.285257,-0.094323,0.250251,0.066986
-0.131342,0.219498,-0.181811,-0.128200,0.574614,-0.135186,0.016628,-0.294848,-0.104649,-0.016650,0.050454,-0.111850,-0.112416,0.667664,0.006291,-0.099904,-0.428491,0.012380,0.087844,0.006161,-0.006010,-0.232554,0.233635,-0.125991,0.128458,0.254192,0.017657,0.098278,0.213147,-0.155881,-0.070578,0.165947,-0.164125,-0.037593,0.487640,0.043607,-0.196552,0.417494,0.286690,-0.150539,0.324354,0.088931
-0.143651,0.196983,-0.179956,-0.136270,0.562171,-0.123283,0.011649,-0.307652,-0.091903,-0.029390,0.053863,-0.099749,-0.120819,0.669723,0.008902,-0.111605,-0.446841,0.014199,0.087032,-0.002216,-0.005284,-0.195630,0.207996,-0.133917,0.094704,0.215627,-0.018789,0.111827,0.228049,-0.155122,-0.010472,0.244263,-0.167011,-0.022364,0.465856,0.014256,-0.202883,0.392178,0.288750,-0.194090,0.353668,0.110926
-0.155606,0.173575,-0.175231,-0.144227,0.550671,-0.110628,0.011492,-0.323974,-0.079135,-0.032689,0.041168,-0.087497,-0.130256,0.664346,0.004232,-0.119346,-0.459844,0.007942,0.075516,-0.020839,-0.011670,-0.171865,0.170823,-0.132303,0.049550,0.157165,-0.042127,0.102879,0.209978,-0.144594,0.024895,0.286255,-0.161808,-0.021328,0.421985,-0.006103,-0.216549,0.338380,0.300207,-0.244549,0.352303,0.141519
-0.168666,0.150022,-0.171586,-0.153104,0.508476,-0.100490,0.010416,-0.329442,-0.072367,-0.039135,0.030357,-0.080967,-0.137947,0.643181,0.014886,-0.127508,-0.467835,0.017605,0.062306,-0.035224,-0.002081,-0.150481,0.149492,-0.134544,0.005779,0.110072,-0.065763,0.084687,0.190868,-0.138082,0.047341,0.321794,-0.160593,-0.023751,0.386613,-0.030421,-0.227478,0.287655,0.307559,-0.289716,0.350145,0.166758
-0.178285,0.125665,-0.167499,-0.159248,0.458988,-0.092490,0.010391,-0.326651,-0.069096,-0.043166,0.019804,-0.077704,-0.142165,0.610327,0.025153,-0.132561,-0.467728,0.026959,0.051035,-0.047994,0.007459,-0.131493,0.135640,-0.134580,-0.035238,0.069955,-0.084219,0.059649,0.167817,-0.129804,0.057945,0.346474,-0.155999,-0.028857,0.354134,-0.051992,-0.235242,0.237929,0.314190,-0.327473,0.343745,0.189334
-0.179766,0.099803,-0.161589,-0.158724,0.425561,-0.086763,0.013579,-0.318175,-0.066833,-0.039037,0.007751,-0.075293,-0.142064,0.569750,0.019096,-0.131187,-0.456672,0.019867,0.044917,-0.062063,0.000976,-0.114866,0.120919,-0.126283,-0.072967,0.032393,-0.092260,0.029829,0.138402,-0.113979,0.058036,0.357378,-0.141735,-0.035370,0.319205,-0.063637,-0.239960,0.188661,0.322937,-0.357227,0.331598,0.211352
-0.180922,0.063416,-0.152015,-0.157355,0.377075,-0.075173,0.015172,-0.308395,-0.059879,-0.035301,-0.003284,-0.068139,-0.141000,0.525518,0.021921,-0.125620,-0.434114,0.020945,0.031278,-0.071566,0.003458,-0.105311,0.076512,-0.117136,-0.111935,-0.027160,-0.098420,-0.007728,0.080050,-0.098982,0.044550,0.332343,-0.127348,-0.046876,0.256023,-0.072095,-0.247834,0.118812,0.323837,-0.385698,0.291666,0.222051
-0.181165,0.034665,-0.143480,-0.155025,0.337840,-0.064052,0.014686,-0.302233,-0.051735,-0.033243,-0.007731,-0.060056,-0.137594,0.500119,0.031116,-0.116923,-0.410915,0.028281,0.018620,-0.071340,0.012079,-0.107673,0.024622,-0.111520,-0.156291,-0.082095,-0.108042,-0.056164,0.020675,-0.090720,0.014482,0.300088,-0.121101,-0.067678,0.188796,-0.081517,-0.265691,0.054831,0.312279,-0.421112,0.249189,0.216194
-0.182966,0.003979,-0.131934,-0.156101,0.269265,-0.054275,0.015487,-0.292745,-0.049601,-0.025799,-0.038339,-0.057047,-0.139416,0.445642,0.030361,-0.113474,-0.387896,0.025731,-0.002744,-0.082899,0.011367,-0.089453,-0.009204,-0.098643,-0.171931,-0.104049,-0.110601,-0.081756,-0.011570,-0.079978,0.001318,0.289089,-0.116399,-0.065574,0.144123,-0.081465,-0.262841,0.021725,0.301296,-0.434113,0.227684,0.206078
-0.183126,-0.027459,-0.115830,-0.156641,0.204642,-0.042372,0.014522,-0.271512,-0.045794,-0.021401,-0.068380,-0.051866,-0.141426,0.383584,0.029273,-0.110408,-0.359767,0.022839,-0.018519,-0.089541,0.010131,-0.068049,-0.038465,-0.081935,-0.173965,-0.107186,-0.108595,-0.101569,-0.032817,-0.071235,-0.012914,0.282427,-0.119696,-0.058683,0.109112,-0.076177,-0.256410,0.001660,0.291778,-0.442379,0.208004,0.191908
-0.178310,-0.058737,-0.093528,-0.152478,0.176955,-0.025279,0.008909,-0.230324,-0.032603,-0.028226,-0.071345,-0.037290,-0.138357,0.335365,0.037287,-0.102520,-0.321190,0.029301,-0.014110,-0.074612,0.017331,-0.060983,-0.076777,-0.064452,-0.177535,-0.108792,-0.103437,-0.133241,-0.062876,-0.067589,-0.047358,0.258767,-0.133946,-0.065393,0.069978,-0.069377,-0.262127,-0.025948,0.285170,-0.460929,0.168958,0.174675
-0.169421,-0.093561,-0.067792,-0.145419,0.132647,-0.007143,0.003406,-0.198422,-0.018359,-0.036229,-0.088139,-0.021429,-0.135178,0.272594,0.036480,-0.092327,-0.273876,0.026283,-0.018534,-0.066602,0.016081,-0.053478,-0.109367,-0.046282,-0.166493,-0.098582,-0.093499,-0.161815,-0.092782,-0.068249,-0.088267,0.225591,-0.156271,-0.071412,0.040375,-0.061676,-0.262584,-0.052346,0.284540,-0.470409,0.119914,0.157315
-0.160908,-0.114596,-0.051586,-0.138761,0.093908,0.002557,0.000853,-0.191797,-0.010491,-0.041229,-0.110395,-0.012611,-0.132922,0.226667,0.026426,-0.084344,-0.241531,0.014423,-0.029040,-0.069569,0.006027,-0.049240,-0.120014,-0.036542,-0.145128,-0.064163,-0.087167,-0.190548,-0.109219,-0.080944,-0.139338,0.195882,-0.190316,-0.080723,0.035552,-0.062431,-0.260433,-0.064235,0.282058,-0.470974,0.076358,0.132253
-0.140068,-0.127422,-0.030240,-0.120266,0.065209,0.016670,-0.008031,-0.145973,0.004328,-0.051365,-0.097102,0.003294,-0.122957,0.165773,0.008810,-0.071796,-0.196899,-0.004240,-0.039150,-0.061754,-0.010576,-0.058849,-0.134830,-0.022435,-0.126943,-0.033992,-0.072169,-0.229594,-0.137436,-0.091252,-0.209979,0.145796,-0.216881,-0.104756,0.029504,-0.059545,-0.267793,-0.087478,0.291479,-0.472688,0.016177,0.113876
-0.116426,-0.135846,-0.008530,-0.100352,0.038948,0.027597,-0.013078,-0.108350,0.016281,-0.054307,-0.080111,0.015866,-0.109134,0.110261,-0.002901,-0.056314,-0.157935,-0.016769,-0.047279,-0.052358,-0.021270,-0.073822,-0.148495,-0.005133,-0.108044,-0.003233,-0.051350,-0.270136,-0.167752,-0.098709,-0.289338,0.088341,-0.231003,-0.137448,0.028546,-0.055995,-0.280435,-0.116231,0.313571,-0.470477,-0.049827,0.103902
-0.099561,-0.143874,0.008675,-0.089642,0.007308,0.027828,-0.004188,-0.126542,0.015730,-0.037879,-0.091539,0.014889,-0.095363,0.080310,0.004576,-0.039889,-0.142852,-0.010235,-0.052108,-0.050893,-0.013597,-0.085715,-0.155850,0.014258,-0.085176,0.034103,-0.028175,-0.303470,-0.188880,-0.103140,-0.365752,0.039306,-0.229738,-0.174303,0.038896,-0.055865,-0.295382,-0.145624,0.349226,-0.462088,-0.111864,0.104325
-0.078892,-0.144159,0.015705,-0.072189,-0.003891,0.025872,0.013461,-0.119437,0.011782,-0.008885,-0.075073,0.010418,-0.079330,0.048468,-0.002601,-0.027021,-0.121332,-0.016755,-0.057927,-0.038507,-0.019247,-0.091887,-0.148833,0.024079,-0.060345,0.087461,-0.016500,-0.326889,-0.186383,-0.115424,-0.432998,0.017714,-0.223578,-0.216095,0.068934,-0.073212,-0.313641,-0.166978,0.386016,-0.450882,-0.157379,0.104392
-0.064694,-0.136612,0.009150,-0.056698,0.010947,0.022571,0.031119,-0.090535,0.006312,0.018271,-0.038884,0.004560,-0.069029,0.030623,-0.020931,-0.024136,-0.104155,-0.033154,-0.061840,-0.021438,-0.035494,-0.089208,-0.131025,0.019586,-0.033770,0.154249,-0.022698,-0.336947,-0.159063,-0.140427,-0.484350,0.027610,-0.220300,-0.259856,0.113833,-0.112740,-0.332220,-0.179106,0.412428,-0.437050,-0.184363,0.094650
-0.055485,-0.149610,0.012555,-0.050298,0.003263,0.017271,0.038308,-0.094764,0.000366,0.022561,-0.025365,-0.001994,-0.057066,0.034951,-0.009061,-0.007051,-0.106897,-0.022794,-0.052395,-0.031460,-0.024650,-0.066908,-0.144060,0.022281,0.004084,0.192325,-0.025445,-0.322211,-0.146730,-0.157253,-0.505888,0.028941,-0.204768,-0.289673,0.129783,-0.148856,-0.336416,-0.213591,0.437596,-0.409154,-0.226944,0.086903
-0.051816,-0.166835,0.017546,-0.049276,0.000483,0.013386,0.039992,-0.109736,-0.002496,0.019819,-0.020791,-0.005491,-0.048381,0.052204,0.010917,0.007965,-0.119295,-0.004630,-0.040705,-0.043677,-0.006430,-0.039980,-0.165152,0.027587,0.039261,0.221624,-0.028257,-0.296800,-0.129354,-0.170861,-0.510487,0.037844,-0.189396,-0.311006,0.136987,-0.178991,-0.334484,-0.235157,0.443662,-0.378173,-0.255638,0.066471
-0.054196,-0.171969,0.015782,-0.049946,0.030036,0.014282,0.041129,-0.113018,0.001254,0.025926,-0.011353,-0.002212,-0.047928,0.073124,0.017095,0.004746,-0.131085,0.002459,-0.037888,-0.033240,-0.000422,-0.023380,-0.171626,0.030732,0.059738,0.260341,-0.033361,-0.274645,-0.090592,-0.186163,-0.511757,0.064748,-0.185803,-0.328141,0.155413,-0.200220,-0.334481,-0.214219,0.417770,-0.353504,-0.246997,0.023653
-0.052986,-0.175489,0.017565,-0.049098,0.072723,0.011869,0.044973,-0.128456,0.003968,0.028422,-0.006110,-0.000179,-0.043920,0.114872,0.025050,0.006361,-0.144572,0.010866,-0.024052,-0.015849,0.006449,-0.010582,-0.182745,0.033997,0.075917,0.284347,-0.036065,-0.248811,-0.057973,-0.200358,-0.502855,0.077081,-0.194822,-0.327315,0.162852,-0.205355,-0.324292,-0.173043,0.364275,-0.323633,-0.227490,-0.034824
-0.048757,-0.175602,0.022075,-0.047179,0.107188,0.007358,0.049551,-0.148376,0.004265,0.026037,-0.007696,-0.000421,-0.038386,0.156638,0.030735,0.011971,-0.152922,0.016149,-0.006135,-0.000132,0.010526,-0.007966,-0.192863,0.035788,0.084896,0.295471,-0.035833,-0.226192,-0.033676,-0.214150,-0.491030,0.070969,-0.216471,-0.313668,0.163108,-0.195451,-0.307981,-0.118060,0.292763,-0.292401,-0.203221,-0.099025
-0.042655,-0.173107,0.030869,-0.043232,0.153516,0.007404,0.048369,-0.158231,0.011795,0.026592,-0.021735,0.007275,-0.031182,0.207777,0.039757,0.012442,-0.164604,0.026493,0.007325,-0.002635,0.020283,-0.016602,-0.178496,0.038089,0.087630,0.315725,-0.030028,-0.209484,0.000614,-0.224467,-0.479829,0.067185,-0.243171,-0.292637,0.179538,-0.171987,-0.287902,-0.040143,0.220667,-0.261528,-0.160875,-0.153857
-0.037064,-0.168859,0.036263,-0.038741,0.206214,0.007093,0.048624,-0.163237,0.018927,0.028029,-0.026820,0.014440,-0.025292,0.255999,0.043137,0.006471,-0.175030,0.032591,0.013482,-0.006040,0.025914,-0.031533,-0.159261,0.040917,0.089346,0.327295,-0.019119,-0.195797,0.024680,-0.230395,-0.467947,0.050873,-0.267726,-0.266200,0.194108,-0.140206,-0.263507,0.030398,0.161359,-0.229145,-0.124589,-0.190656
-0.034083,-0.163703,0.030516,-0.034944,0.259812,0.001571,0.057711,-0.168663,0.018029,0.028481,-0.001493,0.012615,-0.023510,0.289122,0.031919,-0.006875,-0.179450,0.025092,0.009817,0.007119,0.017589,-0.047587,-0.154564,0.044347,0.094005,0.315172,-0.004784,-0.182339,0.022294,-0.231265,-0.454722,0.011561,-0.283528,-0.235980,0.189499,-0.104833,-0.235390,0.069993,0.122529,-0.194588,-0.112772,-0.207245
-0.030435,-0.158577,0.022175,-0.031511,0.311893,-0.009287,0.066220,-0.181753,0.012578,0.026590,0.014649,0.006328,-0.019550,0.330780,0.022525,-0.014815,-0.190355,0.018380,0.010923,0.018796,0.009887,-0.067708,-0.146328,0.043431,0.096877,0.302750,0.006245,-0.173985,0.016645,-0.231887,-0.446981,-0.023523,-0.291972,-0.209426,0.185224,-0.073995,-0.212142,0.097719,0.100389,-0.165217,-0.103598,-0.211867
-0.027994,-0.155970,0.015406,-0.030447,0.336481,-0.020151,0.069641,-0.195854,0.005139,0.023026,0.013616,-0.001397,-0.015487,0.360242,0.019471,-0.013576,-0.202197,0.015232,0.016059,0.023243,0.006097,-0.081897,-0.138599,0.038612,0.105913,0.290525,0.012768,-0.162444,0.008384,-0.231892,-0.437475,-0.052365,-0.292170,-0.178484,0.177050,-0.048387,-0.188160,0.113087,0.092259,-0.134943,-0.097590,-0.209208
-0.021344,-0.157791,0.010832,-0.025031,0.366194,-0.028818,0.074304,-0.206322,0.001180,0.019488,0.010511,-0.005423,-0.008909,0.375432,0.013737,-0.015640,-0.218566,0.011208,0.013409,0.015049,0.001861,-0.085749,-0.140915,0.036641,0.123597,0.271676,0.020448,-0.144781,-0.008986,-0.224644,-0.422963,-0.082221,-0.279397,-0.138239,0.154465,-0.020657,-0.162163,0.111546,0.099965,-0.102847,-0.101005,-0.196786
-0.014385,-0.163089,0.007375,-0.019467,0.390906,-0.036556,0.078689,-0.215120,-0.002350,0.014700,0.005896,-0.008898,-0.001688,0.384882,0.010242,-0.018280,-0.234150,0.009890,0.008933,0.001841,0.000586,-0.085276,-0.149686,0.035599,0.142113,0.251122,0.026623,-0.128301,-0.030239,-0.212321,-0.409101,-0.109568,-0.258856,-0.092985,0.120868,0.008635,-0.142637,0.102949,0.116453,-0.078472,-0.106018,-0.178951
-0.011134,-0.170817,0.004011,-0.018090,0.400628,-0.044498,0.080963,-0.224094,-0.008465,0.007075,0.000503,-0.014916,0.004404,0.397300,0.014013,-0.018781,-0.243478,0.014819,0.008520,-0.008634,0.005635,-0.086648,-0.161190,0.033672,0.153759,0.233990,0.028896,-0.119843,-0.049601,-0.197488,-0.400062,-0.130010,-0.235968,-0.048049,0.081666,0.038312,-0.137658,0.097306,0.134974,-0.071133,-0.103967,-0.158706
-0.004995,-0.184689,0.002205,-0.013230,0.424900,-0.050167,0.084508,-0.245594,-0.008224,-0.001334,-0.011452,-0.014751,0.011933,0.418602,0.013949,-0.019538,-0.256479,0.016343,0.008184,-0.007423,0.006726,-0.082054,-0.169631,0.027554,0.165253,0.228343,0.023252,-0.111540,-0.057866,-0.184892,-0.385064,-0.134867,-0.217061,0.002177,0.046333,0.063513,-0.139800,0.104426,0.146935,-0.074439,-0.085521,-0.140896
0.001044,-0.197775,0.002830,-0.007422,0.451633,-0.050698,0.087445,-0.268787,-0.001561,-0.006368,-0.023953,-0.008232,0.017094,0.438082,0.010067,-0.020216,-0.266663,0.013243,0.008093,0.004892,0.002909,-0.073746,-0.170748,0.020098,0.173810,0.240716,0.012027,-0.104988,-0.047388,-0.173569,-0.363553,-0.116651,-0.201389,0.049479,0.024290,0.082861,-0.149205,0.128969,0.148749,-0.088693,-0.046005,-0.126256
0.005222,-0.222888,0.005857,-0.004781,0.471734,-0.051794,0.085682,-0.269197,0.001943,-0.021956,-0.036586,-0.004156,0.022213,0.444127,0.014050,-0.018637,-0.247418,0.017880,0.010566,0.005790,0.008262,-0.055268,-0.213924,0.019336,0.186167,0.222419,0.003671,-0.092889,-0.066318,-0.157149,-0.327798,-0.123979,-0.181865,0.092179,-0.028308,0.098766,-0.155030,0.119174,0.141208,-0.102149,-0.037018,-0.112870
0.008306,-0.246207,0.008416,-0.002342,0.488505,-0.050697,0.085767,-0.259762,0.005394,-0.034704,-0.043275,-0.000045,0.025647,0.451434,0.016068,-0.021724,-0.225490,0.021845,0.009358,0.003970,0.013074,-0.036391,-0.255589,0.020599,0.193525,0.215879,-0.006162,-0.084537,-0.072554,-0.141374,-0.288658,-0.115823,-0.162438,0.113318,-0.063526,0.100982,-0.162380,0.115967,0.113070,-0.118689,-0.018033,-0.112739
0.011252,-0.254060,0.007633,0.003161,0.505192,-0.044702,0.094597,-0.253508,0.011844,-0.030770,-0.038095,0.006573,0.025675,0.474583,0.006586,-0.036153,-0.227644,0.016948,-0.001654,0.008098,0.007882,-0.026781,-0.252318,0.018859,0.187392,0.263179,-0.021363,-0.088585,-0.024197,-0.131700,-0.257595,-0.051490,-0.147030,0.099406,-0.036574,0.081624,-0.180190,0.162363,0.055075,-0.145139,0.053104,-0.137361
0.015057,-0.271543,0.006410,0.008334,0.524291,-0.042487,0.103547,-0.250282,0.014933,-0.027748,-0.028743,0.009671,0.029825,0.497355,0.004886,-0.042451,-0.222245,0.018667,-0.002444,0.011713,0.009519,-0.013471,-0.262527,0.017999,0.181571,0.305967,-0.037873,-0.090849,0.020979,-0.124422,-0.223531,0.010439,-0.130304,0.064112,-0.007639,0.044584,-0.201543,0.204766,-0.031657,-0.172796,0.121160,-0.188443
0.017780,-0.289799,0.005449,0.010093,0.536413,-0.044720,0.107885,-0.251425,0.013681,-0.027399,-0.019664,0.008363,0.036124,0.508446,0.011921,-0.037507,-0.211920,0.026035,0.007325,0.013082,0.017031,-0.003223,-0.280951,0.018476,0.169593,0.351195,-0.055254,-0.096653,0.071259,-0.119284,-0.194354,0.077928,-0.111167,0.003120,0.026578,-0.008112,-0.245612,0.258880,-0.149854,-0.219312,0.199903,-0.271419
0.016452,-0.308882,0.006368,0.009818,0.543292,-0.040537,0.119046,-0.260886,0.015111,-0.018094,-0.014140,0.009682,0.037614,0.510075,0.019102,-0.040994,-0.226854,0.034801,0.009006,0.017563,0.024937,0.008450,-0.310925,0.020199,0.155883,0.397730,-0.073508,-0.100308,0.126905,-0.116764,-0.166036,0.151230,-0.090264,-0.081576,0.066458,-0.078495,-0.318313,0.330240,-0.301536,-0.289735,0.293000,-0.390445
0.013731,-0.326301,0.006257,0.008521,0.549923,-0.036683,0.126682,-0.271820,0.017363,-0.009898,-0.010570,0.011853,0.037242,0.513557,0.023832,-0.047092,-0.246011,0.041375,0.009130,0.019207,0.030566,0.017327,-0.338802,0.020719,0.136173,0.459802,-0.095008,-0.105619,0.202840,-0.119528,-0.143002,0.245423,-0.071327,-0.208427,0.140313,-0.179567,-0.417904,0.424508,-0.481528,-0.382580,0.404795,-0.541815
0.012511,-0.339462,0.002342,0.007241,0.561481,-0.039747,0.120754,-0.277092,0.018946,-0.012422,-0.007168,0.013524,0.038166,0.530358,0.023627,-0.049674,-0.248209,0.042299,0.014383,0.012223,0.031370,0.019440,-0.350773,0.017629,0.107040,0.547573,-0.120706,-0.116951,0.308306,-0.129147,-0.129328,0.369843,-0.057972,-0.405751,0.285961,-0.330853,-0.514210,0.518034,-0.667395,-0.468948,0.511565,-0.703851
0.013129,-0.351597,-0.001454,0.006374,0.572262,-0.045356,0.111861,-0.280012,0.019577,-0.017776,-0.004076,0.014280,0.039896,0.544565,0.021234,-0.048789,-0.254757,0.039741,0.023605,0.002440,0.028637,0.016154,-0.355972,0.013028,0.071354,0.641749,-0.146193,-0.134548,0.420720,-0.141072,-0.124306,0.501735,-0.048328,-0.692624,0.514729,-0.541430,-0.551086,0.539583,-0.816803,-0.495167,0.543796,-0.834333
0.015162,-0.356730,-0.003209,0.005882,0.576802,-0.050331,0.104368,-0.279156,0.019384,-0.023461,-0.002859,0.014318,0.041441,0.548998,0.018006,-0.044860,-0.262424,0.035025,0.032126,-0.005277,0.023739,0.008955,-0.351877,0.009142,0.033255,0.728358,-0.165590,-0.159604,0.520282,-0.148932,-0.128041,0.620787,-0.038917,-1.062114,0.826590,-0.796548,-0.482535,0.435314,-0.884332,-0.418567,0.451684,-0.887362
0.012329,-0.377193,0.001028,-0.001632,0.591391,-0.053593,0.099205,-0.279967,0.018113,-0.033526,0.001195,0.013194,0.041671,0.567640,0.027164,-0.043877,-0.266163,0.043065,0.049016,-0.011263,0.031384,0.012507,-0.371523,0.009790,0.010551,0.755355,-0.171629,-0.180795,0.547843,-0.144628,-0.128136,0.667559,-0.024057,-1.450584,1.147297,-1.046134,-0.299347,0.164395,-0.833027,-0.233613,0.200759,-0.825088
0.007463,-0.400320,0.007267,-0.011866,0.613993,-0.055802,0.099007,-0.283657,0.015442,-0.041463,0.004059,0.010664,0.039942,0.595996,0.037868,-0.043866,-0.266530,0.051803,0.063559,-0.010728,0.039662,0.021751,-0.398608,0.013263,0.000318,0.725970,-0.164596,-0.205560,0.501734,-0.127916,-0.130423,0.641664,-0.004826,-1.770423,1.412392,-1.220652,-0.073610,-0.189523,-0.651646,-0.015513,-0.117944,-0.635230
0.003567,-0.413470,0.011676,-0.020411,0.642480,-0.057654,0.106573,-0.291508,0.011178,-0.040626,0.001749,0.006577,0.035274,0.629593,0.039380,-0.042926,-0.263929,0.049164,0.064755,0.001304,0.036637,0.031760,-0.416832,0.017859,-0.002992,0.659442,-0.147938,-0.237767,0.403062,-0.103280,-0.136038,0.568363,0.014523,-1.915936,1.538936,-1.258139,0.099180,-0.487371,-0.363259,0.138530,-0.360135,-0.339719
-0.002927,-0.430944,0.022985,-0.036038,0.662214,-0.059115,0.113980,-0.307812,0.002989,-0.042715,-0.011692,-0.001359,0.027648,0.659928,0.047642,-0.044361,-0.269434,0.052548,0.064271,0.008238,0.039496,0.050207,-0.435000,0.023013,0.004316,0.568336,-0.127181,-0.264406,0.274613,-0.078669,-0.128073,0.476768,0.027346,-1.802871,1.441632,-1.135243,0.168742,-0.628698,-0.033864,0.178304,-0.425651,-0.003494
-0.008794,-0.444088,0.035533,-0.051834,0.663237,-0.058972,0.116886,-0.324477,-0.004513,-0.047281,-0.029654,-0.008534,0.020820,0.671751,0.058557,-0.047367,-0.280379,0.060043,0.062372,0.006555,0.046560,0.067977,-0.444059,0.026467,0.007979,0.489731,-0.109882,-0.287551,0.166951,-0.064634,-0.105626,0.422084,0.024757,-1.438900,1.118128,-0.883005,0.130500,-0.579352,0.244621,0.100718,-0.286438,0.282451
-0.011802,-0.467429,0.035042,-0.057526,0.677138,-0.060224,0.129021,-0.326413,-0.014079,-0.040337,-0.026438,-0.017832,0.018066,0.698346,0.058130,-0.054015,-0.278721,0.060419,0.063285,0.016963,0.046276,0.111387,-0.473474,0.028512,0.031469,0.410508,-0.097543,-0.276575,0.075138,-0.064628,-0.038392,0.397799,0.004935,-0.873769,0.607338,-0.561112,0.062206,-0.437195,0.409566,-0.014117,-0.048992,0.456333
-0.013097,-0.497145,0.032407,-0.059301,0.694182,-0.060107,0.138999,-0.320585,-0.019762,-0.032730,-0.014968,-0.023285,0.015156,0.724375,0.052596,-0.058788,-0.270853,0.054825,0.065855,0.027769,0.040230,0.155517,-0.510470,0.029108,0.050495,0.340649,-0.089956,-0.256814,0.008403,-0.077383,0.044223,0.405086,-0.030109,-0.255713,0.042197,-0.236080,-0.001156,-0.290845,0.463047,-0.128350,0.190524,0.520210
-0.014063,-0.529425,0.038756,-0.063787,0.704468,-0.055311,0.134996,-0.314112,-0.015381,-0.035511,-0.008262,-0.018514,0.007635,0.734401,0.048522,-0.056845,-0.263153,0.044491,0.068336,0.027250,0.029993,0.175708,-0.542286,0.027662,0.042674,0.282482,-0.085237,-0.255304,-0.035904,-0.099265,0.109277,0.431262,-0.075117,0.252593,-0.434570,0.031489,-0.053407,-0.197421,0.458264,-0.232731,0.369052,0.527089
-0.014555,-0.563784,0.045554,-0.064891,0.712629,-0.045504,0.135756,-0.308429,-0.007063,-0.033999,0.002817,-0.009843,0.003934,0.735056,0.051298,-0.051819,-0.260786,0.041187,0.066148,0.017060,0.027233,0.204523,-0.575066,0.029457,0.041381,0.226449,-0.077970,-0.240567,-0.069622,-0.122170,0.183161,0.458208,-0.120820,0.557962,-0.727822,0.191953,-0.069058,-0.183575,0.456368,-0.298714,0.454767,0.536518
-0.014337,-0.582962,0.049383,-0.063215,0.714700,-0.035317,0.139721,-0.306306,0.000955,-0.030127,0.012770,-0.001469,0.005650,0.726098,0.059286,-0.046451,-0.264833,0.046076,0.060059,0.002442,0.032754,0.227522,-0.592089,0.034789,0.031542,0.195448,-0.068558,-0.226213,-0.068548,-0.144456,0.248902,0.508858,-0.164061,0.578154,-0.777200,0.208440,-0.082700,-0.223589,0.478062,-0.358401,0.469075,0.566753
-0.012233,-0.621795,0.052966,-0.063702,0.726048,-0.031084,0.146786,-0.318994,0.003400,-0.028118,0.011048,0.001409,0.003799,0.739986,0.058382,-0.048129,-0.262194,0.043417,0.048718,-0.001562,0.030554,0.254411,-0.634666,0.040100,0.022604,0.154162,-0.060804,-0.202268,-0.067953,-0.167802,0.314059,0.549116,-0.205402,0.361961,-0.661842,0.088885,-0.090418,-0.334374,0.508445,-0.406680,0.392897,0.600070
-0.009884,-0.660427,0.056665,-0.067774,0.744946,-0.031457,0.149929,-0.322950,0.001158,-0.030461,0.011893,-0.000279,-0.000038,0.760041,0.054888,-0.051230,-0.257104,0.037487,0.040217,0.000119,0.024846,0.282014,-0.676563,0.047136,0.013248,0.126098,-0.052211,-0.174279,-0.049530,-0.186662,0.370945,0.597715,-0.240464,0.050926,-0.468271,-0.090191,-0.092273,-0.450100,0.533878,-0.443591,0.292757,0.620579
-0.009200,-0.678880,0.060928,-0.077162,0.769846,-0.034876,0.141870,-0.294576,-0.004746,-0.039951,0.029489,-0.005484,-0.004138,0.769665,0.055148,-0.050177,-0.253763,0.032427,0.042621,0.002641,0.019682,0.306852,-0.691341,0.058065,0.003718,0.128270,-0.038971,-0.149276,-0.004937,-0.194802,0.411057,0.662200,-0.264017,-0.187240,-0.301935,-0.226655,-0.102735,-0.501040,0.552737,-0.484677,0.240733,0.626192
-0.007593,-0.706243,0.067845,-0.086355,0.785883,-0.035573,0.139383,-0.293264,-0.008743,-0.049466,0.032066,-0.008847,-0.006506,0.786774,0.059669,-0.050457,-0.247976,0.033343,0.039645,0.008166,0.020585,0.329601,-0.719354,0.069166,-0.001735,0.112515,-0.024007,-0.129157,0.010535,-0.193373,0.432644,0.686453,-0.279601,-0.260729,-0.276063,-0.267823,-0.139800,-0.507962,0.569504,-0.549026,0.218584,0.622841
-0.005847,-0.728876,0.073871,-0.092467,0.785002,-0.032655,0.142018,-0.319681,-0.008878,-0.055905,0.018357,-0.008376,-0.007026,0.802765,0.066115,-0.053262,-0.242609,0.039335,0.031438,0.013912,0.026618,0.339042,-0.745978,0.076675,-0.012130,0.092392,-0.010801,-0.124907,0.008219,-0.185699,0.426795,0.682018,-0.291600,-0.217838,-0.349983,-0.237677,-0.210241,-0.482007,0.598396,-0.644166,0.216888,0.628216
-0.001347,-0.749068,0.075668,-0.097222,0.820436,-0.034766,0.147813,-0.322398,-0.013462,-0.056267,0.015871,-0.012255,-0.009667,0.829471,0.062648,-0.054753,-0.234368,0.032142,0.030013,0.025308,0.019157,0.343169,-0.758605,0.079709,-0.018470,0.084569,-0.000698,-0.125924,0.006629,-0.174032,0.407598,0.668118,-0.302068,-0.167990,-0.418624,-0.205595,-0.259872,-0.469499,0.657742,-0.715621,0.190635,0.664790
0.004446,-0.764731,0.077774,-0.102825,0.862014,-0.038100,0.150743,-0.320440,-0.017303,-0.055152,0.014071,-0.015491,-0.012319,0.856573,0.058709,-0.056761,-0.230411,0.024476,0.032503,0.031595,0.011087,0.346303,-0.770718,0.085892,-0.016316,0.079849,0.013828,-0.125079,-0.000267,-0.152260,0.385588,0.639387,-0.303300,-0.207593,-0.410309,-0.223292,-0.217627,-0.534062,0.755586,-0.691103,0.077620,0.744944
0.010005,-0.773960,0.084390,-0.111594,0.879497,-0.038802,0.144583,-0.332873,-0.015415,-0.057300,0.002358,-0.013110,-0.012518,0.873495,0.063458,-0.060901,-0.238059,0.028869,0.036449,0.021755,0.015114,0.352553,-0.795972,0.102605,-0.001130,0.063598,0.040357,-0.117012,-0.025958,-0.114228,0.368632,0.582221,-0.286797,-0.349752,-0.311634,-0.295248,-0.040626,-0.688059,0.868482,-0.525949,-0.131866,0.848248
0.016247,-0.782218,0.082832,-0.119094,0.896291,-0.046243,0.145614,-0.349069,-0.025078,-0.055112,-0.009272,-0.022267,-0.009738,0.885551,0.062906,-0.059030,-0.245366,0.025525,0.044833,0.016877,0.011277,0.341889,-0.810222,0.104188,0.008255,0.051473,0.053324,-0.123059,-0.057182,-0.086669,0.336672,0.509289,-0.277784,-0.552908,-0.128512,-0.412190,0.226607,-0.851402,0.923226,-0.263654,-0.353253,0.902349
0.020239,-0.785404,0.073886,-0.124012,0.903875,-0.055411,0.150680,-0.361099,-0.040911,-0.052255,-0.015153,-0.037589,-0.006848,0.886774,0.057726,-0.054209,-0.248565,0.015908,0.051304,0.019509,0.001191,0.319994,-0.805671,0.092032,0.017542,0.044200,0.053994,-0.139104,-0.094716,-0.069972,0.294910,0.421521,-0.275699,-0.726533,0.087025,-0.522067,0.511312,-0.952956,0.887348,0.022146,-0.510822,0.873660
0.025655,-0.783214,0.067951,-0.124943,0.936304,-0.058529,0.146966,-0.347528,-0.038813,-0.056021,0.003383,-0.034943,-0.002781,0.900507,0.055102,-0.060819,-0.253563,0.019267,0.054761,0.020343,0.003756,0.296154,-0.796867,0.088331,0.033589,0.033621,0.063553,-0.153909,-0.141646,-0.045234,0.257376,0.321174,-0.262702,-0.809320,0.259230,-0.569570,0.740068,-0.984253,0.784528,0.255923,-0.593223,0.783821
0.032131,-0.780094,0.064728,-0.127324,0.972074,-0.060980,0.143189,-0.346710,-0.033376,-0.062643,0.017486,-0.028922,0.000726,0.917857,0.053475,-0.071121,-0.263443,0.026379,0.054418,0.020666,0.009868,0.271730,-0.791079,0.085257,0.053126,0.025850,0.073898,-0.163097,-0.183437,-0.022684,0.232060,0.230390,-0.250561,-0.798962,0.347389,-0.560237,0.871409,-0.969897,0.639842,0.392575,-0.624123,0.655701
0.039242,-0.780667,0.063646,-0.136879,0.989514,-0.067619,0.147394,-0.397137,-0.039623,-0.069183,-0.002013,-0.034362,0.001998,0.929877,0.051374,-0.077621,-0.281271,0.027695,0.049249,0.021867,0.010043,0.248634,-0.795816,0.074792,0.074313,0.018212,0.076621,-0.164949,-0.219013,-0.010609,0.222924,0.155344,-0.250472,-0.725896,0.352021,-0.521969,0.914085,-0.941347,0.486677,0.436170,-0.634278,0.520231
0.046500,-0.783759,0.055800,-0.144613,1.016796,-0.078490,0.150675,-0.443569,-0.045574,-0.074107,-0.013638,-0.039529,0.002804,0.958299,0.042434,-0.088663,-0.298131,0.025342,0.041098,0.028099,0.006219,0.224102,-0.799174,0.059114,0.092047,0.017656,0.073912,-0.165486,-0.242764,-0.004852,0.223921,0.103208,-0.260648,-0.631073,0.317562,-0.476177,0.899261,-0.902957,0.355350,0.413857,-0.627845,0.405545
0.050517,-0.787746,0.045058,-0.149020,1.040255,-0.085995,0.149071,-0.462836,-0.046201,-0.077098,-0.011481,-0.039584,0.001456,0.988988,0.032100,-0.100468,-0.305430,0.021321,0.032250,0.036419,0.000963,0.210331,-0.799062,0.047832,0.116543,0.020369,0.074888,-0.155757,-0.260388,0.006281,0.242143,0.067431,-0.270322,-0.529652,0.275055,-0.429580,0.873189,-0.863480,0.263985,0.370628,-0.614666,0.327863
0.058015,-0.789799,0.044990,-0.156305,1.064089,-0.087110,0.145705,-0.492244,-0.037796,-0.082813,-0.009575,-0.030592,0.014542,1.001371,0.042134,-0.095927,-0.321771,0.037066,0.042349,0.029577,0.015648,0.195722,-0.792701,0.041157,0.134299,0.026379,0.079296,-0.149165,-0.272139,0.024443,0.261053,0.045986,-0.276523,-0.446062,0.242203,-0.388522,0.844836,-0.827031,0.207848,0.317548,-0.600692,0.280898
0.062812,-0.790337,0.044511,-0.163156,1.088002,-0.085724,0.144755,-0.520105,-0.028845,-0.086753,-0.014281,-0.021083,0.024848,1.008830,0.050810,-0.091324,-0.342516,0.048552,0.052546,0.016373,0.026085,0.184544,-0.786248,0.034511,0.148187,0.028881,0.082408,-0.142166,-0.284235,0.045377,0.280491,0.030840,-0.280097,-0.378332,0.217186,-0.358009,0.825609,-0.801742,0.173499,0.270438,-0.595543,0.249636
0.059291,-0.789423,0.031977,-0.165461,1.112029,-0.086548,0.151152,-0.534434,-0.028590,-0.083928,-0.031678,-0.020475,0.014620,1.025096,0.037262,-0.102907,-0.362709,0.031706,0.043910,0.006048,0.008232,0.181153,-0.785531,0.023269,0.162304,0.022244,0.079329,-0.130577,-0.301921,0.063556,0.301070,0.014951,-0.282724,-0.319693,0.193466,-0.340942,0.819410,-0.791941,0.148678,0.238377,-0.603999,0.220641
0.049907,-0.784483,0.018036,-0.169915,1.122319,-0.087583,0.149990,-0.535777,-0.028849,-0.085402,-0.042118,-0.020547,0.007130,1.033851,0.028441,-0.107633,-0.373775,0.015524,0.039512,-0.004947,-0.008391,0.180174,-0.778590,0.018296,0.171842,0.019005,0.081166,-0.120075,-0.313276,0.088428,0.314536,0.008863,-0.271598,-0.272362,0.180694,-0.324059,0.817912,-0.783029,0.139283,0.217377,-0.611383,0.199629
0.039344,-0.778136,0.009579,-0.176475,1.113500,-0.085245,0.140108,-0.523579,-0.026375,-0.092068,-0.040422,-0.017996,0.005635,1.030570,0.029332,-0.104616,-0.370255,0.008758,0.040075,-0.011166,-0.015014,0.181848,-0.768957,0.023340,0.178766,0.016592,0.091874,-0.110784,-0.322642,0.122219,0.319952,0.006564,-0.242632,-0.232886,0.172979,-0.301790,0.818880,-0.776670,0.145875,0.207925,-0.618762,0.188320
0.029447,-0.769258,-0.002603,-0.172892,1.098936,-0.082459,0.132830,-0.496290,-0.018428,-0.084375,-0.040625,-0.010385,0.005517,1.030194,0.025474,-0.103243,-0.372858,-0.000959,0.041112,-0.035670,-0.023953,0.184380,-0.762470,0.011334,0.183618,0.010449,0.084860,-0.105041,-0.337469,0.137115,0.315752,-0.001156,-0.223247,-0.200233,0.162691,-0.299524,0.819730,-0.777886,0.138831,0.208363,-0.630537,0.159672
0.020928,-0.757064,-0.014584,-0.164261,1.075644,-0.079015,0.127340,-0.464933,-0.008237,-0.070085,-0.044863,-0.000742,0.007076,1.023249,0.020796,-0.103548,-0.370784,-0.005559,0.039672,-0.066745,-0.027096,0.187329,-0.756534,-0.003551,0.188317,0.004720,0.074778,-0.103923,-0.357245,0.147237,0.302643,-0.015318,-0.199825,-0.172369,0.151270,-0.301921,0.820970,-0.783806,0.130186,0.218679,-0.643468,0.128699
0.014368,-0.740785,-0.022443,-0.155508,1.040667,-0.074811,0.122805,-0.440476,0.000513,-0.057135,-0.055161,0.007487,0.011145,1.000164,0.018775,-0.105084,-0.353275,0.002649,0.033407,-0.092677,-0.016583,0.189507,-0.748590,-0.007321,0.194581,0.003648,0.076261,-0.108555,-0.381088,0.167009,0.281752,-0.036227,-0.158884,-0.147487,0.141255,-0.293938,0.823524,-0.792226,0.132007,0.238511,-0.654625,0.110176
0.007356,-0.724517,-0.033222,-0.142423,0.999794,-0.072438,0.116135,-0.394837,0.008958,-0.036815,-0.053438,0.015152,0.016848,0.959302,0.013829,-0.104939,-0.330116,0.012978,0.030551,-0.112667,-0.003920,0.187592,-0.741434,-0.012996,0.201209,0.006093,0.076808,-0.121805,-0.412740,0.183475,0.252210,-0.067723,-0.114582,-0.126682,0.130296,-0.288036,0.826356,-0.805534,0.129959,0.264802,-0.666060,0.091485
0.003378,-0.716429,-0.041455,-0.132126,0.973399,-0.071413,0.111186,-0.350668,0.014720,-0.018788,-0.040435,0.020328,0.021611,0.921062,0.008431,-0.103879,-0.312834,0.020476,0.031910,-0.116692,0.004714,0.182373,-0.738683,-0.016563,0.210510,0.009783,0.080979,-0.141629,-0.455311,0.200100,0.218185,-0.112211,-0.065188,-0.107440,0.115966,-0.279842,0.831720,-0.826402,0.127443,0.296923,-0.680127,0.077065
-0.001860,-0.697301,-0.043071,-0.121026,0.923867,-0.064654,0.103097,-0.314327,0.028074,-0.011317,-0.037305,0.033186,0.028321,0.869869,0.010384,-0.096272,-0.278339,0.034503,0.036692,-0.098914,0.019749,0.165728,-0.733786,-0.030826,0.214717,0.022157,0.075980,-0.174463,-0.499963,0.202782,0.176027,-0.159822,-0.027677,-0.097172,0.106418,-0.282650,0.831406,-0.846584,0.112117,0.322486,-0.688719,0.055212
-0.005666,-0.673789,-0.041551,-0.110695,0.869044,-0.056752,0.096558,-0.286668,0.039595,-0.007455,-0.036720,0.044362,0.033519,0.818253,0.013332,-0.086943,-0.237978,0.046086,0.039773,-0.067001,0.031977,0.144502,-0.730930,-0.044961,0.219017,0.039437,0.072768,-0.212072,-0.547494,0.201081,0.137449,-0.209988,0.003688,-0.090218,0.099325,-0.286176,0.830525,-0.867578,0.096347,0.340916,-0.694691,0.039021
-0.005253,-0.652449,-0.040141,-0.102589,0.826957,-0.052198,0.096462,-0.268358,0.039799,-0.000323,-0.031338,0.044426,0.033574,0.778888,0.011343,-0.080496,-0.202949,0.046721,0.036174,-0.028288,0.032574,0.124807,-0.734276,-0.047804,0.227044,0.057683,0.081945,-0.247349,-0.597584,0.205367,0.113784,-0.261841,0.034562,-0.082378,0.092371,-0.280579,0.832116,-0.890851,0.093598,0.348912,-0.701607,0.042733
-0.007159,-0.630931,-0.038253,-0.095815,0.787595,-0.046992,0.096926,-0.252685,0.038135,-0.002602,-0.020439,0.042898,0.036402,0.745947,0.012704,-0.075032,-0.177843,0.055336,0.025558,0.005549,0.040983,0.104155,-0.756173,-0.049860,0.232695,0.064735,0.092898,-0.282855,-0.658599,0.205126,0.106160,-0.323564,0.050701,-0.079049,0.074729,-0.277334,0.830061,-0.925896,0.096214,0.334661,-0.721972,0.058937
-0.010470,-0.620020,-0.036855,-0.093689,0.770564,-0.043235,0.099124,-0.247285,0.035913,-0.011842,-0.009307,0.041113,0.041312,0.735792,0.015945,-0.072286,-0.175297,0.067350,0.014166,0.017505,0.052634,0.092714,-0.785805,-0.049241,0.243052,0.071602,0.107126,-0.309068,-0.716572,0.203087,0.125896,-0.381801,0.052618,-0.072832,0.058209,-0.275549,0.831195,-0.959911,0.108134,0.301862,-0.745902,0.090933
-0.009217,-0.587519,-0.029521,-0.097057,0.743305,-0.038138,0.100802,-0.252218,0.021387,-0.025239,-0.003805,0.027182,0.045217,0.710686,0.021699,-0.068014,-0.184310,0.078374,-0.003054,0.009888,0.064050,0.080032,-0.834583,-0.046969,0.245043,0.066830,0.123517,-0.337938,-0.781503,0.198811,0.159699,-0.447355,0.040645,-0.076368,0.031880,-0.277153,0.822517,-1.003275,0.130111,0.238242,-0.786315,0.136512
-0.007904,-0.543090,-0.022437,-0.100974,0.715049,-0.033592,0.102587,-0.258624,0.002726,-0.036427,-0.004350,0.009047,0.047366,0.686160,0.026138,-0.063442,-0.196719,0.083173,-0.021647,-0.006945,0.069684,0.071826,-0.890942,-0.041561,0.243014,0.061288,0.143534,-0.365001,-0.842311,0.194654,0.206745,-0.509800,0.019479,-0.085687,0.007466,-0.280803,0.808718,-1.044564,0.162595,0.153377,-0.833582,0.192321
-0.010984,-0.496299,-0.021798,-0.100500,0.695080,-0.032024,0.105105,-0.257653,-0.012106,-0.038948,-0.011271,-0.005602,0.046878,0.677698,0.025364,-0.059777,-0.204399,0.076437,-0.037152,-0.022628,0.063927,0.073658,-0.943370,-0.031093,0.241658,0.064926,0.168974,-0.385965,-0.889327,0.192202,0.263483,-0.559816,-0.005036,-0.095537,-0.003870,-0.284881,0.795305,-1.073020,0.205840,0.060832,-0.877840,0.253037
-0.017721,-0.437950,-0.015391,-0.098710,0.664695,-0.023559,0.108236,-0.257215,-0.026216,-0.041624,-0.024301,-0.019632,0.046928,0.671955,0.031906,-0.053382,-0.215844,0.069723,-0.048581,-0.051642,0.058791,0.074356,-1.037426,-0.017616,0.229612,0.029439,0.197583,-0.412208,-0.970507,0.189199,0.309927,-0.645380,-0.030812,-0.115986,-0.048665,-0.290816,0.772067,-1.135127,0.253813,-0.040196,-0.965129,0.308386
-0.024729,-0.397154,-0.006448,-0.096465,0.639130,-0.012211,0.110506,-0.257463,-0.032709,-0.042983,-0.036868,-0.026090,0.047920,0.671865,0.041702,-0.046760,-0.225270,0.065744,-0.049581,-0.079366,0.056142,0.073591,-1.126028,-0.008070,0.206644,-0.001786,0.221801,-0.443141,-1.040726,0.179076,0.339688,-0.721214,-0.060453,-0.144458,-0.081943,-0.304236,0.740258,-1.184305,0.294493,-0.139794,-1.046690,0.344648
-0.038282,-0.383049,-0.012014,-0.084730,0.620332,-0.010427,0.113141,-0.228526,-0.038290,-0.044921,-0.054043,-0.032335,0.052032,0.675950,0.040740,-0.037410,-0.228080,0.050495,-0.036351,-0.111830,0.042692,0.069329,-1.195145,0.010598,0.170482,-0.018754,0.253850,-0.479245,-1.087296,0.175826,0.348579,-0.774134,-0.075687,-0.178383,-0.093213,-0.310310,0.699588,-1.206496,0.336592,-0.232140,-1.104862,0.370833
-0.050113,-0.391505,-0.021771,-0.069558,0.607411,-0.012587,0.113961,-0.183401,-0.038836,-0.041710,-0.063925,-0.033964,0.056131,0.683258,0.034766,-0.027467,-0.215508,0.030035,-0.020774,-0.139139,0.024730,0.062705,-1.235964,0.032672,0.123622,-0.016374,0.287106,-0.517147,-1.102325,0.176982,0.338947,-0.796023,-0.077129,-0.211193,-0.078231,-0.311782,0.654101,-1.193778,0.369944,-0.310064,-1.126874,0.381008
-0.052274,-0.418292,-0.024928,-0.057309,0.599544,-0.012416,0.110223,-0.134966,-0.029985,-0.028104,-0.054572,-0.026173,0.056925,0.692838,0.030116,-0.019609,-0.178682,0.010730,-0.015250,-0.151252,0.008780,0.055508,-1.239588,0.052840,0.069109,0.011662,0.315586,-0.553462,-1.079068,0.180277,0.314973,-0.779507,-0.065477,-0.236269,-0.033460,-0.311440,0.608619,-1.139402,0.387909,-0.368387,-1.102401,0.371912
-0.051738,-0.442446,-0.022935,-0.043531,0.588434,-0.007850,0.104299,-0.072307,-0.015632,-0.004760,-0.039679,-0.013346,0.059364,0.686327,0.029934,-0.007600,-0.126580,-0.004001,-0.007917,-0.151015,-0.002336,0.044683,-1.234740,0.080105,0.007396,0.035085,0.348084,-0.589876,-1.049839,0.198047,0.275759,-0.757134,-0.029813,-0.253235,0.007457,-0.297769,0.563851,-1.077069,0.399797,-0.407368,-1.063024,0.356724
-0.048805,-0.451895,-0.016839,-0.034971,0.579663,-0.001650,0.099099,-0.026783,-0.004052,0.016654,-0.026658,-0.002971,0.062681,0.666941,0.032946,0.002523,-0.085292,-0.008254,-0.002447,-0.138605,-0.004547,0.035693,-1.223779,0.100496,-0.052096,0.050746,0.370722,-0.619937,-1.022252,0.217548,0.228199,-0.737266,0.014697,-0.255393,0.038196,-0.283450,0.528351,-1.015950,0.394444,-0.419738,-1.018392,0.326139
-0.045766,-0.448798,0.001233,-0.022487,0.545931,0.017152,0.092240,0.021086,0.020315,0.044301,-0.010831,0.020009,0.059894,0.624673,0.045990,0.006611,-0.045836,0.004614,-0.012274,-0.130534,0.010631,0.023909,-1.212066,0.117412,-0.109817,0.052742,0.386852,-0.647080,-1.007202,0.241569,0.169237,-0.732172,0.066982,-0.248583,0.050775,-0.264859,0.499565,-0.968503,0.378729,-0.409481,-0.983206,0.288722
-0.042767,-0.438051,0.021500,-0.011769,0.502778,0.037516,0.084623,0.061598,0.040990,0.066856,0.000229,0.039314,0.055256,0.579149,0.060954,0.007513,-0.010838,0.024071,-0.024909,-0.122904,0.032054,0.012879,-1.201098,0.129929,-0.158376,0.038989,0.395763,-0.666191,-1.009970,0.266460,0.105827,-0.748908,0.120144,-0.231260,0.042825,-0.243142,0.481409,-0.941830,0.355348,-0.374953,-0.966838,0.248360
-0.039685,-0.424684,0.034324,-0.008910,0.465610,0.048826,0.077034,0.085081,0.041551,0.072977,-0.001124,0.038759,0.052591,0.549855,0.069790,0.008033,0.016947,0.039574,-0.027693,-0.111996,0.048676,0.006455,-1.192396,0.137840,-0.191739,0.007682,0.396926,-0.671708,-1.033138,0.288265,0.047371,-0.790935,0.167743,-0.202570,0.013199,-0.219493,0.476459,-0.939416,0.326608,-0.317630,-0.974666,0.208680
-0.033033,-0.407325,0.051633,-0.002801,0.407211,0.064595,0.066018,0.121418,0.041531,0.077081,-0.001794,0.037085,0.048682,0.498983,0.081996,0.011396,0.050771,0.055122,-0.028660,-0.093801,0.065258,0.000140,-1.167206,0.149874,-0.213308,-0.022013,0.399233,-0.666624,-1.055669,0.311926,-0.003203,-0.836817,0.213806,-0.169333,-0.017286,-0.185946,0.477952,-0.940919,0.302873,-0.250295,-0.986727,0.180526
-0.026184,-0.394603,0.064752,0.003150,0.356854,0.076414,0.056816,0.152512,0.040225,0.076857,-0.001319,0.034306,0.045214,0.452116,0.090630,0.015362,0.073860,0.061980,-0.027884,-0.077246,0.072517,-0.002476,-1.138025,0.159964,-0.219888,-0.060978,0.396657,-0.646738,-1.085413,0.328221,-0.034990,-0.892226,0.249573,-0.129791,-0.057668,-0.149847,0.486910,-0.954226,0.279338,-0.179003,-1.010380,0.157841
-0.026066,-0.379214,0.079159,0.007386,0.300064,0.090662,0.048778,0.172094,0.032168,0.063208,-0.001758,0.025280,0.037704,0.408780,0.101701,0.017669,0.101613,0.062887,-0.029138,-0.045621,0.073119,-0.008091,-1.101983,0.142934,-0.218992,-0.103346,0.364530,-0.619273,-1.113598,0.310917,-0.049471,-0.945168,0.249454,-0.092024,-0.100284,-0.137822,0.494611,-0.970655,0.231883,-0.119107,-1.035708,0.114200
-0.028105,-0.365068,0.084568,0.010361,0.253228,0.096194,0.041662,0.184195,0.021874,0.043341,-0.000369,0.014429,0.032526,0.372493,0.105178,0.020811,0.120406,0.054844,-0.028562,-0.017681,0.064396,-0.014043,-1.063456,0.117549,-0.210563,-0.149574,0.322353,-0.583705,-1.139555,0.278848,-0.042947,-0.991118,0.233714,-0.055248,-0.144116,-0.132771,0.501975,-0.988494,0.181297,-0.073791,-1.060300,0.066515
-0.027570,-0.356024,0.070790,0.012302,0.232764,0.082057,0.035423,0.192748,0.014112,0.024605,0.005560,0.006441,0.035767,0.346911,0.091104,0.027395,0.116781,0.035045,-0.022164,-0.011981,0.043911,-0.018832,-1.026850,0.102770,-0.195092,-0.199251,0.290082,-0.541579,-1.163366,0.253152,-0.017032,-1.027811,0.224021,-0.019389,-0.188481,-0.117516,0.509338,-1.007460,0.148109,-0.043448,-1.083074,0.032444
-0.027353,-0.338821,0.044928,0.018778,0.217158,0.056679,0.032836,0.194886,0.012156,0.009889,0.011540,0.004545,0.038786,0.323117,0.064849,0.031022,0.106923,0.010292,-0.012913,-0.002574,0.017795,-0.024917,-0.975507,0.078225,-0.177931,-0.231048,0.248470,-0.498870,-1.166069,0.215839,0.019086,-1.035366,0.202895,0.011373,-0.212872,-0.113767,0.513123,-1.007242,0.113371,-0.028651,-1.083819,-0.008935
-0.027378,-0.321984,0.019909,0.026291,0.214321,0.032399,0.034962,0.189660,0.016563,0.006298,0.014729,0.009161,0.039788,0.313186,0.039093,0.029587,0.095946,-0.007570,-0.005678,0.006059,-0.001447,-0.028644,-0.934947,0.056282,-0.157670,-0.266448,0.210867,-0.455035,-1.172121,0.181607,0.060926,-1.039459,0.184791,0.039615,-0.240680,-0.110046,0.516048,-1.011236,0.089629,-0.021297,-1.086462,-0.045000
-0.031239,-0.299223,-0.013910,0.034844,0.206033,-0.000021,0.037148,0.185205,0.012000,0.012669,0.014490,0.004486,0.048897,0.292307,0.007008,0.033630,0.077249,-0.018968,-0.001946,0.004899,-0.014071,-0.035582,-0.888226,0.025813,-0.141193,-0.285826,0.166832,-0.417977,-1.164409,0.140988,0.095531,-1.025993,0.159093,0.059470,-0.254492,-0.117936,0.511772,-1.001967,0.064355,-0.021930,-1.074419,-0.086223
-0.035063,-0.275381,-0.044715,0.041801,0.195178,-0.029788,0.037971,0.179488,0.008538,0.023077,0.010579,0.000721,0.056458,0.268608,-0.022518,0.036029,0.059540,-0.024668,-0.000445,-0.001428,-0.020565,-0.043536,-0.839960,-0.003898,-0.127828,-0.293065,0.125859,-0.386773,-1.148535,0.103274,0.120107,-1.003805,0.134045,0.072776,-0.259436,-0.128048,0.502115,-0.984173,0.044888,-0.024005,-1.054332,-0.122824
-0.035228,-0.255380,-0.060551,0.044674,0.184537,-0.045965,0.036147,0.170408,0.016261,0.031596,0.002690,0.008090,0.053096,0.250099,-0.040231,0.029684,0.051510,-0.025120,0.000096,-0.008208,-0.021139,-0.050975,-0.794755,-0.023354,-0.116385,-0.293650,0.097191,-0.360406,-1.130135,0.077475,0.134311,-0.981874,0.116779,0.081358,-0.261197,-0.130870,0.488683,-0.963933,0.037456,-0.023754,-1.033964,-0.145521
-0.033586,-0.232323,-0.077182,0.046140,0.166960,-0.063411,0.033407,0.156673,0.018084,0.041654,-0.006302,0.009704,0.051876,0.222932,-0.058531,0.026945,0.045007,-0.027248,0.000731,-0.012934,-0.023420,-0.059698,-0.733720,-0.047589,-0.109297,-0.270870,0.065235,-0.340419,-1.091685,0.046971,0.137105,-0.944344,0.089643,0.083559,-0.241807,-0.141131,0.470301,-0.923759,0.024212,-0.022241,-0.997630,-0.170705
-0.030892,-0.217618,-0.086299,0.045800,0.151357,-0.073698,0.031473,0.145239,0.012808,0.048636,-0.011824,0.004365,0.053814,0.200769,-0.068711,0.029504,0.043371,-0.030515,0.001435,-0.013166,-0.026811,-0.065518,-0.687246,-0.064336,-0.102525,-0.257657,0.041561,-0.322066,-1.064372,0.022463,0.134943,-0.922613,0.062702,0.084100,-0.232373,-0.146343,0.452008,-0.895434,0.014845,-0.015877,-0.977937,-0.188493
-0.028466,-0.200514,-0.086369,0.043726,0.134794,-0.075030,0.026718,0.142947,0.009880,0.053882,-0.006101,0.001505,0.048581,0.169068,-0.071033,0.026787,0.041671,-0.029946,-0.001896,-0.021768,-0.025826,-0.069811,-0.623456,-0.069650,-0.097465,-0.224325,0.029545,-0.305895,-1.016413,0.006837,0.129038,-0.883629,0.038587,0.082192,-0.201440,-0.142429,0.433292,-0.847628,0.011110,-0.007087,-0.943412,-0.197768
-0.025788,-0.183556,-0.082938,0.041200,0.119168,-0.072853,0.022350,0.140011,0.007577,0.056643,0.000793,-0.000556,0.042063,0.137205,-0.069960,0.023642,0.041659,-0.028929,-0.005452,-0.027298,-0.024487,-0.071829,-0.560076,-0.069332,-0.093447,-0.189957,0.023010,-0.290535,-0.964844,-0.006528,0.121702,-0.842535,0.011794,0.079394,-0.167011,-0.134784,0.415271,-0.797710,0.006765,0.004257,-0.910231,-0.206504
-0.022209,-0.169296,-0.081486,0.039580,0.106390,-0.072528,0.021683,0.126618,0.004159,0.056262,-0.001323,-0.003500,0.040324,0.114451,-0.069906,0.025104,0.044997,-0.030940,-0.005271,-0.018500,-0.026888,-0.070824,-0.514800,-0.069083,-0.089526,-0.172683,0.016158,-0.274622,-0.926235,-0.022877,0.114292,-0.814156,-0.022160,0.077059,-0.147060,-0.129024,0.398793,-0.762352,-0.004298,0.018516,-0.893153,-0.221199
-0.018166,-0.151077,-0.070574,0.036256,0.088367,-0.062942,0.019888,0.110352,0.003401,0.051491,0.001945,-0.003231,0.036700,0.090176,-0.060692,0.026345,0.047789,-0.031489,-0.007304,-0.011190,-0.027765,-0.068342,-0.457841,-0.063280,-0.087092,-0.142506,0.014691,-0.259380,-0.869801,-0.035859,0.104934,-0.766597,-0.055035,0.074220,-0.112183,-0.119162,0.382055,-0.710713,-0.015120,0.034272,-0.859054,-0.235149
-0.015718,-0.137951,-0.055687,0.033062,0.074182,-0.049042,0.018066,0.099461,0.005584,0.044905,0.009116,-0.000032,0.033256,0.076539,-0.047082,0.026963,0.048630,-0.030423,-0.010359,-0.008969,-0.026824,-0.065875,-0.417641,-0.054687,-0.087226,-0.127359,0.016019,-0.246134,-0.823529,-0.046858,0.091815,-0.727443,-0.086362,0.069878,-0.091340,-0.107719,0.363457,-0.670786,-0.026764,0.049902,-0.833686,-0.248714
-0.011995,-0.120934,-0.048979,0.027634,0.065506,-0.043761,0.015352,0.082740,0.005867,0.030151,0.011726,0.001504,0.028123,0.058513,-0.042078,0.024481,0.049408,-0.028580,-0.006961,-0.001944,-0.025390,-0.062029,-0.370026,-0.050874,-0.088019,-0.102550,0.012812,-0.233322,-0.763527,-0.061895,0.076569,-0.672748,-0.120307,0.065909,-0.060878,-0.101999,0.344746,-0.618685,-0.044890,0.066400,-0.791416,-0.266693
-0.007679,-0.104572,-0.043651,0.021695,0.059025,-0.039971,0.013117,0.063892,0.004399,0.014695,0.012212,0.001344,0.022666,0.043556,-0.038569,0.020698,0.048897,-0.025584,-0.001691,0.005191,-0.022876,-0.057565,-0.327421,-0.048006,-0.089669,-0.080067,0.009086,-0.221548,-0.703011,-0.075881,0.059341,-0.615896,-0.149875,0.062276,-0.033629,-0.097762,0.325995,-0.567806,-0.063373,0.082741,-0.744660,-0.282750
-0.003453,-0.093399,-0.032961,0.016934,0.051526,-0.030583,0.012627,0.046838,0.001303,0.005954,0.013321,-0.000561,0.018297,0.039155,-0.029472,0.017385,0.045924,-0.021030,0.000725,0.007893,-0.018676,-0.053260,-0.302317,-0.042218,-0.092290,-0.072050,0.008943,-0.211369,-0.655516,-0.083907,0.040506,-0.570716,-0.169389,0.058965,-0.022183,-0.090920,0.307671,-0.531842,-0.077183,0.097916,-0.707081,-0.291694
0.001588,-0.081387,-0.026899,0.012086,0.046505,-0.025922,0.011487,0.033681,-0.005203,-0.002407,0.016005,-0.006010,0.013848,0.034331,-0.025130,0.012504,0.037692,-0.016326,0.001339,0.006667,-0.014406,-0.043098,-0.269323,-0.038360,-0.089318,-0.052807,0.007712,-0.196514,-0.596732,-0.090468,0.027262,-0.513448,-0.183215,0.062826,-0.000872,-0.086083,0.297155,-0.486483,-0.090314,0.118447,-0.655322,-0.297858
0.004938,-0.074543,-0.028470,0.009632,0.046500,-0.028314,0.010355,0.030954,-0.011810,-0.006145,0.018823,-0.012239,0.011592,0.031449,-0.027707,0.008564,0.028235,-0.013886,-0.000087,0.002011,-0.012266,-0.032222,-0.244911,-0.038304,-0.085493,-0.038589,0.003644,-0.181910,-0.544230,-0.097410,0.015341,-0.462435,-0.194059,0.069391,0.014400,-0.085110,0.290548,-0.448907,-0.104661,0.139990,-0.608279,-0.303362
0.007194,-0.068581,-0.023116,0.002632,0.038301,-0.024224,0.005490,0.018625,-0.015025,-0.006469,0.008147,-0.015435,0.010272,0.021188,-0.022939,0.006759,0.022304,-0.004116,-0.004144,0.000977,-0.002806,-0.020425,-0.218417,-0.038830,-0.080396,-0.018648,0.000068,-0.167340,-0.488385,-0.101738,0.005442,-0.408849,-0.200176,0.079434,0.034873,-0.084771,0.288941,-0.408789,-0.117544,0.163471,-0.557512,-0.305806
0.008493,-0.062324,-0.019439,-0.004026,0.029303,-0.021606,0.000726,0.005708,-0.018635,-0.004178,-0.003991,-0.019127,0.008425,0.011425,-0.019767,0.004553,0.015010,0.002379,-0.008968,-0.000896,0.003346,-0.009459,-0.194566,-0.039086,-0.075851,0.002254,-0.002242,-0.154655,-0.434874,-0.102764,-0.003808,-0.358843,-0.201947,0.091717,0.056085,-0.084175,0.291156,-0.370801,-0.128506,0.187760,-0.509375,-0.305240
0.008949,-0.054588,-0.026043,-0.005490,0.027026,-0.028425,-0.000115,0.001271,-0.026386,-0.000045,-0.005553,-0.026797,0.004633,0.010048,-0.027105,-0.000542,0.001444,-0.005114,-0.012668,-0.008172,-0.004538,-0.001135,-0.178049,-0.038350,-0.073931,0.019331,-0.002577,-0.145999,-0.389020,-0.099726,-0.014171,-0.317613,-0.199425,0.104914,0.073156,-0.082405,0.295540,-0.339197,-0.137476,0.211048,-0.469134,-0.302387
0.008418,-0.048488,-0.027921,-0.006061,0.018833,-0.030238,-0.000754,-0.002993,-0.033176,0.005126,-0.007110,-0.033529,0.003347,0.003252,-0.029062,-0.001223,-0.009293,-0.012469,-0.010510,-0.012968,-0.012259,0.006813,-0.156659,-0.035947,-0.072885,0.044747,-0.000412,-0.139565,-0.338899,-0.091756,-0.023574,-0.272579,-0.192187,0.121805,0.097724,-0.078499,0.304345,-0.301071,-0.144184,0.235617,-0.424313,-0.298060
0.007154,-0.047129,-0.024160,-0.005456,0.008769,-0.026158,-0.000876,-0.004989,-0.035644,0.008721,-0.007995,-0.035995,0.005166,-0.005646,-0.024692,0.002812,-0.011888,-0.016028,-0.003665,-0.012960,-0.015976,0.010325,-0.141143,-0.033111,-0.077521,0.067690,0.002886,-0.140132,-0.295298,-0.079841,-0.037020,-0.233582,-0.181571,0.138769,0.118353,-0.073378,0.313393,-0.266467,-0.150474,0.257648,-0.384809,-0.295117
0.006353,-0.042524,-0.023843,-0.008757,0.002241,-0.026147,-0.003080,-0.013973,-0.039135,0.008267,-0.011666,-0.039195,0.002731,-0.007859,-0.024645,-0.000019,-0.015148,-0.014537,0.000766,-0.010995,-0.014793,0.012529,-0.128610,-0.034182,-0.085743,0.090767,0.002719,-0.145558,-0.255452,-0.068109,-0.053378,-0.196981,-0.172043,0.159144,0.137357,-0.071220,0.325726,-0.232177,-0.161443,0.281214,-0.346795,-0.299139
0.005345,-0.037466,-0.021582,-0.011724,-0.001510,-0.024126,-0.004695,-0.020090,-0.042321,0.008308,-0.015391,-0.042262,0.001276,-0.006297,-0.022451,-0.002620,-0.018764,-0.009387,0.004051,-0.011408,-0.009827,0.012774,-0.118850,-0.035921,-0.099460,0.113418,0.001895,-0.157641,-0.219610,-0.053293,-0.076334,-0.162409,-0.160559,0.182121,0.154587,-0.068783,0.340666,-0.198324,-0.174648,0.307438,-0.309257,-0.307366
0.003493,-0.034746,-0.011940,-0.010000,-0.003328,-0.013962,-0.002928,-0.013449,-0.043862,0.013557,-0.016464,-0.044318,0.006145,-0.003834,-0.011574,0.002237,-0.022289,-0.001911,0.007521,-0.018435,-0.002134,0.010464,-0.111555,-0.035116,-0.120472,0.134594,0.003097,-0.178042,-0.188176,-0.032363,-0.110112,-0.129982,-0.144065,0.206518,0.170135,-0.063069,0.357412,-0.165591,-0.187757,0.337707,-0.271264,-0.316327
0.001765,-0.030628,-0.004599,-0.009114,-0.006520,-0.006225,-0.001840,-0.011401,-0.044417,0.015256,-0.021072,-0.045272,0.006558,-0.000653,-0.003835,0.003303,-0.023491,-0.000110,0.006094,-0.024763,-0.000021,0.007818,-0.102445,-0.038375,-0.147337,0.156787,-0.000852,-0.205050,-0.157536,-0.012467,-0.155545,-0.096115,-0.129273,0.233541,0.188021,-0.060986,0.377633,-0.131023,-0.207958,0.375751,-0.228074,-0.331590
0.001029,-0.027223,-0.003227,-0.009513,-0.009491,-0.004783,-0.001984,-0.015049,-0.043662,0.012488,-0.026991,-0.044603,0.002302,0.001546,-0.003105,0.000039,-0.021933,-0.004910,0.000451,-0.027388,-0.004569,0.006102,-0.096140,-0.044053,-0.178724,0.173526,-0.008704,-0.236924,-0.132610,0.007110,-0.212526,-0.066032,-0.114650,0.262988,0.203106,-0.061227,0.401385,-0.100471,-0.233738,0.422751,-0.184114,-0.350097
0.001565,-0.022412,0.003737,-0.006198,-0.007721,0.002585,0.001535,-0.013538,-0.037227,0.013522,-0.030528,-0.038427,-0.000769,0.003925,0.003208,-0.001250,-0.013386,-0.004299,-0.001457,-0.030003,-0.003267,0.002881,-0.084042,-0.033311,-0.215871,0.191868,-0.001701,-0.274374,-0.104624,0.043902,-0.281563,-0.031508,-0.081666,0.290462,0.223054,-0.045302,0.424143,-0.066202,-0.245668,0.473668,-0.131283,-0.351642
0.002660,-0.017450,0.011821,-0.003237,-0.005344,0.010941,0.003939,-0.009356,-0.027837,0.013432,-0.030238,-0.029230,-0.002498,0.005427,0.010788,-0.001273,-0.003641,-0.000823,-0.001098,-0.032272,0.000959,0.000444,-0.070092,-0.017389,-0.254006,0.206972,0.009142,-0.312220,-0.076842,0.084944,-0.354773,0.003468,-0.042465,0.315905,0.242426,-0.024625,0.445266,-0.032788,-0.253294,0.525370,-0.075405,-0.346315
0.003912,-0.013544,0.016609,-0.004342,-0.006428,0.015413,0.000829,-0.005037,-0.018163,0.007661,-0.024728,-0.019445,-0.002358,0.005011,0.015392,-0.000378,0.001510,0.003068,0.000439,-0.033785,0.005272,0.001359,-0.058188,-0.007460,-0.287268,0.214497,0.013202,-0.344110,-0.052426,0.117286,-0.420868,0.034849,-0.009755,0.338928,0.255713,-0.010671,0.463561,-0.004274,-0.265306,0.572384,-0.023521,-0.344876
0.005220,-0.007288,0.021347,-0.002995,-0.006875,0.020178,0.000992,0.001172,-0.014859,0.006496,-0.014804,-0.015899,-0.002983,0.004724,0.019802,0.000756,0.010122,0.003481,-0.002887,-0.036242,0.006351,0.004049,-0.043200,-0.002596,-0.313389,0.219781,0.012017,-0.367636,-0.025347,0.139987,-0.471011,0.067774,0.015066,0.354992,0.266316,-0.002668,0.473517,0.024235,-0.277514,0.603954,0.025007,-0.346298
0.005857,-0.001833,0.023612,0.000094,-0.006459,0.022807,0.004306,0.006187,-0.019597,0.010515,-0.005412,-0.020381,-0.004171,0.004708,0.021754,0.001453,0.017900,0.000124,-0.009558,-0.038424,0.003565,0.007112,-0.032578,-0.005295,-0.330352,0.215855,0.003679,-0.380675,-0.002592,0.148950,-0.496959,0.094431,0.026947,0.359892,0.265645,-0.003320,0.470233,0.045330,-0.289293,0.610239,0.058519,-0.353367
0.006552,0.002767,0.022579,0.000265,-0.009460,0.021720,0.002962,0.006621,-0.015829,0.013054,-0.008612,-0.016883,-0.002406,0.001074,0.020944,0.002895,0.022056,0.005485,-0.010506,-0.036365,0.009036,0.013527,-0.027078,0.006077,-0.332764,0.202748,0.010287,-0.377930,0.014959,0.164606,-0.489424,0.113446,0.045229,0.354789,0.252541,0.008964,0.454587,0.058317,-0.276765,0.588944,0.073454,-0.344769
0.006802,0.005513,0.019733,-0.000732,-0.010987,0.018704,0.000253,0.006297,-0.009868,0.011926,-0.013519,-0.011220,0.000302,-0.003641,0.018568,0.004275,0.021980,0.012679,-0.008754,-0.031435,0.015914,0.020579,-0.026701,0.014897,-0.322336,0.181573,0.015390,-0.361491,0.026620,0.169722,-0.449982,0.124202,0.051657,0.336841,0.227309,0.017643,0.423949,0.062825,-0.255900,0.537212,0.068744,-0.337362
0.006313,0.005460,0.016414,-0.000976,-0.006043,0.015403,-0.000327,0.009111,-0.008295,0.005265,-0.009301,-0.009487,0.002093,-0.006802,0.015674,0.004925,0.017221,0.014762,-0.007173,-0.024822,0.017286,0.025832,-0.031335,0.004291,-0.302309,0.153376,0.002118,-0.335010,0.030869,0.147658,-0.385620,0.125801,0.028769,0.305110,0.191395,0.006086,0.378227,0.058555,-0.244743,0.457948,0.045740,-0.348195
0.006099,0.004857,0.012306,-0.001472,-0.002998,0.011243,-0.000666,0.006691,-0.006285,-0.004386,-0.006153,-0.007023,0.001264,-0.008730,0.011453,0.003424,0.012591,0.012456,-0.002367,-0.020163,0.014455,0.030265,-0.035055,-0.004256,-0.273888,0.125002,-0.008290,-0.300219,0.031837,0.120997,-0.304208,0.123416,-0.001463,0.263634,0.152675,-0.004026,0.322628,0.050562,-0.224447,0.361822,0.012664,-0.355901
0.006245,0.003954,0.009410,-0.001967,-0.003450,0.008253,-0.000607,0.000229,-0.004849,-0.012206,-0.005652,-0.005068,-0.001806,-0.008501,0.007961,0.000489,0.010351,0.006826,0.003181,-0.019810,0.008746,0.031609,-0.036003,-0.006473,-0.242480,0.099046,-0.011875,-0.262984,0.029770,0.095844,-0.218901,0.118408,-0.033121,0.213983,0.115508,-0.008237,0.260030,0.040056,-0.194006,0.258154,-0.025403,-0.356079
0.006924,0.000001,0.009887,0.001002,-0.002710,0.009045,0.000978,0.005751,-0.001792,-0.023487,-0.000896,-0.001902,-0.000868,-0.008781,0.008474,0.001906,0.010949,0.005339,0.006132,-0.018441,0.007228,0.032019,-0.037671,-0.009113,-0.209301,0.072701,-0.015685,-0.224861,0.020398,0.067722,-0.137993,0.107320,-0.070279,0.162241,0.079051,-0.013240,0.197622,0.023433,-0.163319,0.160002,-0.068356,-0.355001
0.007606,-0.006053,0.011715,0.002968,0.000232,0.011040,0.001557,0.013558,0.002372,-0.032805,0.004887,0.002262,0.000175,-0.008313,0.010353,0.003168,0.013356,0.007173,0.006411,-0.015461,0.009018,0.031744,-0.042340,-0.009925,-0.177040,0.044460,-0.017652,-0.188748,0.001796,0.041188,-0.069365,0.088479,-0.107276,0.112136,0.043352,-0.016761,0.139805,-0.000957,-0.132564,0.076000,-0.114823,-0.349450
0.008113,-0.013407,0.012789,-0.000212,0.006159,0.011566,-0.001109,0.013842,0.007074,-0.034464,0.008356,0.007157,-0.002174,-0.006038,0.010882,0.000161,0.016243,0.011433,0.004258,-0.010564,0.013163,0.031328,-0.052415,-0.006731,-0.147244,0.012752,-0.015635,-0.156255,-0.027067,0.020417,-0.017353,0.060411,-0.138287,0.066887,0.007683,-0.016604,0.089969,-0.034182,-0.101090,0.011663,-0.163824,-0.335924
0.009193,-0.020711,0.014681,-0.000847,0.011055,0.013201,-0.001643,0.016260,0.011302,-0.029545,0.011473,0.011368,-0.004450,-0.006040,0.012144,-0.001652,0.020028,0.012412,0.001919,-0.005759,0.014074,0.030734,-0.058286,0.001498,-0.121111,-0.012038,-0.008483,-0.128496,-0.054605,0.007937,0.016342,0.033724,-0.158990,0.028182,-0.017462,-0.011694,0.049510,-0.064789,-0.068574,-0.031534,-0.202928,-0.312037
0.010234,-0.024362,0.016369,0.001280,0.012400,0.015047,0.000126,0.019493,0.012873,-0.020583,0.012546,0.012723,-0.005625,-0.008341,0.013424,-0.001471,0.022805,0.009510,0.000444,-0.003411,0.011183,0.030208,-0.057058,0.010557,-0.098760,-0.026336,-0.000239,-0.105429,-0.075653,0.000423,0.033032,0.012340,-0.171172,-0.002874,-0.029053,-0.006121,0.018940,-0.087829,-0.039302,-0.054589,-0.227220,-0.281076
0.008999,-0.033817,0.018634,0.000455,0.005042,0.017377,-0.001454,0.022440,0.006369,-0.010472,0.014418,0.006002,-0.003067,-0.007980,0.016380,0.002746,0.023038,0.003804,0.002028,-0.000399,0.005272,0.027367,-0.060304,0.019654,-0.082454,-0.041300,0.008483,-0.089091,-0.099642,-0.002522,0.033257,-0.014283,-0.174334,-0.028551,-0.039128,-0.000524,-0.004764,-0.112892,-0.013765,-0.063172,-0.247266,-0.243746
0.006826,-0.043521,0.022065,-0.000049,-0.002391,0.021053,-0.002541,0.025263,0.000193,-0.001165,0.015318,-0.000433,-0.000644,-0.005241,0.020654,0.006593,0.023639,-0.000484,0.004213,0.003718,0.000744,0.024352,-0.064527,0.028860,-0.069658,-0.053334,0.017861,-0.076719,-0.121327,-0.000858,0.023313,-0.041670,-0.168183,-0.047206,-0.045112,0.005347,-0.020756,-0.134886,0.008659,-0.059808,-0.259606,-0.200844
0.005300,-0.048071,0.027066,0.003183,-0.001471,0.026736,0.000874,0.027822,0.002613,0.005550,0.013195,0.001653,-0.001990,-0.000495,0.025690,0.005900,0.027384,0.000627,0.004706,0.009357,0.001748,0.023492,-0.066421,0.037987,-0.057472,-0.059488,0.027705,-0.065187,-0.136416,0.004831,0.010394,-0.065885,-0.153534,-0.057543,-0.045030,0.011474,-0.028442,-0.149614,0.028535,-0.047561,-0.262157,-0.154122
0.003123,-0.052375,0.029192,0.007069,-0.001849,0.029731,0.006494,0.024052,-0.000581,0.014505,0.004008,-0.001923,-0.003554,0.002222,0.027934,0.005068,0.027812,-0.002183,0.005386,0.013549,-0.001283,0.020269,-0.069839,0.047556,-0.049698,-0.064350,0.038457,-0.058128,-0.148619,0.014322,-0.004975,-0.090670,-0.131110,-0.065512,-0.044337,0.018542,-0.034345,-0.160875,0.047231,-0.036632,-0.260971,-0.105016
0.001336,-0.054179,0.027427,0.009683,-0.003196,0.028600,0.011522,0.015993,-0.007743,0.021219,-0.007483,-0.009326,-0.004612,0.001591,0.026313,0.004452,0.024734,-0.007446,0.005853,0.014237,-0.006772,0.016298,-0.072968,0.052806,-0.043946,-0.067119,0.045206,-0.053007,-0.156707,0.021800,-0.016607,-0.114583,-0.107415,-0.071084,-0.042882,0.021924,-0.038788,-0.167517,0.060697,-0.030436,-0.257045,-0.060391
0.001508,-0.054382,0.028233,0.009227,-0.000870,0.029323,0.011453,0.014384,-0.004247,0.022809,-0.010792,-0.005964,-0.001281,0.004539,0.027711,0.007499,0.028388,-0.004193,0.010272,0.009232,-0.002963,0.013170,-0.074628,0.055107,-0.037962,-0.067669,0.049135,-0.047455,-0.160401,0.027429,-0.019691,-0.136953,-0.083186,-0.074055,-0.040867,0.023071,-0.041711,-0.169359,0.070610,-0.030795,-0.251920,-0.020919
0.002758,-0.053531,0.030931,0.008085,0.004905,0.031686,0.010051,0.016038,0.005090,0.020097,-0.010274,0.003314,0.001796,0.009267,0.030755,0.010526,0.034055,-0.000368,0.014225,0.005489,0.001458,0.010223,-0.074656,0.057137,-0.032014,-0.066738,0.052744,-0.041647,-0.160362,0.032805,-0.013863,-0.157792,-0.057972,-0.075989,-0.038979,0.024700,-0.044608,-0.167208,0.079445,-0.039299,-0.247288,0.014364
0.004162,-0.052078,0.034836,0.008736,0.014060,0.035493,0.011187,0.017929,0.015365,0.014076,-0.010031,0.013577,-0.000048,0.013986,0.034074,0.009808,0.037011,-0.003883,0.013218,0.010013,-0.002163,0.006811,-0.072850,0.061483,-0.026666,-0.064741,0.058463,-0.036093,-0.156965,0.039836,-0.001255,-0.176475,-0.031222,-0.077830,-0.037280,0.029401,-0.048201,-0.161626,0.089235,-0.054778,-0.243482,0.046979
0.005523,-0.048075,0.034387,0.007468,0.021957,0.034682,0.010824,0.017497,0.019858,0.007514,-0.007222,0.018349,-0.001880,0.019226,0.033054,0.008460,0.038530,-0.009553,0.010260,0.008658,-0.007673,0.003667,-0.067762,0.060302,-0.021316,-0.060545,0.058342,-0.030225,-0.149161,0.040554,0.015281,-0.190563,-0.012419,-0.078666,-0.034134,0.029325,-0.051288,-0.151777,0.091595,-0.072555,-0.238384,0.068816
0.006187,-0.043520,0.029910,0.004901,0.024651,0.029760,0.009121,0.014948,0.016471,0.003653,-0.003303,0.015392,-0.002805,0.022345,0.028302,0.007137,0.037856,-0.014443,0.006813,0.002130,-0.012222,0.002404,-0.061903,0.054279,-0.014531,-0.056747,0.053007,-0.022701,-0.139858,0.036028,0.032858,-0.201379,-0.002074,-0.076516,-0.031634,0.025116,-0.051560,-0.140783,0.087020,-0.086112,-0.233279,0.081044
0.005707,-0.040119,0.033094,0.006400,0.018285,0.033231,0.010910,0.010056,0.016192,0.004879,0.000164,0.015646,-0.003299,0.024265,0.031502,0.007706,0.039734,-0.016859,0.004437,0.004713,-0.014713,0.000702,-0.058392,0.054203,-0.008718,-0.056376,0.053257,-0.016094,-0.132677,0.037745,0.044980,-0.211201,0.009800,-0.073420,-0.032350,0.027475,-0.050753,-0.132444,0.086613,-0.093301,-0.230284,0.095527
0.004463,-0.037125,0.037799,0.008554,0.008073,0.038414,0.012999,0.004199,0.015982,0.007682,0.001752,0.015899,-0.002611,0.025639,0.036577,0.009011,0.037947,-0.016890,0.004453,0.007933,-0.015070,-0.000823,-0.056914,0.055338,-0.003213,-0.058901,0.054418,-0.009937,-0.127967,0.041743,0.049340,-0.219765,0.018084,-0.068687,-0.035397,0.031511,-0.047895,-0.127204,0.086346,-0.090358,-0.228870,0.109038
0.002841,-0.033626,0.038086,0.007888,-0.000645,0.038830,0.012151,-0.001200,0.013121,0.008556,0.000088,0.013253,0.000010,0.027233,0.037650,0.009885,0.026476,-0.014336,0.008171,0.003533,-0.012931,-0.001472,-0.056990,0.053105,0.002819,-0.063520,0.052019,-0.003609,-0.126111,0.044175,0.045211,-0.227805,0.018335,-0.061665,-0.039836,0.032496,-0.042073,-0.125398,0.082520,-0.074974,-0.229249,0.118817
0.001213,-0.030278,0.035970,0.008295,-0.008829,0.036992,0.012446,-0.006552,0.008224,0.011369,-0.000402,0.008633,0.001686,0.026627,0.036139,0.009383,0.013051,-0.011993,0.011836,0.001593,-0.011262,-0.002031,-0.056601,0.052609,0.008710,-0.067771,0.051306,0.001989,-0.126099,0.050773,0.031675,-0.235370,0.016398,-0.053105,-0.043420,0.035482,-0.033843,-0.125768,0.081036,-0.047700,-0.230601,0.131750
0.000293,-0.028832,0.032581,0.009454,-0.012513,0.033893,0.013623,-0.009315,0.003823,0.014583,0.000414,0.004436,0.001446,0.024028,0.032874,0.007626,0.004289,-0.011023,0.013462,0.003003,-0.010889,-0.002374,-0.055984,0.054164,0.014585,-0.071295,0.052756,0.006768,-0.129081,0.062346,0.009832,-0.244723,0.013995,-0.042620,-0.046437,0.040874,-0.022746,-0.129034,0.082812,-0.009380,-0.234141,0.149352
0.000211,-0.028731,0.023470,0.008306,-0.016441,0.024631,0.012383,-0.011615,-0.006965,0.015004,-0.002203,-0.006393,0.005205,0.023610,0.024459,0.007149,-0.016639,-0.009286,0.021451,-0.001661,-0.010074,-0.003395,-0.053004,0.050437,0.019364,-0.071232,0.049201,0.009512,-0.133299,0.071824,-0.019082,-0.254510,0.005895,-0.030678,-0.046951,0.041521,-0.009370,-0.132945,0.080928,0.036716,-0.237688,0.164332
0.000553,-0.029176,0.013926,0.005715,-0.021933,0.014668,0.009633,-0.014343,-0.019517,0.012221,-0.003865,-0.018873,0.010111,0.022031,0.015735,0.007476,-0.037476,-0.005304,0.028960,-0.009773,-0.006801,-0.005946,-0.050548,0.043357,0.021840,-0.069723,0.042718,0.009062,-0.140964,0.080962,-0.052426,-0.266260,-0.003304,-0.017816,-0.047946,0.039472,0.005389,-0.139361,0.077560,0.085537,-0.242537,0.177189
0.000942,-0.029224,0.009338,0.002634,-0.030235,0.009577,0.006367,-0.018331,-0.028999,0.005939,0.000006,-0.027805,0.013370,0.016110,0.011651,0.008196,-0.045771,0.002542,0.029177,-0.018485,0.001077,-0.010932,-0.051258,0.035022,0.020641,-0.068866,0.035473,0.004350,-0.152684,0.090891,-0.086398,-0.279002,-0.008829,-0.005216,-0.051853,0.036702,0.019756,-0.148861,0.074750,0.129947,-0.248242,0.187206
0.001493,-0.027970,0.003156,0.003581,-0.037502,0.003440,0.005474,-0.022171,-0.028154,0.001239,0.010215,-0.025996,0.015384,0.009953,0.005716,0.009053,-0.044994,0.006773,0.028654,-0.027093,0.005880,-0.014585,-0.043929,0.019840,0.019035,-0.057402,0.021793,-0.000709,-0.153976,0.093796,-0.111955,-0.276444,-0.014729,0.009483,-0.046984,0.027108,0.035375,-0.147355,0.066141,0.165969,-0.239695,0.184938
0.001878,-0.026113,-0.001482,0.007942,-0.040185,-0.000633,0.007255,-0.024057,-0.017341,0.000345,0.021508,-0.014292,0.015076,0.006554,0.000943,0.009549,-0.035629,0.005294,0.027553,-0.031334,0.005223,-0.015182,-0.032332,0.005444,0.018258,-0.039842,0.009021,-0.003923,-0.144744,0.093514,-0.122782,-0.257208,-0.014319,0.025110,-0.036641,0.017414,0.050386,-0.135509,0.057474,0.187272,-0.217015,0.173730
0.002803,-0.027358,-0.015055,0.015957,-0.037871,-0.013172,0.006885,-0.010119,0.006095,0.002778,0.032749,0.008931,0.018111,0.004223,-0.012257,0.011618,-0.027382,0.003460,0.039701,-0.041106,0.004605,-0.020078,-0.025775,-0.004932,0.010525,-0.027105,-0.000131,-0.011965,-0.130917,0.088205,-0.123717,-0.226840,-0.008384,0.030155,-0.030035,0.009698,0.052815,-0.120215,0.048932,0.179933,-0.187273,0.152718
0.004147,-0.026948,-0.026759,0.022497,-0.031948,-0.024104,0.005641,0.002945,0.032836,0.006413,0.042281,0.035370,0.021562,0.003971,-0.023586,0.013486,-0.018091,0.006200,0.053434,-0.048838,0.008530,-0.024869,-0.022095,-0.016404,-0.000017,-0.019080,-0.011383,-0.019765,-0.108579,0.067884,-0.110515,-0.181965,-0.007972,0.024874,-0.025370,-0.002168,0.042841,-0.098389,0.032122,0.145189,-0.148127,0.114034
0.005839,-0.020284,-0.025984,0.022344,-0.023958,-0.023585,0.004763,-0.001624,0.053369,0.009128,0.048347,0.056528,0.022513,0.006719,-0.022953,0.013378,-0.005703,0.018217,0.056976,-0.047010,0.021256,-0.025153,-0.019201,-0.034279,-0.008842,-0.015180,-0.030425,-0.022511,-0.076253,0.025160,-0.081421,-0.122326,-0.022990,0.011681,-0.021140,-0.023868,0.023200,-0.068895,-0.000012,0.089230,-0.099418,0.052430
0.006955,-0.015878,-0.025534,0.022215,-0.018666,-0.023310,0.004161,-0.004703,0.066977,0.010930,0.052364,0.070550,0.023114,0.008542,-0.022600,0.013272,0.002545,0.026154,0.059284,-0.045812,0.029663,-0.025329,-0.017277,-0.046283,-0.013939,-0.013698,-0.043382,-0.023734,-0.057166,-0.003273,-0.064488,-0.088588,-0.036210,0.001912,-0.018524,-0.038633,0.009846,-0.051786,-0.021445,0.055388,-0.072340,0.014649
