body_0_w,body_0_x,body_0_y,body_0_z,body_1_w,body_1_x,body_1_y,body_1_z,body_2_w,body_2_x,body_2_y,body_2_z,body_3_w,body_3_x,body_3_y,body_3_z,body_4_w,body_4_x,body_4_y,body_4_z,body_5_w,body_5_x,body_5_y,body_5_z,body_6_w,body_6_x,body_6_y,body_6_z,body_7_w,body_7_x,body_7_y,body_7_z,body_8_w,body_8_x,body_8_y,body_8_z,body_9_w,body_9_x,body_9_y,body_9_z,body_10_w,body_10_x,body_10_y,body_10_z,body_11_w,body_11_x,body_11_y,body_11_z,body_12_w,body_12_x,body_12_y,body_12_z,body_13_w,body_13_x,body_13_y,body_13_z
0.999932,0.003107,-0.011249,-0.000279,0.996659,0.054408,-0.060848,0.002699,0.988924,0.030628,0.094967,0.109872,0.994153,-0.007928,0.007480,0.107434,0.996319,-0.038773,-0.076360,-0.003690,0.993593,-0.023476,0.088184,-0.066676,0.997896,0.002709,-0.011815,-0.063698,0.999365,-0.000211,0.029433,-0.020094,0.973755,0.225667,-0.009472,-0.028020,0.892191,0.283162,0.295302,-0.191339,0.892698,0.311484,0.121826,-0.302038,0.973893,-0.221347,-0.049708,-0.008230,0.880697,-0.302423,0.284484,0.227997,0.892065,-0.329351,0.095709,0.294258
0.999930,0.003108,-0.011382,-0.000337,0.996658,0.054423,-0.060860,0.002643,0.988935,0.030649,0.094845,0.109874,0.994162,-0.007805,0.006941,0.107390,0.996333,-0.038920,-0.076109,-0.003747,0.993538,-0.023514,0.088385,-0.067207,0.997864,0.002920,-0.011475,-0.064237,0.999383,-0.000159,0.028902,-0.019981,0.973629,0.226239,-0.009572,-0.027766,0.892472,0.283418,0.294263,-0.191253,0.892708,0.311771,0.120387,-0.302288,0.973790,-0.221772,-0.049806,-0.008291,0.881033,-0.302477,0.283242,0.228171,0.892222,-0.329341,0.093914,0.294371
0.999929,0.003118,-0.011493,-0.000305,0.996656,0.054407,-0.060913,0.002676,0.988943,0.030632,0.094774,0.109871,0.994169,-0.007672,0.006561,0.107357,0.996347,-0.039066,-0.075852,-0.003716,0.993487,-0.023563,0.088603,-0.067660,0.997838,0.003078,-0.011188,-0.064694,0.999399,-0.000105,0.028429,-0.019828,0.973390,0.227314,-0.009253,-0.027465,0.892850,0.283812,0.292693,-0.191312,0.892672,0.312129,0.117997,-0.302966,0.973609,-0.222641,-0.049462,-0.008346,0.881526,-0.302480,0.281343,0.228613,0.892470,-0.329157,0.090943,0.294759
0.999928,0.003147,-0.011562,-0.000092,0.996651,0.054331,-0.061050,0.002887,0.988944,0.030542,0.094801,0.109862,0.994172,-0.007519,0.006495,0.107344,0.996362,-0.039205,-0.075589,-0.003506,0.993443,-0.023631,0.088852,-0.067956,0.997821,0.003131,-0.011008,-0.064985,0.999414,-0.000046,0.028066,-0.019596,0.973044,0.228865,-0.008518,-0.027093,0.893304,0.284336,0.290691,-0.191467,0.892635,0.312512,0.114726,-0.303935,0.973360,-0.223891,-0.048715,-0.008336,0.882121,-0.302450,0.278888,0.229364,0.892768,-0.328742,0.086933,0.295529
0.999927,0.003180,-0.011649,0.000076,0.996645,0.054255,-0.061207,0.003054,0.988946,0.030458,0.094933,0.109752,0.994186,-0.007322,0.006467,0.107229,0.996374,-0.039294,-0.075387,-0.003341,0.993408,-0.023658,0.089040,-0.068206,0.997805,0.003183,-0.010948,-0.065229,0.999428,-0.000032,0.027712,-0.019397,0.972605,0.230795,-0.007566,-0.026744,0.893833,0.285002,0.288199,-0.191773,0.892633,0.312870,0.110469,-0.305149,0.973036,-0.225505,-0.047734,-0.008378,0.882819,-0.302448,0.275931,0.230256,0.893118,-0.328114,0.081967,0.296585
0.999926,0.003215,-0.011745,0.000222,0.996638,0.054180,-0.061374,0.003200,0.988949,0.030378,0.095116,0.109592,0.994206,-0.007103,0.006457,0.107064,0.996385,-0.039358,-0.075216,-0.003197,0.993378,-0.023666,0.089197,-0.068434,0.997791,0.003234,-0.010948,-0.065449,0.999441,-0.000040,0.027362,-0.019214,0.972081,0.233064,-0.006470,-0.026404,0.894405,0.285829,0.285332,-0.192165,0.892690,0.313167,0.105305,-0.306499,0.972655,-0.227373,-0.046620,-0.008446,0.883583,-0.302475,0.272580,0.231280,0.893510,-0.327201,0.076150,0.297960
0.999925,0.003230,-0.011802,0.000499,0.996627,0.054150,-0.061560,0.003481,0.988953,0.030334,0.095104,0.109579,0.994210,-0.006945,0.006350,0.107043,0.996394,-0.039396,-0.075094,-0.002921,0.993369,-0.023703,0.089332,-0.068378,0.997794,0.003236,-0.011004,-0.065382,0.999452,-0.000087,0.027113,-0.018991,0.971490,0.235590,-0.005184,-0.026050,0.894972,0.286764,0.282322,-0.192578,0.892827,0.313304,0.099449,-0.307913,0.972235,-0.229410,-0.045368,-0.008454,0.884335,-0.302536,0.269033,0.232476,0.893911,-0.325947,0.069675,0.299712
0.999924,0.003246,-0.011862,0.000770,0.996617,0.054117,-0.061739,0.003757,0.988958,0.030293,0.095093,0.109548,0.994216,-0.006792,0.006236,0.107003,0.996402,-0.039438,-0.074971,-0.002651,0.993365,-0.023757,0.089437,-0.068278,0.997801,0.003216,-0.011081,-0.065269,0.999463,-0.000150,0.026870,-0.018749,0.970840,0.238317,-0.003848,-0.025681,0.895525,0.287830,0.279213,-0.192946,0.893029,0.313304,0.092977,-0.309346,0.971795,-0.231508,-0.044129,-0.008438,0.885083,-0.302622,0.265326,0.233775,0.894331,-0.324353,0.062590,0.301745
0.999923,0.003267,-0.011926,0.001027,0.996608,0.054084,-0.061901,0.004016,0.988967,0.030263,0.095084,0.109483,0.994226,-0.006646,0.006110,0.106928,0.996411,-0.039484,-0.074842,-0.002396,0.993372,-0.023845,0.089482,-0.068090,0.997813,0.003153,-0.011196,-0.065064,0.999474,-0.000241,0.026643,-0.018469,0.970152,0.241164,-0.002479,-0.025287,0.896051,0.288982,0.276131,-0.193218,0.893281,0.313155,0.086108,-0.310754,0.971348,-0.233598,-0.042941,-0.008370,0.885798,-0.302728,0.261558,0.235168,0.894747,-0.322455,0.055065,0.304003
0.999922,0.003290,-0.011953,0.001178,0.996601,0.054015,-0.062068,0.004168,0.988997,0.030224,0.095003,0.109294,0.994248,-0.006565,0.005996,0.106734,0.996415,-0.039554,-0.074747,-0.002249,0.993379,-0.023932,0.089421,-0.068041,0.997816,0.003058,-0.011334,-0.065000,0.999480,-0.000330,0.026488,-0.018373,0.969427,0.244090,-0.001093,-0.025097,0.896475,0.290264,0.273150,-0.193565,0.893473,0.312917,0.079074,-0.312309,0.970918,-0.235596,-0.041726,-0.008451,0.886518,-0.302737,0.257907,0.236476,0.895216,-0.320260,0.047405,0.306227
0.999922,0.003314,-0.011962,0.001275,0.996594,0.053927,-0.062237,0.004264,0.989037,0.030180,0.094887,0.109043,0.994276,-0.006515,0.005888,0.106480,0.996418,-0.039635,-0.074669,-0.002159,0.993385,-0.024019,0.089308,-0.068062,0.997814,0.002948,-0.011483,-0.065006,0.999483,-0.000417,0.026369,-0.018368,0.968681,0.247046,0.000283,-0.025013,0.896823,0.291628,0.270322,-0.193874,0.893612,0.312643,0.072115,-0.313866,0.970515,-0.237448,-0.040558,-0.008596,0.887223,-0.302664,0.254353,0.237769,0.895691,-0.317863,0.039754,0.308415
0.999922,0.003336,-0.011935,0.001518,0.996578,0.053864,-0.062539,0.004514,0.989064,0.030105,0.094691,0.108995,0.994283,-0.006477,0.005727,0.106430,0.996429,-0.039674,-0.074508,-0.001916,0.993399,-0.024120,0.089321,-0.067818,0.997831,0.002904,-0.011558,-0.064747,0.999486,-0.000521,0.026331,-0.018254,0.967932,0.249975,0.001728,-0.024855,0.897125,0.292979,0.267784,-0.193965,0.893749,0.312352,0.065554,-0.315202,0.970149,-0.239125,-0.039458,-0.008600,0.887842,-0.302552,0.250908,0.239257,0.896083,-0.315352,0.032289,0.310720
0.999922,0.003359,-0.011907,0.001732,0.996565,0.053794,-0.062791,0.004732,0.989086,0.030027,0.094544,0.108944,0.994289,-0.006444,0.005578,0.106378,0.996438,-0.039720,-0.074368,-0.001703,0.993412,-0.024222,0.089314,-0.067599,0.997845,0.002878,-0.011614,-0.064515,0.999489,-0.000623,0.026310,-0.018158,0.967181,0.252863,0.003135,-0.024728,0.897368,0.294363,0.265474,-0.193921,0.893839,0.312143,0.059476,-0.316357,0.969822,-0.240606,-0.038481,-0.008601,0.888410,-0.302383,0.247565,0.240841,0.896408,-0.312810,0.025149,0.313003
0.999922,0.003384,-0.011880,0.001889,0.996559,0.053712,-0.062946,0.004888,0.989099,0.029944,0.094492,0.108889,0.994296,-0.006418,0.005446,0.106319,0.996443,-0.039777,-0.074271,-0.001550,0.993425,-0.024326,0.089268,-0.067430,0.997856,0.002890,-0.011636,-0.064336,0.999489,-0.000722,0.026319,-0.018099,0.966434,0.255690,0.004499,-0.024655,0.897543,0.295777,0.263423,-0.193756,0.893876,0.312066,0.054023,-0.317305,0.969534,-0.241894,-0.037635,-0.008614,0.888907,-0.302172,0.244346,0.242554,0.896641,-0.310310,0.018469,0.315281
0.999922,0.003406,-0.011868,0.001973,0.996558,0.053600,-0.063051,0.004967,0.989121,0.029851,0.094456,0.108752,0.994312,-0.006415,0.005356,0.106183,0.996447,-0.039853,-0.074189,-0.001471,0.993423,-0.024417,0.089294,-0.067384,0.997860,0.002877,-0.011604,-0.064281,0.999488,-0.000805,0.026370,-0.018075,0.965689,0.258464,0.005823,-0.024636,0.897638,0.297238,0.261663,-0.193464,0.893855,0.312180,0.049301,-0.318018,0.969289,-0.242983,-0.036937,-0.008636,0.889316,-0.301927,0.241254,0.244445,0.896758,-0.307898,0.012325,0.317604
0.999922,0.003427,-0.011863,0.002020,0.996559,0.053471,-0.063132,0.005007,0.989146,0.029754,0.094428,0.108575,0.994330,-0.006425,0.005287,0.106008,0.996449,-0.039936,-0.074113,-0.001430,0.993414,-0.024501,0.089358,-0.067399,0.997860,0.002852,-0.011545,-0.064289,0.999487,-0.000880,0.026443,-0.018070,0.964948,0.261183,0.007082,-0.024650,0.897660,0.298747,0.260188,-0.193024,0.893786,0.312527,0.045348,-0.318461,0.969082,-0.243880,-0.036433,-0.008655,0.889630,-0.301675,0.238255,0.246546,0.896738,-0.305630,0.006730,0.320008
0.999922,0.003437,-0.011842,0.002124,0.996562,0.053388,-0.063153,0.005105,0.989146,0.029669,0.094429,0.108595,0.994328,-0.006420,0.005252,0.106031,0.996444,-0.039996,-0.074143,-0.001334,0.993417,-0.024557,0.089330,-0.067379,0.997862,0.002804,-0.011500,-0.064268,0.999484,-0.000907,0.026555,-0.018044,0.964199,0.263898,0.008297,-0.024662,0.897597,0.300344,0.259035,-0.192392,0.893664,0.313172,0.042222,-0.318597,0.968931,-0.244529,-0.036119,-0.008631,0.889854,-0.301368,0.235334,0.248906,0.896589,-0.303472,0.001683,0.322538
0.999922,0.003442,-0.011813,0.002186,0.996567,0.053306,-0.063134,0.005160,0.989151,0.029599,0.094415,0.108577,0.994330,-0.006417,0.005208,0.106015,0.996440,-0.040051,-0.074176,-0.001279,0.993420,-0.024607,0.089281,-0.067382,0.997863,0.002734,-0.011477,-0.064269,0.999481,-0.000938,0.026675,-0.018054,0.963451,0.266574,0.009421,-0.024720,0.897457,0.302014,0.258148,-0.191620,0.893490,0.314105,0.039856,-0.318472,0.968829,-0.244951,-0.035992,-0.008625,0.890017,-0.301004,0.232491,0.251423,0.896338,-0.301459,-0.002819,0.325105
0.999923,0.003434,-0.011768,0.002163,0.996578,0.053221,-0.063036,0.005128,0.989167,0.029557,0.094370,0.108486,0.994340,-0.006416,0.005147,0.105923,0.996435,-0.040103,-0.074216,-0.001306,0.993423,-0.024649,0.089193,-0.067435,0.997860,0.002615,-0.011496,-0.064320,0.999475,-0.000980,0.026811,-0.018139,0.962702,0.269217,0.010456,-0.024860,0.897233,0.303770,0.257516,-0.190742,0.893255,0.315326,0.038217,-0.318126,0.968786,-0.245115,-0.036002,-0.008670,0.890158,-0.300521,0.229745,0.254014,0.896035,-0.299552,-0.006780,0.327633
0.999923,0.003439,-0.011707,0.002140,0.996588,0.053143,-0.062943,0.005095,0.989169,0.029496,0.094377,0.108479,0.994339,-0.006432,0.005231,0.105927,0.996428,-0.040128,-0.074293,-0.001336,0.993431,-0.024690,0.089152,-0.067358,0.997865,0.002478,-0.011460,-0.064244,0.999469,-0.001000,0.026972,-0.018229,0.961941,0.271869,0.011436,-0.025018,0.896923,0.305625,0.257176,-0.189690,0.892974,0.316853,0.037309,-0.317504,0.968824,-0.244947,-0.036119,-0.008700,0.890301,-0.299843,0.227078,0.256698,0.895713,-0.297665,-0.010260,0.330134
0.999924,0.003449,-0.011638,0.002118,0.996598,0.053066,-0.062853,0.005063,0.989164,0.029421,0.094411,0.108516,0.994332,-0.006456,0.005388,0.105982,0.996420,-0.040142,-0.074387,-0.001365,0.993441,-0.024731,0.089135,-0.067216,0.997875,0.002331,-0.011396,-0.064104,0.999463,-0.001010,0.027146,-0.018321,0.961172,0.274521,0.012366,-0.025186,0.896537,0.307566,0.257113,-0.188459,0.892660,0.318655,0.037071,-0.316610,0.968946,-0.244435,-0.036317,-0.008712,0.890472,-0.298940,0.224486,0.259423,0.895403,-0.295761,-0.013306,0.332567
0.999926,0.003451,-0.011514,0.001975,0.996607,0.053040,-0.062753,0.004913,0.989175,0.029410,0.094258,0.108555,0.994328,-0.006414,0.005384,0.106027,0.996412,-0.040114,-0.074512,-0.001512,0.993456,-0.024743,0.089086,-0.067052,0.997887,0.002233,-0.011301,-0.063947,0.999457,-0.001029,0.027265,-0.018469,0.960399,0.277155,0.013184,-0.025398,0.896090,0.309590,0.257243,-0.187092,0.892314,0.320698,0.037364,-0.315489,0.969145,-0.243598,-0.036610,-0.008777,0.890707,-0.297817,0.221941,0.262086,0.895146,-0.293841,-0.015995,0.334837
0.999928,0.003452,-0.011388,0.001814,0.996614,0.053006,-0.062681,0.004747,0.989184,0.029386,0.094151,0.108569,0.994326,-0.006374,0.005420,0.106048,0.996402,-0.040102,-0.074647,-0.001678,0.993467,-0.024757,0.089039,-0.066946,0.997894,0.002143,-0.011227,-0.063847,0.999450,-0.001042,0.027419,-0.018649,0.959618,0.279782,0.014007,-0.025655,0.895560,0.311676,0.257647,-0.185603,0.891942,0.322916,0.038220,-0.314173,0.969426,-0.242434,-0.036889,-0.008851,0.890986,-0.296437,0.219522,0.264723,0.894958,-0.291823,-0.018298,0.336979
0.999929,0.003453,-0.011255,0.001615,0.996618,0.052961,-0.062661,0.004544,0.989190,0.029340,0.094140,0.108531,0.994328,-0.006337,0.005539,0.106024,0.996389,-0.040120,-0.074801,-0.001885,0.993470,-0.024773,0.088999,-0.066959,0.997894,0.002072,-0.011192,-0.063863,0.999439,-0.001044,0.027645,-0.018892,0.958827,0.282405,0.014885,-0.025999,0.894933,0.313813,0.258343,-0.184051,0.891538,0.325251,0.039602,-0.312737,0.969784,-0.240966,-0.037079,-0.008959,0.891308,-0.294792,0.217286,0.267310,0.894866,-0.289663,-0.020213,0.338971
0.999931,0.003469,-0.011114,0.001444,0.996620,0.052928,-0.062669,0.004370,0.989208,0.029316,0.094015,0.108485,0.994333,-0.006269,0.005555,0.105984,0.996377,-0.040134,-0.074947,-0.002066,0.993483,-0.024809,0.088902,-0.066884,0.997899,0.001951,-0.011219,-0.063787,0.999428,-0.001061,0.027876,-0.019109,0.958037,0.284995,0.015802,-0.026323,0.894254,0.315955,0.259282,-0.182360,0.891145,0.327644,0.041410,-0.311118,0.970203,-0.239245,-0.037246,-0.009028,0.891647,-0.292957,0.215165,0.269901,0.894840,-0.287383,-0.021855,0.340873
0.999933,0.003494,-0.010968,0.001288,0.996621,0.052904,-0.062688,0.004210,0.989231,0.029306,0.093834,0.108437,0.994338,-0.006183,0.005521,0.105939,0.996366,-0.040145,-0.075089,-0.002233,0.993501,-0.024854,0.088776,-0.066764,0.997906,0.001805,-0.011277,-0.063664,0.999418,-0.001083,0.028110,-0.019312,0.957244,0.287562,0.016768,-0.026640,0.893520,0.318101,0.260443,-0.180564,0.890756,0.330067,0.043582,-0.309370,0.970676,-0.237297,-0.037366,-0.009076,0.892000,-0.290942,0.213171,0.272482,0.894890,-0.284965,-0.023258,0.342674
0.999934,0.003502,-0.010849,0.001071,0.996621,0.052845,-0.062753,0.003992,0.989259,0.029262,0.093706,0.108306,0.994352,-0.006227,0.005462,0.105812,0.996357,-0.040149,-0.075196,-0.002455,0.993506,-0.024884,0.088763,-0.066687,0.997911,0.001659,-0.011309,-0.063583,0.999405,-0.001107,0.028338,-0.019615,0.956446,0.290111,0.017749,-0.027057,0.892713,0.320280,0.261763,-0.178786,0.890328,0.332505,0.046013,-0.307635,0.971193,-0.235158,-0.037406,-0.009217,0.892394,-0.288747,0.211335,0.274948,0.895052,-0.282418,-0.024430,0.344276
0.999936,0.003502,-0.010750,0.000834,0.996621,0.052800,-0.062800,0.003755,0.989284,0.029232,0.093605,0.108169,0.994366,-0.006277,0.005416,0.105678,0.996347,-0.040127,-0.075336,-0.002696,0.993517,-0.024885,0.088696,-0.066617,0.997915,0.001547,-0.011330,-0.063514,0.999393,-0.001143,0.028552,-0.019931,0.955645,0.292636,0.018760,-0.027489,0.891855,0.322464,0.263235,-0.176974,0.889877,0.334946,0.048668,-0.305879,0.971744,-0.232869,-0.037387,-0.009371,0.892796,-0.286424,0.209627,0.277369,0.895280,-0.279773,-0.025430,0.345767
0.999937,0.003487,-0.010690,0.000558,0.996623,0.052780,-0.062811,0.003480,0.989304,0.029230,0.093562,0.108021,0.994381,-0.006337,0.005398,0.105531,0.996334,-0.040051,-0.075541,-0.002973,0.993537,-0.024831,0.088525,-0.066559,0.997918,0.001506,-0.011331,-0.063468,0.999381,-0.001204,0.028738,-0.020272,0.954843,0.295133,0.019774,-0.027943,0.890951,0.324651,0.264811,-0.175166,0.889389,0.337387,0.051472,-0.304151,0.972315,-0.230479,-0.037320,-0.009552,0.893202,-0.284016,0.208034,0.279726,0.895558,-0.277076,-0.026293,0.347151
0.999937,0.003461,-0.010635,0.000223,0.996625,0.052790,-0.062783,0.003149,0.989322,0.029249,0.093447,0.107954,0.994389,-0.006349,0.005317,0.105460,0.996320,-0.040016,-0.075730,-0.003309,0.993551,-0.024801,0.088350,-0.066595,0.997915,0.001494,-0.011382,-0.063509,0.999367,-0.001282,0.028919,-0.020658,0.954036,0.297613,0.020792,-0.028444,0.889992,0.326853,0.266477,-0.173411,0.888841,0.339838,0.054388,-0.302512,0.972898,-0.228014,-0.037190,-0.009776,0.893613,-0.281536,0.206565,0.282001,0.895879,-0.274351,-0.027033,0.348427
0.999938,0.003428,-0.010583,-0.000142,0.996628,0.052814,-0.062737,0.002788,0.989338,0.029278,0.093295,0.107928,0.994393,-0.006337,0.005202,0.105428,0.996305,-0.040001,-0.075911,-0.003674,0.993562,-0.024785,0.088174,-0.066677,0.997909,0.001496,-0.011458,-0.063594,0.999354,-0.001370,0.029095,-0.021066,0.953224,0.300081,0.021808,-0.028971,0.888982,0.329071,0.268213,-0.171713,0.888229,0.342304,0.057378,-0.300973,0.973488,-0.225499,-0.037015,-0.010023,0.894023,-0.279010,0.205195,0.284202,0.896224,-0.271622,-0.027695,0.349624
0.999939,0.003401,-0.010478,-0.000420,0.996631,0.052865,-0.062657,0.002513,0.989337,0.029317,0.093230,0.107988,0.994387,-0.006333,0.005191,0.105487,0.996296,-0.039929,-0.076057,-0.003949,0.993574,-0.024727,0.088075,-0.066654,0.997910,0.001496,-0.011453,-0.063580,0.999340,-0.001420,0.029307,-0.021435,0.952395,0.302575,0.022865,-0.029477,0.887911,0.331318,0.270051,-0.170042,0.887553,0.344803,0.060453,-0.299510,0.974090,-0.222914,-0.036784,-0.010230,0.894424,-0.276424,0.203913,0.286383,0.896576,-0.268859,-0.028306,0.350806
0.999940,0.003375,-0.010366,-0.000701,0.996634,0.052909,-0.062581,0.002235,0.989340,0.029358,0.093146,0.108019,0.994384,-0.006324,0.005168,0.105517,0.996287,-0.039851,-0.076201,-0.004225,0.993588,-0.024666,0.087949,-0.066633,0.997910,0.001509,-0.011468,-0.063569,0.999325,-0.001476,0.029530,-0.021795,0.951567,0.305040,0.023917,-0.029983,0.886810,0.333554,0.271913,-0.168444,0.886829,0.347286,0.063508,-0.298149,0.974684,-0.220336,-0.036524,-0.010427,0.894814,-0.273849,0.202713,0.288484,0.896924,-0.266136,-0.028880,0.351945
0.999941,0.003354,-0.010238,-0.000988,0.996637,0.052944,-0.062511,0.001950,0.989353,0.029405,0.093026,0.107993,0.994387,-0.006302,0.005123,0.105487,0.996279,-0.039759,-0.076334,-0.004507,0.993606,-0.024595,0.087773,-0.066616,0.997910,0.001552,-0.011516,-0.063562,0.999310,-0.001543,0.029781,-0.022136,0.950746,0.307457,0.024967,-0.030483,0.885693,0.335751,0.273774,-0.166933,0.886077,0.349720,0.066497,-0.296887,0.975263,-0.217801,-0.036229,-0.010603,0.895183,-0.271317,0.201608,0.290498,0.897255,-0.263479,-0.029407,0.353056
0.999943,0.003338,-0.010110,-0.001189,0.996638,0.052994,-0.062467,0.001752,0.989373,0.029471,0.092769,0.108008,0.994387,-0.006298,0.004989,0.105497,0.996274,-0.039665,-0.076432,-0.004702,0.993628,-0.024532,0.087605,-0.066542,0.997914,0.001594,-0.011586,-0.063495,0.999295,-0.001637,0.030057,-0.022456,0.949944,0.309791,0.026006,-0.030974,0.884585,0.337874,0.275593,-0.165527,0.885319,0.352063,0.069365,-0.295722,0.975815,-0.215362,-0.035909,-0.010755,0.895523,-0.268876,0.200600,0.292412,0.897557,-0.260927,-0.029883,0.354141
0.999944,0.003324,-0.009982,-0.001345,0.996637,0.053050,-0.062438,0.001600,0.989397,0.029547,0.092443,0.108048,0.994385,-0.006305,0.004809,0.105529,0.996271,-0.039570,-0.076512,-0.004852,0.993650,-0.024474,0.087441,-0.066438,0.997919,0.001635,-0.011668,-0.063398,0.999279,-0.001746,0.030346,-0.022763,0.949167,0.312032,0.027010,-0.031458,0.883500,0.339915,0.277327,-0.164242,0.884567,0.354297,0.072062,-0.294657,0.976334,-0.213044,-0.035582,-0.010897,0.895839,-0.266549,0.199669,0.294206,0.897832,-0.258499,-0.030326,0.355186
0.999945,0.003310,-0.009833,-0.001546,0.996639,0.053099,-0.062366,0.001401,0.989419,0.029628,0.092240,0.108004,0.994391,-0.006281,0.004717,0.105478,0.996264,-0.039477,-0.076643,-0.005049,0.993665,-0.024368,0.087228,-0.066536,0.997911,0.001697,-0.011712,-0.063510,0.999259,-0.001829,0.030734,-0.023098,0.948405,0.314194,0.028044,-0.031999,0.882409,0.341884,0.279021,-0.163148,0.883802,0.356408,0.074631,-0.293764,0.976825,-0.210844,-0.035159,-0.011053,0.896134,-0.264296,0.198886,0.295866,0.898104,-0.256148,-0.030670,0.356168
0.999947,0.003292,-0.009654,-0.001705,0.996642,0.053135,-0.062295,0.001243,0.989440,0.029692,0.091995,0.108002,0.994391,-0.006279,0.004639,0.105475,0.996258,-0.039391,-0.076756,-0.005204,0.993683,-0.024285,0.087032,-0.066563,0.997908,0.001744,-0.011743,-0.063548,0.999239,-0.001916,0.031161,-0.023383,0.947679,0.316232,0.029075,-0.032504,0.881364,0.343723,0.280628,-0.162175,0.883074,0.358353,0.077014,-0.292971,0.977274,-0.208821,-0.034710,-0.011161,0.896384,-0.262198,0.198189,0.297436,0.898337,-0.253936,-0.030981,0.357137
0.999949,0.003268,-0.009416,-0.001781,0.996645,0.053147,-0.062225,0.001167,0.989460,0.029727,0.091662,0.108085,0.994382,-0.006320,0.004588,0.105565,0.996254,-0.039316,-0.076835,-0.005274,0.993706,-0.024244,0.086869,-0.066446,0.997915,0.001764,-0.011752,-0.063441,0.999218,-0.002007,0.031670,-0.023571,0.946996,0.318127,0.030155,-0.032941,0.880373,0.345395,0.282184,-0.161302,0.882398,0.360101,0.079237,-0.292273,0.977680,-0.206998,-0.034199,-0.011166,0.896565,-0.260271,0.197606,0.298967,0.898513,-0.251861,-0.031248,0.358139
0.999951,0.003255,-0.009145,-0.001831,0.996645,0.053161,-0.062216,0.001118,0.989494,0.029782,0.091325,0.108053,0.994385,-0.006322,0.004553,0.105538,0.996250,-0.039256,-0.076919,-0.005322,0.993734,-0.024215,0.086622,-0.066355,0.997920,0.001779,-0.011759,-0.063361,0.999197,-0.002096,0.032233,-0.023722,0.946356,0.319878,0.031242,-0.033358,0.879441,0.346915,0.283637,-0.160571,0.881757,0.361658,0.081236,-0.291735,0.978038,-0.205393,-0.033632,-0.011135,0.896699,-0.258518,0.197130,0.300400,0.898655,-0.249939,-0.031497,0.359106
0.999954,0.003247,-0.008857,-0.001868,0.996643,0.053177,-0.062236,0.001083,0.989533,0.029847,0.090984,0.107962,0.994394,-0.006306,0.004526,0.105454,0.996245,-0.039206,-0.077004,-0.005359,0.993765,-0.024193,0.086335,-0.066279,0.997924,0.001790,-0.011766,-0.063295,0.999174,-0.002183,0.032826,-0.023854,0.945764,0.321476,0.032303,-0.033763,0.878585,0.348281,0.284946,-0.159984,0.881151,0.363028,0.082961,-0.291380,0.978346,-0.204023,-0.033035,-0.011090,0.896793,-0.256956,0.196740,0.301711,0.898766,-0.248196,-0.031770,0.360013
0.999957,0.003248,-0.008477,-0.001921,0.996641,0.053172,-0.062275,0.001030,0.989571,0.029891,0.090728,0.107820,0.994406,-0.006304,0.004683,0.105331,0.996235,-0.039171,-0.077152,-0.005416,0.993794,-0.024161,0.085993,-0.066296,0.997922,0.001797,-0.011797,-0.063324,0.999148,-0.002284,0.033548,-0.023924,0.945225,0.322902,0.033443,-0.034145,0.877792,0.349451,0.286208,-0.159531,0.880589,0.364166,0.084502,-0.291213,0.978603,-0.202904,-0.032327,-0.010966,0.896814,-0.255582,0.196504,0.302968,0.898831,-0.246610,-0.032009,0.360919
0.999960,0.003258,-0.008063,-0.001944,0.996636,0.053167,-0.062355,0.001009,0.989604,0.029917,0.090468,0.107720,0.994413,-0.006290,0.004890,0.105256,0.996224,-0.039142,-0.077309,-0.005447,0.993825,-0.024142,0.085662,-0.066270,0.997922,0.001799,-0.011808,-0.063310,0.999120,-0.002370,0.034349,-0.023955,0.944730,0.324187,0.034606,-0.034511,0.877068,0.350465,0.287371,-0.159201,0.880063,0.365115,0.085813,-0.291234,0.978815,-0.202009,-0.031569,-0.010798,0.896790,-0.254382,0.196355,0.304142,0.898867,-0.245172,-0.032287,0.361782
0.999964,0.003284,-0.007580,-0.001909,0.996627,0.053158,-0.062517,0.001046,0.989630,0.029909,0.090205,0.107703,0.994410,-0.006255,0.005202,0.105275,0.996211,-0.039129,-0.077483,-0.005424,0.993858,-0.024152,0.085354,-0.066162,0.997929,0.001789,-0.011775,-0.063213,0.999087,-0.002427,0.035313,-0.023913,0.944271,0.325345,0.035881,-0.034854,0.876392,0.351316,0.288514,-0.158976,0.879575,0.365861,0.086985,-0.291424,0.978989,-0.201313,-0.030703,-0.010533,0.896705,-0.253322,0.196332,0.305289,0.898874,-0.243829,-0.032557,0.362647
0.999968,0.003322,-0.007047,-0.001879,0.996616,0.053144,-0.062705,0.001078,0.989660,0.029892,0.089887,0.107700,0.994405,-0.006206,0.005471,0.105306,0.996195,-0.039127,-0.077688,-0.005411,0.993900,-0.024174,0.084927,-0.066069,0.997934,0.001795,-0.011779,-0.063131,0.999049,-0.002466,0.036390,-0.023911,0.943848,0.326382,0.037180,-0.035266,0.875767,0.352043,0.289550,-0.158929,0.879108,0.366423,0.087935,-0.291840,0.979123,-0.200817,-0.029763,-0.010290,0.896606,-0.252395,0.196410,0.306297,0.898894,-0.242600,-0.032832,0.363397
0.999972,0.003366,-0.006488,-0.001852,0.996604,0.053127,-0.062904,0.001106,0.989692,0.029870,0.089541,0.107703,0.994401,-0.006152,0.005718,0.105343,0.996178,-0.039129,-0.077907,-0.005403,0.993947,-0.024201,0.084442,-0.065984,0.997939,0.001811,-0.011797,-0.063058,0.999006,-0.002494,0.037525,-0.023929,0.943460,0.327306,0.038455,-0.035711,0.875214,0.352656,0.290429,-0.159014,0.878679,0.366826,0.088629,-0.292416,0.979217,-0.200505,-0.028814,-0.010060,0.896502,-0.251611,0.196523,0.307171,0.898919,-0.241495,-0.033155,0.364040
0.999976,0.003413,-0.005837,-0.001810,0.996590,0.053050,-0.063191,0.001149,0.989731,0.029781,0.089163,0.107682,0.994397,-0.006089,0.005980,0.105363,0.996154,-0.039166,-0.078189,-0.005386,0.993980,-0.024240,0.084080,-0.065928,0.997942,0.001747,-0.011748,-0.063013,0.998955,-0.002554,0.038888,-0.023897,0.943108,0.328099,0.039881,-0.036176,0.874700,0.353099,0.291322,-0.159222,0.878303,0.367008,0.089252,-0.293126,0.979276,-0.200388,-0.027713,-0.009732,0.896335,-0.250947,0.196802,0.308023,0.898924,-0.240467,-0.033373,0.364689
0.999979,0.003466,-0.005132,-0.001738,0.996577,0.052956,-0.063474,0.001219,0.989774,0.029679,0.088729,0.107671,0.994393,-0.006057,0.006210,0.105392,0.996131,-0.039200,-0.078477,-0.005341,0.994021,-0.024285,0.083651,-0.065839,0.997948,0.001671,-0.011680,-0.062938,0.998897,-0.002603,0.040350,-0.023860,0.942775,0.328823,0.041309,-0.036664,0.874232,0.353467,0.292112,-0.159531,0.877954,0.367078,0.089710,-0.293944,0.979307,-0.200404,-0.026593,-0.009379,0.896159,-0.250382,0.197108,0.308800,0.898928,-0.239521,-0.033606,0.365280
0.999983,0.003529,-0.004320,-0.001607,0.996566,0.052823,-0.063752,0.001344,0.989827,0.029553,0.088181,0.107674,0.994387,-0.006086,0.006372,0.105437,0.996106,-0.039232,-0.078774,-0.005239,0.994077,-0.024346,0.083088,-0.065686,0.997958,0.001565,-0.011572,-0.062805,0.998830,-0.002633,0.042011,-0.023816,0.942446,0.329512,0.042816,-0.037205,0.873764,0.353782,0.292894,-0.159965,0.877604,0.367050,0.090124,-0.294895,0.979319,-0.200525,-0.025378,-0.008977,0.895955,-0.249872,0.197503,0.309549,0.898932,-0.238608,-0.033777,0.365851
0.999987,0.003587,-0.003416,-0.001525,0.996552,0.052682,-0.064086,0.001421,0.989879,0.029393,0.087554,0.107752,0.994373,-0.006169,0.006455,0.105556,0.996080,-0.039280,-0.079089,-0.005188,0.994125,-0.024404,0.082549,-0.065616,0.997962,0.001410,-0.011470,-0.062753,0.998750,-0.002663,0.043872,-0.023790,0.942119,0.330170,0.044372,-0.037821,0.873285,0.354066,0.293661,-0.160542,0.877237,0.366944,0.090505,-0.295999,0.979308,-0.200756,-0.024090,-0.008544,0.895724,-0.249428,0.197978,0.310272,0.898933,-0.237748,-0.033883,0.366399
0.999989,0.003643,-0.002465,-0.001468,0.996536,0.052538,-0.064448,0.001475,0.989930,0.029218,0.086889,0.107868,0.994356,-0.006278,0.006497,0.105712,0.996052,-0.039336,-0.079410,-0.005163,0.994169,-0.024460,0.082024,-0.065587,0.997964,0.001230,-0.011370,-0.062742,0.998662,-0.002694,0.045835,-0.023773,0.941791,0.330826,0.045865,-0.038473,0.872815,0.354362,0.294332,-0.161215,0.876849,0.366819,0.090785,-0.297217,0.979273,-0.201089,-0.022852,-0.008089,0.895475,-0.249091,0.198421,0.310979,0.898916,-0.236979,-0.034027,0.366923
0.999991,0.003721,-0.001290,-0.001380,0.996516,0.052382,-0.064874,0.001558,0.989990,0.029034,0.086160,0.107951,0.994341,-0.006303,0.006585,0.105840,0.996016,-0.039430,-0.079821,-0.005119,0.994219,-0.024548,0.081407,-0.065560,0.997966,0.001031,-0.011344,-0.062729,0.998554,-0.002731,0.048181,-0.023684,0.941443,0.331491,0.047577,-0.039179,0.872270,0.354629,0.295191,-0.162005,0.876421,0.366612,0.091260,-0.298586,0.979224,-0.201510,-0.021426,-0.007474,0.895120,-0.248787,0.199050,0.311841,0.898856,-0.236187,-0.033993,0.367585
0.999992,0.003808,-0.000033,-0.001281,0.996495,0.052230,-0.065320,0.001651,0.990049,0.028849,0.085407,0.108054,0.994325,-0.006308,0.006692,0.105990,0.995979,-0.039521,-0.080239,-0.005066,0.994270,-0.024633,0.080789,-0.065527,0.997968,0.000864,-0.011276,-0.062713,0.998432,-0.002763,0.050694,-0.023582,0.941074,0.332200,0.049282,-0.039922,0.871691,0.354945,0.296039,-0.162877,0.875944,0.366413,0.091722,-0.300085,0.979156,-0.202007,-0.020030,-0.006799,0.894713,-0.248572,0.199677,0.312777,0.898757,-0.235443,-0.033983,0.368302
0.999991,0.003910,0.001387,-0.001160,0.996470,0.052084,-0.065808,0.001765,0.990108,0.028659,0.084602,0.108197,0.994303,-0.006272,0.006837,0.106184,0.995941,-0.039609,-0.080672,-0.004995,0.994321,-0.024714,0.080165,-0.065483,0.997971,0.000757,-0.011125,-0.062691,0.998287,-0.002788,0.053537,-0.023455,0.940668,0.332968,0.051144,-0.040748,0.871022,0.355301,0.297035,-0.163869,0.875392,0.366197,0.092313,-0.301773,0.979075,-0.202564,-0.018515,-0.006017,0.894211,-0.248394,0.200450,0.313857,0.898614,-0.234676,-0.033872,0.369152
0.999987,0.004019,0.002990,-0.001024,0.996442,0.051930,-0.066357,0.001894,0.990191,0.028488,0.083613,0.108256,0.994291,-0.006178,0.006958,0.106295,0.995895,-0.039708,-0.081191,-0.004917,0.994393,-0.024824,0.079319,-0.065380,0.997977,0.000685,-0.011033,-0.062610,0.998117,-0.002862,0.056673,-0.023299,0.940239,0.333757,0.053132,-0.041645,0.870285,0.355662,0.298150,-0.164967,0.874783,0.365936,0.092976,-0.303647,0.978971,-0.203230,-0.016920,-0.005129,0.893595,-0.248317,0.201368,0.315082,0.898397,-0.233946,-0.033681,0.370159
0.999980,0.004131,0.004684,-0.000881,0.996411,0.051772,-0.066935,0.002029,0.990285,0.028327,0.082531,0.108272,0.994284,-0.006054,0.007067,0.106365,0.995845,-0.039814,-0.081755,-0.004837,0.994475,-0.024950,0.078359,-0.065248,0.997984,0.000631,-0.010974,-0.062501,0.997929,-0.002962,0.059955,-0.023130,0.939785,0.334597,0.055102,-0.042576,0.869515,0.356081,0.299259,-0.166115,0.874112,0.365704,0.093569,-0.305669,0.978846,-0.203977,-0.015396,-0.004178,0.892895,-0.248372,0.202309,0.316418,0.898104,-0.233291,-0.033557,0.371294
0.999969,0.004244,0.006597,-0.000563,0.996373,0.051545,-0.067661,0.002338,0.990383,0.028089,0.081447,0.108252,0.994277,-0.005949,0.007314,0.106413,0.995785,-0.039861,-0.082471,-0.004588,0.994566,-0.025029,0.077441,-0.064927,0.998004,0.000739,-0.010808,-0.062211,0.997704,-0.003139,0.063672,-0.022845,0.939310,0.335428,0.057342,-0.043543,0.868655,0.356446,0.300644,-0.167325,0.873399,0.365369,0.094365,-0.307856,0.978695,-0.204842,-0.013692,-0.003002,0.892002,-0.248533,0.203525,0.318027,0.897692,-0.232638,-0.033251,0.372724
0.999954,0.004360,0.008593,-0.000195,0.996333,0.051307,-0.068420,0.002695,0.990490,0.027850,0.080248,0.108233,0.994271,-0.005877,0.007508,0.106462,0.995724,-0.039930,-0.083195,-0.004293,0.994660,-0.025131,0.076472,-0.064592,0.998025,0.000823,-0.010624,-0.061908,0.997456,-0.003340,0.067549,-0.022513,0.938820,0.336289,0.059540,-0.044514,0.867767,0.356855,0.302041,-0.168539,0.872644,0.365045,0.095109,-0.310144,0.978520,-0.205789,-0.012088,-0.001724,0.890999,-0.248852,0.204769,0.319787,0.897186,-0.232059,-0.033005,0.374321
0.999932,0.004481,0.010754,0.000274,0.996288,0.051045,-0.069246,0.003150,0.990613,0.027603,0.078819,0.108217,0.994265,-0.005874,0.007591,0.106513,0.995659,-0.040043,-0.083934,-0.003906,0.994761,-0.025281,0.075404,-0.064231,0.998047,0.000859,-0.010402,-0.061582,0.997172,-0.003593,0.071744,-0.022086,0.938326,0.337126,0.061814,-0.045495,0.866826,0.357241,0.303594,-0.169769,0.871878,0.364636,0.095959,-0.312506,0.978318,-0.206841,-0.010470,-0.000260,0.889827,-0.249328,0.206166,0.321774,0.896571,-0.231511,-0.032657,0.376160
0.999904,0.004616,0.013007,0.000899,0.996234,0.050770,-0.070192,0.003759,0.990741,0.027338,0.077303,0.108209,0.994258,-0.005817,0.007671,0.106574,0.995583,-0.040168,-0.084797,-0.003377,0.994863,-0.025428,0.074355,-0.063816,0.998074,0.000891,-0.010120,-0.061205,0.996846,-0.003882,0.076324,-0.021399,0.937835,0.337923,0.064226,-0.046346,0.865836,0.357561,0.305413,-0.170882,0.871174,0.364100,0.097053,-0.314751,0.978094,-0.207969,-0.008842,0.001565,0.888426,-0.249967,0.207710,0.324148,0.895796,-0.230935,-0.032159,0.378397
0.999870,0.004759,0.015306,0.001603,0.996173,0.050491,-0.071199,0.004446,0.990869,0.027069,0.075742,0.108205,0.994251,-0.005728,0.007747,0.106639,0.995500,-0.040297,-0.085723,-0.002777,0.994965,-0.025570,0.073315,-0.063375,0.998101,0.000925,-0.009809,-0.060804,0.996485,-0.004190,0.081095,-0.020581,0.937371,0.338667,0.066487,-0.047114,0.864843,0.357878,0.307271,-0.171911,0.870553,0.363480,0.098186,-0.316825,0.977846,-0.209163,-0.007410,0.003589,0.886879,-0.250823,0.209247,0.326726,0.894908,-0.230400,-0.031605,0.380864
0.999831,0.004928,0.017530,0.002365,0.996090,0.050262,-0.072466,0.005197,0.990978,0.026773,0.074322,0.108269,0.994238,-0.005564,0.007825,0.106766,0.995389,-0.040429,-0.086957,-0.002143,0.995037,-0.025634,0.072609,-0.063032,0.998123,0.000985,-0.009486,-0.060499,0.996055,-0.004511,0.086445,-0.019513,0.936922,0.339321,0.068936,-0.047813,0.863746,0.358105,0.309542,-0.172880,0.870055,0.362635,0.099759,-0.318665,0.977584,-0.210379,-0.005861,0.006011,0.885078,-0.251782,0.211073,0.329683,0.893882,-0.229730,-0.030623,0.383746
0.999789,0.005119,0.019653,0.003222,0.995995,0.050056,-0.073838,0.006042,0.991079,0.026476,0.072882,0.108392,0.994219,-0.005380,0.007875,0.106950,0.995262,-0.040613,-0.088332,-0.001434,0.995094,-0.025722,0.072112,-0.062659,0.998147,0.000953,-0.009167,-0.060155,0.995583,-0.004842,0.091944,-0.018382,0.936532,0.339871,0.071045,-0.048462,0.862657,0.358351,0.311778,-0.173787,0.869711,0.361691,0.101333,-0.320177,0.977306,-0.211608,-0.004621,0.008561,0.883183,-0.252969,0.212852,0.332700,0.892777,-0.229117,-0.029499,0.386761
0.999744,0.005356,0.021574,0.004269,0.995878,0.049892,-0.075418,0.007075,0.991169,0.026173,0.071401,0.108636,0.994187,-0.005159,0.007870,0.107251,0.995102,-0.040902,-0.089994,-0.000574,0.995124,-0.025863,0.072028,-0.062227,0.998175,0.000735,-0.008859,-0.059735,0.995051,-0.005187,0.097739,-0.017124,0.936206,0.340288,0.072913,-0.049044,0.861541,0.358575,0.314132,-0.174624,0.869547,0.360603,0.103077,-0.321293,0.977022,-0.212805,-0.003598,0.011336,0.881162,-0.254344,0.214688,0.335815,0.891579,-0.228514,-0.028079,0.389974
0.999699,0.005703,0.023255,0.005379,0.995730,0.049770,-0.077313,0.008163,0.991241,0.025837,0.070232,0.108819,0.994165,-0.004870,0.007828,0.107478,0.994870,-0.041247,-0.092369,0.000276,0.995099,-0.025901,0.072583,-0.061964,0.998193,0.000423,-0.008550,-0.059473,0.994442,-0.005498,0.103962,-0.015682,0.935931,0.340601,0.074628,-0.049542,0.860338,0.358798,0.316746,-0.175370,0.869543,0.359403,0.105166,-0.321970,0.976753,-0.213866,-0.002724,0.014416,0.879009,-0.255819,0.216647,0.339063,0.890290,-0.227851,-0.026267,0.393419
0.999652,0.006104,0.024816,0.006520,0.995564,0.049671,-0.079365,0.009273,0.991305,0.025490,0.069221,0.108966,0.994147,-0.004540,0.007767,0.107662,0.994597,-0.041617,-0.095100,0.001116,0.995046,-0.025880,0.073456,-0.061791,0.998206,0.000071,-0.008243,-0.059296,0.993770,-0.005801,0.110395,-0.014150,0.935740,0.340786,0.075894,-0.049961,0.859107,0.359071,0.319395,-0.176041,0.869681,0.358186,0.107393,-0.322217,0.976497,-0.214794,-0.002237,0.017668,0.876816,-0.257484,0.218553,0.342243,0.888934,-0.227305,-0.024223,0.396916
0.999606,0.006700,0.026113,0.007849,0.995329,0.049626,-0.082130,0.010556,0.991345,0.025039,0.068598,0.109101,0.994132,-0.004172,0.007626,0.107820,0.994176,-0.042240,-0.099126,0.001987,0.994875,-0.025851,0.075786,-0.061742,0.998214,-0.000609,-0.007980,-0.059196,0.992969,-0.006043,0.117558,-0.012526,0.935579,0.340874,0.077137,-0.050476,0.857647,0.359378,0.322523,-0.176828,0.869831,0.356905,0.110266,-0.322266,0.976275,-0.215488,-0.001673,0.021198,0.874512,-0.259111,0.220825,0.345438,0.887547,-0.226697,-0.021508,0.400508
0.999555,0.007380,0.027358,0.009329,0.995042,0.049647,-0.085345,0.011981,0.991357,0.024535,0.068314,0.109285,0.994113,-0.003752,0.007520,0.108022,0.993676,-0.042929,-0.103714,0.002924,0.994655,-0.025770,0.078641,-0.061742,0.998219,-0.001305,-0.007714,-0.059133,0.992068,-0.006271,0.125075,-0.010836,0.935501,0.340833,0.077927,-0.050970,0.856085,0.359769,0.325768,-0.177650,0.869979,0.355713,0.113476,-0.322070,0.976079,-0.215981,-0.001438,0.024907,0.872197,-0.260881,0.223129,0.348463,0.886123,-0.226321,-0.018438,0.404011
0.999498,0.008229,0.028499,0.011109,0.994651,0.049797,-0.089459,0.013691,0.991313,0.023921,0.068711,0.109571,0.994083,-0.003236,0.007485,0.108313,0.993023,-0.043756,-0.109425,0.003998,0.994338,-0.025593,0.082548,-0.061835,0.998220,-0.002041,-0.007441,-0.059139,0.991013,-0.006456,0.133305,-0.009012,0.935480,0.340670,0.078548,-0.051499,0.854293,0.360215,0.329442,-0.178597,0.870018,0.354599,0.117422,-0.321778,0.975920,-0.216199,-0.001224,0.028933,0.869815,-0.262648,0.225732,0.351402,0.884675,-0.226095,-0.014721,0.407449
0.999434,0.009162,0.029628,0.013071,0.994118,0.050141,-0.094725,0.015591,0.991195,0.023186,0.070080,0.109926,0.994048,-0.002619,0.007523,0.108656,0.992233,-0.044707,-0.115970,0.005116,0.993954,-0.025341,0.086915,-0.062121,0.998209,-0.002691,-0.007177,-0.059329,0.989783,-0.006571,0.142253,-0.007048,0.935518,0.340392,0.078927,-0.052049,0.852258,0.360747,0.333520,-0.179676,0.869872,0.353648,0.122166,-0.321452,0.975807,-0.216084,-0.001053,0.033276,0.867408,-0.264376,0.228605,0.354186,0.883238,-0.226077,-0.010354,0.410697
0.999361,0.010137,0.030750,0.015123,0.993487,0.050598,-0.100567,0.017568,0.991039,0.022419,0.071929,0.110299,0.994010,-0.001922,0.007592,0.109007,0.991343,-0.045698,-0.122930,0.006221,0.993525,-0.025008,0.091509,-0.062527,0.998191,-0.003260,-0.006921,-0.059639,0.988415,-0.006670,0.151547,-0.005014,0.935687,0.339924,0.078622,-0.052542,0.850126,0.361392,0.337617,-0.180823,0.869549,0.352965,0.127379,-0.321053,0.975732,-0.215680,-0.001283,0.037794,0.865106,-0.266227,0.231463,0.356567,0.881861,-0.226535,-0.005606,0.413488
0.999270,0.011045,0.032165,0.017383,0.992664,0.051184,-0.107736,0.019774,0.990801,0.021446,0.074802,0.110719,0.993964,-0.001399,0.007959,0.109409,0.990344,-0.046687,-0.130324,0.007449,0.993048,-0.024530,0.096343,-0.063024,0.998168,-0.003472,-0.006502,-0.060056,0.986726,-0.006653,0.162230,-0.002919,0.935890,0.339252,0.078557,-0.053349,0.847517,0.362032,0.342611,-0.182389,0.868858,0.352298,0.134010,-0.320957,0.975720,-0.214822,-0.000893,0.042678,0.862728,-0.267722,0.235206,0.358753,0.880620,-0.226969,0.000449,0.415924
0.999165,0.011905,0.033775,0.019645,0.991750,0.051836,-0.115164,0.021968,0.990553,0.020520,0.077743,0.111085,0.993923,-0.000842,0.008382,0.109759,0.989267,-0.047612,-0.137875,0.008621,0.992565,-0.023956,0.101040,-0.063493,0.998146,-0.003525,-0.006107,-0.060461,0.984846,-0.006638,0.173303,-0.000765,0.936281,0.338236,0.077766,-0.054106,0.844850,0.362691,0.347618,-0.183971,0.868007,0.351814,0.141133,-0.320737,0.975744,-0.213649,-0.000886,0.047726,0.860463,-0.269348,0.239038,0.360439,0.879483,-0.227905,0.007004,0.417756
0.999039,0.012668,0.035779,0.021908,0.990704,0.052587,-0.123110,0.024168,0.990291,0.019632,0.080831,0.111376,0.993887,-0.000274,0.008923,0.110037,0.988088,-0.048448,-0.145742,0.009737,0.992096,-0.023276,0.105472,-0.063873,0.998128,-0.003332,-0.005752,-0.060798,0.982682,-0.006591,0.185177,0.001498,0.936841,0.336803,0.076667,-0.054904,0.842014,0.363247,0.353023,-0.185578,0.867007,0.351328,0.149098,-0.320369,0.975806,-0.212097,-0.000912,0.053067,0.858169,-0.270978,0.243342,0.361804,0.878413,-0.229112,0.014433,0.419154
0.998886,0.013372,0.038408,0.023922,0.989564,0.053362,-0.131277,0.026101,0.990030,0.018735,0.083823,0.111643,0.993853,0.000127,0.009470,0.110299,0.986803,-0.049292,-0.153878,0.010530,0.991624,-0.022555,0.109689,-0.064360,0.998103,-0.003044,-0.005444,-0.061253,0.980194,-0.006480,0.197905,0.003461,0.937586,0.334848,0.075216,-0.056143,0.838969,0.363719,0.358737,-0.187475,0.865829,0.350747,0.157736,-0.320057,0.975916,-0.210208,-0.000890,0.058306,0.855894,-0.272604,0.248352,0.362566,0.877500,-0.230570,0.022935,0.419888
0.998713,0.014047,0.041348,0.025810,0.988339,0.054166,-0.139549,0.027884,0.989765,0.017865,0.086764,0.111884,0.993821,0.000476,0.010017,0.110540,0.985431,-0.050117,-0.162144,0.011127,0.991142,-0.021772,0.113799,-0.064917,0.998072,-0.002670,-0.005160,-0.061792,0.977443,-0.006354,0.211039,0.005276,0.938576,0.332295,0.073117,-0.057525,0.835952,0.364049,0.364471,-0.189245,0.864710,0.350083,0.166655,-0.319288,0.976059,-0.208025,-0.001370,0.063499,0.853595,-0.274523,0.253701,0.362835,0.876586,-0.232441,0.032138,0.420160
0.998498,0.014692,0.045171,0.027304,0.987005,0.055125,-0.148073,0.029270,0.989476,0.017019,0.089719,0.112239,0.993776,0.000660,0.010553,0.110897,0.983894,-0.050890,-0.170986,0.011222,0.990708,-0.021114,0.117511,-0.065131,0.998062,-0.002278,-0.004994,-0.061984,0.974349,-0.006311,0.224848,0.006973,0.939816,0.329007,0.070754,-0.059110,0.832923,0.364043,0.370515,-0.190868,0.863751,0.349086,0.176068,-0.317919,0.976218,-0.205589,-0.002140,0.068746,0.851065,-0.276773,0.259708,0.362819,0.875528,-0.234612,0.042385,0.420252
0.998255,0.015376,0.049362,0.028527,0.985607,0.056118,-0.156554,0.030347,0.989177,0.016185,0.092719,0.112564,0.993733,0.000884,0.011073,0.111224,0.982250,-0.051582,-0.180013,0.010959,0.990278,-0.020425,0.121095,-0.065327,0.998052,-0.001815,-0.004759,-0.062172,0.970995,-0.006307,0.238866,0.008428,0.941295,0.325063,0.067774,-0.060871,0.830013,0.363843,0.376513,-0.192184,0.863049,0.347907,0.185564,-0.315712,0.976418,-0.202842,-0.003659,0.073821,0.848400,-0.279473,0.266063,0.362386,0.874327,-0.237148,0.053371,0.420077
0.997967,0.016140,0.054290,0.029209,0.984161,0.057138,-0.164957,0.030834,0.988864,0.015301,0.095814,0.112844,0.993696,0.001122,0.011565,0.111507,0.980458,-0.052165,-0.189420,0.010045,0.989871,-0.019758,0.124421,-0.065458,0.998046,-0.001290,-0.004385,-0.062312,0.967309,-0.006332,0.253346,0.009400,0.942947,0.320478,0.064482,-0.063136,0.827051,0.363472,0.382686,-0.193462,0.862500,0.346462,0.195366,-0.312873,0.976686,-0.199715,-0.005597,0.078535,0.845541,-0.282453,0.273165,0.361471,0.873017,-0.239836,0.065527,0.419555
0.997622,0.016979,0.059912,0.029535,0.982626,0.058275,-0.173472,0.030929,0.988554,0.014446,0.098741,0.113152,0.993656,0.001511,0.011946,0.111816,0.978504,-0.052528,-0.199235,0.008672,0.989488,-0.019118,0.127636,-0.065252,0.998060,-0.000712,-0.003856,-0.062129,0.963350,-0.006497,0.267993,0.009757,0.944774,0.315236,0.060686,-0.065920,0.824105,0.362966,0.388828,-0.194730,0.862113,0.344788,0.205297,-0.309413,0.977022,-0.196260,-0.008137,0.082730,0.842506,-0.285821,0.280951,0.359940,0.871590,-0.242795,0.078833,0.418529
0.997226,0.017856,0.065879,0.029682,0.981008,0.059461,-0.182038,0.030811,0.988243,0.013593,0.101586,0.113448,0.993618,0.001964,0.012276,0.112114,0.976414,-0.052783,-0.209238,0.007036,0.989108,-0.018521,0.130798,-0.064923,0.998082,-0.000142,-0.003247,-0.061827,0.959137,-0.006728,0.282690,0.009811,0.946695,0.309561,0.056486,-0.068919,0.821128,0.362431,0.395080,-0.195715,0.861802,0.343082,0.215629,-0.305117,0.977444,-0.192260,-0.011356,0.086659,0.839205,-0.289480,0.289296,0.358112,0.869931,-0.245913,0.093240,0.417197
0.996765,0.018996,0.072284,0.029571,0.979250,0.060583,-0.191002,0.030285,0.987933,0.012637,0.104721,0.113408,0.993615,0.002549,0.012665,0.112083,0.974132,-0.052868,-0.219654,0.004938,0.988751,-0.018086,0.133844,-0.064260,0.998123,0.000479,-0.002577,-0.061182,0.954901,-0.007214,0.296695,0.009125,0.948774,0.303311,0.051092,-0.072251,0.818374,0.361974,0.400704,-0.196659,0.861529,0.341516,0.225761,-0.300279,0.977913,-0.188062,-0.015810,0.089828,0.835847,-0.293798,0.297818,0.355454,0.868119,-0.249792,0.108457,0.414983
0.996241,0.020150,0.078934,0.029443,0.977314,0.061795,-0.200390,0.029709,0.987578,0.011650,0.108200,0.113347,0.993613,0.003176,0.013148,0.112032,0.971646,-0.052983,-0.230412,0.002679,0.988365,-0.017756,0.137003,-0.063632,0.998163,0.000942,-0.001944,-0.060554,0.950551,-0.007720,0.310362,0.008342,0.950872,0.296829,0.045116,-0.075493,0.815578,0.361662,0.406356,-0.197251,0.861014,0.340316,0.236627,-0.294700,0.978435,-0.183289,-0.021176,0.092856,0.832203,-0.298444,0.306521,0.352725,0.865893,-0.254127,0.124638,0.412449
0.995629,0.021333,0.086079,0.029286,0.975086,0.063204,-0.210633,0.029080,0.987128,0.010601,0.112371,0.113305,0.993605,0.003895,0.013818,0.112000,0.968849,-0.053150,-0.241880,0.000172,0.987935,-0.017592,0.140385,-0.062985,0.998204,0.001142,-0.001387,-0.059875,0.946191,-0.008272,0.323419,0.007363,0.952999,0.290073,0.038289,-0.078644,0.812795,0.361547,0.411800,-0.197657,0.860089,0.339647,0.248169,-0.288616,0.978965,-0.178111,-0.027620,0.095614,0.828370,-0.303538,0.315162,0.349774,0.863210,-0.259252,0.141640,0.409383
0.994926,0.022463,0.093647,0.029130,0.972586,0.064664,-0.221552,0.028439,0.986577,0.009381,0.117265,0.113252,0.993592,0.004401,0.014733,0.111975,0.965800,-0.053411,-0.253714,-0.002484,0.987399,-0.017445,0.144289,-0.062606,0.998230,0.001351,-0.000902,-0.059443,0.941783,-0.008660,0.336050,0.006397,0.955074,0.283226,0.030863,-0.081631,0.809839,0.361748,0.417293,-0.197902,0.858484,0.339711,0.260746,-0.282158,0.979500,-0.172355,-0.034905,0.098261,0.824347,-0.308834,0.323734,0.346799,0.859988,-0.265011,0.159468,0.405907
0.994142,0.023567,0.101425,0.028975,0.969878,0.066131,-0.232791,0.027771,0.985961,0.008067,0.122522,0.113153,0.993581,0.004789,0.015773,0.111918,0.962544,-0.053721,-0.265697,-0.005263,0.986793,-0.017329,0.148461,-0.062440,0.998244,0.001533,-0.000443,-0.059209,0.937271,-0.008972,0.348444,0.005447,0.957119,0.276143,0.023010,-0.084492,0.806640,0.362152,0.422963,-0.198193,0.856097,0.340389,0.274359,-0.275610,0.979994,-0.166169,-0.042745,0.100860,0.820074,-0.314341,0.332429,0.343743,0.856133,-0.271426,0.178181,0.402014
0.993170,0.024519,0.110352,0.028902,0.966687,0.067871,-0.245292,0.027253,0.985225,0.006662,0.128352,0.113198,0.993551,0.005218,0.016801,0.112009,0.958817,-0.053819,-0.278761,-0.008107,0.986083,-0.017055,0.153252,-0.062162,0.998263,0.001708,0.000180,-0.058882,0.932998,-0.009068,0.359738,0.004634,0.959100,0.269039,0.013842,-0.086911,0.803526,0.363084,0.428088,-0.198133,0.853165,0.342026,0.287921,-0.268756,0.980391,-0.159529,-0.052041,0.103319,0.815919,-0.320271,0.340460,0.340279,0.851869,-0.278650,0.196623,0.397508
0.992083,0.025472,0.119552,0.028813,0.963223,0.069632,-0.258146,0.026692,0.984420,0.005171,0.134457,0.113192,0.993526,0.005631,0.017798,0.112062,0.954816,-0.053866,-0.292065,-0.011092,0.985316,-0.016790,0.158200,-0.061994,0.998276,0.001837,0.000817,-0.058660,0.928720,-0.009101,0.370649,0.003966,0.961019,0.261710,0.004043,-0.089071,0.800239,0.364303,0.433224,-0.198034,0.849674,0.344191,0.301534,-0.262037,0.980653,-0.152527,-0.062091,0.105829,0.811576,-0.326556,0.348554,0.336476,0.847096,-0.286377,0.215110,0.392614
0.990838,0.026427,0.129303,0.028693,0.959357,0.071475,-0.271743,0.026086,0.983499,0.003524,0.141110,0.113157,0.993502,0.006035,0.018724,0.112100,0.950432,-0.053806,-0.305909,-0.014266,0.984469,-0.016489,0.163452,-0.061905,0.998284,0.001946,0.001472,-0.058515,0.924587,-0.008990,0.380848,0.003570,0.962814,0.254358,-0.006723,-0.090806,0.796916,0.366016,0.438063,-0.197634,0.845900,0.346980,0.314399,-0.255365,0.980722,-0.145050,-0.073408,0.108426,0.807180,-0.333320,0.356406,0.332166,0.842021,-0.294521,0.232865,0.387340
0.989454,0.027334,0.139319,0.028703,0.955032,0.073517,-0.286096,0.025649,0.982450,0.001883,0.148265,0.113167,0.993477,0.006529,0.019389,0.112181,0.945592,-0.053658,-0.320422,-0.017486,0.983486,-0.016088,0.169305,-0.061899,0.998287,0.001913,0.002024,-0.058449,0.920397,-0.008837,0.390872,0.003288,0.964466,0.246875,-0.017922,-0.092396,0.793365,0.368108,0.442879,-0.197299,0.841875,0.350108,0.326475,-0.249168,0.980573,-0.137113,-0.085613,0.111114,0.802550,-0.340497,0.364573,0.327202,0.836682,-0.302846,0.250160,0.381663
0.987946,0.028215,0.149459,0.028776,0.950351,0.075626,-0.300789,0.025289,0.981307,0.000221,0.155666,0.113161,0.993455,0.007043,0.019923,0.112257,0.940394,-0.053466,-0.335214,-0.020773,0.982406,-0.015663,0.175460,-0.062030,0.998282,0.001765,0.002531,-0.058512,0.916125,-0.008671,0.400786,0.003065,0.965936,0.239343,-0.029414,-0.093903,0.789614,0.370616,0.447542,-0.197130,0.837720,0.353550,0.337523,-0.243527,0.980158,-0.128613,-0.098878,0.113895,0.797770,-0.348020,0.373088,0.321324,0.831252,-0.311221,0.266937,0.375374
0.986255,0.028880,0.160129,0.028748,0.945175,0.077896,-0.316147,0.025049,0.980027,-0.001381,0.163563,0.113106,0.993449,0.007606,0.019900,0.112275,0.934629,-0.053079,-0.350813,-0.024133,0.981258,-0.015029,0.181751,-0.062229,0.998273,0.001614,0.002676,-0.058659,0.911700,-0.008586,0.410757,0.002800,0.967191,0.231854,-0.041006,-0.095411,0.785748,0.373529,0.451849,-0.197253,0.833535,0.357287,0.347431,-0.238447,0.979435,-0.119485,-0.113103,0.116784,0.792920,-0.355623,0.382176,0.314247,0.825865,-0.319404,0.283561,0.368133
0.984416,0.029510,0.170969,0.028707,0.939660,0.080186,-0.331649,0.024861,0.978663,-0.003059,0.171519,0.113095,0.993441,0.008082,0.019619,0.112363,0.928510,-0.052630,-0.366525,-0.027551,0.980027,-0.014388,0.188227,-0.062537,0.998258,0.001397,0.002830,-0.058914,0.907098,-0.008580,0.420825,0.002449,0.968131,0.224806,-0.052839,-0.096914,0.782048,0.377032,0.455246,-0.197483,0.829532,0.361539,0.355809,-0.233594,0.978405,-0.109613,-0.127917,0.119779,0.788167,-0.362680,0.392133,0.305757,0.820681,-0.326838,0.300619,0.359567
0.982391,0.030073,0.182164,0.028645,0.933703,0.082589,-0.347510,0.024785,0.977189,-0.004861,0.179599,0.113233,0.993423,0.008428,0.018819,0.112628,0.921939,-0.052045,-0.382569,-0.031010,0.978677,-0.013677,0.195064,-0.062890,0.998240,0.001135,0.002992,-0.059221,0.902245,-0.008720,0.431131,0.001927,0.968669,0.218554,-0.065060,-0.098395,0.778865,0.381199,0.457181,-0.197590,0.825995,0.366404,0.362260,-0.228580,0.977125,-0.099113,-0.142504,0.122865,0.783712,-0.368285,0.403306,0.295814,0.815865,-0.332657,0.318751,0.349430
0.980149,0.030597,0.193803,0.028502,0.927305,0.085128,-0.363653,0.024789,0.975618,-0.006782,0.187710,0.113526,0.993387,0.008694,0.017811,0.113089,0.914891,-0.051353,-0.398926,-0.034566,0.977284,-0.012967,0.201838,-0.063317,0.998218,0.000848,0.002911,-0.059595,0.897104,-0.009132,0.441723,0.001141,0.968801,0.213154,-0.077660,-0.099792,0.776478,0.385842,0.457398,-0.197470,0.823174,0.371687,0.366655,-0.223153,0.975639,-0.088386,-0.156316,0.126021,0.780061,-0.371515,0.415336,0.284566,0.811834,-0.335899,0.337718,0.337704
0.977722,0.031101,0.205648,0.028317,0.920537,0.087674,-0.379877,0.024866,0.973966,-0.008843,0.195827,0.113859,0.993343,0.008840,0.016697,0.113638,0.907443,-0.050625,-0.415364,-0.038181,0.975841,-0.012296,0.208577,-0.063871,0.998189,0.000489,0.002712,-0.060087,0.891750,-0.009695,0.452424,0.000238,0.968533,0.208712,-0.090522,-0.100937,0.774963,0.390818,0.455980,-0.196915,0.821174,0.377223,0.369148,-0.217038,0.973928,-0.077620,-0.169515,0.129248,0.778039,-0.371570,0.426995,0.272519,0.809292,-0.335640,0.356196,0.324833
0.975003,0.031441,0.218148,0.028145,0.913392,0.090207,-0.396161,0.025172,0.972365,-0.011047,0.203258,0.114324,0.993282,0.008782,0.015234,0.114379,0.899694,-0.049735,-0.431679,-0.041591,0.974412,-0.011282,0.215020,-0.064505,0.998151,0.000313,0.002406,-0.060736,0.885880,-0.010563,0.463793,-0.000887,0.968034,0.204816,-0.102819,-0.101928,0.774087,0.395579,0.453616,-0.196313,0.819898,0.382357,0.370430,-0.210599,0.972076,-0.067162,-0.181615,0.132567,0.777621,-0.368268,0.438026,0.260419,0.808253,-0.331518,0.373800,0.311602
0.972095,0.031751,0.230740,0.027975,0.905927,0.092627,-0.412387,0.025573,0.970759,-0.013329,0.210467,0.114689,0.993221,0.008686,0.014007,0.115071,0.891630,-0.048829,-0.447874,-0.044960,0.973006,-0.010275,0.221129,-0.065233,0.998106,0.000055,0.002017,-0.061488,0.879771,-0.011543,0.475253,-0.002036,0.967273,0.201613,-0.114992,-0.102530,0.774027,0.400172,0.450145,-0.195229,0.819578,0.387046,0.370240,-0.203493,0.969996,-0.057034,-0.193333,0.135928,0.778860,-0.362123,0.447607,0.248781,0.808788,-0.323938,0.389545,0.298630
0.968962,0.032006,0.243546,0.027816,0.898108,0.094940,-0.428611,0.026104,0.969199,-0.015606,0.217248,0.114944,0.993159,0.008670,0.013252,0.115692,0.883239,-0.047856,-0.463975,-0.048233,0.971710,-0.009218,0.226578,-0.066001,0.998056,-0.000264,0.001456,-0.062305,0.873324,-0.012713,0.486963,-0.003251,0.966408,0.198644,-0.126607,-0.102796,0.774549,0.404214,0.446173,-0.193946,0.820091,0.390783,0.369190,-0.196055,0.967840,-0.047944,-0.203999,0.139183,0.781075,-0.353995,0.456065,0.237937,0.810348,-0.313679,0.403689,0.286315
0.965769,0.032194,0.255872,0.027996,0.889958,0.097184,-0.444749,0.026972,0.967753,-0.017871,0.223265,0.115273,0.993080,0.008795,0.012696,0.116416,0.874698,-0.046652,-0.479703,-0.051100,0.970440,-0.008090,0.231864,-0.066489,0.998019,-0.000565,0.001260,-0.062896,0.866898,-0.013945,0.498272,-0.004267,0.965513,0.195655,-0.137784,-0.102564,0.775502,0.407629,0.442079,-0.192357,0.821281,0.393443,0.367802,-0.188205,0.965817,-0.041270,-0.212925,0.141973,0.784267,-0.344746,0.462780,0.227840,0.812959,-0.301629,0.415574,0.274620
0.962476,0.032348,0.267938,0.028343,0.881497,0.099354,-0.460766,0.028026,0.966352,-0.020173,0.228895,0.115607,0.992995,0.008947,0.012241,0.117179,0.865948,-0.045329,-0.495166,-0.053766,0.969164,-0.006935,0.237064,-0.066880,0.997986,-0.000877,0.001247,-0.063417,0.860414,-0.015226,0.509341,-0.005175,0.964845,0.191883,-0.147706,-0.102169,0.776252,0.410089,0.438978,-0.191201,0.822494,0.394691,0.367560,-0.180618,0.964603,-0.039300,-0.217685,0.143563,0.788329,-0.335087,0.467604,0.218177,0.816521,-0.288575,0.425166,0.263159
0.959451,0.032201,0.278558,0.028661,0.872918,0.101121,-0.476370,0.029338,0.965023,-0.022271,0.234216,0.115656,0.992940,0.009046,0.012150,0.117647,0.857186,-0.044228,-0.510031,-0.056077,0.967982,-0.005774,0.241736,-0.067382,0.997943,-0.001493,0.001488,-0.064080,0.854726,-0.016166,0.518801,-0.005286,0.964246,0.187675,-0.157349,-0.101235,0.776848,0.412103,0.436717,-0.189623,0.823538,0.395157,0.368681,-0.172368,0.964362,-0.043454,-0.217927,0.143618,0.794183,-0.326118,0.468323,0.208791,0.821719,-0.275784,0.430503,0.251771
0.956456,0.031933,0.288671,0.028991,0.864128,0.102781,-0.491697,0.030852,0.963652,-0.024419,0.239552,0.115733,0.992879,0.009022,0.012033,0.118174,0.848216,-0.043128,-0.524674,-0.058196,0.966795,-0.004575,0.246333,-0.067865,0.997898,-0.002091,0.001786,-0.064743,0.849195,-0.016932,0.527783,-0.005068,0.963965,0.182282,-0.165721,-0.100403,0.776705,0.413327,0.436264,-0.188584,0.823679,0.394595,0.372656,-0.164242,0.965390,-0.054382,-0.211876,0.142035,0.800806,-0.319322,0.465633,0.199823,0.827439,-0.264828,0.432864,0.240497
0.953657,0.031425,0.297809,0.029353,0.855208,0.104320,-0.506623,0.032717,0.962220,-0.026583,0.244926,0.115920,0.992804,0.008840,0.011864,0.118835,0.839102,-0.042020,-0.539026,-0.059936,0.965630,-0.003294,0.250787,-0.068212,0.997859,-0.002618,0.002199,-0.065310,0.844102,-0.017322,0.535886,-0.004206,0.963745,0.176276,-0.173876,-0.099450,0.776167,0.414234,0.436963,-0.187186,0.822925,0.393619,0.379153,-0.155248,0.966888,-0.070082,-0.201773,0.139655,0.807648,-0.316111,0.459185,0.192166,0.832917,-0.257218,0.432562,0.230170
0.951066,0.030664,0.306022,0.029718,0.846121,0.105679,-0.521241,0.034909,0.960838,-0.028606,0.249969,0.116140,0.992729,0.008673,0.011380,0.119519,0.829850,-0.041070,-0.553077,-0.061387,0.964498,-0.001991,0.255023,-0.068583,0.997817,-0.003296,0.002539,-0.065914,0.839516,-0.017326,0.543052,-0.002814,0.963375,0.169954,-0.182612,-0.098375,0.775655,0.415025,0.438058,-0.184981,0.821412,0.392486,0.387614,-0.144888,0.967995,-0.087464,-0.190988,0.137332,0.813884,-0.316809,0.449906,0.186573,0.837235,-0.253344,0.431080,0.221413
0.948557,0.029775,0.313764,0.030084,0.836828,0.106925,-0.535624,0.037313,0.959461,-0.030606,0.254843,0.116417,0.992646,0.008482,0.010741,0.120274,0.820415,-0.040178,-0.566901,-0.062669,0.963374,-0.000673,0.259145,-0.068942,0.997773,-0.004042,0.002842,-0.066518,0.835160,-0.017123,0.549740,-0.001172,0.962850,0.163339,-0.191753,-0.097318,0.775342,0.415504,0.439342,-0.182154,0.819190,0.390984,0.397826,-0.133398,0.968327,-0.103504,-0.182315,0.135612,0.818913,-0.320276,0.439609,0.183162,0.839846,-0.252115,0.430370,0.214193
0.946451,0.028848,0.320125,0.030307,0.827695,0.107829,-0.549291,0.039656,0.958082,-0.032129,0.259793,0.116427,0.992604,0.008563,0.010113,0.120670,0.810963,-0.039489,-0.580253,-0.063918,0.962218,0.000653,0.263267,-0.069469,0.997717,-0.004809,0.003084,-0.067292,0.831504,-0.016467,0.555274,0.001079,0.961899,0.157401,-0.201866,-0.096052,0.775629,0.416083,0.439973,-0.178038,0.816724,0.389387,0.408467,-0.120390,0.967788,-0.115628,-0.178602,0.134603,0.823579,-0.324336,0.428526,0.181354,0.841699,-0.251398,0.430187,0.208042
0.944437,0.027977,0.326069,0.030590,0.818555,0.108691,-0.562485,0.042008,0.956671,-0.033689,0.264704,0.116521,0.992548,0.008573,0.009575,0.121171,0.801547,-0.038808,-0.593105,-0.065143,0.961034,0.001905,0.267414,-0.069999,0.997660,-0.005620,0.003408,-0.068060,0.828070,-0.015746,0.560394,0.003350,0.960730,0.151967,-0.211920,-0.094839,0.776485,0.416339,0.439994,-0.173607,0.814413,0.387060,0.418827,-0.107238,0.966812,-0.123478,-0.179015,0.134092,0.828005,-0.327304,0.418165,0.180049,0.843259,-0.249451,0.431094,0.202106
0.942660,0.027218,0.331197,0.030998,0.809649,0.109528,-0.574901,0.044284,0.955242,-0.035238,0.269544,0.116694,0.992481,0.008503,0.009209,0.121757,0.792443,-0.038170,-0.605120,-0.066380,0.959809,0.003014,0.271618,-0.070576,0.997599,-0.006518,0.003895,-0.068844,0.825137,-0.014928,0.564707,0.005689,0.959236,0.147765,-0.222008,-0.093516,0.778106,0.416637,0.438720,-0.168788,0.813096,0.384110,0.427112,-0.094392,0.965611,-0.127203,-0.182994,0.133893,0.832939,-0.328081,0.408237,0.178656,0.845659,-0.245071,0.431576,0.196324
0.941136,0.026542,0.335524,0.031346,0.801298,0.110237,-0.586189,0.046387,0.953828,-0.036692,0.274249,0.116846,0.992419,0.008295,0.008710,0.122313,0.783696,-0.037642,-0.616302,-0.067639,0.958573,0.004160,0.275756,-0.071262,0.997527,-0.007457,0.004447,-0.069750,0.822654,-0.014341,0.568310,0.007681,0.957566,0.144685,-0.231628,-0.092096,0.780390,0.416984,0.436032,-0.164295,0.813415,0.380367,0.432191,-0.082991,0.964309,-0.128119,-0.189160,0.133839,0.838408,-0.326824,0.398756,0.176783,0.849416,-0.238279,0.430477,0.190800
0.939734,0.025909,0.339449,0.031665,0.793166,0.110869,-0.596868,0.048417,0.952408,-0.038118,0.278883,0.117002,0.992356,0.008004,0.008147,0.122879,0.775064,-0.037154,-0.627014,-0.068908,0.957323,0.005352,0.279859,-0.071994,0.997448,-0.008393,0.005035,-0.070718,0.820391,-0.013863,0.571556,0.009497,0.955906,0.143095,-0.239922,-0.090584,0.782692,0.417829,0.432492,-0.160508,0.815377,0.376255,0.433785,-0.073640,0.963036,-0.127000,-0.196200,0.133934,0.844094,-0.323916,0.389885,0.174852,0.854593,-0.229329,0.427064,0.186266
0.938452,0.025427,0.342968,0.032158,0.785995,0.111682,-0.605977,0.050310,0.951023,-0.039674,0.283179,0.117437,0.992254,0.007694,0.007533,0.123758,0.767329,-0.036468,-0.636380,-0.069978,0.956067,0.006319,0.283986,-0.072437,0.997392,-0.009343,0.005523,-0.071350,0.818429,-0.013959,0.574338,0.010684,0.954354,0.142518,-0.246991,-0.088841,0.785057,0.419123,0.427905,-0.157857,0.819459,0.371654,0.431150,-0.066860,0.961719,-0.125350,-0.203446,0.134142,0.849333,-0.320806,0.381940,0.172740,0.860882,-0.219579,0.421067,0.182674
0.937211,0.025008,0.346335,0.032577,0.779078,0.112472,-0.614550,0.052115,0.949612,-0.041205,0.287484,0.117868,0.992150,0.007335,0.007063,0.124637,0.759841,-0.035743,-0.645231,-0.070999,0.954805,0.007294,0.288080,-0.072826,0.997337,-0.010294,0.006099,-0.071937,0.816495,-0.014273,0.577059,0.011571,0.952950,0.143564,-0.252442,-0.086880,0.787057,0.421347,0.422627,-0.156187,0.825502,0.367043,0.424173,-0.062468,0.960531,-0.123026,-0.210121,0.134511,0.853479,-0.317869,0.375830,0.171127,0.867736,-0.209332,0.413046,0.180576
0.936069,0.024719,0.349406,0.032851,0.772802,0.113241,-0.622147,0.053718,0.948174,-0.042635,0.291819,0.118282,0.992049,0.006913,0.006881,0.125475,0.752980,-0.034972,-0.653165,-0.071923,0.953550,0.008235,0.292114,-0.073102,0.997287,-0.011286,0.006849,-0.072413,0.814631,-0.015030,0.579664,0.011873,0.951696,0.146068,-0.256474,-0.084613,0.789003,0.424217,0.416330,-0.155511,0.833841,0.362055,0.412277,-0.060443,0.959395,-0.120195,-0.216503,0.135057,0.856121,-0.315805,0.372077,0.169951,0.874822,-0.199272,0.403321,0.179747
0.934880,0.024580,0.352566,0.033043,0.767102,0.114080,-0.628887,0.055151,0.946794,-0.043811,0.295892,0.118781,0.991942,0.006795,0.006844,0.126324,0.746694,-0.034109,-0.660294,-0.072773,0.952348,0.009122,0.295949,-0.073246,0.997245,-0.012179,0.007790,-0.072755,0.812652,-0.016567,0.582402,0.011457,0.950741,0.149788,-0.258744,-0.081890,0.791164,0.427020,0.409167,-0.155873,0.844435,0.355961,0.395650,-0.060687,0.958181,-0.116285,-0.223268,0.136085,0.857001,-0.314776,0.371224,0.169286,0.881794,-0.189632,0.392518,0.180026
0.933662,0.024517,0.355770,0.033193,0.761672,0.114941,-0.635178,0.056504,0.945435,-0.044882,0.299835,0.119320,0.991832,0.006810,0.006885,0.127184,0.740672,-0.033204,-0.666999,-0.073580,0.951164,0.009979,0.299684,-0.073331,0.997205,-0.013028,0.008827,-0.073037,0.810605,-0.018498,0.585204,0.010690,0.949989,0.155203,-0.259279,-0.078793,0.793648,0.429667,0.401171,-0.156747,0.856789,0.348743,0.374693,-0.062421,0.956688,-0.109356,-0.231971,0.137764,0.856475,-0.313724,0.373289,0.169359,0.888589,-0.179500,0.381183,0.181352
0.932674,0.024794,0.358338,0.033136,0.757498,0.115882,-0.639900,0.057419,0.944233,-0.045626,0.303267,0.119883,0.991729,0.006914,0.007109,0.127965,0.735937,-0.032166,-0.672196,-0.074261,0.950084,0.010512,0.303098,-0.073223,0.997186,-0.013647,0.009876,-0.073049,0.808911,-0.021164,0.587481,0.008983,0.949263,0.161464,-0.259131,-0.075367,0.797235,0.431449,0.391556,-0.157962,0.870722,0.339738,0.349535,-0.065158,0.954400,-0.098636,-0.244363,0.140283,0.854861,-0.312320,0.378038,0.169576,0.895067,-0.168813,0.370080,0.182754
0.931673,0.025153,0.360919,0.033014,0.753783,0.116753,-0.644048,0.058149,0.943069,-0.046247,0.306586,0.120364,0.991639,0.007126,0.007394,0.128631,0.731669,-0.031226,-0.676805,-0.074967,0.949050,0.010987,0.306309,-0.073201,0.997158,-0.014256,0.011127,-0.073131,0.807164,-0.024132,0.589792,0.007039,0.948594,0.168818,-0.257931,-0.071706,0.801474,0.432420,0.381293,-0.158955,0.884883,0.329409,0.322286,-0.067847,0.951166,-0.082546,-0.260075,0.144329,0.852162,-0.309359,0.385838,0.171016,0.900564,-0.156612,0.361026,0.184707
0.930653,0.025675,0.363528,0.032761,0.751032,0.117510,-0.647087,0.058492,0.941998,-0.046575,0.309684,0.120689,0.991578,0.007596,0.007795,0.129054,0.728390,-0.030473,-0.680281,-0.075736,0.948123,0.011356,0.309122,-0.073329,0.997115,-0.014829,0.012783,-0.073333,0.805321,-0.027701,0.592174,0.004608,0.948047,0.176240,-0.256005,-0.067881,0.806389,0.432148,0.370765,-0.159743,0.898553,0.317679,0.294563,-0.070110,0.946789,-0.062460,-0.277677,0.150282,0.848232,-0.305322,0.396316,0.173821,0.904635,-0.143649,0.355012,0.186994
0.929772,0.026265,0.365746,0.032629,0.749272,0.118338,-0.648959,0.058655,0.941039,-0.047017,0.312376,0.121065,0.991506,0.007928,0.008197,0.129558,0.726096,-0.029703,-0.682694,-0.076358,0.947325,0.011504,0.311553,-0.073332,0.997089,-0.015268,0.014133,-0.073354,0.803791,-0.031463,0.594076,0.002033,0.947428,0.183645,-0.254077,-0.064026,0.811686,0.431175,0.360153,-0.159823,0.911100,0.305485,0.267372,-0.071333,0.941380,-0.040734,-0.295382,0.157780,0.843631,-0.300578,0.407823,0.177822,0.907566,-0.130493,0.351262,0.189499
0.928959,0.026890,0.367767,0.032556,0.748010,0.119199,-0.650250,0.058724,0.940134,-0.047514,0.314862,0.121458,0.991430,0.008192,0.008597,0.130095,0.724295,-0.028926,-0.684577,-0.076908,0.946590,0.011542,0.313790,-0.073279,0.997070,-0.015641,0.015328,-0.073291,0.802397,-0.035327,0.595744,-0.000602,0.946886,0.190599,-0.251863,-0.060362,0.816847,0.429666,0.350313,-0.159464,0.922031,0.293370,0.242179,-0.071712,0.935771,-0.020694,-0.310421,0.165961,0.838825,-0.295456,0.419403,0.182153,0.909723,-0.117660,0.349121,0.191509
0.928175,0.027497,0.369744,0.032007,0.748073,0.119592,-0.650138,0.058364,0.939501,-0.047507,0.316738,0.121480,0.991419,0.008704,0.009050,0.130117,0.723844,-0.028724,-0.685003,-0.077432,0.946101,0.011396,0.315196,-0.073580,0.997024,-0.016092,0.016708,-0.073524,0.800824,-0.039215,0.597603,-0.003547,0.946591,0.196636,-0.249040,-0.057267,0.821493,0.427717,0.341813,-0.159286,0.931200,0.281646,0.219942,-0.071885,0.931015,-0.005036,-0.321045,0.173541,0.834517,-0.289644,0.430507,0.185344,0.911707,-0.105039,0.347862,0.191704
0.927377,0.028062,0.371751,0.031382,0.748511,0.119865,-0.649622,0.057921,0.938970,-0.047519,0.318338,0.121404,0.991419,0.009199,0.009517,0.130047,0.723776,-0.028636,-0.685028,-0.077881,0.945732,0.011277,0.316238,-0.073876,0.996979,-0.016423,0.017945,-0.073763,0.799232,-0.042971,0.599450,-0.006412,0.946362,0.202142,-0.246106,-0.054492,0.825610,0.425776,0.334433,-0.158863,0.938789,0.270875,0.200428,-0.071625,0.927411,0.005759,-0.327889,0.179901,0.831667,-0.282562,0.439998,0.186789,0.914176,-0.092120,0.346140,0.189694
0.926555,0.028544,0.373824,0.030606,0.749702,0.119905,-0.648294,0.057310,0.938644,-0.047564,0.319392,0.121136,0.991443,0.009668,0.010017,0.129799,0.724476,-0.028768,-0.684248,-0.078180,0.945604,0.011215,0.316558,-0.074148,0.996942,-0.016503,0.018899,-0.074006,0.797646,-0.046448,0.601265,-0.009137,0.946048,0.207365,-0.243504,-0.051944,0.829278,0.424156,0.327728,-0.158062,0.945044,0.261361,0.183144,-0.071000,0.924829,0.012502,-0.332203,0.184866,0.830580,-0.274207,0.447368,0.186574,0.917250,-0.078871,0.343419,0.185726
0.925657,0.028830,0.376089,0.029747,0.751388,0.119773,-0.646414,0.056738,0.938567,-0.047540,0.319725,0.120860,0.991470,0.010086,0.010548,0.129515,0.725866,-0.029119,-0.682751,-0.078243,0.945688,0.011091,0.316258,-0.074374,0.996915,-0.016592,0.019501,-0.074193,0.795848,-0.049880,0.603323,-0.011758,0.945718,0.212213,-0.241121,-0.049432,0.832578,0.422707,0.321691,-0.156996,0.950193,0.252919,0.168062,-0.070141,0.923051,0.016431,-0.334703,0.188893,0.830629,-0.265672,0.452806,0.185583,0.920441,-0.066249,0.340130,0.180861
0.924717,0.029020,0.378449,0.028845,0.753316,0.119555,-0.644255,0.056182,0.938616,-0.047479,0.319697,0.120581,0.991499,0.010481,0.011094,0.129214,0.727597,-0.029577,-0.680892,-0.078192,0.945877,0.010940,0.315649,-0.074578,0.996893,-0.016684,0.019928,-0.074354,0.793928,-0.053290,0.605503,-0.014318,0.945370,0.216671,-0.239011,-0.046935,0.835515,0.421476,0.316232,-0.155786,0.954409,0.245526,0.155019,-0.069202,0.921828,0.018689,-0.335986,0.192346,0.831130,-0.258339,0.456463,0.184732,0.923332,-0.055438,0.336611,0.176290
0.923829,0.029090,0.380717,0.027369,0.756225,0.118778,-0.641058,0.055312,0.938901,-0.047345,0.319163,0.119823,0.991591,0.010688,0.011821,0.128425,0.730475,-0.030397,-0.677810,-0.077819,0.946369,0.010688,0.314136,-0.074762,0.996880,-0.016552,0.020217,-0.074481,0.792148,-0.056191,0.607504,-0.016830,0.944907,0.220993,-0.237280,-0.044838,0.837847,0.420940,0.311284,-0.154672,0.957711,0.239589,0.143842,-0.068531,0.921047,0.020241,-0.336461,0.195082,0.831680,-0.252869,0.458591,0.184552,0.925758,-0.046910,0.333070,0.172732
0.922929,0.029103,0.383000,0.025820,0.759279,0.117932,-0.637671,0.054440,0.939295,-0.047199,0.318313,0.119054,0.991685,0.010900,0.012474,0.127619,0.733553,-0.031312,-0.674483,-0.077402,0.946960,0.010400,0.312307,-0.074983,0.996868,-0.016348,0.020394,-0.074640,0.790330,-0.058979,0.609530,-0.019315,0.944580,0.224816,-0.235314,-0.043059,0.839513,0.420675,0.307471,-0.153988,0.960226,0.234659,0.135064,-0.068249,0.920811,0.021315,-0.335616,0.197519,0.831522,-0.249931,0.460155,0.185373,0.927385,-0.041234,0.330397,0.170569
0.922014,0.029005,0.385314,0.024123,0.762632,0.116945,-0.633913,0.053566,0.939908,-0.047024,0.316825,0.118252,0.991785,0.011125,0.012976,0.126771,0.737039,-0.032423,-0.670679,-0.076893,0.947749,0.010034,0.309844,-0.075282,0.996858,-0.016008,0.020346,-0.074862,0.788467,-0.061530,0.611604,-0.021767,0.944426,0.228151,-0.232940,-0.041779,0.840405,0.420731,0.304976,-0.153929,0.962028,0.230735,0.128729,-0.068504,0.921141,0.022196,-0.333411,0.199607,0.830475,-0.249104,0.461805,0.187070,0.928203,-0.037956,0.328993,0.169593
0.921057,0.028804,0.387722,0.022279,0.766228,0.115809,-0.629848,0.052676,0.940637,-0.046816,0.315006,0.117391,0.991891,0.011304,0.013667,0.125845,0.740936,-0.033463,-0.666414,-0.076069,0.948685,0.009582,0.306976,-0.075309,0.996868,-0.015424,0.020483,-0.074813,0.786518,-0.063880,0.613774,-0.024306,0.944489,0.230847,-0.230138,-0.041079,0.840592,0.420965,0.303777,-0.154636,0.963243,0.227593,0.124700,-0.069386,0.921997,0.022887,-0.329947,0.201325,0.828535,-0.249813,0.464006,0.189268,0.928281,-0.036529,0.329073,0.169326
0.920073,0.028552,0.390175,0.020360,0.769929,0.114599,-0.625617,0.051769,0.941421,-0.046591,0.313022,0.116502,0.992000,0.011464,0.014452,0.124883,0.745025,-0.034456,-0.661899,-0.075104,0.949684,0.009113,0.303908,-0.075210,0.996886,-0.014698,0.020720,-0.074646,0.784514,-0.066129,0.615989,-0.026884,0.944754,0.232861,-0.227048,-0.040800,0.840240,0.421232,0.303713,-0.155943,0.964002,0.225046,0.122691,-0.070716,0.923220,0.023418,-0.325562,0.202797,0.825865,-0.251553,0.466804,0.191736,0.927738,-0.036461,0.330527,0.169482
0.919229,0.028170,0.392293,0.018164,0.773784,0.113058,-0.621206,0.050788,0.942472,-0.046326,0.310305,0.115378,0.992145,0.011553,0.014699,0.123690,0.749309,-0.035801,-0.657079,-0.074173,0.950931,0.008565,0.299950,-0.075416,0.996887,-0.013978,0.020753,-0.074764,0.782852,-0.067678,0.617823,-0.029277,0.944914,0.234751,-0.224381,-0.041033,0.839374,0.422108,0.304118,-0.157441,0.964314,0.223626,0.121879,-0.072355,0.924516,0.024198,-0.321237,0.203694,0.823128,-0.253433,0.469564,0.194272,0.926940,-0.036824,0.332534,0.169842
0.918405,0.027752,0.394344,0.015942,0.777581,0.111516,-0.616805,0.049842,0.943512,-0.046124,0.307568,0.114281,0.992282,0.011555,0.015076,0.122535,0.753602,-0.037116,-0.652187,-0.073200,0.952192,0.007968,0.295893,-0.075596,0.996890,-0.013175,0.020835,-0.074850,0.781192,-0.069008,0.619659,-0.031602,0.945172,0.236086,-0.221776,-0.041566,0.838198,0.422995,0.305191,-0.159239,0.964303,0.222717,0.122493,-0.074252,0.925941,0.024940,-0.316650,0.204312,0.820117,-0.255590,0.472603,0.196794,0.925774,-0.037805,0.335436,0.170281
0.917629,0.027261,0.396266,0.013667,0.781293,0.109970,-0.612444,0.048985,0.944540,-0.046042,0.304800,0.113233,0.992407,0.011380,0.015716,0.121453,0.757943,-0.038390,-0.647184,-0.072117,0.953500,0.007237,0.291641,-0.075704,0.996899,-0.012234,0.021009,-0.074845,0.779557,-0.069898,0.621500,-0.033806,0.945450,0.237045,-0.219385,-0.042469,0.836744,0.424029,0.306684,-0.161257,0.963976,0.222422,0.124242,-0.076433,0.927445,0.025769,-0.312031,0.204496,0.817048,-0.257724,0.475720,0.199251,0.924345,-0.039103,0.338984,0.170724
0.916972,0.026595,0.397901,0.011394,0.784888,0.108429,-0.608158,0.048348,0.945606,-0.046041,0.301814,0.112332,0.992515,0.011134,0.016194,0.120534,0.762191,-0.039798,-0.642216,-0.070986,0.954835,0.006433,0.287205,-0.075911,0.996904,-0.011434,0.020922,-0.074920,0.778245,-0.070535,0.622958,-0.035831,0.945656,0.237611,-0.217707,-0.043359,0.835351,0.425083,0.308053,-0.163084,0.963486,0.222557,0.126442,-0.078586,0.928804,0.026518,-0.307911,0.204477,0.814191,-0.260090,0.478331,0.201606,0.922844,-0.040937,0.342550,0.171295
0.916371,0.025841,0.399392,0.009123,0.788411,0.106893,-0.603900,0.047809,0.946684,-0.046075,0.298720,0.111508,0.992612,0.010859,0.016592,0.119697,0.766379,-0.041265,-0.637246,-0.069850,0.956168,0.005611,0.282679,-0.076178,0.996907,-0.010692,0.020709,-0.075051,0.777092,-0.071047,0.624223,-0.037766,0.945864,0.237662,-0.216569,-0.044228,0.834105,0.425953,0.309299,-0.164824,0.962886,0.222862,0.129077,-0.080763,0.930081,0.027060,-0.304108,0.204291,0.811475,-0.262757,0.480541,0.203830,0.921245,-0.043379,0.346208,0.171950
0.915892,0.024901,0.400593,0.006825,0.791456,0.105289,-0.600211,0.047527,0.947745,-0.046146,0.295620,0.110720,0.992707,0.010456,0.016873,0.118907,0.770298,-0.042619,-0.632564,-0.068469,0.957520,0.004607,0.278066,-0.076244,0.996929,-0.010138,0.020314,-0.074943,0.776063,-0.071308,0.625359,-0.039589,0.946047,0.237338,-0.215932,-0.045151,0.832994,0.426721,0.310340,-0.166490,0.962184,0.223364,0.131999,-0.082991,0.931294,0.027470,-0.300639,0.203847,0.808979,-0.265564,0.482311,0.205925,0.919594,-0.046225,0.349852,0.172666
0.915476,0.023934,0.401635,0.004564,0.794345,0.103699,-0.596679,0.047290,0.948778,-0.046193,0.292569,0.109958,0.992800,0.010075,0.017072,0.118135,0.774015,-0.043972,-0.628060,-0.067143,0.958823,0.003636,0.273522,-0.076356,0.996948,-0.009605,0.019828,-0.074891,0.775102,-0.071512,0.626416,-0.041306,0.946257,0.236568,-0.215677,-0.046001,0.832122,0.427194,0.311187,-0.168049,0.961453,0.223814,0.135143,-0.085159,0.932439,0.027653,-0.297423,0.203303,0.806638,-0.268614,0.483690,0.207910,0.917881,-0.049539,0.353485,0.173461
0.915192,0.022916,0.402360,0.002375,0.796947,0.102135,-0.593481,0.047161,0.949766,-0.046197,0.289615,0.109238,0.992890,0.009725,0.017104,0.117397,0.777357,-0.045344,-0.623954,-0.065888,0.960059,0.002681,0.269110,-0.076547,0.996964,-0.009150,0.019144,-0.074918,0.774281,-0.071606,0.627319,-0.042813,0.946447,0.235529,-0.215822,-0.046735,0.831496,0.427461,0.311770,-0.169383,0.960717,0.224255,0.138335,-0.087159,0.933472,0.027730,-0.294578,0.202694,0.804522,-0.271774,0.484617,0.209830,0.916162,-0.053126,0.356969,0.174351
0.915056,0.021848,0.402735,0.000297,0.799215,0.100655,-0.590675,0.047190,0.950709,-0.046232,0.286733,0.108623,0.992968,0.009390,0.017076,0.116771,0.780475,-0.046583,-0.620097,-0.064567,0.961200,0.001775,0.264996,-0.076607,0.996987,-0.008876,0.018447,-0.074824,0.773891,-0.071740,0.627679,-0.044332,0.946575,0.234049,-0.216759,-0.047252,0.831355,0.427411,0.311646,-0.170427,0.960113,0.224444,0.141036,-0.088973,0.934268,0.027391,-0.292494,0.202092,0.802781,-0.275241,0.484880,0.211368,0.914615,-0.057175,0.359937,0.175089
0.914993,0.020756,0.402933,-0.001725,0.801312,0.099219,-0.588064,0.047289,0.951626,-0.046278,0.283884,0.108059,0.993039,0.009067,0.017017,0.116195,0.783473,-0.047751,-0.616354,-0.063230,0.962285,0.000912,0.261033,-0.076609,0.997012,-0.008677,0.017747,-0.074683,0.773718,-0.071895,0.627765,-0.045855,0.946720,0.232179,-0.218030,-0.047719,0.831538,0.427022,0.311148,-0.171419,0.959590,0.224341,0.143581,-0.090790,0.934944,0.026751,-0.290821,0.201464,0.801209,-0.278837,0.484901,0.212570,0.913129,-0.061514,0.362753,0.175560
0.915095,0.019562,0.402747,-0.003593,0.802746,0.097771,-0.586321,0.047624,0.952493,-0.046289,0.281174,0.107496,0.993118,0.008807,0.016364,0.115636,0.785877,-0.048956,-0.613322,-0.061946,0.963268,0.000051,0.257357,-0.076697,0.997032,-0.008811,0.016788,-0.074613,0.773788,-0.071878,0.627596,-0.046994,0.946814,0.230411,-0.219406,-0.048113,0.831851,0.426589,0.310491,-0.172167,0.959066,0.224278,0.146064,-0.092500,0.935470,0.026271,-0.289578,0.200874,0.799824,-0.282282,0.484666,0.213769,0.911706,-0.065798,0.365366,0.175984
0.915277,0.018339,0.402372,-0.005309,0.804058,0.096403,-0.584712,0.048046,0.953265,-0.046328,0.278723,0.107017,0.993185,0.008501,0.015699,0.115170,0.788077,-0.050090,-0.610530,-0.060659,0.964173,-0.000780,0.253933,-0.076737,0.997054,-0.008916,0.015932,-0.074503,0.774026,-0.071884,0.627223,-0.048033,0.946947,0.228511,-0.220727,-0.048518,0.832362,0.425887,0.309644,-0.172954,0.958602,0.223919,0.148438,-0.094390,0.935913,0.025650,-0.288584,0.200322,0.798498,-0.285759,0.484376,0.214762,0.910352,-0.070251,0.367849,0.176102
0.915623,0.017056,0.401619,-0.006718,0.805134,0.095194,-0.583378,0.048659,0.953856,-0.046430,0.276794,0.106711,0.993231,0.008094,0.015006,0.114899,0.789880,-0.051087,-0.608242,-0.059333,0.964944,-0.001582,0.251006,-0.076658,0.997080,-0.008986,0.015276,-0.074285,0.774601,-0.071940,0.626442,-0.048867,0.947045,0.226697,-0.222112,-0.048790,0.833141,0.425006,0.308407,-0.173582,0.958258,0.223279,0.150337,-0.096367,0.936186,0.024927,-0.288042,0.199917,0.797353,-0.289342,0.483747,0.215637,0.909201,-0.074881,0.369819,0.176014
0.916077,0.015793,0.400613,-0.007879,0.805891,0.094107,-0.582449,0.049375,0.954406,-0.046585,0.274948,0.106501,0.993267,0.007585,0.014028,0.114747,0.791299,-0.052105,-0.606422,-0.058159,0.965586,-0.002274,0.248505,-0.076702,0.997095,-0.009191,0.014573,-0.074200,0.775274,-0.072026,0.625543,-0.049577,0.947173,0.225039,-0.223181,-0.049103,0.834073,0.423934,0.306956,-0.174301,0.958016,0.222261,0.151894,-0.098656,0.936427,0.024119,-0.287573,0.199559,0.796258,-0.292925,0.483026,0.216456,0.908207,-0.079547,0.371449,0.175664
0.916584,0.014539,0.399478,-0.008916,0.806487,0.093080,-0.581722,0.050140,0.954934,-0.046765,0.273141,0.106337,0.993297,0.007025,0.012906,0.114653,0.792522,-0.053134,-0.604838,-0.057066,0.966163,-0.002912,0.246212,-0.076810,0.997103,-0.009464,0.013844,-0.074186,0.775996,-0.072128,0.624585,-0.050223,0.947327,0.223622,-0.223862,-0.049505,0.835144,0.422705,0.305235,-0.175176,0.957907,0.220799,0.152970,-0.101306,0.936678,0.023198,-0.287084,0.199195,0.795226,-0.296492,0.482199,0.217237,0.907420,-0.084151,0.372649,0.175041
0.917131,0.013489,0.398244,-0.009515,0.806857,0.092427,-0.581245,0.050922,0.955188,-0.047073,0.272173,0.106403,0.993292,0.006341,0.012217,0.114813,0.793185,-0.054136,-0.603946,-0.056355,0.966547,-0.003337,0.244590,-0.077149,0.997089,-0.009877,0.013286,-0.074434,0.776850,-0.072524,0.623424,-0.050855,0.947517,0.222344,-0.224273,-0.049750,0.836532,0.421136,0.303085,-0.176065,0.958057,0.218604,0.153305,-0.104096,0.936882,0.021932,-0.286630,0.199031,0.794246,-0.300375,0.481069,0.217991,0.906892,-0.088919,0.373205,0.174239
0.917696,0.012497,0.396962,-0.009963,0.807097,0.091821,-0.580941,0.051680,0.955477,-0.047334,0.271084,0.106475,0.993287,0.005758,0.011441,0.114965,0.793733,-0.055024,-0.603209,-0.055674,0.966906,-0.003675,0.243073,-0.077420,0.997076,-0.010323,0.012734,-0.074633,0.777735,-0.073060,0.622210,-0.051439,0.947742,0.221348,-0.224259,-0.049980,0.838088,0.419373,0.300645,-0.177051,0.958418,0.215777,0.153051,-0.107004,0.937125,0.020415,-0.286026,0.198921,0.793292,-0.304470,0.479691,0.218822,0.906594,-0.093634,0.373200,0.173328
0.918300,0.011621,0.395586,-0.010110,0.807078,0.091311,-0.580983,0.052399,0.955836,-0.047507,0.269749,0.106561,0.993283,0.005375,0.010488,0.115111,0.794055,-0.055684,-0.602783,-0.055044,0.967223,-0.003838,0.241767,-0.077551,0.997070,-0.010837,0.012196,-0.074729,0.778679,-0.073874,0.620891,-0.051928,0.948019,0.220570,-0.223837,-0.050054,0.839846,0.417338,0.297979,-0.178034,0.959021,0.212211,0.152287,-0.109787,0.937398,0.018501,-0.285230,0.198965,0.792314,-0.309048,0.477924,0.219812,0.906498,-0.098464,0.372583,0.172475
0.918858,0.010953,0.394302,-0.010265,0.807157,0.090953,-0.580881,0.052944,0.956109,-0.047395,0.268761,0.106659,0.993280,0.005407,0.009971,0.115179,0.794226,-0.056369,-0.602524,-0.054705,0.967465,-0.003928,0.240686,-0.077884,0.997044,-0.011416,0.011883,-0.075039,0.779472,-0.074635,0.619761,-0.052425,0.948383,0.220042,-0.222734,-0.050409,0.841516,0.415235,0.295386,-0.179383,0.959709,0.208113,0.151492,-0.112687,0.937888,0.016220,-0.283901,0.198754,0.791251,-0.313863,0.476037,0.220909,0.906519,-0.103129,0.371696,0.171553
0.919393,0.010388,0.393064,-0.010422,0.807284,0.090670,-0.580706,0.053402,0.956339,-0.047139,0.267945,0.106764,0.993278,0.005647,0.009674,0.115209,0.794323,-0.057066,-0.602348,-0.054510,0.967671,-0.003983,0.239717,-0.078317,0.997008,-0.012029,0.011684,-0.075456,0.780190,-0.075370,0.618725,-0.052924,0.948831,0.219672,-0.221045,-0.051013,0.843080,0.413068,0.292926,-0.181068,0.960455,0.203519,0.150809,-0.115598,0.938574,0.013439,-0.282098,0.198288,0.790110,-0.319023,0.473967,0.222051,0.906643,-0.107724,0.370544,0.170563
0.920048,0.009865,0.391542,-0.010439,0.807267,0.090345,-0.580743,0.053801,0.956652,-0.046866,0.266866,0.106782,0.993287,0.005797,0.009415,0.115147,0.794572,-0.057423,-0.602020,-0.054122,0.967941,-0.003788,0.238608,-0.078368,0.997002,-0.012408,0.011183,-0.075551,0.781178,-0.075803,0.617409,-0.053122,0.949189,0.219811,-0.219193,-0.051756,0.844469,0.411255,0.290446,-0.182709,0.961208,0.198946,0.150046,-0.118263,0.939287,0.010457,-0.280357,0.197560,0.789184,-0.324275,0.471363,0.223275,0.907023,-0.111967,0.368789,0.169611
0.920714,0.009332,0.389987,-0.010472,0.807365,0.090030,-0.580621,0.054190,0.956968,-0.046595,0.265763,0.106826,0.993292,0.005994,0.009214,0.115106,0.794908,-0.057760,-0.601583,-0.053694,0.968233,-0.003620,0.237420,-0.078378,0.996998,-0.012774,0.010753,-0.075604,0.782198,-0.076160,0.616061,-0.053237,0.949600,0.220064,-0.216921,-0.052696,0.845648,0.409522,0.288251,-0.184614,0.961923,0.194185,0.149576,-0.120923,0.940113,0.007134,-0.278333,0.196640,0.788177,-0.329535,0.468871,0.224375,0.907457,-0.115941,0.367040,0.168408
0.921403,0.008780,0.388367,-0.010539,0.807691,0.089736,-0.580178,0.054557,0.957289,-0.046327,0.264614,0.106920,0.993291,0.006286,0.009130,0.115109,0.795415,-0.058058,-0.600929,-0.053189,0.968568,-0.003502,0.236076,-0.078307,0.996999,-0.013113,0.010463,-0.075576,0.783289,-0.076365,0.614652,-0.053190,0.950019,0.220526,-0.214332,-0.053795,0.846554,0.408020,0.286374,-0.186699,0.962552,0.189501,0.149332,-0.123621,0.940986,0.003784,-0.276173,0.195599,0.787116,-0.334427,0.466735,0.225311,0.907939,-0.119388,0.365441,0.166873
0.922090,0.008256,0.386745,-0.010529,0.808283,0.089454,-0.579371,0.054821,0.957680,-0.046030,0.263203,0.107021,0.993290,0.006545,0.009027,0.115109,0.796263,-0.058280,-0.599831,-0.052634,0.968933,-0.003321,0.234629,-0.078147,0.997005,-0.013231,0.010399,-0.075485,0.784465,-0.076550,0.613135,-0.053114,0.950445,0.221046,-0.211596,-0.054961,0.847263,0.406674,0.284704,-0.188958,0.963118,0.184896,0.149077,-0.126468,0.941841,0.000476,-0.274004,0.194571,0.785985,-0.338821,0.465173,0.225923,0.908465,-0.122322,0.364070,0.164867
0.922774,0.007747,0.385122,-0.010480,0.809009,0.089176,-0.578380,0.055031,0.958106,-0.045718,0.261662,0.107125,0.993290,0.006786,0.008917,0.115106,0.797281,-0.058465,-0.598510,-0.052056,0.969311,-0.003107,0.233131,-0.077948,0.997013,-0.013237,0.010449,-0.075367,0.785680,-0.076724,0.611563,-0.053021,0.950854,0.221663,-0.208781,-0.056142,0.847776,0.405534,0.283206,-0.191342,0.963610,0.180508,0.148655,-0.129517,0.942645,-0.002561,-0.271882,0.193635,0.784808,-0.342527,0.464288,0.226247,0.909031,-0.124649,0.362953,0.162448
0.923436,0.007267,0.383546,-0.010261,0.810127,0.089009,-0.576826,0.055166,0.958527,-0.045504,0.260057,0.107356,0.993274,0.007022,0.008535,0.115261,0.798754,-0.058518,-0.596596,-0.051385,0.969742,-0.002947,0.231455,-0.077586,0.997038,-0.013085,0.010352,-0.075079,0.786663,-0.077087,0.610254,-0.052993,0.951340,0.222233,-0.205626,-0.057297,0.848099,0.404393,0.282092,-0.193956,0.964020,0.176198,0.148250,-0.132823,0.943469,-0.005280,-0.269477,0.192927,0.783390,-0.345572,0.464335,0.226436,0.909483,-0.126481,0.362378,0.159770
0.924082,0.006819,0.382001,-0.010070,0.811448,0.088858,-0.574983,0.055226,0.958959,-0.045235,0.258411,0.107593,0.993257,0.007278,0.008321,0.115402,0.800350,-0.058618,-0.594497,-0.050766,0.970173,-0.002861,0.229744,-0.077296,0.997057,-0.012965,0.010342,-0.074849,0.787618,-0.077551,0.608961,-0.053008,0.951782,0.222910,-0.202536,-0.058328,0.848327,0.403417,0.281002,-0.196554,0.964398,0.172144,0.147448,-0.136244,0.944205,-0.007590,-0.267178,0.192444,0.781976,-0.348018,0.464843,0.226536,0.909965,-0.127833,0.361900,0.157005
0.924698,0.006437,0.380518,-0.009935,0.813174,0.088746,-0.572567,0.055132,0.959412,-0.044853,0.256682,0.107847,0.993241,0.007582,0.008442,0.115517,0.802196,-0.058809,-0.592029,-0.050255,0.970605,-0.002918,0.227961,-0.077141,0.997065,-0.012903,0.010504,-0.074725,0.788519,-0.078213,0.607700,-0.053114,0.952192,0.223635,-0.199538,-0.059174,0.848536,0.402511,0.279887,-0.199084,0.964779,0.168230,0.146257,-0.139671,0.944850,-0.009566,-0.264974,0.192237,0.780546,-0.350076,0.465644,0.226650,0.910453,-0.128876,0.361466,0.154302
0.925297,0.006119,0.379065,-0.009871,0.815085,0.088582,-0.569892,0.054882,0.959923,-0.044421,0.254769,0.108011,0.993236,0.007839,0.008552,0.115530,0.804265,-0.058998,-0.589235,-0.049784,0.971068,-0.002938,0.226025,-0.077018,0.997071,-0.012777,0.010730,-0.074645,0.789337,-0.078991,0.606513,-0.053375,0.952564,0.224422,-0.196628,-0.059950,0.848712,0.401696,0.278724,-0.201597,0.965155,0.164438,0.144763,-0.143104,0.945432,-0.011227,-0.262858,0.192191,0.779126,-0.351822,0.466628,0.226811,0.910943,-0.129630,0.361069,0.151685
0.925887,0.005833,0.377628,-0.009843,0.817085,0.088389,-0.567084,0.054554,0.960461,-0.043965,0.252766,0.108127,0.993238,0.008071,0.008659,0.115491,0.806442,-0.059187,-0.586272,-0.049334,0.971542,-0.002939,0.224012,-0.076918,0.997074,-0.012619,0.010990,-0.074594,0.790112,-0.079826,0.605364,-0.053717,0.952875,0.225355,-0.193819,-0.060652,0.848860,0.401013,0.277512,-0.203993,0.965534,0.160781,0.143034,-0.146404,0.945928,-0.012515,-0.260929,0.192300,0.777749,-0.353356,0.467611,0.227127,0.911443,-0.130121,0.360639,0.149263
0.926493,0.005673,0.376140,-0.009813,0.819313,0.088245,-0.563931,0.054047,0.961029,-0.043445,0.250644,0.108228,0.993244,0.008252,0.008715,0.115424,0.808670,-0.059351,-0.583205,-0.049014,0.972063,-0.002956,0.221753,-0.076883,0.997073,-0.012533,0.011050,-0.074601,0.790946,-0.080638,0.604136,-0.054059,0.953085,0.226527,-0.191209,-0.061265,0.849007,0.400522,0.276179,-0.206142,0.965934,0.157309,0.141039,-0.149444,0.946285,-0.013356,-0.259399,0.192560,0.776482,-0.354772,0.468394,0.227638,0.911992,-0.130387,0.360047,0.147094
0.927117,0.005543,0.374604,-0.009796,0.821567,0.088080,-0.560721,0.053485,0.961612,-0.042907,0.248463,0.108289,0.993255,0.008378,0.008741,0.115315,0.810939,-0.059472,-0.580061,-0.048692,0.972594,-0.002979,0.219431,-0.076821,0.997076,-0.012444,0.011040,-0.074580,0.791822,-0.081443,0.602846,-0.054425,0.953224,0.227858,-0.188738,-0.061826,0.849180,0.400131,0.274769,-0.208065,0.966358,0.153934,0.138881,-0.152214,0.946498,-0.013764,-0.258286,0.192978,0.775242,-0.356193,0.469033,0.228330,0.912529,-0.130575,0.359403,0.145157
0.927775,0.005470,0.372971,-0.009803,0.823885,0.087877,-0.557407,0.052813,0.962230,-0.042331,0.246166,0.108275,0.993277,0.008396,0.008706,0.115128,0.813298,-0.059504,-0.576773,-0.048365,0.973153,-0.003013,0.216987,-0.076692,0.997086,-0.012351,0.010889,-0.074489,0.792785,-0.082241,0.601434,-0.054833,0.953304,0.229278,-0.186426,-0.062361,0.849417,0.399778,0.273258,-0.209758,0.966809,0.150627,0.136583,-0.154715,0.946546,-0.013752,-0.257678,0.193556,0.773972,-0.357728,0.469570,0.229133,0.913014,-0.130847,0.358771,0.143415
0.928495,0.005470,0.371176,-0.009772,0.826379,0.087752,-0.553793,0.052059,0.962910,-0.041772,0.243561,0.108339,0.993291,0.008328,0.008514,0.115024,0.815794,-0.059523,-0.573256,-0.048105,0.973731,-0.003036,0.214409,-0.076603,0.997090,-0.012271,0.010902,-0.074446,0.793757,-0.082890,0.600021,-0.055254,0.953346,0.230811,-0.184072,-0.063046,0.849612,0.399490,0.271839,-0.211353,0.967216,0.147499,0.134428,-0.157057,0.946492,-0.013216,-0.257434,0.194182,0.772587,-0.359258,0.470239,0.230038,0.913352,-0.131169,0.358424,0.141827
0.929244,0.005507,0.369299,-0.009721,0.828952,0.087663,-0.550023,0.051265,0.963615,-0.041222,0.240802,0.108446,0.993301,0.008216,0.008244,0.114968,0.818350,-0.059531,-0.569620,-0.047875,0.974315,-0.003054,0.211762,-0.076537,0.997091,-0.012198,0.010998,-0.074428,0.794734,-0.083464,0.598608,-0.055682,0.953402,0.232332,-0.181562,-0.063883,0.849780,0.399138,0.270622,-0.212900,0.967564,0.144503,0.132590,-0.159245,0.946362,-0.012294,-0.257432,0.194876,0.771003,-0.360839,0.471180,0.230954,0.913470,-0.131692,0.358514,0.140352
0.930141,0.005567,0.367035,-0.009600,0.831629,0.087586,-0.546058,0.050425,0.964273,-0.040714,0.238185,0.108567,0.993310,0.007808,0.007837,0.114944,0.820894,-0.059424,-0.565983,-0.047599,0.974806,-0.003097,0.209558,-0.076349,0.997104,-0.012071,0.011031,-0.074277,0.796247,-0.083762,0.596526,-0.055964,0.953294,0.234089,-0.179576,-0.064687,0.850044,0.399043,0.269062,-0.213997,0.967915,0.142032,0.130459,-0.161085,0.945983,-0.011072,-0.258353,0.195568,0.769694,-0.362429,0.471774,0.231616,0.913665,-0.132330,0.358332,0.138935
0.931051,0.005647,0.364721,-0.009476,0.834342,0.087563,-0.541984,0.049591,0.964911,-0.040158,0.235601,0.108747,0.993313,0.007427,0.007464,0.114968,0.823505,-0.059358,-0.562203,-0.047365,0.975292,-0.003225,0.207331,-0.076216,0.997112,-0.012020,0.011088,-0.074164,0.797745,-0.084003,0.594463,-0.056216,0.953263,0.235720,-0.177224,-0.065705,0.850240,0.398773,0.267899,-0.215179,0.968164,0.139713,0.128957,-0.162815,0.945664,-0.009877,-0.259100,0.196187,0.768208,-0.363869,0.472897,0.232002,0.913598,-0.133101,0.358812,0.137393
0.931994,0.005769,0.362307,-0.009347,0.837143,0.087655,-0.537709,0.048760,0.965518,-0.039496,0.233078,0.109038,0.993306,0.007108,0.007152,0.115075,0.826265,-0.059377,-0.558149,-0.047216,0.975773,-0.003525,0.205061,-0.076183,0.997113,-0.012118,0.011189,-0.074118,0.799223,-0.084130,0.592439,-0.056406,0.953315,0.237240,-0.174412,-0.066999,0.850314,0.398347,0.267219,-0.216518,0.968290,0.137592,0.128212,-0.164454,0.945493,-0.008913,-0.259451,0.196590,0.766591,-0.364966,0.474703,0.231937,0.913275,-0.133849,0.360066,0.135524
0.933018,0.005932,0.359663,-0.009216,0.840006,0.087757,-0.533288,0.047871,0.966127,-0.038774,0.230531,0.109321,0.993299,0.006808,0.006958,0.115160,0.829097,-0.059280,-0.553961,-0.047027,0.976229,-0.003792,0.202928,-0.076042,0.997123,-0.012088,0.011315,-0.073972,0.800853,-0.084136,0.590221,-0.056530,0.953417,0.238640,-0.171326,-0.068511,0.850313,0.397802,0.266871,-0.217948,0.968324,0.135685,0.128065,-0.165942,0.945461,-0.008463,-0.259504,0.196696,0.764938,-0.365710,0.477201,0.231096,0.912771,-0.134571,0.361997,0.133030
0.934077,0.006115,0.356903,-0.009083,0.842889,0.087862,-0.528785,0.046959,0.966731,-0.038024,0.227973,0.109605,0.993293,0.006517,0.006825,0.115240,0.831952,-0.059124,-0.549698,-0.046816,0.976670,-0.004041,0.200865,-0.075843,0.997137,-0.011995,0.011456,-0.073774,0.802554,-0.084082,0.587904,-0.056620,0.953631,0.239803,-0.167746,-0.070308,0.850181,0.397030,0.267061,-0.219630,0.968248,0.133856,0.128775,-0.167318,0.945664,-0.008791,-0.258959,0.196425,0.763013,-0.366097,0.480891,0.229191,0.911954,-0.135354,0.365026,0.129518
0.935221,0.006250,0.353896,-0.008942,0.845773,0.088005,-0.524210,0.046129,0.967373,-0.037113,0.225214,0.109958,0.993281,0.006415,0.006720,0.115352,0.834767,-0.058922,-0.545462,-0.046520,0.977189,-0.004388,0.198432,-0.075545,0.997158,-0.011940,0.011673,-0.073468,0.804545,-0.083886,0.585205,-0.056628,0.953900,0.240806,-0.163873,-0.072343,0.849918,0.396163,0.267661,-0.221477,0.968077,0.132197,0.130197,-0.168524,0.946098,-0.010152,-0.257912,0.195646,0.760806,-0.366153,0.485901,0.225846,0.910850,-0.136246,0.369144,0.124585
0.936386,0.006386,0.350803,-0.008828,0.848673,0.088128,-0.519555,0.045282,0.968011,-0.036249,0.222423,0.110309,0.993268,0.006295,0.006640,0.115476,0.837620,-0.058720,-0.541117,-0.046219,0.977705,-0.004754,0.195982,-0.075243,0.997180,-0.011848,0.011845,-0.073158,0.806572,-0.083662,0.582437,-0.056652,0.954342,0.241423,-0.159232,-0.074779,0.849400,0.394976,0.269093,-0.223834,0.967744,0.130446,0.132856,-0.169722,0.947041,-0.013112,-0.255450,0.194130,0.757988,-0.365855,0.492753,0.220905,0.909257,-0.137311,0.374823,0.117923
0.937601,0.006528,0.347541,-0.008767,0.851629,0.088223,-0.514756,0.044390,0.968651,-0.035471,0.219569,0.110660,0.993253,0.006150,0.006608,0.115620,0.840572,-0.058517,-0.536569,-0.045914,0.978221,-0.005152,0.193500,-0.074936,0.997204,-0.011678,0.011930,-0.072837,0.808683,-0.083380,0.579538,-0.056704,0.954942,0.241645,-0.153842,-0.077629,0.848601,0.393491,0.271354,-0.226736,0.967230,0.128594,0.136764,-0.170955,0.948718,-0.018416,-0.250828,0.191523,0.754872,-0.365080,0.500897,0.214444,0.907372,-0.138291,0.381477,0.109671
0.938828,0.006704,0.344212,-0.008718,0.854593,0.088278,-0.509893,0.043434,0.969277,-0.034788,0.216737,0.110981,0.993238,0.005930,0.006602,0.115758,0.843530,-0.058322,-0.531950,-0.045653,0.978745,-0.005480,0.190920,-0.074681,0.997226,-0.011388,0.011922,-0.072580,0.810740,-0.083147,0.576676,-0.056848,0.955739,0.241339,-0.147569,-0.080888,0.847531,0.391550,0.274512,-0.230268,0.966518,0.126459,0.142011,-0.172287,0.951395,-0.026995,-0.242818,0.187508,0.752056,-0.363683,0.509219,0.206985,0.905563,-0.138745,0.388077,0.100504
0.940054,0.006897,0.340845,-0.008675,0.857545,0.088311,-0.504991,0.042451,0.969891,-0.034151,0.213912,0.111294,0.993223,0.005675,0.006607,0.115902,0.846478,-0.058128,-0.527290,-0.045411,0.979270,-0.005772,0.188292,-0.074450,0.997247,-0.011036,0.011866,-0.072357,0.812766,-0.082940,0.573828,-0.057038,0.956658,0.240613,-0.140663,-0.084405,0.846304,0.389206,0.278270,-0.234210,0.965650,0.124090,0.148224,-0.173641,0.955059,-0.039386,-0.230663,0.181949,0.750599,-0.361552,0.515874,0.199387,0.904503,-0.138093,0.392956,0.091599
0.941396,0.006994,0.337122,-0.008563,0.860613,0.088211,-0.499843,0.041487,0.970502,-0.033564,0.211073,0.111565,0.993211,0.005265,0.006704,0.116015,0.849588,-0.057844,-0.522333,-0.044973,0.979806,-0.006106,0.185637,-0.074033,0.997285,-0.010401,0.011761,-0.071945,0.815034,-0.082633,0.570634,-0.057162,0.957525,0.239783,-0.133925,-0.087836,0.845213,0.386728,0.281813,-0.237986,0.964774,0.121738,0.154400,-0.174789,0.959245,-0.055341,-0.214771,0.175101,0.751531,-0.358963,0.518907,0.192569,0.904875,-0.136147,0.394412,0.084290
0.942753,0.007057,0.333310,-0.008432,0.863749,0.088059,-0.494511,0.040526,0.971120,-0.032928,0.208175,0.111822,0.993202,0.004859,0.006785,0.116108,0.852783,-0.057589,-0.517170,-0.044495,0.980331,-0.006429,0.182998,-0.073631,0.997320,-0.009762,0.011736,-0.071553,0.817366,-0.082281,0.567333,-0.057232,0.958315,0.238904,-0.127550,-0.091039,0.844460,0.384065,0.284787,-0.241410,0.963972,0.119347,0.160138,-0.175699,0.963354,-0.073628,-0.195991,0.167679,0.754551,-0.356656,0.517986,0.187457,0.906475,-0.133586,0.392573,0.079653
0.944153,0.007053,0.329328,-0.008261,0.867048,0.087809,-0.488828,0.039562,0.971761,-0.032192,0.205165,0.112034,0.993199,0.004462,0.006834,0.116140,0.856173,-0.057395,-0.511608,-0.043940,0.980839,-0.006739,0.180393,-0.073260,0.997350,-0.009120,0.011873,-0.071199,0.819836,-0.081840,0.563826,-0.057195,0.958958,0.238149,-0.121999,-0.093815,0.844250,0.381355,0.286683,-0.244179,0.963335,0.117074,0.164916,-0.176300,0.966674,-0.092010,-0.176837,0.160637,0.758643,-0.355552,0.513768,0.184625,0.908618,-0.131560,0.388565,0.078250
0.945595,0.006921,0.325175,-0.007957,0.870333,0.087380,-0.483103,0.038692,0.972449,-0.031414,0.201936,0.112149,0.993210,0.003984,0.006652,0.116076,0.859608,-0.057207,-0.505900,-0.043204,0.981374,-0.007094,0.177640,-0.072796,0.997386,-0.008501,0.011984,-0.070748,0.822380,-0.081220,0.560220,-0.057000,0.959448,0.237611,-0.117248,-0.096197,0.844521,0.378710,0.287535,-0.246346,0.962800,0.115109,0.168937,-0.176711,0.968879,-0.107867,-0.160253,0.154779,0.762330,-0.356085,0.508064,0.184193,0.910260,-0.130999,0.384564,0.079849
0.947048,0.006726,0.320933,-0.007585,0.873592,0.086850,-0.477346,0.037878,0.973155,-0.030628,0.198595,0.112215,0.993227,0.003455,0.006354,0.115967,0.863044,-0.057025,-0.500108,-0.042375,0.981916,-0.007474,0.174812,-0.072290,0.997425,-0.007896,0.012084,-0.070254,0.824952,-0.080512,0.556557,-0.056719,0.959860,0.237103,-0.113109,-0.098270,0.845151,0.376046,0.287598,-0.248187,0.962241,0.113464,0.172727,-0.177153,0.970024,-0.119277,-0.148834,0.150583,0.764558,-0.358195,0.502714,0.185543,0.910635,-0.132369,0.382445,0.083409
0.948601,0.006544,0.316324,-0.007306,0.876941,0.086313,-0.471332,0.037012,0.973856,-0.029579,0.195302,0.112189,0.993258,0.003124,0.006219,0.115718,0.866660,-0.056906,-0.493895,-0.041585,0.982428,-0.007963,0.172079,-0.071841,0.997457,-0.007274,0.012404,-0.069807,0.827859,-0.079164,0.552486,-0.056049,0.960039,0.237188,-0.109770,-0.100090,0.845851,0.374033,0.286947,-0.249593,0.961531,0.112944,0.176468,-0.177656,0.970397,-0.124684,-0.144524,0.147973,0.765652,-0.360883,0.498215,0.187943,0.909833,-0.134838,0.382483,0.087916
0.950198,0.006345,0.311503,-0.006988,0.880282,0.085758,-0.465231,0.036185,0.974534,-0.028563,0.192051,0.112183,0.993285,0.002773,0.006131,0.115501,0.870260,-0.056845,-0.487599,-0.040789,0.982918,-0.008428,0.169397,-0.071458,0.997484,-0.006631,0.012724,-0.069431,0.830870,-0.077687,0.548233,-0.055326,0.960190,0.237193,-0.106894,-0.101724,0.846638,0.372103,0.285879,-0.251031,0.960603,0.112980,0.180605,-0.178493,0.970227,-0.124810,-0.146679,0.146861,0.765710,-0.363926,0.494924,0.190517,0.907912,-0.138359,0.384728,0.092401
0.951904,0.006109,0.306265,-0.006590,0.883645,0.085186,-0.458978,0.035424,0.975175,-0.027594,0.188885,0.112228,0.993303,0.002401,0.006136,0.115347,0.873869,-0.056899,-0.481162,-0.039979,0.983374,-0.008855,0.166817,-0.071203,0.997501,-0.005956,0.013039,-0.069188,0.834106,-0.075948,0.543625,-0.054505,0.960269,0.237250,-0.104663,-0.103158,0.847458,0.370457,0.284319,-0.252465,0.959456,0.113773,0.184972,-0.179682,0.969629,-0.120970,-0.153777,0.146763,0.765472,-0.366991,0.492061,0.192994,0.905370,-0.142443,0.388151,0.096714
0.953658,0.005863,0.300773,-0.006141,0.886966,0.084699,-0.452668,0.034761,0.975789,-0.026581,0.185734,0.112388,0.993309,0.002105,0.006265,0.115301,0.877380,-0.056870,-0.474808,-0.039094,0.983837,-0.009213,0.164187,-0.070867,0.997525,-0.005342,0.013152,-0.068869,0.837463,-0.073969,0.538816,-0.053484,0.960308,0.237358,-0.102829,-0.104383,0.848199,0.369072,0.282579,-0.253953,0.958053,0.115294,0.189780,-0.181179,0.968750,-0.115537,-0.162893,0.147107,0.765248,-0.370183,0.489030,0.195477,0.902489,-0.147054,0.392008,0.101092
0.955418,0.005610,0.295150,-0.005666,0.890247,0.084242,-0.446315,0.034159,0.976385,-0.025559,0.182593,0.112603,0.993307,0.001833,0.006459,0.115313,0.880818,-0.056804,-0.468484,-0.038167,0.984300,-0.009545,0.161532,-0.070498,0.997552,-0.004770,0.013167,-0.068518,0.840860,-0.071879,0.533899,-0.052346,0.960378,0.237307,-0.101168,-0.105468,0.848782,0.367785,0.280940,-0.255688,0.956351,0.117320,0.195245,-0.183054,0.967835,-0.111375,-0.171019,0.147118,0.765177,-0.373804,0.485420,0.197846,0.899491,-0.152406,0.395671,0.105517
0.957332,0.005387,0.288895,-0.005131,0.893574,0.083783,-0.439749,0.033553,0.977021,-0.024446,0.179173,0.112827,0.993305,0.001572,0.006549,0.115325,0.884360,-0.056821,-0.461835,-0.037260,0.984736,-0.009931,0.158950,-0.070218,0.997572,-0.004376,0.013185,-0.068246,0.844643,-0.069454,0.528349,-0.051004,0.960386,0.237344,-0.100109,-0.106328,0.849212,0.366929,0.279156,-0.257438,0.954415,0.120091,0.200949,-0.185173,0.967057,-0.110168,-0.176967,0.146103,0.765803,-0.377818,0.480464,0.199883,0.896876,-0.158285,0.398103,0.109876
0.959240,0.005161,0.282510,-0.004567,0.896932,0.083254,-0.433009,0.032945,0.977613,-0.023362,0.175944,0.113005,0.993307,0.001255,0.006765,0.115303,0.887878,-0.056864,-0.455103,-0.036331,0.985160,-0.010312,0.156389,-0.069973,0.997589,-0.003974,0.013222,-0.068012,0.848448,-0.066924,0.522692,-0.049509,0.960457,0.237189,-0.098966,-0.107095,0.849376,0.366124,0.277831,-0.259468,0.952160,0.123152,0.207449,-0.187587,0.966568,-0.112071,-0.180024,0.144148,0.766668,-0.382142,0.474858,0.201736,0.894392,-0.164658,0.399929,0.114049
0.961173,0.004928,0.275876,-0.003944,0.900391,0.082604,-0.425945,0.032314,0.978136,-0.022321,0.173095,0.113097,0.993314,0.000847,0.007227,0.115210,0.891400,-0.056951,-0.448233,-0.035367,0.985565,-0.010666,0.153873,-0.069788,0.997601,-0.003535,0.013294,-0.067842,0.852337,-0.064171,0.516842,-0.047736,0.960538,0.237064,-0.097822,-0.107693,0.849322,0.365502,0.276871,-0.261540,0.949660,0.126530,0.214449,-0.190126,0.966204,-0.115470,-0.181754,0.141712,0.767545,-0.386663,0.468970,0.203553,0.891927,-0.171413,0.401449,0.117996
0.963140,0.004696,0.268939,-0.003235,0.903792,0.081904,-0.418860,0.031742,0.978710,-0.021269,0.169895,0.113185,0.993323,0.000347,0.007516,0.115120,0.894965,-0.057001,-0.441148,-0.034313,0.985959,-0.011063,0.151424,-0.069524,0.997618,-0.003200,0.013437,-0.067590,0.856370,-0.061333,0.510653,-0.045846,0.960634,0.236867,-0.096922,-0.108086,0.849251,0.364945,0.275921,-0.263545,0.947058,0.129957,0.221425,-0.192780,0.965720,-0.118866,-0.184001,0.139284,0.768034,-0.391698,0.463224,0.205234,0.889284,-0.178937,0.402981,0.121501
0.965097,0.004465,0.261842,-0.002484,0.907139,0.081158,-0.411750,0.031213,0.979302,-0.020234,0.166520,0.113269,0.993331,-0.000220,0.007721,0.115035,0.898519,-0.057044,-0.433944,-0.033207,0.986343,-0.011498,0.149006,-0.069228,0.997635,-0.002933,0.013613,-0.067302,0.860440,-0.058464,0.504281,-0.043875,0.960752,0.236610,-0.096125,-0.108314,0.849209,0.364362,0.274997,-0.265444,0.944407,0.133274,0.228256,-0.195531,0.965058,-0.121530,-0.187343,0.137096,0.767906,-0.397416,0.457740,0.207014,0.886342,-0.187406,0.404616,0.124753
0.967065,0.004311,0.254487,-0.001714,0.910723,0.080365,-0.403968,0.030579,0.979874,-0.019059,0.163251,0.113284,0.993349,-0.000732,0.007961,0.114868,0.902191,-0.057183,-0.426319,-0.032156,0.986690,-0.011914,0.146717,-0.069107,0.997638,-0.002640,0.013981,-0.067198,0.864492,-0.055566,0.497806,-0.041901,0.960882,0.236327,-0.095340,-0.108464,0.849208,0.363729,0.274097,-0.267242,0.941742,0.136421,0.234834,-0.198405,0.964305,-0.124028,-0.191120,0.134930,0.767537,-0.403653,0.451860,0.209222,0.883395,-0.196523,0.405651,0.128215
0.968991,0.004181,0.247058,-0.000891,0.914291,0.079505,-0.396047,0.029965,0.980445,-0.017950,0.159905,0.113300,0.993364,-0.001281,0.008127,0.114719,0.905845,-0.057317,-0.418563,-0.031063,0.987039,-0.012372,0.144375,-0.068966,0.997643,-0.002330,0.014286,-0.067070,0.868569,-0.052686,0.491149,-0.039799,0.961011,0.236150,-0.094560,-0.108395,0.849307,0.363074,0.273217,-0.268714,0.939152,0.139424,0.241002,-0.201178,0.963578,-0.127492,-0.194140,0.132560,0.767798,-0.409814,0.444352,0.212343,0.881081,-0.205451,0.404840,0.132630
0.970889,0.004101,0.239495,0.000036,0.917888,0.078544,-0.387880,0.029356,0.981025,-0.016929,0.156402,0.113324,0.993377,-0.001863,0.008140,0.114598,0.909526,-0.057421,-0.410574,-0.029901,0.987401,-0.012872,0.141926,-0.068772,0.997654,-0.001946,0.014464,-0.066885,0.872761,-0.049816,0.484150,-0.037495,0.961096,0.236244,-0.093930,-0.107987,0.849586,0.362504,0.272198,-0.269633,0.936759,0.142385,0.246454,-0.203642,0.962984,-0.132735,-0.195442,0.129791,0.769604,-0.414905,0.434346,0.216580,0.880044,-0.212995,0.401254,0.138390
0.972736,0.004100,0.231876,0.000860,0.921457,0.077485,-0.379596,0.028633,0.981642,-0.015805,0.152735,0.113145,0.993414,-0.002394,0.008070,0.114267,0.913143,-0.057508,-0.402532,-0.028821,0.987756,-0.013272,0.139441,-0.068693,0.997655,-0.001462,0.014682,-0.066831,0.876834,-0.047117,0.477161,-0.035479,0.961184,0.236297,-0.093301,-0.107629,0.850043,0.361763,0.270953,-0.270442,0.934556,0.145025,0.251126,-0.206175,0.962668,-0.140076,-0.194081,0.126422,0.773051,-0.418020,0.422606,0.221486,0.880287,-0.218298,0.395526,0.144917
0.974528,0.004139,0.224221,0.001632,0.924973,0.076356,-0.371237,0.027876,0.982268,-0.014662,0.148984,0.112867,0.993463,-0.002930,0.007960,0.113842,0.916690,-0.057593,-0.394450,-0.027772,0.988102,-0.013645,0.136937,-0.068675,0.997651,-0.000949,0.014921,-0.066846,0.880817,-0.044511,0.470162,-0.033587,0.961211,0.236587,-0.092787,-0.107191,0.850727,0.361030,0.269329,-0.270891,0.932655,0.147543,0.254750,-0.208540,0.962595,-0.148520,-0.190463,0.122787,0.777979,-0.418708,0.409934,0.226686,0.881639,-0.220986,0.388399,0.151739
0.976245,0.004270,0.216616,0.002365,0.928627,0.075260,-0.362293,0.027046,0.982809,-0.013587,0.145587,0.112719,0.993490,-0.003493,0.008267,0.113564,0.920272,-0.057625,-0.386087,-0.026752,0.988460,-0.014179,0.134342,-0.068548,0.997655,-0.000397,0.015161,-0.066740,0.884652,-0.042195,0.463244,-0.031849,0.961224,0.236989,-0.092282,-0.106628,0.851672,0.360154,0.267383,-0.271018,0.931069,0.149823,0.257416,-0.210714,0.962645,-0.157183,-0.185408,0.119298,0.783751,-0.417391,0.397374,0.231546,0.883643,-0.221667,0.380837,0.158121
0.977902,0.004449,0.208994,0.003102,0.932240,0.074075,-0.353206,0.026204,0.983390,-0.012532,0.141856,0.112533,0.993521,-0.004130,0.008452,0.113258,0.923807,-0.057658,-0.377617,-0.025735,0.988826,-0.014761,0.131624,-0.068419,0.997659,0.000106,0.015406,-0.066632,0.888430,-0.039988,0.456267,-0.030230,0.961165,0.237690,-0.091826,-0.105991,0.852760,0.359367,0.265158,-0.270828,0.929719,0.152182,0.259268,-0.212704,0.962714,-0.165150,-0.180109,0.116050,0.789998,-0.414616,0.385364,0.235567,0.886060,-0.221008,0.373230,0.163562
0.979500,0.004723,0.201351,0.003844,0.935853,0.072749,-0.343872,0.025288,0.984060,-0.011469,0.137454,0.112257,0.993563,-0.004867,0.008386,0.112870,0.927322,-0.057679,-0.368964,-0.024746,0.989214,-0.015402,0.128665,-0.068288,0.997662,0.000553,0.015663,-0.066524,0.892159,-0.037976,0.449195,-0.028890,0.961066,0.238520,-0.091410,-0.105379,0.853961,0.358583,0.262678,-0.270499,0.928520,0.154605,0.260491,-0.214691,0.962736,-0.172224,-0.175224,0.113025,0.796300,-0.411127,0.374170,0.238489,0.888610,-0.219889,0.365877,0.167797
0.981049,0.005076,0.193642,0.004457,0.939480,0.071341,-0.334215,0.024250,0.984745,-0.010437,0.132798,0.111948,0.993605,-0.005627,0.008352,0.112459,0.930899,-0.057768,-0.359891,-0.023863,0.989600,-0.016173,0.125597,-0.068238,0.997658,0.000887,0.016022,-0.066495,0.895814,-0.036057,0.442092,-0.027769,0.960913,0.239557,-0.090940,-0.104823,0.855196,0.357879,0.260082,-0.270038,0.927370,0.157254,0.261339,-0.216698,0.962739,-0.178254,-0.170931,0.110188,0.802462,-0.407256,0.363782,0.240542,0.891120,-0.218723,0.358904,0.171038
0.982542,0.005470,0.185895,0.005004,0.943059,0.069878,-0.324376,0.023184,0.985423,-0.009447,0.128014,0.111646,0.993645,-0.006418,0.008336,0.112069,0.934456,-0.057893,-0.350587,-0.023016,0.989978,-0.017027,0.122476,-0.068217,0.997651,0.001148,0.016433,-0.066495,0.899402,-0.034186,0.434961,-0.026750,0.960701,0.240853,-0.090415,-0.104249,0.856464,0.357292,0.257428,-0.269337,0.926234,0.160217,0.261940,-0.218652,0.962743,-0.183287,-0.167232,0.107545,0.808430,-0.403186,0.353967,0.242052,0.893526,-0.217736,0.352222,0.173612
0.983974,0.005969,0.178121,0.005644,0.946639,0.068322,-0.314194,0.022134,0.986116,-0.008569,0.122778,0.111482,0.993665,-0.007289,0.008351,0.111836,0.937956,-0.057660,-0.341218,-0.022021,0.990405,-0.017725,0.119083,-0.067848,0.997668,0.001688,0.016668,-0.066170,0.902867,-0.032469,0.427911,-0.025870,0.960479,0.242226,-0.089771,-0.103669,0.857794,0.356663,0.254791,-0.268443,0.925083,0.163337,0.262446,-0.220601,0.962754,-0.187622,-0.163886,0.105086,0.814128,-0.399072,0.344648,0.243218,0.895763,-0.217111,0.345844,0.175678
0.985345,0.006459,0.170340,0.006198,0.950155,0.066732,-0.303822,0.021100,0.986789,-0.007681,0.117439,0.111344,0.993682,-0.008171,0.008249,0.111633,0.941390,-0.057525,-0.331710,-0.021068,0.990827,-0.018486,0.115550,-0.067594,0.997678,0.002166,0.016830,-0.065958,0.906269,-0.030742,0.420837,-0.025058,0.960206,0.243788,-0.089154,-0.103072,0.859170,0.356147,0.252113,-0.267255,0.923920,0.166740,0.262832,-0.222463,0.962791,-0.191290,-0.160914,0.102707,0.819703,-0.394838,0.335514,0.244171,0.897945,-0.216709,0.339519,0.177367
0.986652,0.006932,0.162561,0.006578,0.953650,0.065121,-0.293107,0.020010,0.987457,-0.006709,0.111898,0.111191,0.993702,-0.009024,0.007912,0.111410,0.944787,-0.057571,-0.321954,-0.020235,0.991247,-0.019346,0.111744,-0.067592,0.997675,0.002553,0.016848,-0.065991,0.909602,-0.028987,0.413750,-0.024406,0.959891,0.245438,-0.088622,-0.102544,0.860586,0.355712,0.249358,-0.265859,0.922742,0.170320,0.263118,-0.224292,0.962856,-0.194479,-0.158201,0.100290,0.825188,-0.390502,0.326491,0.244902,0.900116,-0.216468,0.333196,0.178640
0.987887,0.007283,0.154856,0.006824,0.956991,0.063428,-0.282462,0.018965,0.988073,-0.005846,0.106528,0.111037,0.993719,-0.009959,0.007606,0.111204,0.948067,-0.057625,-0.312205,-0.019386,0.991642,-0.020149,0.107988,-0.067671,0.997667,0.002964,0.016783,-0.066112,0.912826,-0.027236,0.406751,-0.023685,0.959562,0.247191,-0.088038,-0.101912,0.862057,0.355303,0.246712,-0.264103,0.921584,0.173934,0.263480,-0.225850,0.962955,-0.197198,-0.155628,0.098030,0.830522,-0.386085,0.317497,0.245696,0.902247,-0.216309,0.326872,0.179762
0.989055,0.007574,0.147183,0.007002,0.960197,0.061684,-0.271836,0.017964,0.988648,-0.005047,0.101243,0.110906,0.993730,-0.010941,0.007317,0.111031,0.951240,-0.057680,-0.302445,-0.018527,0.992016,-0.020939,0.104256,-0.067793,0.997656,0.003372,0.016677,-0.066277,0.915968,-0.025493,0.399785,-0.022919,0.959224,0.248997,-0.087486,-0.101177,0.863611,0.354902,0.244079,-0.262005,0.920499,0.177467,0.263840,-0.227102,0.963069,-0.199565,-0.153224,0.095884,0.835725,-0.381644,0.308440,0.246527,0.904384,-0.216171,0.320468,0.180720
0.990148,0.007767,0.139635,0.006975,0.963211,0.060054,-0.261399,0.016964,0.989135,-0.004283,0.096423,0.110892,0.993729,-0.011724,0.006989,0.110976,0.954314,-0.057749,-0.292634,-0.017746,0.992374,-0.021689,0.100451,-0.068062,0.997644,0.003839,0.016124,-0.066574,0.919022,-0.023598,0.392862,-0.022391,0.958838,0.250841,-0.087043,-0.100657,0.865168,0.354588,0.241306,-0.259852,0.919456,0.180931,0.264101,-0.228290,0.963229,-0.201662,-0.150916,0.093524,0.840893,-0.377074,0.299395,0.247137,0.906613,-0.215840,0.314024,0.181261
0.991169,0.007924,0.132186,0.006889,0.966047,0.058472,-0.251155,0.016008,0.989574,-0.003543,0.091764,0.110949,0.993721,-0.012434,0.006582,0.110996,0.957245,-0.057787,-0.282937,-0.016989,0.992709,-0.022478,0.096758,-0.068273,0.997639,0.004261,0.015396,-0.066800,0.921999,-0.021683,0.385965,-0.021869,0.958437,0.252729,-0.086641,-0.100095,0.866836,0.354249,0.238401,-0.257425,0.918574,0.184158,0.264216,-0.229123,0.963396,-0.203515,-0.148770,0.091198,0.845966,-0.372490,0.290219,0.247721,0.908902,-0.215346,0.307452,0.181651
0.992109,0.008010,0.124945,0.006685,0.968649,0.057007,-0.241332,0.015083,0.989952,-0.002832,0.087432,0.111097,0.993706,-0.012983,0.006017,0.111104,0.959996,-0.057770,-0.273505,-0.016294,0.993015,-0.023299,0.093292,-0.068372,0.997647,0.004635,0.014318,-0.066886,0.924880,-0.019719,0.379145,-0.021387,0.958013,0.254696,-0.086198,-0.099551,0.868613,0.353871,0.235323,-0.254774,0.917882,0.187113,0.264141,-0.229588,0.963586,-0.205121,-0.146730,0.088874,0.850971,-0.367831,0.280928,0.248248,0.911264,-0.214559,0.300783,0.181913
0.992984,0.008057,0.117804,0.006364,0.971060,0.055665,-0.231827,0.014152,0.990254,-0.002137,0.083688,0.111308,0.993685,-0.013286,0.005597,0.111278,0.962521,-0.057702,-0.264531,-0.015708,0.993295,-0.024135,0.090052,-0.068365,0.997663,0.005023,0.013188,-0.066859,0.927690,-0.017797,0.372336,-0.020980,0.957576,0.256704,-0.085732,-0.099001,0.870574,0.353372,0.231908,-0.251890,0.917463,0.189704,0.263702,-0.229642,0.963771,-0.206570,-0.144853,0.086554,0.855925,-0.363155,0.271451,0.248648,0.913710,-0.213492,0.293957,0.182054
0.993802,0.008084,0.110710,0.005985,0.973332,0.054386,-0.222470,0.013224,0.990512,-0.001435,0.080239,0.111560,0.993660,-0.013449,0.005250,0.111495,0.964899,-0.057599,-0.255778,-0.015184,0.993557,-0.024972,0.086926,-0.068303,0.997681,0.005426,0.012033,-0.066772,0.930439,-0.015902,0.365522,-0.020599,0.957109,0.258847,-0.085178,-0.098411,0.872731,0.352770,0.228095,-0.248728,0.917348,0.191975,0.262835,-0.229209,0.963963,-0.207802,-0.143153,0.084270,0.860863,-0.358394,0.261720,0.248942,0.916247,-0.212062,0.286944,0.182165
0.994535,0.008032,0.103938,0.005616,0.975327,0.053267,-0.213883,0.012426,0.990700,-0.000842,0.077231,0.112021,0.993611,-0.013597,0.004872,0.111927,0.967013,-0.057366,-0.247749,-0.014652,0.993779,-0.025729,0.084373,-0.067986,0.997709,0.005882,0.011266,-0.066445,0.933095,-0.014183,0.358761,-0.020577,0.956652,0.260900,-0.084492,-0.098027,0.875091,0.351890,0.223743,-0.245619,0.917500,0.193812,0.261469,-0.228613,0.964148,-0.209074,-0.141462,0.081825,0.865758,-0.353639,0.251934,0.248861,0.918829,-0.210406,0.279927,0.181997
0.995209,0.007982,0.097302,0.005255,0.977183,0.052200,-0.205552,0.011665,0.990868,-0.000225,0.074342,0.112489,0.993562,-0.013684,0.004525,0.112366,0.968998,-0.057125,-0.239959,-0.014153,0.993977,-0.026454,0.082054,-0.067656,0.997734,0.006301,0.010753,-0.066117,0.935706,-0.012581,0.351954,-0.020610,0.956175,0.263083,-0.083614,-0.097594,0.877658,0.350848,0.218885,-0.242304,0.917929,0.195438,0.259623,-0.227609,0.964335,-0.210189,-0.139894,0.079422,0.870627,-0.348815,0.241883,0.248657,0.921428,-0.208544,0.272772,0.181868
0.995812,0.007937,0.090946,0.004911,0.978850,0.051240,-0.197753,0.010964,0.991010,0.000407,0.071695,0.112952,0.993514,-0.013678,0.004238,0.112801,0.970797,-0.056882,-0.232659,-0.013704,0.994134,-0.027132,0.080205,-0.067297,0.997754,0.006634,0.010753,-0.065783,0.938275,-0.011207,0.345083,-0.020779,0.955714,0.265266,-0.082514,-0.097143,0.880434,0.349545,0.213494,-0.238903,0.918572,0.196913,0.257315,-0.226365,0.964506,-0.211301,-0.138371,0.077032,0.875406,-0.344031,0.231632,0.248300,0.923956,-0.206762,0.265551,0.181761
0.996362,0.007847,0.084731,0.004580,0.980409,0.050311,-0.190161,0.010317,0.991144,0.001070,0.069116,0.113386,0.993467,-0.013785,0.004113,0.113213,0.972514,-0.056563,-0.225480,-0.013228,0.994296,-0.027796,0.078387,-0.066773,0.997783,0.006795,0.010902,-0.065295,0.940924,-0.009968,0.337818,-0.020998,0.955228,0.267558,-0.081432,-0.096546,0.883422,0.348137,0.207370,-0.235294,0.919403,0.198592,0.254359,-0.224857,0.964635,-0.212368,-0.137159,0.074607,0.880146,-0.339324,0.220888,0.247811,0.926430,-0.205298,0.257970,0.181746
0.996868,0.007734,0.078586,0.004256,0.981885,0.049398,-0.182668,0.009697,0.991269,0.001761,0.066569,0.113806,0.993419,-0.013938,0.004069,0.113614,0.974166,-0.056201,-0.218355,-0.012748,0.994458,-0.028441,0.076585,-0.066169,0.997817,0.006882,0.011128,-0.064732,0.943581,-0.008799,0.330344,-0.021237,0.954736,0.269946,-0.080104,-0.095875,0.886510,0.346614,0.200792,-0.231607,0.920249,0.200677,0.251069,-0.223239,0.964767,-0.213375,-0.135969,0.072163,0.884750,-0.334636,0.209881,0.247358,0.928714,-0.204351,0.250259,0.181936
0.997293,0.007659,0.073014,0.004068,0.983231,0.048411,-0.175584,0.009189,0.991427,0.002467,0.063887,0.113953,0.993398,-0.014298,0.004087,0.113749,0.975677,-0.055768,-0.211647,-0.012205,0.994643,-0.029025,0.074587,-0.065423,0.997864,0.006707,0.011104,-0.064018,0.946426,-0.007793,0.322108,-0.021504,0.954249,0.272308,-0.079020,-0.094942,0.889817,0.344967,0.193325,-0.227706,0.921186,0.203324,0.247001,-0.221511,0.964796,-0.214550,-0.135250,0.069604,0.889215,-0.330278,0.198196,0.246842,0.930840,-0.204418,0.241939,0.182250
0.997666,0.007565,0.067751,0.003880,0.984501,0.047426,-0.168621,0.008699,0.991588,0.003203,0.061208,0.114004,0.993388,-0.014672,0.004063,0.113790,0.977130,-0.055334,-0.204983,-0.011673,0.994824,-0.029569,0.072541,-0.064723,0.997911,0.006444,0.010971,-0.063345,0.949311,-0.006789,0.313516,-0.021700,0.953781,0.274694,-0.077691,-0.093852,0.893168,0.343202,0.185481,-0.223742,0.922010,0.206648,0.242672,-0.219783,0.964811,-0.215777,-0.134500,0.067009,0.893428,-0.326058,0.186237,0.246552,0.932673,-0.205467,0.233395,0.182842
0.997972,0.007431,0.063109,0.003693,0.985677,0.046445,-0.161911,0.008238,0.991763,0.003979,0.058537,0.113858,0.993400,-0.015097,0.003954,0.113632,0.978514,-0.054906,-0.198421,-0.011151,0.995003,-0.030060,0.070397,-0.064110,0.997955,0.005981,0.010614,-0.062748,0.952332,-0.005791,0.304232,-0.021761,0.953339,0.277058,-0.076401,-0.092451,0.896619,0.341338,0.177029,-0.219598,0.922787,0.210668,0.237815,-0.218008,0.964755,-0.217166,-0.133967,0.064347,0.897380,-0.322128,0.173757,0.246477,0.934258,-0.207675,0.224301,0.183636
0.998225,0.007198,0.059009,0.003615,0.986751,0.045514,-0.155523,0.007937,0.991940,0.004795,0.055857,0.113631,0.993422,-0.015553,0.003680,0.113389,0.979856,-0.054438,-0.191858,-0.010497,0.995185,-0.030453,0.068135,-0.063540,0.998001,0.005527,0.009886,-0.062176,0.955612,-0.004816,0.293788,-0.021704,0.952919,0.279321,-0.075612,-0.090600,0.900239,0.339401,0.167558,-0.215179,0.923631,0.215328,0.231982,-0.216157,0.964550,-0.218859,-0.134026,0.061498,0.901090,-0.318679,0.160422,0.246464,0.935693,-0.211143,0.214225,0.184403
0.998446,0.006916,0.055181,0.003592,0.987756,0.044606,-0.149293,0.007716,0.992114,0.005623,0.053175,0.113357,0.993449,-0.016032,0.003327,0.113099,0.981153,-0.053948,-0.185289,-0.009786,0.995365,-0.030794,0.065814,-0.063002,0.998046,0.005079,0.008974,-0.061628,0.958945,-0.003849,0.282742,-0.021592,0.952583,0.281335,-0.074822,-0.088526,0.903880,0.337239,0.157598,-0.210794,0.924404,0.220342,0.225701,-0.214442,0.964276,-0.220868,-0.134038,0.058507,0.904446,-0.315573,0.146888,0.246605,0.936876,-0.215625,0.203772,0.185056
0.998654,0.006420,0.051361,0.003385,0.988682,0.043905,-0.143265,0.007430,0.992258,0.006563,0.051062,0.113019,0.993484,-0.016566,0.002718,0.112727,0.982424,-0.053399,-0.178627,-0.009162,0.995526,-0.030976,0.063516,-0.062724,0.998077,0.004932,0.007614,-0.061318,0.962371,-0.003033,0.270893,-0.021203,0.952380,0.282982,-0.074241,-0.085914,0.907632,0.334764,0.147066,-0.206177,0.925260,0.225433,0.218830,-0.212573,0.963874,-0.223240,-0.134243,0.055580,0.907389,-0.312968,0.133023,0.246984,0.937815,-0.221090,0.192781,0.185630
0.998855,0.005911,0.047362,0.003156,0.989560,0.043284,-0.137284,0.007132,0.992375,0.007510,0.049272,0.112727,0.993515,-0.017003,0.002162,0.112401,0.983660,-0.052846,-0.171891,-0.008574,0.995660,-0.031109,0.061470,-0.062572,0.998099,0.004831,0.006174,-0.061124,0.965659,-0.002297,0.258978,-0.020700,0.952353,0.284144,-0.073298,-0.083147,0.911314,0.331878,0.136639,-0.201727,0.926033,0.230337,0.212065,-0.210798,0.963470,-0.225862,-0.133918,0.052713,0.909897,-0.310591,0.119678,0.247586,0.938438,-0.227092,0.182102,0.186015
0.999056,0.005373,0.043005,0.002887,0.990380,0.042822,-0.131402,0.006821,0.992443,0.008476,0.048130,0.112553,0.993536,-0.017246,0.001706,0.112187,0.984870,-0.052294,-0.165019,-0.008032,0.995748,-0.031156,0.059927,-0.062646,0.998108,0.004811,0.004577,-0.061130,0.968815,-0.001724,0.246973,-0.019954,0.952529,0.284741,-0.072112,-0.080069,0.914981,0.328537,0.126361,-0.197247,0.926842,0.234830,0.205418,-0.208861,0.963046,-0.228661,-0.133231,0.050060,0.911983,-0.308470,0.106866,0.248420,0.938776,-0.233460,0.171772,0.186256
0.999242,0.004871,0.038522,0.002701,0.991145,0.042482,-0.125629,0.006586,0.992463,0.009432,0.047600,0.112530,0.993545,-0.017187,0.001388,0.112122,0.985994,-0.051688,-0.158395,-0.007463,0.995802,-0.031096,0.058942,-0.062740,0.998111,0.004858,0.003149,-0.061156,0.971793,-0.001337,0.235069,-0.018972,0.952918,0.284730,-0.070638,-0.076725,0.918625,0.324723,0.116400,-0.192702,0.927728,0.238732,0.199040,-0.206665,0.962630,-0.231524,-0.132158,0.047685,0.913699,-0.306519,0.094766,0.249439,0.938865,-0.239926,0.161996,0.186346
0.999410,0.004386,0.033975,0.002557,0.991867,0.042201,-0.119909,0.006384,0.992459,0.010386,0.047375,0.112572,0.993549,-0.016975,0.001140,0.112119,0.987054,-0.051053,-0.151892,-0.006892,0.995840,-0.030989,0.058237,-0.062860,0.998111,0.004932,0.001806,-0.061208,0.974608,-0.001040,0.223199,-0.017867,0.953465,0.284194,-0.069116,-0.073218,0.922225,0.320579,0.106602,-0.188058,0.928750,0.242051,0.192750,-0.204164,0.962235,-0.234291,-0.130939,0.045454,0.915187,-0.304633,0.083248,0.250403,0.938852,-0.246192,0.152648,0.186133
0.999552,0.003931,0.029554,0.002734,0.992475,0.042149,-0.114782,0.006519,0.992378,0.011291,0.047814,0.113017,0.993515,-0.016331,0.001067,0.112517,0.987963,-0.050450,-0.146103,-0.006100,0.995866,-0.030913,0.058035,-0.062669,0.998130,0.004772,0.000530,-0.060932,0.977247,-0.000964,0.211450,-0.016604,0.954180,0.283093,-0.067596,-0.069495,0.925829,0.316058,0.096937,-0.183172,0.930006,0.244604,0.186452,-0.201229,0.961840,-0.236956,-0.129713,0.043477,0.916464,-0.302858,0.072230,0.251303,0.938781,-0.252155,0.143636,0.185677
0.999671,0.003494,0.025222,0.002996,0.993027,0.042120,-0.109896,0.006731,0.992288,0.012166,0.048415,0.113453,0.993482,-0.015647,0.000981,0.112902,0.988810,-0.049854,-0.140503,-0.005265,0.995887,-0.030853,0.058015,-0.062378,0.998154,0.004585,-0.000675,-0.060556,0.979732,-0.000940,0.199726,-0.015297,0.954964,0.281654,-0.066352,-0.065672,0.929368,0.311425,0.087146,-0.178032,0.931506,0.246583,0.179830,-0.197875,0.961463,-0.239334,-0.128763,0.041580,0.917680,-0.301055,0.061414,0.251908,0.938819,-0.257533,0.134633,0.184849
0.999767,0.003094,0.021068,0.003430,0.993501,0.042143,-0.105493,0.007115,0.992182,0.012973,0.049338,0.113896,0.993450,-0.014884,0.000868,0.113288,0.989570,-0.049271,-0.135293,-0.004319,0.995900,-0.030820,0.058358,-0.061861,0.998190,0.004355,-0.001735,-0.059950,0.982054,-0.001024,0.188085,-0.013901,0.955791,0.279949,-0.065466,-0.061702,0.932836,0.306746,0.077140,-0.172548,0.933277,0.248011,0.172728,-0.194037,0.961088,-0.241406,-0.128241,0.039842,0.918843,-0.299245,0.050623,0.252226,0.938999,-0.262282,0.125433,0.183727
0.999842,0.002783,0.017083,0.004040,0.993882,0.042259,-0.101750,0.007677,0.992056,0.013711,0.050685,0.114311,0.993421,-0.014120,0.000760,0.113639,0.990219,-0.048711,-0.130705,-0.003282,0.995903,-0.030754,0.059007,-0.061236,0.998232,0.004127,-0.002576,-0.059245,0.984168,-0.001178,0.176800,-0.012378,0.956621,0.278127,-0.064801,-0.057637,0.936162,0.302147,0.067066,-0.166763,0.935238,0.249029,0.165256,-0.189747,0.960750,-0.243080,-0.128062,0.038357,0.919966,-0.297323,0.039900,0.252328,0.939319,-0.266311,0.116074,0.182443
0.999899,0.002516,0.013183,0.004738,0.994214,0.042416,-0.098336,0.008326,0.991920,0.014408,0.052245,0.114710,0.993394,-0.013361,0.000657,0.113970,0.990804,-0.048168,-0.126425,-0.002202,0.995899,-0.030678,0.059810,-0.060562,0.998275,0.003894,-0.003305,-0.058494,0.986119,-0.001358,0.165682,-0.010789,0.957391,0.276328,-0.064679,-0.053488,0.939293,0.297815,0.056647,-0.160706,0.937340,0.249915,0.157148,-0.185041,0.960425,-0.244329,-0.128521,0.037016,0.921088,-0.295320,0.028948,0.252080,0.939812,-0.269695,0.106263,0.180903
0.999937,0.002204,0.009506,0.005635,0.994453,0.042636,-0.095708,0.009210,0.991789,0.015040,0.053997,0.114951,0.993381,-0.012868,0.000574,0.114142,0.991295,-0.047723,-0.122701,-0.000968,0.995868,-0.030600,0.061013,-0.059900,0.998317,0.003603,-0.003515,-0.057779,0.987857,-0.001570,0.155062,-0.009616,0.958089,0.274518,-0.065001,-0.049802,0.942112,0.293746,0.046009,-0.154987,0.939376,0.250819,0.148601,-0.180502,0.960144,-0.245276,-0.129248,0.035457,0.922283,-0.293232,0.018157,0.251155,0.940466,-0.272534,0.096419,0.178755
0.999960,0.001897,0.005889,0.006440,0.994673,0.042853,-0.093219,0.010004,0.991658,0.015634,0.055810,0.115134,0.993372,-0.012501,0.000547,0.114257,0.991752,-0.047273,-0.119139,0.000159,0.995830,-0.030474,0.062199,-0.059371,0.998350,0.003348,-0.003686,-0.057205,0.989442,-0.001795,0.144665,-0.008543,0.958674,0.272864,-0.065985,-0.046215,0.944633,0.290095,0.035008,-0.149288,0.941340,0.251992,0.139545,-0.175803,0.959874,-0.245836,-0.130599,0.033903,0.923479,-0.291088,0.007131,0.249808,0.941214,-0.274998,0.086219,0.176237
0.999971,0.001599,0.002392,0.007061,0.994861,0.043080,-0.091010,0.010620,0.991530,0.016170,0.057742,0.115210,0.993372,-0.012367,0.000627,0.114272,0.992157,-0.046796,-0.115907,0.001081,0.995781,-0.030237,0.063350,-0.059097,0.998368,0.003177,-0.003777,-0.056900,0.990850,-0.002063,0.134735,-0.007674,0.959159,0.271346,-0.067418,-0.042894,0.946826,0.286815,0.023884,-0.143829,0.943116,0.253488,0.130322,-0.171148,0.959636,-0.246084,-0.132276,0.032325,0.924653,-0.288876,-0.003856,0.248098,0.941980,-0.277221,0.076005,0.173337
0.999972,0.001301,-0.000882,0.007348,0.995040,0.043375,-0.088853,0.010910,0.991394,0.016720,0.059603,0.115350,0.993364,-0.012278,0.000753,0.114351,0.992536,-0.046347,-0.112789,0.001658,0.995726,-0.029996,0.064359,-0.059062,0.998371,0.003095,-0.003751,-0.056849,0.992087,-0.002347,0.125328,-0.007101,0.959541,0.269986,-0.069221,-0.039954,0.948676,0.283905,0.012731,-0.138746,0.944637,0.255369,0.121112,-0.166674,0.959440,-0.246057,-0.134132,0.030642,0.925805,-0.286584,-0.014696,0.246047,0.942735,-0.279277,0.065948,0.170017
0.999963,0.001005,-0.004043,0.007468,0.995212,0.043707,-0.086722,0.011032,0.991254,0.017281,0.061428,0.115517,0.993353,-0.012208,0.000903,0.114457,0.992899,-0.045908,-0.109727,0.002058,0.995666,-0.029752,0.065301,-0.059152,0.998367,0.003057,-0.003662,-0.056929,0.993202,-0.002638,0.116178,-0.006674,0.959809,0.268827,-0.071519,-0.037189,0.950213,0.281391,0.001416,-0.133838,0.945938,0.257656,0.111833,-0.162197,0.959252,-0.245767,-0.136377,0.028923,0.926872,-0.284269,-0.025632,0.243810,0.943446,-0.281254,0.055843,0.166392
0.999951,0.000632,-0.006862,0.007078,0.995367,0.044113,-0.084760,0.010669,0.991126,0.017870,0.063193,0.115569,0.993357,-0.011993,0.001011,0.114444,0.993223,-0.045350,-0.106993,0.001958,0.995623,-0.029393,0.065949,-0.059350,0.998355,0.003049,-0.003656,-0.057130,0.994159,-0.002991,0.107678,-0.006719,0.960017,0.267729,-0.073917,-0.035012,0.951442,0.279083,-0.009723,-0.129523,0.946959,0.260152,0.102835,-0.158161,0.959107,-0.245384,-0.138470,0.026967,0.927891,-0.281947,-0.036130,0.241283,0.944103,-0.283165,0.046232,0.162322
0.999933,0.000259,-0.009546,0.006582,0.995513,0.044530,-0.082872,0.010196,0.990994,0.018438,0.064901,0.115670,0.993356,-0.011725,0.001060,0.114475,0.993526,-0.044825,-0.104373,0.001733,0.995580,-0.029073,0.066544,-0.059561,0.998343,0.003048,-0.003693,-0.057340,0.995011,-0.003381,0.099472,-0.006896,0.960148,0.266765,-0.076561,-0.033014,0.952417,0.277029,-0.020864,-0.125384,0.947802,0.262831,0.093900,-0.154186,0.958959,-0.244865,-0.140765,0.024993,0.928776,-0.279668,-0.046572,0.238730,0.944685,-0.285015,0.036708,0.158080
0.999911,-0.000117,-0.011965,0.005875,0.995643,0.044964,-0.081136,0.009515,0.990854,0.018959,0.066493,0.115875,0.993346,-0.011359,0.000990,0.114605,0.993795,-0.044371,-0.101989,0.001272,0.995541,-0.028830,0.067024,-0.059781,0.998331,0.003059,-0.003821,-0.057552,0.995738,-0.003847,0.091858,-0.007339,0.960253,0.265838,-0.079114,-0.031401,0.953166,0.275089,-0.031724,-0.121635,0.948460,0.265510,0.085252,-0.150533,0.958836,-0.244322,-0.142879,0.022949,0.929553,-0.277438,-0.056578,0.236134,0.945191,-0.286774,0.027602,0.153662
0.999887,-0.000458,-0.014188,0.005046,0.995754,0.045378,-0.079613,0.008709,0.990731,0.019439,0.067935,0.116013,0.993344,-0.010912,0.000837,0.114667,0.994029,-0.043908,-0.099891,0.000662,0.995502,-0.028553,0.067488,-0.060041,0.998315,0.003076,-0.003951,-0.057806,0.996351,-0.004373,0.084856,-0.008010,0.960343,0.264940,-0.081485,-0.030148,0.953716,0.273230,-0.042245,-0.118266,0.948957,0.268125,0.076877,-0.147237,0.958741,-0.243777,-0.144750,0.020866,0.930231,-0.275260,-0.066101,0.233524,0.945637,-0.288405,0.018897,0.149120
0.999858,-0.000781,-0.016313,0.004156,0.995855,0.045785,-0.078196,0.007837,0.990615,0.019903,0.069302,0.116116,0.993346,-0.010420,0.000642,0.114690,0.994244,-0.043436,-0.097938,-0.000026,0.995463,-0.028254,0.067941,-0.060324,0.998298,0.003101,-0.004084,-0.058086,0.996890,-0.004932,0.078158,-0.008793,0.960401,0.264092,-0.083905,-0.029070,0.954081,0.271485,-0.052665,-0.115117,0.949340,0.270694,0.068476,-0.144188,0.958634,-0.243230,-0.146656,0.018766,0.930790,-0.273191,-0.075429,0.230883,0.946032,-0.289918,0.010240,0.144451
0.999828,-0.001072,-0.018194,0.003325,0.995937,0.046152,-0.077004,0.007022,0.990499,0.020287,0.070709,0.116189,0.993352,-0.009856,0.000592,0.114696,0.994403,-0.043081,-0.096468,-0.000699,0.995425,-0.028030,0.068366,-0.060577,0.998284,0.003061,-0.004390,-0.058321,0.997313,-0.005546,0.072420,-0.009570,0.960500,0.263248,-0.085695,-0.028233,0.954330,0.269744,-0.062307,-0.112297,0.949586,0.273074,0.060682,-0.141545,0.958605,-0.242694,-0.147951,0.016915,0.931275,-0.271093,-0.083942,0.228449,0.946366,-0.291225,0.002214,0.139908
0.999796,-0.001339,-0.019980,0.002503,0.996011,0.046510,-0.075896,0.006213,0.990391,0.020660,0.072027,0.116240,0.993359,-0.009293,0.000528,0.114680,0.994544,-0.042736,-0.095148,-0.001380,0.995384,-0.027794,0.068815,-0.060844,0.998268,0.003021,-0.004637,-0.058573,0.997682,-0.006157,0.066981,-0.010342,0.960581,0.262444,-0.087485,-0.027468,0.954433,0.268101,-0.071768,-0.109674,0.949731,0.275378,0.052884,-0.139216,0.958571,-0.242163,-0.149231,0.015136,0.931674,-0.269090,-0.092221,0.225986,0.946675,-0.292375,-0.005798,0.135242
0.999765,-0.001557,-0.021576,0.001700,0.996071,0.046844,-0.074957,0.005418,0.990298,0.021004,0.073169,0.116251,0.993370,-0.008741,0.000438,0.114627,0.994654,-0.042416,-0.094131,-0.002069,0.995339,-0.027542,0.069310,-0.061134,0.998251,0.002975,-0.004767,-0.058856,0.997983,-0.006759,0.062142,-0.011107,0.960677,0.261652,-0.088977,-0.026860,0.954428,0.266504,-0.080713,-0.107374,0.949759,0.277539,0.045415,-0.137362,0.958579,-0.241646,-0.150169,0.013499,0.932039,-0.267116,-0.099927,0.223533,0.946972,-0.293314,-0.013454,0.130497
0.999733,-0.001738,-0.022998,0.001095,0.996117,0.047147,-0.074198,0.004821,0.990213,0.021305,0.074168,0.116291,0.993375,-0.008266,0.000450,0.114617,0.994743,-0.042124,-0.093302,-0.002580,0.995294,-0.027284,0.069816,-0.061408,0.998234,0.002886,-0.004871,-0.059126,0.998230,-0.007341,0.057836,-0.011753,0.960791,0.260873,-0.090193,-0.026285,0.954340,0.264962,-0.089120,-0.105304,0.949696,0.279531,0.038307,-0.135911,0.958625,-0.241128,-0.150826,0.012087,0.932366,-0.265176,-0.107096,0.221146,0.947261,-0.294030,-0.020778,0.125742
0.999702,-0.001900,-0.024332,0.000589,0.996155,0.047437,-0.073528,0.004322,0.990130,0.021585,0.075099,0.116346,0.993377,-0.007828,0.000516,0.114628,0.994822,-0.041846,-0.092566,-0.003003,0.995249,-0.027023,0.070328,-0.061675,0.998219,0.002776,-0.004960,-0.059390,0.998444,-0.007913,0.053797,-0.012337,0.960911,0.260071,-0.091387,-0.025730,0.954168,0.263459,-0.097199,-0.103466,0.949569,0.281329,0.031365,-0.134866,0.958667,-0.240653,-0.151417,0.010782,0.932651,-0.263362,-0.113901,0.218698,0.947546,-0.294567,-0.027912,0.120863
0.999675,-0.002003,-0.025414,0.000117,0.996191,0.047639,-0.072937,0.003847,0.990069,0.021793,0.075773,0.116394,0.993377,-0.007640,0.000613,0.114649,0.994873,-0.041646,-0.092100,-0.003420,0.995203,-0.026818,0.070845,-0.061916,0.998205,0.002747,-0.004919,-0.059632,0.998608,-0.008434,0.050440,-0.012894,0.961068,0.259258,-0.092143,-0.025345,0.953962,0.261972,-0.104501,-0.102010,0.949367,0.282880,0.025061,-0.134364,0.958781,-0.240186,-0.151517,0.009639,0.932974,-0.261553,-0.119909,0.216267,0.947860,-0.294832,-0.034367,0.115991
0.999649,-0.002076,-0.026421,-0.000284,0.996224,0.047815,-0.072392,0.003438,0.990018,0.021987,0.076335,0.116425,0.993376,-0.007508,0.000724,0.114657,0.994919,-0.041469,-0.091666,-0.003776,0.995159,-0.026635,0.071340,-0.062129,0.998192,0.002734,-0.004860,-0.059847,0.998753,-0.008930,0.047251,-0.013409,0.961233,0.258405,-0.092924,-0.024975,0.953707,0.260510,-0.111462,-0.100767,0.949140,0.284189,0.018983,-0.134199,0.958883,-0.239762,-0.151605,0.008557,0.933271,-0.259887,-0.125574,0.213764,0.948180,-0.294919,-0.040554,0.111057
0.999626,-0.002089,-0.027280,-0.000544,0.996251,0.047936,-0.071941,0.003164,0.989989,0.022150,0.076672,0.116419,0.993378,-0.007491,0.000864,0.114640,0.994957,-0.041339,-0.091296,-0.004008,0.995120,-0.026499,0.071792,-0.062285,0.998183,0.002750,-0.004762,-0.060005,0.998874,-0.009377,0.044395,-0.013842,0.961416,0.257536,-0.093528,-0.024630,0.953437,0.259076,-0.117868,-0.099725,0.948901,0.285247,0.013373,-0.134321,0.959012,-0.239335,-0.151516,0.007610,0.933570,-0.258278,-0.130750,0.211291,0.948516,-0.294781,-0.046274,0.106211
0.999604,-0.002058,-0.028047,-0.000826,0.996280,0.048022,-0.071491,0.002860,0.989973,0.022301,0.076973,0.116325,0.993390,-0.007519,0.001049,0.114540,0.994991,-0.041242,-0.090961,-0.004273,0.995091,-0.026410,0.072115,-0.062416,0.998175,0.002751,-0.004726,-0.060135,0.998974,-0.009682,0.041866,-0.014264,0.961598,0.256728,-0.093944,-0.024388,0.953141,0.257741,-0.123702,-0.098938,0.948632,0.286137,0.008267,-0.134740,0.959194,-0.238818,-0.151219,0.006712,0.933918,-0.256629,-0.135447,0.208789,0.948907,-0.294339,-0.051483,0.101435
0.999583,-0.002005,-0.028769,-0.001119,0.996310,0.048090,-0.071042,0.002541,0.989964,0.022445,0.077255,0.116187,0.993405,-0.007570,0.001254,0.114399,0.995022,-0.041161,-0.090646,-0.004554,0.995067,-0.026343,0.072372,-0.062534,0.998168,0.002745,-0.004722,-0.060250,0.999062,-0.009918,0.039500,-0.014681,0.961784,0.255918,-0.094293,-0.024201,0.952837,0.256446,-0.129105,-0.098327,0.948368,0.286818,0.003531,-0.135355,0.959398,-0.238259,-0.150843,0.005836,0.934284,-0.255008,-0.139811,0.206245,0.949331,-0.293670,-0.056317,0.096730
0.999565,-0.001926,-0.029417,-0.001295,0.996334,0.048042,-0.070751,0.002336,0.989977,0.022476,0.077322,0.116027,0.993424,-0.007629,0.001228,0.114235,0.995036,-0.041081,-0.090520,-0.004730,0.995057,-0.026297,0.072569,-0.062476,0.998172,0.002667,-0.004711,-0.060190,0.999132,-0.009996,0.037503,-0.015099,0.961974,0.255191,-0.094341,-0.024140,0.952542,0.255252,-0.133861,-0.097940,0.948090,0.287363,-0.000621,-0.136192,0.959688,-0.237545,-0.150155,0.005012,0.934735,-0.253244,-0.143678,0.203702,0.949834,-0.292657,-0.060590,0.092173
0.999547,-0.001845,-0.030014,-0.001515,0.996356,0.047981,-0.070479,0.002088,0.989998,0.022502,0.077358,0.115816,0.993448,-0.007661,0.001187,0.114019,0.995048,-0.041031,-0.090401,-0.004953,0.995050,-0.026275,0.072675,-0.062472,0.998173,0.002567,-0.004751,-0.060183,0.999195,-0.010019,0.035617,-0.015508,0.962175,0.254453,-0.094298,-0.024112,0.952263,0.254077,-0.138217,-0.097651,0.947836,0.287722,-0.004444,-0.137123,0.960011,-0.236746,-0.149376,0.004212,0.935218,-0.251444,-0.147279,0.201129,0.950377,-0.291412,-0.064554,0.087724
0.999531,-0.001761,-0.030507,-0.001823,0.996378,0.047893,-0.070240,0.001752,0.990036,0.022517,0.077336,0.115504,0.993485,-0.007642,0.001122,0.113701,0.995055,-0.041039,-0.090297,-0.005270,0.995048,-0.026302,0.072600,-0.062578,0.998167,0.002424,-0.004890,-0.060279,0.999248,-0.009936,0.033953,-0.015902,0.962386,0.253754,-0.094018,-0.024148,0.952015,0.252956,-0.142062,-0.097460,0.947597,0.287949,-0.007828,-0.138144,0.960410,-0.235770,-0.148370,0.003463,0.935776,-0.249485,-0.150521,0.198555,0.950991,-0.289858,-0.068117,0.083420
0.999516,-0.001692,-0.030982,-0.002080,0.996390,0.047818,-0.070132,0.001476,0.990080,0.022531,0.077286,0.115160,0.993526,-0.007575,0.001039,0.113352,0.995053,-0.041017,-0.090313,-0.005535,0.995048,-0.026270,0.072495,-0.062727,0.998157,0.002372,-0.005023,-0.060426,0.999292,-0.009809,0.032495,-0.016253,0.962628,0.253028,-0.093474,-0.024210,0.951829,0.251820,-0.145407,-0.097288,0.947400,0.287999,-0.010782,-0.139192,0.960880,-0.234632,-0.147137,0.002803,0.936403,-0.247377,-0.153403,0.196013,0.951664,-0.288044,-0.071291,0.079276
0.999501,-0.001631,-0.031448,-0.002312,0.996397,0.047748,-0.070090,0.001230,0.990126,0.022544,0.077223,0.114799,0.993568,-0.007486,0.000949,0.112985,0.995046,-0.040980,-0.090388,-0.005775,0.995047,-0.026208,0.072375,-0.062899,0.998146,0.002365,-0.005154,-0.060597,0.999331,-0.009662,0.031142,-0.016584,0.962906,0.252234,-0.092738,-0.024290,0.951708,0.250631,-0.148358,-0.097085,0.947255,0.287859,-0.013402,-0.140231,0.961413,-0.233312,-0.145759,0.002200,0.937099,-0.245121,-0.155996,0.193459,0.952395,-0.285985,-0.074151,0.075221
0.999489,-0.001578,-0.031831,-0.002562,0.996402,0.047607,-0.070112,0.000965,0.990192,0.022499,0.076999,0.114386,0.993616,-0.007436,0.000795,0.112571,0.995038,-0.041006,-0.090448,-0.006037,0.995051,-0.026230,0.072201,-0.063024,0.998138,0.002399,-0.005242,-0.060721,0.999363,-0.009494,0.029936,-0.016953,0.963230,0.251337,-0.091754,-0.024457,0.951669,0.249343,-0.150893,-0.096873,0.947172,0.287495,-0.015654,-0.141304,0.962026,-0.231773,-0.144171,0.001611,0.937900,-0.242674,-0.158224,0.190835,0.953208,-0.283651,-0.076610,0.071179
0.999477,-0.001536,-0.032196,-0.002748,0.996406,0.047481,-0.070143,0.000767,0.990256,0.022470,0.076817,0.113963,0.993665,-0.007355,0.000630,0.112143,0.995033,-0.040994,-0.090495,-0.006230,0.995061,-0.026223,0.072004,-0.063099,0.998133,0.002458,-0.005377,-0.060793,0.999392,-0.009345,0.028777,-0.017317,0.963614,0.250266,-0.090592,-0.024642,0.951729,0.247895,-0.153109,-0.096530,0.947190,0.286822,-0.017618,-0.142316,0.962705,-0.230001,-0.142472,0.001067,0.938791,-0.240040,-0.160169,0.188143,0.954103,-0.281033,-0.078742,0.067137
0.999466,-0.001514,-0.032525,-0.002804,0.996407,0.047388,-0.070192,0.000704,0.990314,0.022477,0.076719,0.113519,0.993717,-0.007203,0.000444,0.111688,0.995035,-0.040904,-0.090514,-0.006282,0.995082,-0.026155,0.071761,-0.063071,0.998133,0.002571,-0.005601,-0.060763,0.999417,-0.009226,0.027716,-0.017670,0.964078,0.248955,-0.089204,-0.024853,0.951914,0.246218,-0.154979,-0.096012,0.947348,0.285728,-0.019255,-0.143250,0.963461,-0.227972,-0.140609,0.000591,0.939792,-0.237186,-0.161777,0.185371,0.955104,-0.278068,-0.080464,0.063089
0.999457,-0.001502,-0.032808,-0.002842,0.996406,0.047290,-0.070278,0.000662,0.990375,0.022476,0.076575,0.113085,0.993768,-0.007098,0.000184,0.111240,0.995037,-0.040871,-0.090504,-0.006318,0.995096,-0.026127,0.071540,-0.063109,0.998130,0.002610,-0.005864,-0.060793,0.999437,-0.009131,0.026739,-0.018099,0.964627,0.247345,-0.087646,-0.025176,0.952226,0.244254,-0.156563,-0.095357,0.947671,0.284101,-0.020622,-0.144157,0.964298,-0.225670,-0.138573,0.000093,0.940929,-0.234099,-0.163045,0.182392,0.956243,-0.274675,-0.081730,0.058932
0.999448,-0.001494,-0.033069,-0.002870,0.996403,0.047191,-0.070385,0.000631,0.990437,0.022471,0.076406,0.112658,0.993818,-0.007015,-0.000114,0.110798,0.995039,-0.040864,-0.090481,-0.006346,0.995107,-0.026119,0.071328,-0.063180,0.998124,0.002613,-0.006148,-0.060853,0.999454,-0.009046,0.025805,-0.018565,0.965261,0.245404,-0.085989,-0.025565,0.952669,0.241981,-0.157921,-0.094488,0.948197,0.281843,-0.021770,-0.144961,0.965210,-0.223069,-0.136416,-0.000403,0.942195,-0.230760,-0.164037,0.179194,0.957537,-0.270770,-0.082562,0.054693
0.999442,-0.001467,-0.033256,-0.002769,0.996401,0.047170,-0.070430,0.000729,0.990479,0.022533,0.076287,0.112356,0.993855,-0.006897,-0.000447,0.110472,0.995044,-0.040881,-0.090429,-0.006250,0.995109,-0.026129,0.071275,-0.063204,0.998122,0.002617,-0.006465,-0.060857,0.999469,-0.009025,0.025067,-0.018778,0.966014,0.243077,-0.084060,-0.025779,0.953306,0.239362,-0.158862,-0.093149,0.949006,0.278816,-0.022495,-0.145408,0.966201,-0.220187,-0.134064,-0.000579,0.943549,-0.227149,-0.164680,0.176067,0.958975,-0.266326,-0.082861,0.050707
0.999437,-0.001432,-0.033418,-0.002636,0.996398,0.047142,-0.070481,0.000859,0.990512,0.022570,0.076199,0.112117,0.993884,-0.006815,-0.000741,0.110212,0.995048,-0.040895,-0.090382,-0.006123,0.995111,-0.026139,0.071254,-0.063200,0.998121,0.002631,-0.006793,-0.060832,0.999482,-0.009002,0.024407,-0.018925,0.966848,0.240405,-0.082077,-0.025967,0.954077,0.236440,-0.159561,-0.091509,0.950051,0.275079,-0.022972,-0.145628,0.967250,-0.217033,-0.131620,-0.000658,0.945000,-0.223306,-0.165073,0.172799,0.960559,-0.261341,-0.082698,0.046781
0.999434,-0.001377,-0.033527,-0.002440,0.996395,0.047105,-0.070543,0.001049,0.990527,0.022565,0.076177,0.112000,0.993899,-0.006800,-0.000953,0.110082,0.995053,-0.040901,-0.090342,-0.005935,0.995111,-0.026143,0.071302,-0.063142,0.998124,0.002668,-0.007139,-0.060750,0.999495,-0.008972,0.023905,-0.018937,0.967753,0.237432,-0.079998,-0.026083,0.954979,0.233265,-0.159937,-0.089566,0.951306,0.270713,-0.023111,-0.145593,0.968344,-0.213662,-0.129067,-0.000568,0.946521,-0.219277,-0.165178,0.169504,0.962249,-0.255919,-0.082048,0.043015
0.999433,-0.001313,-0.033564,-0.002213,0.996391,0.047111,-0.070599,0.001272,0.990543,0.022615,0.076214,0.111823,0.993920,-0.006719,-0.001047,0.109894,0.995057,-0.040919,-0.090305,-0.005719,0.995101,-0.026141,0.071454,-0.063125,0.998124,0.002618,-0.007520,-0.060703,0.999503,-0.008904,0.023545,-0.018982,0.968693,0.234243,-0.077929,-0.026277,0.955961,0.229911,-0.160050,-0.087542,0.952674,0.265927,-0.022972,-0.145492,0.969454,-0.210168,-0.126447,-0.000488,0.948097,-0.215176,-0.165002,0.166089,0.963988,-0.250263,-0.080965,0.039255
0.999434,-0.001244,-0.033564,-0.001972,0.996386,0.047139,-0.070650,0.001509,0.990559,0.022694,0.076281,0.111616,0.993945,-0.006603,-0.001081,0.109676,0.995060,-0.040945,-0.090267,-0.005491,0.995086,-0.026137,0.071660,-0.063128,0.998123,0.002524,-0.007917,-0.060675,0.999509,-0.008815,0.023258,-0.019046,0.969639,0.230924,-0.075973,-0.026507,0.956982,0.226468,-0.159968,-0.085488,0.954070,0.260981,-0.022615,-0.145354,0.970529,-0.206695,-0.123898,-0.000426,0.949656,-0.211164,-0.164635,0.162663,0.965676,-0.244680,-0.079630,0.035508
0.999436,-0.001167,-0.033509,-0.001766,0.996377,0.047147,-0.070767,0.001713,0.990567,0.022713,0.076331,0.111511,0.993959,-0.006479,-0.001245,0.109557,0.995059,-0.040929,-0.090301,-0.005297,0.995078,-0.026119,0.071894,-0.063000,0.998130,0.002454,-0.008258,-0.060519,0.999520,-0.008626,0.023008,-0.018859,0.970544,0.227699,-0.074126,-0.026508,0.958002,0.223178,-0.159664,-0.083251,0.955412,0.256279,-0.021993,-0.145001,0.971547,-0.203261,-0.121579,-0.000150,0.951111,-0.207263,-0.164206,0.159582,0.967234,-0.239386,-0.078278,0.032019
0.999438,-0.001095,-0.033454,-0.001582,0.996370,0.047151,-0.070852,0.001893,0.990572,0.022728,0.076401,0.111418,0.993971,-0.006396,-0.001375,0.109451,0.995056,-0.040905,-0.090354,-0.005125,0.995073,-0.026098,0.072097,-0.062858,0.998137,0.002390,-0.008554,-0.060354,0.999531,-0.008401,0.022729,-0.018743,0.971385,0.224594,-0.072549,-0.026557,0.958964,0.220039,-0.159303,-0.081201,0.956583,0.252046,-0.021282,-0.144807,0.972453,-0.200108,-0.119552,0.000021,0.952438,-0.203739,-0.163732,0.156664,0.968575,-0.234773,-0.077027,0.028471
0.999440,-0.001030,-0.033400,-0.001442,0.996368,0.047149,-0.070873,0.002027,0.990572,0.022739,0.076508,0.111342,0.993980,-0.006395,-0.001440,0.109367,0.995050,-0.040859,-0.090449,-0.004995,0.995074,-0.026064,0.072235,-0.062690,0.998147,0.002343,-0.008761,-0.060171,0.999540,-0.008100,0.022391,-0.018767,0.972127,0.221748,-0.071298,-0.026716,0.959816,0.217173,-0.158967,-0.079488,0.957496,0.248550,-0.020559,-0.144922,0.973227,-0.197313,-0.117881,0.000004,0.953613,-0.200677,-0.163278,0.153921,0.969657,-0.231027,-0.076014,0.024783
0.999442,-0.000965,-0.033357,-0.001340,0.996367,0.047137,-0.070901,0.002122,0.990576,0.022740,0.076532,0.111289,0.993985,-0.006497,-0.001486,0.109311,0.995042,-0.040858,-0.090537,-0.004906,0.995072,-0.026063,0.072345,-0.062599,0.998151,0.002370,-0.008959,-0.060064,0.999550,-0.007781,0.022040,-0.018820,0.972775,0.219191,-0.070302,-0.026882,0.960563,0.214610,-0.158644,-0.078063,0.958144,0.245862,-0.019809,-0.145324,0.973855,-0.194986,-0.116565,-0.000076,0.954592,-0.198164,-0.162860,0.151533,0.970446,-0.228293,-0.075312,0.021077
0.999444,-0.000899,-0.033321,-0.001258,0.996365,0.047121,-0.070934,0.002197,0.990582,0.022735,0.076512,0.111245,0.993989,-0.006650,-0.001525,0.109266,0.995034,-0.040879,-0.090624,-0.004840,0.995068,-0.026077,0.072438,-0.062548,0.998154,0.002432,-0.009153,-0.059997,0.999559,-0.007451,0.021684,-0.018888,0.973324,0.216960,-0.069553,-0.027040,0.961190,0.212379,-0.158394,-0.076940,0.958525,0.243998,-0.019090,-0.146053,0.974333,-0.193165,-0.115599,-0.000205,0.955364,-0.196223,-0.162532,0.149529,0.970950,-0.226565,-0.074986,0.017367
0.999443,-0.000820,-0.033357,-0.001147,0.996362,0.047170,-0.070946,0.002304,0.990571,0.022775,0.076643,0.111252,0.993986,-0.006966,-0.001453,0.109274,0.995027,-0.040859,-0.090719,-0.004743,0.995064,-0.026047,0.072563,-0.062484,0.998156,0.002515,-0.009319,-0.059920,0.999567,-0.007122,0.021301,-0.018994,0.973776,0.215055,-0.069068,-0.027211,0.961688,0.210471,-0.158311,-0.076135,0.958654,0.242877,-0.018499,-0.147143,0.974665,-0.191856,-0.114972,-0.000404,0.955934,-0.194849,-0.162362,0.147863,0.971193,-0.225744,-0.075083,0.013633
0.999440,-0.000739,-0.033442,-0.001029,0.996362,0.047196,-0.070919,0.002413,0.990556,0.022793,0.076778,0.111289,0.993980,-0.007291,-0.001357,0.109313,0.995020,-0.040856,-0.090798,-0.004641,0.995059,-0.026042,0.072705,-0.062394,0.998161,0.002580,-0.009453,-0.059817,0.999577,-0.006796,0.020851,-0.019079,0.974138,0.213464,-0.068859,-0.027330,0.962054,0.208877,-0.158474,-0.075557,0.958579,0.242368,-0.018120,-0.148514,0.974863,-0.191018,-0.114689,-0.000623,0.956299,-0.193984,-0.162447,0.146537,0.971216,-0.225647,-0.075657,0.009946
0.999434,-0.000649,-0.033625,-0.000897,0.996370,0.047182,-0.070813,0.002529,0.990534,0.022773,0.076923,0.111385,0.993966,-0.007632,-0.001212,0.109418,0.995015,-0.040882,-0.090848,-0.004528,0.995055,-0.026081,0.072880,-0.062248,0.998170,0.002616,-0.009525,-0.059658,0.999591,-0.006473,0.020266,-0.019123,0.974414,0.212158,-0.068967,-0.027367,0.962286,0.207571,-0.158982,-0.075133,0.958349,0.242314,-0.018063,-0.150081,0.974939,-0.190590,-0.114758,-0.000852,0.956468,-0.193558,-0.162887,0.145504,0.971064,-0.226060,-0.076750,0.006351
0.999426,-0.000545,-0.033856,-0.000742,0.996378,0.047198,-0.070686,0.002667,0.990506,0.022779,0.077109,0.111503,0.993951,-0.007853,-0.001066,0.109541,0.995007,-0.040922,-0.090929,-0.004396,0.995045,-0.026117,0.073095,-0.062138,0.998177,0.002628,-0.009565,-0.059536,0.999606,-0.006160,0.019697,-0.019044,0.974631,0.211098,-0.069196,-0.027277,0.962426,0.206511,-0.159685,-0.074769,0.958034,0.242522,-0.018196,-0.151730,0.974930,-0.190495,-0.114984,-0.000983,0.956479,-0.193450,-0.163565,0.144813,0.970802,-0.226766,-0.078182,0.003017
0.999418,-0.000433,-0.034112,-0.000577,0.996385,0.047230,-0.070551,0.002815,0.990475,0.022799,0.077315,0.111631,0.993935,-0.008014,-0.000920,0.109673,0.994996,-0.040969,-0.091026,-0.004257,0.995032,-0.026152,0.073327,-0.062049,0.998183,0.002631,-0.009592,-0.059435,0.999621,-0.005852,0.019135,-0.018907,0.974795,0.210247,-0.069535,-0.027123,0.962480,0.205656,-0.160595,-0.074475,0.957674,0.242847,-0.018557,-0.153432,0.974861,-0.190660,-0.115301,-0.001076,0.956368,-0.193579,-0.164470,0.144350,0.970478,-0.227575,-0.079883,-0.000052
0.999403,-0.000352,-0.034532,-0.000376,0.996383,0.047232,-0.070569,0.003008,0.990458,0.022790,0.077560,0.111616,0.993936,-0.008030,-0.000757,0.109663,0.994991,-0.040953,-0.091101,-0.004071,0.995017,-0.026097,0.073554,-0.062047,0.998183,0.002670,-0.009570,-0.059431,0.999639,-0.005598,0.018499,-0.018648,0.974925,0.209525,-0.070010,-0.026823,0.962468,0.204937,-0.161746,-0.074121,0.957333,0.243137,-0.019214,-0.155013,0.974731,-0.191052,-0.115746,-0.001076,0.956129,-0.193912,-0.165657,0.144128,0.970119,-0.228383,-0.081872,-0.002738
0.999388,-0.000281,-0.034982,-0.000141,0.996381,0.047258,-0.070579,0.003237,0.990437,0.022805,0.077821,0.111619,0.993936,-0.008003,-0.000613,0.109667,0.994988,-0.040944,-0.091147,-0.003849,0.995000,-0.026049,0.073806,-0.062037,0.998184,0.002710,-0.009512,-0.059421,0.999658,-0.005352,0.017851,-0.018328,0.975022,0.208942,-0.070537,-0.026454,0.962401,0.204356,-0.163047,-0.073746,0.957023,0.243357,-0.020100,-0.156459,0.974576,-0.191567,-0.116202,-0.001035,0.955815,-0.194336,-0.167023,0.144061,0.969770,-0.229051,-0.084006,-0.005036
0.999370,-0.000227,-0.035493,0.000161,0.996377,0.047333,-0.070574,0.003537,0.990408,0.022866,0.078110,0.111657,0.993934,-0.007890,-0.000507,0.109698,0.994990,-0.040946,-0.091132,-0.003557,0.994980,-0.026014,0.074106,-0.062011,0.998187,0.002753,-0.009378,-0.059398,0.999679,-0.005118,0.017176,-0.017887,0.975096,0.208475,-0.071085,-0.025953,0.962297,0.203899,-0.164448,-0.073258,0.956776,0.243480,-0.021190,-0.157635,0.974406,-0.192146,-0.116668,-0.000891,0.955436,-0.194792,-0.168546,0.144187,0.969446,-0.229539,-0.086255,-0.006848
0.999351,-0.000198,-0.036029,0.000440,0.996369,0.047441,-0.070588,0.003821,0.990398,0.022988,0.078282,0.111607,0.993943,-0.007706,-0.000564,0.109629,0.994991,-0.040964,-0.091126,-0.003285,0.994959,-0.025980,0.074367,-0.062058,0.998185,0.002802,-0.009235,-0.059448,0.999701,-0.004938,0.016457,-0.017378,0.975158,0.208061,-0.071658,-0.025365,0.962170,0.203502,-0.165934,-0.072673,0.956596,0.243492,-0.022489,-0.158524,0.974221,-0.192799,-0.117139,-0.000691,0.955003,-0.195297,-0.170182,0.144453,0.969137,-0.229908,-0.088589,-0.008207
0.999331,-0.000181,-0.036576,0.000708,0.996361,0.047566,-0.070611,0.004097,0.990395,0.023142,0.078398,0.111514,0.993957,-0.007485,-0.000701,0.109511,0.994991,-0.040990,-0.091123,-0.003023,0.994937,-0.025946,0.074608,-0.062140,0.998181,0.002852,-0.009087,-0.059535,0.999723,-0.004784,0.015717,-0.016833,0.975205,0.207717,-0.072228,-0.024729,0.962024,0.203179,-0.167452,-0.072024,0.956465,0.243477,-0.023958,-0.159125,0.974032,-0.193479,-0.117589,-0.000463,0.954539,-0.195810,-0.171870,0.144824,0.968841,-0.230195,-0.090965,-0.009147
0.999310,-0.000148,-0.037116,0.001003,0.996357,0.047666,-0.070579,0.004393,0.990379,0.023253,0.078540,0.111534,0.993959,-0.007276,-0.000828,0.109509,0.995000,-0.040939,-0.091058,-0.002728,0.994915,-0.025860,0.074943,-0.062116,0.998182,0.002995,-0.009039,-0.059510,0.999745,-0.004667,0.014964,-0.016279,0.975242,0.207425,-0.072792,-0.024071,0.961865,0.202912,-0.168977,-0.071334,0.956362,0.243510,-0.025577,-0.159439,0.973838,-0.194187,-0.118025,-0.000225,0.954053,-0.196341,-0.173571,0.145281,0.968533,-0.230498,-0.093379,-0.009716
0.999290,-0.000104,-0.037646,0.001324,0.996357,0.047773,-0.070484,0.004712,0.990354,0.023369,0.078695,0.111623,0.993953,-0.007108,-0.000950,0.109575,0.995011,-0.040898,-0.090963,-0.002407,0.994891,-0.025778,0.075299,-0.062114,0.998183,0.003130,-0.008960,-0.059508,0.999765,-0.004572,0.014223,-0.015695,0.975266,0.207201,-0.073326,-0.023377,0.961698,0.202717,-0.170463,-0.070602,0.956266,0.243685,-0.027302,-0.159458,0.973645,-0.194901,-0.118445,0.000046,0.953553,-0.196872,-0.175243,0.145838,0.968200,-0.230882,-0.095829,-0.009935
0.999270,-0.000040,-0.038157,0.001696,0.996365,0.047892,-0.070265,0.005075,0.990311,0.023491,0.078877,0.111848,0.993931,-0.007018,-0.001060,0.109777,0.995027,-0.040879,-0.090808,-0.002038,0.994860,-0.025705,0.075694,-0.062159,0.998181,0.003247,-0.008824,-0.059556,0.999785,-0.004525,0.013504,-0.015054,0.975285,0.207021,-0.073825,-0.022623,0.961533,0.202575,-0.171886,-0.069809,0.956172,0.244032,-0.029108,-0.159175,0.973447,-0.195633,-0.118865,0.000386,0.953036,-0.197420,-0.176864,0.146515,0.967823,-0.231421,-0.098322,-0.009826
0.999252,0.000031,-0.038607,0.002007,0.996377,0.047972,-0.070014,0.005372,0.990277,0.023591,0.079027,0.112025,0.993913,-0.006974,-0.001112,0.109939,0.995046,-0.040877,-0.090608,-0.001730,0.994825,-0.025643,0.076081,-0.062271,0.998174,0.003323,-0.008776,-0.059664,0.999802,-0.004495,0.012863,-0.014494,0.975292,0.206899,-0.074275,-0.021957,0.961365,0.202484,-0.173210,-0.069114,0.956041,0.244576,-0.030959,-0.158774,0.973256,-0.196363,-0.119224,0.000670,0.952545,-0.197970,-0.178348,0.147166,0.967409,-0.232105,-0.100776,-0.009564
0.999236,0.000105,-0.039027,0.002289,0.996392,0.048034,-0.069746,0.005637,0.990247,0.023679,0.079161,0.112181,0.993897,-0.006953,-0.001136,0.110082,0.995066,-0.040884,-0.090386,-0.001451,0.994788,-0.025588,0.076463,-0.062416,0.998166,0.003378,-0.008774,-0.059801,0.999817,-0.004473,0.012262,-0.013974,0.975284,0.206841,-0.074719,-0.021333,0.961190,0.202457,-0.174460,-0.068471,0.955880,0.245298,-0.032865,-0.158250,0.973070,-0.197063,-0.119579,0.000933,0.952074,-0.198506,-0.179739,0.147799,0.966968,-0.232879,-0.103228,-0.009167
0.999220,0.000169,-0.039409,0.002664,0.996393,0.048148,-0.069618,0.006007,0.990220,0.023804,0.079209,0.112358,0.993879,-0.006876,-0.001122,0.110250,0.995088,-0.040886,-0.090151,-0.001077,0.994747,-0.025513,0.076890,-0.062575,0.998157,0.003403,-0.008678,-0.059959,0.999832,-0.004478,0.011691,-0.013415,0.975266,0.206832,-0.075158,-0.020672,0.961019,0.202488,-0.175629,-0.067794,0.955713,0.246111,-0.034806,-0.157579,0.972889,-0.197727,-0.119960,0.001253,0.951611,-0.199017,-0.181063,0.148472,0.966516,-0.233670,-0.105691,-0.008597
0.999204,0.000222,-0.039769,0.003041,0.996390,0.048259,-0.069549,0.006383,0.990198,0.023921,0.079222,0.112516,0.993864,-0.006796,-0.001120,0.110399,0.995111,-0.040870,-0.089906,-0.000698,0.994713,-0.025430,0.077238,-0.062719,0.998149,0.003455,-0.008611,-0.060103,0.999845,-0.004487,0.011119,-0.012872,0.975231,0.206885,-0.075644,-0.020023,0.960838,0.202586,-0.176764,-0.067115,0.955541,0.246946,-0.036821,-0.156857,0.972713,-0.198325,-0.120390,0.001571,0.951166,-0.199482,-0.182361,0.149110,0.966081,-0.234356,-0.108177,-0.007938
0.999191,0.000254,-0.040081,0.003423,0.996380,0.048360,-0.069594,0.006771,0.990186,0.024021,0.079165,0.112638,0.993851,-0.006706,-0.001141,0.110513,0.995137,-0.040818,-0.089639,-0.000306,0.994693,-0.025328,0.077436,-0.062831,0.998142,0.003560,-0.008598,-0.060219,0.999858,-0.004504,0.010546,-0.012359,0.975179,0.206992,-0.076181,-0.019399,0.960647,0.202744,-0.177879,-0.066422,0.955379,0.247703,-0.038927,-0.156137,0.972547,-0.198849,-0.120862,0.001876,0.950740,-0.199890,-0.183653,0.149695,0.965688,-0.234826,-0.110689,-0.007213
0.999178,0.000273,-0.040374,0.003759,0.996365,0.048474,-0.069690,0.007117,0.990184,0.024139,0.079068,0.112702,0.993846,-0.006571,-0.001155,0.110570,0.995160,-0.040772,-0.089406,0.000040,0.994682,-0.025241,0.077516,-0.062936,0.998135,0.003687,-0.008566,-0.060330,0.999870,-0.004525,0.009981,-0.011826,0.975112,0.207159,-0.076750,-0.018755,0.960448,0.202972,-0.178978,-0.065636,0.955251,0.248299,-0.041138,-0.155402,0.972396,-0.199274,-0.121374,0.002217,0.950326,-0.200205,-0.184975,0.150273,0.965365,-0.234953,-0.113256,-0.006370
0.999165,0.000284,-0.040657,0.004074,0.996348,0.048593,-0.069812,0.007445,0.990186,0.024264,0.078951,0.112740,0.993844,-0.006415,-0.001166,0.110601,0.995182,-0.040731,-0.089188,0.000365,0.994676,-0.025164,0.077537,-0.063036,0.998128,0.003823,-0.008523,-0.060439,0.999882,-0.004549,0.009421,-0.011281,0.975029,0.207384,-0.077347,-0.018097,0.960239,0.203266,-0.180096,-0.064724,0.955172,0.248663,-0.043503,-0.154663,0.972263,-0.199581,-0.121926,0.002589,0.949923,-0.200404,-0.186368,0.150837,0.965132,-0.234639,-0.115912,-0.005407
0.999152,0.000294,-0.040948,0.004228,0.996330,0.048672,-0.069995,0.007612,0.990212,0.024369,0.078807,0.112589,0.993862,-0.006277,-0.001231,0.110442,0.995207,-0.040625,-0.088956,0.000537,0.994700,-0.025064,0.077198,-0.063118,0.998121,0.004116,-0.008574,-0.060535,0.999891,-0.004590,0.008916,-0.010823,0.974939,0.207639,-0.077928,-0.017530,0.960022,0.203586,-0.181234,-0.063749,0.955143,0.248727,-0.046030,-0.154008,0.972157,-0.199772,-0.122451,0.002912,0.949549,-0.200482,-0.187797,0.151312,0.965004,-0.233837,-0.118611,-0.004397
0.999140,0.000304,-0.041240,0.004352,0.996310,0.048725,-0.070236,0.007751,0.990248,0.024453,0.078636,0.112375,0.993887,-0.006181,-0.001267,0.110225,0.995229,-0.040501,-0.088762,0.000679,0.994731,-0.024960,0.076803,-0.063149,0.998116,0.004412,-0.008683,-0.060578,0.999900,-0.004665,0.008405,-0.010420,0.974845,0.207901,-0.078522,-0.017008,0.959794,0.203913,-0.182462,-0.062629,0.955177,0.248478,-0.048767,-0.153355,0.972072,-0.199834,-0.123015,0.003209,0.949186,-0.200432,-0.189342,0.151731,0.964972,-0.232546,-0.121414,-0.003323
0.999127,0.000318,-0.041532,0.004414,0.996284,0.048733,-0.070589,0.007829,0.990303,0.024500,0.078415,0.112034,0.993924,-0.006160,-0.001240,0.109889,0.995246,-0.040338,-0.088645,0.000758,0.994778,-0.024847,0.076297,-0.063078,0.998116,0.004721,-0.008907,-0.060517,0.999906,-0.004804,0.007885,-0.010129,0.974757,0.208120,-0.079116,-0.016584,0.959561,0.204192,-0.183789,-0.061397,0.955272,0.247924,-0.051669,-0.152707,0.972006,-0.199786,-0.123605,0.003431,0.948838,-0.200276,-0.190983,0.152060,0.965017,-0.230858,-0.124263,-0.002253
0.999116,0.000334,-0.041799,0.004414,0.996253,0.048795,-0.070980,0.007851,0.990343,0.024556,0.078171,0.111837,0.993944,-0.006134,-0.001063,0.109709,0.995259,-0.040185,-0.088569,0.000773,0.994813,-0.024734,0.075916,-0.063023,0.998115,0.005018,-0.009189,-0.060464,0.999909,-0.004951,0.007522,-0.010030,0.974682,0.208325,-0.079544,-0.016375,0.959346,0.204433,-0.185034,-0.060197,0.955401,0.247169,-0.054464,-0.152150,0.971992,-0.199585,-0.124037,0.003525,0.948564,-0.199956,-0.192511,0.152261,0.965151,-0.228872,-0.126886,-0.001272
0.999106,0.000352,-0.042054,0.004383,0.996219,0.048884,-0.071391,0.007844,0.990375,0.024617,0.077914,0.111714,0.993956,-0.006106,-0.000812,0.109608,0.995270,-0.040036,-0.088515,0.000755,0.994843,-0.024620,0.075597,-0.062976,0.998114,0.005310,-0.009499,-0.060415,0.999911,-0.005102,0.007235,-0.010026,0.974621,0.208504,-0.079849,-0.016271,0.959154,0.204637,-0.186188,-0.058997,0.955556,0.246344,-0.057028,-0.151576,0.972014,-0.199257,-0.124389,0.003561,0.948343,-0.199511,-0.193937,0.152415,0.965329,-0.226797,-0.129243,-0.000367
0.999094,0.000375,-0.042346,0.004111,0.996185,0.049088,-0.071750,0.007603,0.990342,0.024660,0.077958,0.111974,0.993925,-0.006007,-0.000420,0.109891,0.995281,-0.039846,-0.088475,0.000500,0.994865,-0.024473,0.075384,-0.062950,0.998109,0.005861,-0.009961,-0.060375,0.999910,-0.005346,0.007003,-0.010134,0.974595,0.208539,-0.080069,-0.016281,0.959012,0.204687,-0.187199,-0.057925,0.955727,0.245483,-0.059215,-0.151052,0.972037,-0.198977,-0.124662,0.003519,0.948160,-0.199131,-0.195147,0.152504,0.965485,-0.225003,-0.131193,0.000362
0.999085,0.000410,-0.042593,0.003845,0.996155,0.049293,-0.072055,0.007363,0.990294,0.024684,0.077976,0.112371,0.993879,-0.005885,0.000010,0.110316,0.995294,-0.039649,-0.088418,0.000251,0.994885,-0.024338,0.075251,-0.062841,0.998108,0.006437,-0.010409,-0.060249,0.999908,-0.005592,0.006790,-0.010360,0.974587,0.208491,-0.080269,-0.016414,0.958908,0.204638,-0.188016,-0.057176,0.955860,0.244773,-0.060880,-0.150704,0.972050,-0.198781,-0.124875,0.003356,0.948032,-0.198873,-0.196061,0.152465,0.965594,-0.223696,-0.132617,0.000787
0.999079,0.000468,-0.042752,0.003587,0.996132,0.049496,-0.072254,0.007124,0.990222,0.024668,0.077941,0.113039,0.993802,-0.005719,0.000515,0.111020,0.995311,-0.039438,-0.088324,0.000009,0.994903,-0.024227,0.075279,-0.062570,0.998117,0.007059,-0.010828,-0.059956,0.999902,-0.005841,0.006617,-0.010825,0.974597,0.208323,-0.080495,-0.016797,0.958847,0.204437,-0.188585,-0.057046,0.955909,0.244268,-0.061912,-0.150794,0.972032,-0.198811,-0.124979,0.002941,0.947982,-0.198901,-0.196524,0.152139,0.965622,-0.223142,-0.133349,0.000693
